artist,event year,event date,event quarter,promoter name,2025 gross,2024 gross,2023 gross,Amphitheatre,Arena,Theater,Club,Stadium,other,Region,Most likely venue
Charli xcx,2026,2026-09-28,,LIVE NATION MUSIC,18148835.74,3165588.7,198001.15,0,9,13,43,1,0,US,Arena
Five Finger Death Punch,2026,2026-09-28,,LIVE NATION MUSIC,485138.13,5167906.39,0.0,12,74,25,39,1,4,US,Amphitheatre
Taste,2026,2026-09-28,,LIVE NATION MUSIC,0.0,0.0,0.0,0,0,1,1,0,0,US,Club
R&amp;B Vibes Live,2026,2026-09-28,,LIVE NATION MUSIC,0.0,0.0,0.0,0,0,0,2,0,0,US,Club
Stranger,2026,2026-09-28,,LIVE NATION MUSIC,0.0,0.0,0.0,1,0,0,0,0,0,US,Amphitheatre
The Garden,2026,2026-09-28,,LIVE NATION MUSIC,76155.0,28867.59,207558.5,0,0,5,53,0,4,US,Club
Of Monsters And Men,2026,2026-09-28,,HOUSE OF BLUES CONCERTS (HOB),673008.22,0.0,0.0,11,5,49,50,1,6,US,Club
Florence Road,2026,2026-09-28,,LIVE NATION MUSIC,29053.94,0.0,0.0,0,0,3,4,0,0,US,Club
Ben Harper &amp; The Innocent Criminals,2026,2026-09-28,,LIVE NATION MUSIC,388928.51,0.0,50292.5,9,4,21,14,2,2,US,Theater
Polyphia,2026,2026-09-28,,LIVE NATION MUSIC,0.0,121407.0,744654.76,0,0,3,49,0,1,US,Club
Buena Vista Orchestra,2026,2026-09-28,,LIVE NATION MUSIC,231487.7,0.0,0.0,0,0,2,1,0,0,US,Theater
Belles,2026,2026-09-28,,LIVE NATION MUSIC,725.0,970.0,0.0,0,0,0,2,0,0,US,Theater
Beck,2026,2026-09-28,,HOUSE OF BLUES CONCERTS (HOB),1461640.71,626608.75,4873011.17,24,9,29,9,0,4,US,Theater
Stars,2026,2026-09-28,,LIVE NATION MUSIC,0.0,35980.0,29820.25,0,0,21,84,0,0,US,Club
Ziggy Marley,2026,2026-09-28,,LIVE NATION MUSIC,678098.52,681037.0,171281.63,33,0,44,33,1,4,US,Amphitheatre
Breaking Benjamin,2026,2026-09-28,,LIVE NATION MUSIC,14595872.13,3293577.11,1340194.0,52,42,34,40,2,3,US,Arena
Shoreline Mafia,2026,2026-09-28,,LIVE NATION MUSIC,907871.75,0.0,0.0,0,2,8,43,0,0,US,Arena
Shaboozey,2026,2026-09-28,,LIVE NATION MUSIC,1427197.18,60000.0,0.0,0,1,4,9,0,1,US,Theater
Sara Bareilles,2026,2026-09-28,,LIVE NATION MUSIC,0.0,0.0,0.0,12,6,27,45,0,1,US,Theater
Jack White,2026,2026-09-28,,LIVE NATION MUSIC,9888079.67,1029333.01,0.0,8,36,58,33,2,4,US,Theater
America,2026,2026-09-28,,LIVE NATION MUSIC,4786730.81,4477164.55,1750231.2,5,8,180,41,0,14,US,Theater
"Santana, Doobie Brothers",2026,2026-09-28,,LIVE NATION MUSIC,0.0,0.0,0.0,0,4,0,0,0,0,US,Amphitheatre
Social Distortion,2026,2026-09-28,,LIVE NATION MUSIC,510974.93,348028.3,0.0,9,4,50,111,1,4,US,Club
Foster The People,2026,2026-09-28,,LIVE NATION MUSIC,1851580.29,0.0,0.0,17,7,38,56,2,7,US,Club
Forever,2026,2026-09-28,,LIVE NATION MUSIC,70329.51,0.0,0.0,0,1,0,0,0,0,US,Amphitheatre
Twin Temple,2026,2026-09-28,,LIVE NATION MUSIC,0.0,0.0,0.0,0,0,2,5,0,0,US,Club
Everything,2026,2026-09-28,,HOUSE OF BLUES CONCERTS (HOB),0.0,0.0,0.0,0,0,0,1,0,0,US,Club
America,2026,2026-09-28,,LIVE NATION MUSIC,4786730.81,4477164.55,1750231.2,5,8,180,41,0,14,US,Theater
PRESIDENT,2026,2026-09-28,,LIVE NATION MUSIC,0.0,0.0,0.0,0,0,1,2,0,0,US,Club
America,2026,2026-09-28,,LIVE NATION MUSIC,4786730.81,4477164.55,1750231.2,5,8,180,41,0,14,US,Theater
Ela,2026,2026-09-28,,LIVE NATION MUSIC,0.0,44734.2,0.0,0,0,2,9,0,1,US,Club
The Sweet,2026,2026-09-28,,LIVE NATION MUSIC,38486.18,0.0,0.0,0,0,2,0,0,0,US,Theater
Cardinals,2026,2026-09-28,,LIVE NATION MUSIC,0.0,467.15,0.0,0,0,0,2,0,0,US,Club
Evening Elephants,2026,2026-09-28,,LIVE NATION MUSIC,48547.21,0.0,0.0,1,0,0,12,0,1,US,Club
Allison,2026,2026-09-28,,LIVE NATION MUSIC,60976.15,98544.23,355688.91,0,2,6,1,0,0,US,Theater
Junebug,2026,2026-09-28,,LIVE NATION MUSIC,0.0,0.0,0.0,0,0,0,1,0,0,US,Club
Donnie Iris &amp; The Cruisers,2026,2026-09-28,,LIVE NATION MUSIC,24053.0,34475.0,0.0,0,0,3,4,0,0,US,Club
Emmaline,2026,2026-09-28,,LIVE NATION MUSIC,17333.5,7520.0,15366.4,0,0,3,7,0,0,US,Club
Jeff Bernat,2026,2026-09-28,,HOUSE OF BLUES CONCERTS (HOB),0.0,55938.73,0.0,0,0,2,14,0,0,US,Club
Arrows In Action,2026,2026-09-28,,LIVE NATION MUSIC,13082.73,34183.25,19376.53,0,0,0,14,0,0,US,Club
LP,2026,2026-09-28,,LIVE NATION MUSIC,0.0,1924602.25,997128.67,4,11,25,57,2,21,US,Club
Geese,2026,2026-09-28,,LIVE NATION MUSIC,156640.0,29014.0,20820.18,0,0,1,30,0,2,US,Theater
LP,2026,2026-09-28,,LIVE NATION MUSIC,0.0,1924602.25,997128.67,4,11,25,57,2,21,US,Club
Geese,2026,2026-09-28,,LIVE NATION MUSIC,156640.0,29014.0,20820.18,0,0,1,30,0,2,US,Theater
Arrows In Action,2026,2026-09-28,,LIVE NATION MUSIC,13082.73,34183.25,19376.53,0,0,0,14,0,0,US,Club
Jonas Brothers,2026,2026-09-28,,LIVE NATION CANADA (LN),81959444.45,30144554.31,109403725.33,84,205,28,1,31,5,International,Amphitheatre
Warren Zeiders,2026,2026-09-28,,LIVE NATION CANADA (LN),3456947.89,748458.81,989474.19,5,12,14,32,0,6,International,Club
Mastodon,2026,2026-09-28,,LIVE NATION CANADA (LN),0.0,178040.83000000002,1899213.01,3,6,42,78,0,1,International,Club
Apes Of The State,2026,2026-09-28,,LIVE NATION CANADA (LN),0.0,4485.0,5480.0,0,0,1,2,0,0,International,Club
Malcolm Todd,2026,2026-09-28,,LIVE NATION CANADA (LN),207372.81,63535.0,0.0,0,0,5,8,0,0,International,Club
Lily Allen,2026,2026-09-28,,LIVE NATION CANADA (LN),0.0,0.0,0.0,0,14,21,21,0,0,International,Theater
Ben &amp; Rose,2026,2026-09-28,,LIVE NATION MUSIC,0.0,0.0,0.0,0,0,1,0,0,0,International,Theater
oskar med k,2026,2026-09-28,,LIVE NATION CANADA (LN),12958.9,0.0,0.0,0,0,0,3,0,0,International,Club
Matt Maeson,2026,2026-09-28,,MCD PRODUCTIONS,655590.14,66793.47,393093.13,0,0,16,40,0,1,International,Theater
Lilyisthatyou,2026,2026-09-28,,MCD PRODUCTIONS,2952.21,0.0,0.0,0,0,1,0,0,0,International,Theater
Celebration,2026,2026-09-28,,MCD PRODUCTIONS,0.0,0.0,0.0,0,0,0,1,0,0,International,Club
Arkells,2026,2026-09-28,,"LIVE NATION UK FOR ARTIST, TOUR, FESTIVAL AND PRESALE NEWS",512843.52,911391.9,30606.5,0,22,9,64,0,6,International,Club
Michael Ball,2026,2026-09-28,,LIVE NATION MUSIC UK LTD,0.0,100282.1,0.0,0,1,8,0,0,0,International,Theater
Jill Scott,2026,2026-09-28,,LIVE NATION MUSIC UK LTD,0.0,0.0,5166723.7,8,4,67,7,0,2,International,Theater
Mike Oldfield,2026,2026-09-28,,Live Nation GmbH,0.0,52694.53,0.0,0,0,1,0,0,0,International,Theater
A$AP Rocky,2026,2026-09-28,,Live Nation GmbH,0.0,0.0,0.0,0,23,17,43,0,1,International,Arena
Father of Peace,2026,2026-09-28,,Live Nation sp. z o.o.,0.0,0.0,0.0,0,0,0,1,0,0,International,Club
Olivia Rodrigo,2026,2026-09-29,,LIVE NATION MUSIC,23420107.2,169307085.8,0.0,0,68,10,2,5,1,US,Arena
AC/DC,2026,2026-09-29,,LIVE NATION MUSIC,137917532.67,69298697.14,0.0,0,24,0,0,69,7,US,Stadium
Iron Maiden,2026,2026-09-29,,LIVE NATION MUSIC,101820128.39,66715059.9,43129700.35,63,249,3,2,90,7,US,Arena
The Gathering,2026,2026-09-29,,LIVE NATION MUSIC,0.0,0.0,0.0,0,0,2,0,0,0,US,Arena
Two Door Cinema Club,2026,2026-09-29,,LIVE NATION MUSIC,0.0,2811716.67,777788.89,4,7,43,87,3,5,US,Theater
Audrey Hobert,2026,2026-09-29,,LIVE NATION MUSIC,78692.06,0.0,0.0,0,0,6,9,0,1,US,Club
Staind,2026,2026-09-29,,LIVE NATION MUSIC,1978997.55,2423123.19,729547.4,5,9,8,12,0,3,US,Amphitheatre
Turnstile,2026,2026-09-29,,LIVE NATION MUSIC,3535380.32,739762.83,739153.98,3,7,40,34,0,3,US,Amphitheatre
Lenny Pearce,2026,2026-09-29,,LIVE NATION MUSIC,1149576.75,11247.35,0.0,1,0,32,23,0,2,US,Theater
W.A.S.P.,2026,2026-09-29,,LIVE NATION MUSIC,1978037.07,334712.93,1072342.16,1,3,35,34,2,8,US,Theater
Sawyer Hill,2026,2026-09-29,,LIVE NATION MUSIC,37539.14,18871.47,0.0,0,0,1,10,0,0,US,Club
Running,2026,2026-09-29,,LIVE NATION MUSIC,0.0,0.0,0.0,0,0,0,1,0,0,US,Club
Caamp,2026,2026-09-29,,LIVE NATION MUSIC,10988587.48,0.0,3606190.96,34,1,31,53,2,10,US,Theater
G-Eazy,2026,2026-09-29,,LIVE NATION MUSIC,453863.88,166997.78,53337.0,33,23,54,102,1,4,US,Amphitheatre
Artemas,2026,2026-09-29,,LIVE NATION MUSIC,30822.0,725837.64,0.0,0,0,10,22,0,1,US,Club
Stranger,2026,2026-09-29,,HOUSE OF BLUES CONCERTS (HOB),0.0,0.0,0.0,1,0,0,0,0,0,US,Amphitheatre
Bleachers,2026,2026-09-29,,LIVE NATION MUSIC,0.0,4208643.78,0.0,6,4,15,43,0,7,US,Amphitheatre
Bebe,2026,2026-09-29,,LIVE NATION MUSIC,0.0,0.0,0.0,0,0,0,4,0,0,US,Club
Public,2026,2026-09-29,,LIVE NATION MUSIC,0.0,0.0,0.0,0,0,0,4,0,0,US,Theater
Sanguisugabogg,2026,2026-09-29,,LIVE NATION MUSIC,0.0,87000.54000000001,4360.0,0,0,3,14,0,0,US,Theater
Lambert,2026,2026-09-29,,LIVE NATION MUSIC,0.0,0.0,3471.2,0,0,0,0,0,4,US,Other
Mastodon,2026,2026-09-29,,LIVE NATION MUSIC,0.0,178040.83000000002,1899213.01,3,6,42,78,0,1,US,Club
gnash,2026,2026-09-29,,LIVE NATION MUSIC,0.0,0.0,0.0,0,0,0,21,0,0,US,Theater
Charley Crockett,2026,2026-09-29,,LIVE NATION MUSIC,1031812.06,2029270.24,414419.87,9,1,26,50,0,1,US,Theater
Dermot Kennedy,2026,2026-09-29,,LIVE NATION MUSIC,715573.15,0.0,19937522.59,6,39,56,61,10,4,US,Stadium
Charles Wesley Godwin,2026,2026-09-29,,LIVE NATION MUSIC,758444.48,1054854.04,609346.0,1,2,10,22,0,2,US,Club
Katie Pruitt,2026,2026-09-29,,LIVE NATION MUSIC,4721.0,45814.0,0.0,0,0,0,11,0,0,US,Club
Charles Wesley Godwin,2026,2026-09-29,,LIVE NATION MUSIC,758444.48,1054854.04,609346.0,1,2,10,22,0,2,US,Club
Pennywise,2026,2026-09-29,,LIVE NATION MUSIC,1198459.09,17555.0,0.0,0,1,24,35,0,4,US,Club
Pennywise,2026,2026-09-29,,LIVE NATION MUSIC,1198459.09,17555.0,0.0,0,1,24,35,0,4,US,Club
Bayside,2026,2026-09-29,,LIVE NATION MUSIC,9303.74,29085.0,63366.19,0,0,1,37,0,2,US,Club
Bayside,2026,2026-09-29,,LIVE NATION MUSIC,9303.74,29085.0,63366.19,0,0,1,37,0,2,US,Club
Dermot Kennedy,2026,2026-09-29,,LIVE NATION MUSIC,715573.15,0.0,19937522.59,6,39,56,61,10,4,US,Stadium
Gorillaz,2026,2026-09-29,,LIVE NATION MUSIC,2844527.25,0.0,5075.0,8,77,15,1,3,1,US,Arena
"Chris Brown, Usher",2026,2026-09-29,,LIVE NATION MUSIC,0.0,0.0,0.0,0,0,0,0,18,0,US,Stadium
"Chris Brown, Usher",2026,2026-09-29,,LIVE NATION MUSIC,0.0,0.0,0.0,0,0,0,0,18,0,US,Stadium
Dallas,2026,2026-09-29,,LIVE NATION MUSIC,0.0,0.0,0.0,0,0,0,1,0,0,US,Arena
wave to earth,2026,2026-09-29,,LIVE NATION MUSIC,1624927.5,590021.89,112350.0,0,0,8,12,0,0,US,Theater
Shoreline Mafia,2026,2026-09-29,,LIVE NATION MUSIC,907871.75,0.0,0.0,0,2,8,43,0,0,US,Amphitheatre
"""Lucca Summer Festival"", Tom Jones",2026,2026-09-29,,LIVE NATION MUSIC,0.0,0.0,0.0,0,0,0,0,0,1,US,Theater
Empire Of The Sun,2026,2026-09-29,,LIVE NATION MUSIC,5035262.32,1215090.17,546678.79,18,2,23,14,3,2,US,Amphitheatre
Tou,2026,2026-09-29,,LIVE NATION MUSIC,0.0,348354.82999999996,0.0,0,0,0,1,0,1,US,Theater
Stephen Wilson Jr.,2026,2026-09-29,,LIVE NATION MUSIC,786854.57,66436.31,0.0,2,0,10,13,0,1,US,Theater
Jack White,2026,2026-09-29,,LIVE NATION MUSIC,9888079.67,1029333.01,0.0,8,36,58,33,2,4,US,Theater
The Anniversary,2026,2026-09-29,,LIVE NATION MUSIC,0.0,0.0,0.0,0,0,0,2,0,0,US,Theater
Dominic Fike,2026,2026-09-29,,LIVE NATION MUSIC,445861.63,0.0,1182711.6,3,0,3,10,0,1,US,Club
Suki Waterhouse,2026,2026-09-29,,LIVE NATION MUSIC,63447.01,1845642.36,489285.46,1,0,11,37,0,0,US,Club
Forever,2026,2026-09-29,,LIVE NATION MUSIC,70329.51,0.0,0.0,0,1,0,0,0,0,US,Amphitheatre
Young Thug,2026,2026-09-29,,LIVE NATION MUSIC,874047.0,0.0,0.0,1,5,10,18,0,0,US,Amphitheatre
Bryson Tiller,2026,2026-09-29,,FRANK PRODUCTIONS,0.0,14396903.73,1952369.56,10,20,31,34,0,2,US,Amphitheatre
BABYMETAL,2026,2026-09-29,,LIVE NATION MUSIC,6963474.43,1465932.38,656846.58,2,12,22,18,1,0,US,Amphitheatre
Mumford &amp; Sons,2026,2026-09-29,,LIVE NATION MUSIC,69320239.19,0.0,108400.0,71,157,29,30,23,8,US,Amphitheatre
Modest Mouse,2026,2026-09-29,,FRANK PRODUCTIONS,897255.2,1391230.25,494004.69,36,5,80,66,2,9,US,Club
EsDeeKid,2026,2026-09-29,,LIVE NATION MUSIC,0.0,0.0,0.0,0,0,0,1,0,0,US,Theater
Of Monsters And Men,2026,2026-09-29,,LIVE NATION MUSIC,673008.22,0.0,0.0,11,5,49,50,1,6,US,Amphitheatre
Judah &amp; The Lion,2026,2026-09-29,,LIVE NATION MUSIC,74475.0,108536.7,156098.0,1,0,33,100,0,3,US,Club
10 Years,2026,2026-09-29,,LIVE NATION MUSIC,35281.43,47010.25,6775.0,0,0,11,90,0,3,US,Amphitheatre
Killswitch Engage,2026,2026-09-29,,LIVE NATION MUSIC,1880979.65,0.0,0.0,1,5,29,89,1,4,US,Theater
Lost,2026,2026-09-29,,LIVE NATION MUSIC,0.0,0.0,36826.43,0,0,0,5,0,0,US,Theater
PRESIDENT,2026,2026-09-29,,LIVE NATION MUSIC,0.0,0.0,0.0,0,0,1,2,0,0,US,Club
Chance The Rapper,2026,2026-09-29,,LIVE NATION MUSIC,582979.5,0.0,2160801.5,15,25,18,26,1,1,US,Club
"Lord Esperanza, Sally",2026,2026-09-29,,LIVE NATION MUSIC,0.0,0.0,0.0,0,0,0,1,0,0,US,Club
Jane Remover,2026,2026-09-29,,LIVE NATION MUSIC,42748.9,0.0,0.0,0,0,0,9,0,0,US,Amphitheatre
America,2026,2026-09-29,,LIVE NATION MUSIC,4786730.81,4477164.55,1750231.2,5,8,180,41,0,14,US,Theater
Jensen McRae,2026,2026-09-29,,LIVE NATION MUSIC,95811.55,0.0,0.0,0,0,0,11,0,0,US,Club
Tinlicker,2026,2026-09-29,,HOUSE OF BLUES CONCERTS (HOB),0.0,288077.94,226265.83,0,1,4,11,0,1,US,Club
Black Label Society,2026,2026-09-29,,LIVE NATION MUSIC,0.0,0.0,0.0,0,4,34,65,0,2,US,Arena
Chat Pile,2026,2026-09-29,,LIVE NATION MUSIC,0.0,7187.0,8340.0,0,0,0,3,0,0,US,Club
"Cradle Of Filth, DevilDriver",2026,2026-09-29,,LIVE NATION MUSIC,0.0,0.0,29384.5,0,0,0,2,0,0,US,Club
Alesana,2026,2026-09-29,,LIVE NATION MUSIC,0.0,189037.5,11293.0,0,0,11,94,0,2,US,Club
Hunter Hayes,2026,2026-09-29,,LIVE NATION MUSIC,28128.0,47984.0,213456.81,10,32,21,33,2,5,US,Club
Foster The People,2026,2026-09-29,,LIVE NATION MUSIC,1851580.29,0.0,0.0,17,7,38,56,2,7,US,Club
Alyssa &amp; Wayne Brewer,2026,2026-09-29,,LIVE NATION MUSIC,505.0,0.0,0.0,0,0,0,1,0,0,US,Club
R&amp;B Vibes Live,2026,2026-09-29,,HOUSE OF BLUES CONCERTS (HOB),0.0,0.0,0.0,0,0,0,2,0,0,US,Club
Coheed and Cambria,2026,2026-09-29,,LIVE NATION MUSIC,1030878.5,67380.28,791706.52,8,4,71,150,1,4,US,Amphitheatre
Rebecca Black,2026,2026-09-29,,LIVE NATION TENNESSEE,182900.41,0.0,36513.32,0,0,1,12,0,1,US,Club
Our Lady Peace,2026,2026-09-29,,LIVE NATION MUSIC,3127178.77,0.0,33700.0,0,14,13,20,0,1,US,Club
156/Silence,2026,2026-09-29,,LIVE NATION MUSIC,0.0,0.0,2487.0,0,0,0,6,0,2,US,Club
America,2026,2026-09-29,,LIVE NATION MUSIC,4786730.81,4477164.55,1750231.2,5,8,180,41,0,14,US,Theater
Chasing Abbey,2026,2026-09-29,,LIVE NATION MUSIC,0.0,53043.38,0.0,0,0,4,8,0,1,US,Club
America,2026,2026-09-29,,LIVE NATION MUSIC,4786730.81,4477164.55,1750231.2,5,8,180,41,0,14,US,Theater
Coheed and Cambria,2026,2026-09-29,,LIVE NATION MUSIC,1030878.5,67380.28,791706.52,8,4,71,150,1,4,US,Amphitheatre
"Good Morning, Elizabeth",2026,2026-09-29,,LIVE NATION MUSIC,0.0,0.0,0.0,0,0,0,1,0,0,US,Club
Geese,2026,2026-09-29,,LIVE NATION MUSIC,156640.0,29014.0,20820.18,0,0,1,30,0,2,US,Theater
Lauren Sanderson,2026,2026-09-29,,LIVE NATION MUSIC,0.0,20673.0,22912.57,0,0,1,13,0,0,US,Club
Jeff Bernat,2026,2026-09-29,,HOUSE OF BLUES CONCERTS (HOB),0.0,55938.73,0.0,0,0,2,14,0,0,US,Club
Vianova,2026,2026-09-29,,HOUSE OF BLUES CONCERTS (HOB),0.0,0.0,0.0,0,0,0,0,0,1,US,Other
Of Monsters And Men,2026,2026-09-29,,LIVE NATION MUSIC,673008.22,0.0,0.0,11,5,49,50,1,6,US,Amphitheatre
Ethan Regan,2026,2026-09-29,,LIVE NATION MUSIC,39313.28,2015.0,0.0,0,0,0,7,0,0,US,Theater
Adrian &amp; Meredith,2026,2026-09-29,,LIVE NATION MUSIC,0.0,0.0,0.0,0,0,1,1,0,0,US,Club
The High &amp; Wides,2026,2026-09-29,,FRANK PRODUCTIONS,0.0,0.0,2440.0,0,0,0,1,0,0,US,Theater
Lauren Sanderson,2026,2026-09-29,,LIVE NATION MUSIC,0.0,20673.0,22912.57,0,0,1,13,0,0,US,Club
Geese,2026,2026-09-29,,LIVE NATION MUSIC,156640.0,29014.0,20820.18,0,0,1,30,0,2,US,Theater
"The Morning Kings, New Primitives, The Only, Sunshine &amp; The Night Walkers",2026,2026-09-29,,LIVE NATION MUSIC,0.0,0.0,1583.0,0,0,0,1,0,0,US,Club
Change,2026,2026-09-29,,LIVE NATION CANADA (LN),0.0,0.0,0.0,0,0,0,2,0,0,International,Club
Russian Circles,2026,2026-09-29,,LIVE NATION CANADA (LN),50599.0,0.0,0.0,0,0,3,53,0,0,International,Club
Malcolm Todd,2026,2026-09-29,,LIVE NATION CANADA (LN),207372.81,63535.0,0.0,0,0,5,8,0,0,International,Club
Naomi Sharon,2026,2026-09-29,,LIVE NATION CANADA (LN),15000.0,4935.89,0.0,0,0,0,2,0,0,International,Theater
"In, Flew Ants",2026,2026-09-29,,LIVE NATION CANADA (LN),0.0,0.0,0.0,0,0,0,2,0,0,International,Club
Kehlani,2026,2026-09-29,,LIVE NATION CANADA (LN),1293539.15,4938822.87,1110931.32,4,14,20,29,0,0,International,Arena
In Color,2026,2026-09-29,,LIVE NATION CANADA (LN),0.0,0.0,0.0,0,0,1,2,0,0,International,Club
Versa,2026,2026-09-29,,LIVE NATION CANADA (LN),2160.0,0.0,0.0,0,0,0,8,0,0,International,Club
10 Years,2026,2026-09-29,,MCD PRODUCTIONS,35281.43,47010.25,6775.0,0,0,11,90,0,3,International,Theater
Forever,2026,2026-09-29,,LIVE NATION MUSIC UK LTD,70329.51,0.0,0.0,0,1,0,0,0,0,International,Arena
The Anniversary,2026,2026-09-29,,LIVE NATION MUSIC UK LTD,0.0,0.0,0.0,0,0,0,2,0,0,International,Club
Westlife,2026,2026-09-29,,LIVE NATION MUSIC UK LTD,0.0,4814001.32,298555.76,1,42,6,1,5,9,International,Arena
Michael Ball,2026,2026-09-29,,LIVE NATION MUSIC UK LTD,0.0,100282.1,0.0,0,1,8,0,0,0,International,Theater
Jill Scott,2026,2026-09-29,,LIVE NATION MUSIC UK LTD,0.0,0.0,5166723.7,8,4,67,7,0,2,International,Theater
The Hu,2026,2026-09-29,,DF CONCERTS,210949.49,495401.84,297489.07,0,1,15,35,0,3,International,Theater
Josh Levi,2026,2026-09-29,,"LIVE NATION UK FOR ARTIST, TOUR, FESTIVAL AND PRESALE NEWS",0.0,0.0,0.0,0,0,0,1,0,0,International,Club
Agnes Obel,2026,2026-09-29,,LIVE NATION AUSTRALIA,787782.1799999999,0.0,0.0,0,1,25,31,0,9,International,Theater
Greeicy,2026,2026-09-29,,OCESA,188724.64,869210.9,0.0,0,3,3,1,0,0,International,Arena
NTO,2026,2026-09-29,,OCESA,4465.0,0.0,7030.0,0,0,0,2,0,0,International,Club
Backstreet Boys,2026,2026-09-29,,Live Nation GmbH,65138687.18,0.0,42749575.69,70,246,48,2,11,10,International,Arena
Backstreet Boys,2026,2026-09-29,,Live Nation GmbH,65138687.18,0.0,42749575.69,70,246,48,2,11,10,International,Arena
Strawberry Guy,2026,2026-09-29,,Live Nation / Vega,0.0,17830.48,7000.0,0,0,0,4,0,0,International,Club
"""Cap Roig Festival"", Anastacia",2026,2026-09-29,,Live Nation Venues Netherlands BV Afas Live,0.0,0.0,0.0,0,0,0,0,1,0,International,Stadium
Yot Club,2026,2026-09-29,,Live Nation sp. z o.o.,17500.0,42979.72,0.0,0,0,1,10,0,0,International,Club
Jared James Nichols,2026,2026-09-29,,Live Nation Sweden AB,3932.87,0.0,32254.05,0,0,0,8,0,3,International,Club
Witchz,2026,2026-09-29,,Live Nation Schweiz AG,0.0,20695.0,0.0,0,0,0,7,0,0,International,Club
Father of Peace,2026,2026-09-29,,LIVE NATION CZECH REPUBLIC s.r.o.,0.0,0.0,0.0,0,0,0,1,0,0,International,Club
Ogre,2026,2026-09-29,,LIVE NATION CZECH REPUBLIC s.r.o.,3262.0,2140.0,2574.0,0,0,4,0,0,0,International,Theater
OsamaSon,2026,2026-09-29,,LIVE NATION CZECH REPUBLIC s.r.o.,239099.94,40432.259999999995,0.0,0,0,1,8,0,0,International,Club
The Gathering,2026,2026-09-30,,LIVE NATION MUSIC,0.0,0.0,0.0,0,0,2,0,0,0,US,Arena
Olivia Rodrigo,2026,2026-09-30,,LIVE NATION MUSIC,23420107.2,169307085.8,0.0,0,68,10,2,5,1,US,Arena
Jonas Brothers,2026,2026-09-30,,LIVE NATION MUSIC,81959444.45,30144554.31,109403725.33,84,205,28,1,31,5,US,Arena
Five Finger Death Punch,2026,2026-09-30,,LIVE NATION MUSIC,485138.13,5167906.39,0.0,12,74,25,39,1,4,US,Arena
Shaboozey,2026,2026-09-30,,LIVE NATION MUSIC,1427197.18,60000.0,0.0,0,1,4,9,0,1,US,Club
Audrey Hobert,2026,2026-09-30,,LIVE NATION MUSIC,78692.06,0.0,0.0,0,0,6,9,0,1,US,Club
Role Model,2026,2026-09-30,,LIVE NATION MUSIC,884833.07,275786.98,0.0,0,0,8,44,0,1,US,Amphitheatre
Lenny Pearce,2026,2026-09-30,,LIVE NATION MUSIC,1149576.75,11247.35,0.0,1,0,32,23,0,2,US,Theater
Soccer Mommy,2026,2026-09-30,,LIVE NATION MUSIC,257014.8,4765.9,92616.97,0,0,7,45,0,1,US,Club
Suki Waterhouse,2026,2026-09-30,,HOUSE OF BLUES CONCERTS (HOB),63447.01,1845642.36,489285.46,1,0,11,37,0,0,US,Club
Pennywise,2026,2026-09-30,,LIVE NATION MUSIC,1198459.09,17555.0,0.0,0,1,24,35,0,4,US,Club
Taking Back Sunday,2026,2026-09-30,,LIVE NATION MUSIC,0.0,1192562.18,59060.0,0,1,32,133,0,8,US,Club
Buffalo Traffic Jam,2026,2026-09-30,,LIVE NATION MUSIC,0.0,0.0,0.0,0,0,1,7,0,0,US,Club
G-Eazy,2026,2026-09-30,,LIVE NATION MUSIC,453863.88,166997.78,53337.0,33,23,54,102,1,4,US,Theater
The Linda Lindas,2026,2026-09-30,,LIVE NATION MUSIC,108431.27,6550.0,0.0,0,0,1,5,0,0,US,Club
Rodrigo y Gabriela,2026,2026-09-30,,HOUSE OF BLUES CONCERTS (HOB),68954.74,537959.35,1458366.69,33,3,134,58,0,10,US,Theater
Tou,2026,2026-09-30,,LIVE NATION MUSIC,0.0,348354.82999999996,0.0,0,0,0,1,0,1,US,Club
Seasick Steve,2026,2026-09-30,,LIVE NATION MUSIC,0.0,163736.71,0.0,2,1,13,16,0,0,US,Club
Bayside,2026,2026-09-30,,FRANK PRODUCTIONS,9303.74,29085.0,63366.19,0,0,1,37,0,2,US,Theater
glaive,2026,2026-09-30,,LIVE NATION MUSIC,87140.09,0.0,70042.53,0,0,4,26,0,1,US,Club
Rise Against,2026,2026-09-30,,LIVE NATION MUSIC,4277860.61,678554.91,194297.26,27,65,68,73,4,10,US,Club
INOHA,2026,2026-09-30,,LIVE NATION MUSIC,10338.12,0.0,0.0,0,0,0,2,0,0,US,Club
Kes,2026,2026-09-30,,LIVE NATION MUSIC,688877.36,107443.08,0.0,3,0,3,8,1,0,US,Club
Asha Banks,2026,2026-09-30,,LIVE NATION MUSIC,0.0,0.0,0.0,0,0,0,0,0,1,US,Theater
Bear Ghost,2026,2026-09-30,,LIVE NATION MUSIC,12713.0,48168.0,0.0,0,0,2,12,0,0,US,Theater
Rise Against,2026,2026-09-30,,LIVE NATION MUSIC,4277860.61,678554.91,194297.26,27,65,68,73,4,10,US,Club
Citizen,2026,2026-09-30,,LIVE NATION MUSIC,0.0,28836.4,0.0,0,0,0,15,0,1,US,Theater
Stranger,2026,2026-09-30,,LIVE NATION MUSIC,0.0,0.0,0.0,1,0,0,0,0,0,US,Amphitheatre
Brian Kirk &amp; The Jirks,2026,2026-09-30,,LIVE NATION MUSIC,0.0,0.0,12770.0,0,0,9,4,2,0,US,Theater
Skillet,2026,2026-09-30,,LIVE NATION MUSIC,2557214.15,260542.96,1377748.06,6,30,44,67,1,14,US,Theater
Skillet,2026,2026-09-30,,LIVE NATION MUSIC,2557214.15,260542.96,1377748.06,6,30,44,67,1,14,US,Theater
Ziggy Marley,2026,2026-09-30,,LIVE NATION MUSIC,678098.52,681037.0,171281.63,33,0,44,33,1,4,US,Amphitheatre
Ziggy Marley,2026,2026-09-30,,LIVE NATION MUSIC,678098.52,681037.0,171281.63,33,0,44,33,1,4,US,Amphitheatre
Apes Of The State,2026,2026-09-30,,HOUSE OF BLUES CONCERTS (HOB),0.0,4485.0,5480.0,0,0,1,2,0,0,US,Club
Our Lady Peace,2026,2026-09-30,,LIVE NATION MUSIC,3127178.77,0.0,33700.0,0,14,13,20,0,1,US,Theater
Geese,2026,2026-09-30,,LIVE NATION MUSIC,156640.0,29014.0,20820.18,0,0,1,30,0,2,US,Club
Geese,2026,2026-09-30,,LIVE NATION MUSIC,156640.0,29014.0,20820.18,0,0,1,30,0,2,US,Club
Santiago Cruz,2026,2026-09-30,,LIVE NATION MUSIC,529587.46,48950.0,110386.25,0,1,7,8,0,2,US,Theater
Santiago Cruz,2026,2026-09-30,,LIVE NATION MUSIC,529587.46,48950.0,110386.25,0,1,7,8,0,2,US,Theater
Harry Styles,2026,2026-09-30,,LIVE NATION MUSIC,0.0,0.0,252490036.3,1,117,15,2,33,5,US,Arena
Bruno Mars,2026,2026-09-30,,LIVE NATION MUSIC,42422958.0,280515343.74,87980695.9,12,221,88,9,45,8,US,Stadium
Tyler Childers,2026,2026-09-30,,LIVE NATION MUSIC,43390286.93,45935861.16,19428021.46,51,33,32,49,8,3,US,Arena
Breaking Benjamin,2026,2026-09-30,,LIVE NATION MUSIC,14595872.13,3293577.11,1340194.0,52,42,34,40,2,3,US,Amphitheatre
Ringo Starr &amp; His All Starr Band,2026,2026-09-30,,LIVE NATION MUSIC,3975061.59,4274683.66,7327433.94,60,34,136,10,2,12,US,Theater
The Chicks,2026,2026-09-30,,LIVE NATION MUSIC,0.0,0.0,21183223.21,39,69,4,0,3,0,US,Theater
"""Lucca Summer Festival"", Tom Jones",2026,2026-09-30,,LIVE NATION MUSIC,0.0,0.0,0.0,0,0,0,0,0,1,US,Theater
Bilmuri,2026,2026-09-30,,LIVE NATION MUSIC,222404.4,149604.0,15570.0,0,0,6,13,0,0,US,Theater
The Smashing Pumpkins,2026,2026-09-30,,LIVE NATION MUSIC,1932119.81,4451112.17,12656219.06,29,91,42,26,1,5,US,Arena
Bryson Tiller,2026,2026-09-30,,LIVE NATION MUSIC,0.0,14396903.73,1952369.56,10,20,31,34,0,2,US,Amphitheatre
Steve Lacy,2026,2026-09-30,,LIVE NATION MUSIC,0.0,0.0,48400.0,1,2,2,7,0,0,US,Club
America,2026,2026-09-30,,LIVE NATION MUSIC,4786730.81,4477164.55,1750231.2,5,8,180,41,0,14,US,Amphitheatre
Parcels,2026,2026-09-30,,LIVE NATION MUSIC,5598989.62,585030.1,0.0,5,6,11,16,0,4,US,Theater
Dominic Fike,2026,2026-09-30,,LIVE NATION MUSIC,445861.63,0.0,1182711.6,3,0,3,10,0,1,US,Club
SUGAR,2026,2026-09-30,,LIVE NATION MUSIC,0.0,0.0,0.0,0,0,1,1,0,0,US,Club
Dogstar,2026,2026-09-30,,LIVE NATION MUSIC,87643.0,668636.35,244581.85,0,2,11,9,0,5,US,Theater
Anne Wilson,2026,2026-09-30,,LIVE NATION MUSIC,1200840.33,2081631.78,857470.0,0,1,82,2,0,2,US,Arena
Hayley Williams,2026,2026-09-30,,LIVE NATION MUSIC,0.0,0.0,0.0,0,0,7,3,2,0,US,Amphitheatre
Sara Bareilles,2026,2026-09-30,,LIVE NATION MUSIC,0.0,0.0,0.0,12,6,27,45,0,1,US,Theater
Mike Campbell &amp; the Dirty Knobs,2026,2026-09-30,,LIVE NATION MUSIC,211711.75,192163.2,70058.5,0,0,11,10,0,2,US,Theater
The Rock Orchestra,2026,2026-09-30,,LIVE NATION MUSIC,14122307.13,748084.85,131796.0,0,12,145,9,1,10,US,Theater
ZZ Top,2026,2026-09-30,,LIVE NATION MUSIC,19533792.29,8840466.74,1880764.0,129,99,253,35,8,60,US,Theater
"Cradle Of Filth, DevilDriver",2026,2026-09-30,,LIVE NATION MUSIC,0.0,0.0,29384.5,0,0,0,2,0,0,US,Club
Cavetown,2026,2026-09-30,,LIVE NATION MUSIC,0.0,444645.86,1226221.94,2,1,17,39,0,6,US,Theater
Tinlicker,2026,2026-09-30,,LIVE NATION MUSIC,0.0,288077.94,226265.83,0,1,4,11,0,1,US,Club
Lost,2026,2026-09-30,,LIVE NATION MUSIC,0.0,0.0,36826.43,0,0,0,5,0,0,US,Club
Ryan Beatty,2026,2026-09-30,,LIVE NATION MUSIC,0.0,164812.0,12100.0,0,1,3,17,0,0,US,Club
EsDeeKid,2026,2026-09-30,,LIVE NATION MUSIC,0.0,0.0,0.0,0,0,0,1,0,0,US,Club
Young Thug,2026,2026-09-30,,LIVE NATION MUSIC,874047.0,0.0,0.0,1,5,10,18,0,0,US,Amphitheatre
Of Monsters And Men,2026,2026-09-30,,LIVE NATION MUSIC,673008.22,0.0,0.0,11,5,49,50,1,6,US,Theater
The Jungle Giants,2026,2026-09-30,,LIVE NATION MUSIC,104499.01,8084.78,434845.65,2,1,8,35,0,1,US,Theater
Beck,2026,2026-09-30,,LIVE NATION MUSIC,1461640.71,626608.75,4873011.17,24,9,29,9,0,4,US,Theater
Freya Skye,2026,2026-09-30,,LIVE NATION MUSIC,0.0,0.0,0.0,0,0,6,2,0,0,US,Theater
Sawyer Hill,2026,2026-09-30,,LIVE NATION MUSIC,37539.14,18871.47,0.0,0,0,1,10,0,0,US,Club
Upon Your Dead Body,2026,2026-09-30,,LIVE NATION MUSIC,0.0,0.0,0.0,0,0,0,1,0,0,US,Club
Foster The People,2026,2026-09-30,,LIVE NATION MUSIC,1851580.29,0.0,0.0,17,7,38,56,2,7,US,Club
Earl Sweatshirt,2026,2026-09-30,,LIVE NATION MUSIC,145905.72999999998,0.0,304502.67,0,0,7,36,0,0,US,Theater
Kenny Wayne Shepherd,2026,2026-09-30,,FRANK PRODUCTIONS,861210.02,1084321.07,3587479.38,9,0,142,68,0,18,US,Arena
Solya,2026,2026-09-30,,LIVE NATION MUSIC,0.0,0.0,0.0,0,0,0,3,0,0,US,Club
Coheed and Cambria,2026,2026-09-30,,LIVE NATION MUSIC,1030878.5,67380.28,791706.52,8,4,71,150,1,4,US,Club
Fcukers,2026,2026-09-30,,LIVE NATION MUSIC,20241.66,4780.0,0.0,0,0,2,7,0,0,US,Theater
Leap,2026,2026-09-30,,HOUSE OF BLUES CONCERTS (HOB),26077.87,26464.69,10457.61,0,0,1,7,0,2,US,Club
The Number Twelve Looks Like You,2026,2026-09-30,,LIVE NATION MUSIC,0.0,0.0,0.0,0,0,0,4,0,0,US,Club
Kelsey Lu,2026,2026-09-30,,LIVE NATION MUSIC,0.0,0.0,0.0,0,0,0,1,0,0,US,Club
The Bros. Landreth,2026,2026-09-30,,LIVE NATION TENNESSEE,0.0,35320.75,28416.78,0,0,7,21,0,0,US,Club
Max McNown,2026,2026-09-30,,FRANK PRODUCTIONS,2746371.42,0.0,0.0,3,1,20,51,0,2,US,Club
Show Me The Body,2026,2026-09-30,,LIVE NATION MUSIC,0.0,10785.0,70585.45,0,0,1,16,0,3,US,Theater
KiNG MALA,2026,2026-09-30,,FRANK PRODUCTIONS,0.0,0.0,0.0,0,0,0,1,0,0,US,Club
Coheed and Cambria,2026,2026-09-30,,LIVE NATION MUSIC,1030878.5,67380.28,791706.52,8,4,71,150,1,4,US,Club
Jacob Collier,2026,2026-09-30,,LIVE NATION MUSIC,2383436.26,3700744.51,623705.63,1,3,31,25,2,6,US,Theater
Adrian &amp; Meredith,2026,2026-09-30,,LIVE NATION MUSIC,0.0,0.0,0.0,0,0,1,1,0,0,US,Club
Mason's Children,2026,2026-09-30,,LIVE NATION MUSIC,0.0,1500.0,0.0,0,0,0,2,0,0,US,Theater
Arrows In Action,2026,2026-09-30,,LIVE NATION MUSIC,13082.73,34183.25,19376.53,0,0,0,14,0,0,US,Club
"Salt-N-Pepa, Ginuwine",2026,2026-09-30,,LIVE NATION MUSIC,0.0,0.0,0.0,0,0,1,0,0,0,US,Theater
Aldous Harding,2026,2026-09-30,,LIVE NATION MUSIC,0.0,0.0,190643.78,0,0,8,23,0,4,US,Club
Deltron 3030,2026,2026-09-30,,LIVE NATION MUSIC,1276518.37,0.0,0.0,0,0,9,37,0,2,US,Club
Arrows In Action,2026,2026-09-30,,LIVE NATION MUSIC,13082.73,34183.25,19376.53,0,0,0,14,0,0,US,Club
Deltron 3030,2026,2026-09-30,,LIVE NATION MUSIC,1276518.37,0.0,0.0,0,0,9,37,0,2,US,Club
Bring Me The Horizon,2026,2026-09-30,,LIVE NATION MUSIC,4461794.29,18325898.56,4881944.25,4,74,41,69,2,3,International,Arena
The Red Clay Strays,2026,2026-09-30,,LIVE NATION CANADA (LN),5439813.38,3651530.74,79658.0,5,4,29,43,1,7,International,Amphitheatre
Gogol Bordello,2026,2026-09-30,,LIVE NATION CANADA (LN),326818.43,255289.61,531622.01,0,1,55,151,0,1,International,Club
Sub Urban,2026,2026-09-30,,LIVE NATION CANADA (LN),8987.16,0.0,0.0,0,0,0,6,0,0,International,Club
Belles,2026,2026-09-30,,LIVE NATION CANADA (LN),725.0,970.0,0.0,0,0,0,2,0,0,International,Theater
Boy Harsher,2026,2026-09-30,,LIVE NATION CANADA (LN),0.0,0.0,0.0,0,0,1,14,0,1,International,Theater
Rum Jungle,2026,2026-09-30,,LIVE NATION CANADA (LN),17576.25,7820.81,5022.83,0,0,0,10,0,1,International,Theater
Channel Tres,2026,2026-09-30,,LIVE NATION CANADA (LN),0.0,0.0,40291.46,0,0,2,11,0,3,International,Club
Yonaka,2026,2026-09-30,,MCD PRODUCTIONS,0.0,63740.130000000005,0.0,0,0,0,16,0,0,International,Club
The Tumbling Paddies,2026,2026-09-30,,MCD PRODUCTIONS,161241.19,23515.25,21699.55,0,0,5,0,0,0,International,Theater
Forever,2026,2026-09-30,,LIVE NATION MUSIC UK LTD,70329.51,0.0,0.0,0,1,0,0,0,0,International,Arena
The Anniversary,2026,2026-09-30,,LIVE NATION MUSIC UK LTD,0.0,0.0,0.0,0,0,0,2,0,0,International,Club
Arkells,2026,2026-09-30,,"LIVE NATION UK FOR ARTIST, TOUR, FESTIVAL AND PRESALE NEWS",512843.52,911391.9,30606.5,0,22,9,64,0,6,International,Club
Grace &amp; The Flat Boys,2026,2026-09-30,,"LIVE NATION UK FOR ARTIST, TOUR, FESTIVAL AND PRESALE NEWS",0.0,1496.9,0.0,0,0,0,1,0,0,International,Club
Lilyisthatyou,2026,2026-09-30,,LIVE NATION MUSIC UK LTD,2952.21,0.0,0.0,0,0,1,0,0,0,International,Theater
Amble,2026,2026-09-30,,DF CONCERTS,4723469.38,406488.11,0.0,0,5,9,43,2,5,International,Club
Lucy Bedroque,2026,2026-09-30,,"LIVE NATION UK FOR ARTIST, TOUR, FESTIVAL AND PRESALE NEWS",0.0,0.0,0.0,0,0,1,2,0,0,International,Theater
Westlife,2026,2026-09-30,,LIVE NATION MUSIC UK LTD,0.0,4814001.32,298555.76,1,42,6,1,5,9,International,Arena
Maroon 5,2026,2026-09-30,,OCESA,63640031.16,21902872.41,27203545.43,53,230,54,6,40,24,International,Arena
The Beast,2026,2026-09-30,,OCESA,0.0,0.0,0.0,0,0,1,0,0,0,International,Theater
NTO,2026,2026-09-30,,OCESA,4465.0,0.0,7030.0,0,0,0,2,0,0,International,Club
The Lemon Twigs,2026,2026-09-30,,Live Nation Austria GmbH,57777.990000000005,93127.87,69923.33,0,0,6,36,0,2,International,Club
Death Cab For Cutie,2026,2026-09-30,,Live Nation,2718946.78,0.0,1048636.74,41,12,92,45,3,12,International,Theater
Backstreet Boys,2026,2026-09-30,,Live Nation GmbH,65138687.18,0.0,42749575.69,70,246,48,2,11,10,International,Arena
Backstreet Boys,2026,2026-09-30,,Live Nation GmbH,65138687.18,0.0,42749575.69,70,246,48,2,11,10,International,Arena
Unknown T,2026,2026-09-30,,Live Nation Schweiz AG,0.0,0.0,54552.42,0,0,3,1,0,0,International,Theater
Unknown T,2026,2026-09-30,,Live Nation Schweiz AG,0.0,0.0,54552.42,0,0,3,1,0,0,International,Theater
Haken,2026,2026-09-30,,LIVE NATION CZECH REPUBLIC s.r.o.,0.0,193947.17,117496.14,0,0,6,19,0,3,International,Club
Gorillaz,2026,2026-10-01,,LIVE NATION MUSIC,2844527.25,0.0,5075.0,8,77,15,1,3,1,US,Arena
Doja Cat,2026,2026-10-01,,LIVE NATION MUSIC,7384674.46,7298161.81,31988065.4,0,39,0,9,0,0,US,Arena
Eric Clapton,2026,2026-10-01,,LIVE NATION MUSIC,21805646.05,32385264.61,6379121.33,6,94,18,0,6,2,US,Theater
Jonas Brothers,2026,2026-10-01,,LIVE NATION MUSIC,81959444.45,30144554.31,109403725.33,84,205,28,1,31,5,US,Arena
Rise Against,2026,2026-10-01,,LIVE NATION MUSIC,4277860.61,678554.91,194297.26,27,65,68,73,4,10,US,Theater
Little Big Town,2026,2026-10-01,,LIVE NATION MUSIC,2309214.5,13004819.31,2846985.5,23,68,94,16,1,12,US,Theater
Audrey Hobert,2026,2026-10-01,,LIVE NATION MUSIC,78692.06,0.0,0.0,0,0,6,9,0,1,US,Club
Staind,2026,2026-10-01,,LIVE NATION MUSIC,1978997.55,2423123.19,729547.4,5,9,8,12,0,3,US,Arena
Jon Pardi,2026,2026-10-01,,LIVE NATION MUSIC,4677550.0,3425980.7199999997,6304963.5600000005,13,27,22,23,1,2,US,Amphitheatre
Charles Wesley Godwin,2026,2026-10-01,,LIVE NATION MUSIC,758444.48,1054854.04,609346.0,1,2,10,22,0,2,US,Amphitheatre
Mastodon,2026,2026-10-01,,LIVE NATION MUSIC,0.0,178040.83000000002,1899213.01,3,6,42,78,0,1,US,Club
Soccer Mommy,2026,2026-10-01,,LIVE NATION MUSIC,257014.8,4765.9,92616.97,0,0,7,45,0,1,US,Club
The Valley,2026,2026-10-01,,LIVE NATION MUSIC,0.0,0.0,0.0,0,0,0,1,0,0,US,Club
Role Model,2026,2026-10-01,,LIVE NATION MUSIC,884833.07,275786.98,0.0,0,0,8,44,0,1,US,Club
Buffalo Traffic Jam,2026,2026-10-01,,LIVE NATION MUSIC,0.0,0.0,0.0,0,0,1,7,0,0,US,Club
Lenny Pearce,2026,2026-10-01,,LIVE NATION MUSIC,1149576.75,11247.35,0.0,1,0,32,23,0,2,US,Theater
G-Eazy,2026,2026-10-01,,LIVE NATION MUSIC,453863.88,166997.78,53337.0,33,23,54,102,1,4,US,Amphitheatre
Sanguisugabogg,2026,2026-10-01,,LIVE NATION MUSIC,0.0,87000.54000000001,4360.0,0,0,3,14,0,0,US,Theater
Suki Waterhouse,2026,2026-10-01,,LIVE NATION MUSIC,63447.01,1845642.36,489285.46,1,0,11,37,0,0,US,Club
Epik High,2026,2026-10-01,,LIVE NATION MUSIC,0.0,184487.78,400979.87,0,0,5,15,0,0,US,Club
John Waite,2026,2026-10-01,,LIVE NATION MUSIC,117027.0,120295.29,222076.07,4,0,25,32,1,3,US,Arena
Buzzcocks,2026,2026-10-01,,LIVE NATION MUSIC,30516.46,78970.92,0.0,0,0,6,28,0,2,US,Theater
Bolden.,2026,2026-10-01,,LIVE NATION MUSIC,16885.78,0.0,0.0,0,0,2,0,0,0,US,Theater
INOHA,2026,2026-10-01,,LIVE NATION MUSIC,10338.12,0.0,0.0,0,0,0,2,0,0,US,Club
Taylor &amp; The Wild Now,2026,2026-10-01,,LIVE NATION MUSIC,0.0,0.0,0.0,0,0,0,3,0,0,US,Club
Charley Crockett,2026,2026-10-01,,LIVE NATION MUSIC,1031812.06,2029270.24,414419.87,9,1,26,50,0,1,US,Club
Theo Katzman,2026,2026-10-01,,LIVE NATION MUSIC,0.0,0.0,187752.32,0,0,2,26,0,0,US,Theater
Wyatt Flores,2026,2026-10-01,,LIVE NATION MUSIC,438749.65,925820.77,33065.0,0,0,12,22,0,3,US,Club
Dermot Kennedy,2026,2026-10-01,,LIVE NATION MUSIC,715573.15,0.0,19937522.59,6,39,56,61,10,4,US,Amphitheatre
Benjamin Tod &amp; Lost Dog Street Band,2026,2026-10-01,,LIVE NATION MUSIC,0.0,179250.0,0.0,0,0,3,37,0,0,US,Club
Ringo Starr &amp; His All Starr Band,2026,2026-10-01,,LIVE NATION MUSIC,3975061.59,4274683.66,7327433.94,60,34,136,10,2,12,US,Stadium
Enter,2026,2026-10-01,,LIVE NATION MUSIC,28761.16,0.0,0.0,0,0,0,1,0,0,US,Arena
Ringo Starr &amp; His All Starr Band,2026,2026-10-01,,LIVE NATION MUSIC,3975061.59,4274683.66,7327433.94,60,34,136,10,2,12,US,Stadium
Stayin' Alive: One Night of the Bee Gees,2026,2026-10-01,,LIVE NATION MUSIC,426408.41,252820.95,192930.21,0,0,21,6,0,0,US,Theater
Stayin' Alive: One Night of the Bee Gees,2026,2026-10-01,,LIVE NATION MUSIC,426408.41,252820.95,192930.21,0,0,21,6,0,0,US,Theater
Carter Faith,2026,2026-10-01,,LIVE NATION MUSIC,0.0,0.0,0.0,0,0,0,3,0,0,US,Club
Carter Faith,2026,2026-10-01,,LIVE NATION MUSIC,0.0,0.0,0.0,0,0,0,3,0,0,US,Club
Metallica,2026,2026-10-01,,LIVE NATION MUSIC,137107458.47,179373637.38,146435306.85,0,95,4,4,135,10,US,Stadium
Metallica,2026,2026-10-01,,LIVE NATION MUSIC,137107458.47,179373637.38,146435306.85,0,95,4,4,135,10,US,Stadium
Rod Wave,2026,2026-10-01,,LIVE NATION MUSIC,21434081.53,44782080.52,58117202.64,1,85,1,0,0,0,US,Arena
Riley Green,2026,2026-10-01,,LIVE NATION MUSIC,18818712.84,11336207.41,4129193.53,54,56,40,30,2,11,US,Arena
Neon Moon,2026,2026-10-01,,LIVE NATION MUSIC,24927.0,0.0,0.0,0,0,1,1,0,0,US,Arena
Mumford &amp; Sons,2026,2026-10-01,,LIVE NATION MUSIC,69320239.19,0.0,108400.0,71,157,29,30,23,8,US,Amphitheatre
Shoreline Mafia,2026,2026-10-01,,LIVE NATION MUSIC,907871.75,0.0,0.0,0,2,8,43,0,0,US,Amphitheatre
Bilmuri,2026,2026-10-01,,LIVE NATION MUSIC,222404.4,149604.0,15570.0,0,0,6,13,0,0,US,Arena
Malcolm Todd,2026,2026-10-01,,LIVE NATION MUSIC,207372.81,63535.0,0.0,0,0,5,8,0,0,US,Theater
Social Distortion,2026,2026-10-01,,LIVE NATION MUSIC,510974.93,348028.3,0.0,9,4,50,111,1,4,US,Theater
BABYMETAL,2026,2026-10-01,,LIVE NATION MUSIC,6963474.43,1465932.38,656846.58,2,12,22,18,1,0,US,Amphitheatre
Tou,2026,2026-10-01,,LIVE NATION MUSIC,0.0,348354.82999999996,0.0,0,0,0,1,0,1,US,Club
Empire Of The Sun,2026,2026-10-01,,LIVE NATION MUSIC,5035262.32,1215090.17,546678.79,18,2,23,14,3,2,US,Amphitheatre
Steve Lacy,2026,2026-10-01,,LIVE NATION MUSIC,0.0,0.0,48400.0,1,2,2,7,0,0,US,Club
Stephen Wilson Jr.,2026,2026-10-01,,LIVE NATION MUSIC,786854.57,66436.31,0.0,2,0,10,13,0,1,US,Amphitheatre
Julieta Venegas,2026,2026-10-01,,LIVE NATION MUSIC,361709.8,1062864.7,834939.24,2,3,34,14,1,2,US,Theater
Chance The Rapper,2026,2026-10-01,,LIVE NATION MUSIC,582979.5,0.0,2160801.5,15,25,18,26,1,1,US,Theater
From First To Last,2026,2026-10-01,,LIVE NATION MUSIC,0.0,0.0,0.0,0,0,0,2,0,0,US,Club
John Summit,2026,2026-10-01,,LIVE NATION MUSIC,1618895.52,6378033.54,2121909.0,1,6,4,6,1,1,US,Arena
Rush,2026,2026-10-01,,LIVE NATION MUSIC,0.0,0.0,0.0,40,118,1,0,2,8,US,Arena
Miranda Lambert,2026,2026-10-01,,LIVE NATION MUSIC,0.0,364391.25,0.0,73,175,9,1,1,4,US,Arena
Steve Earle,2026,2026-10-01,,LIVE NATION MUSIC,317269.0,679490.1900000001,199089.95,4,3,91,129,0,10,US,Club
Joe Russo's Almost Dead,2026,2026-10-01,,FRANK PRODUCTIONS,1651114.5,2203750.85,1368415.39,10,1,33,49,6,3,US,Club
French Police,2026,2026-10-01,,LIVE NATION MUSIC,4947.94,32177.0,0.0,0,0,0,6,0,0,US,Club
W.A.S.P.,2026,2026-10-01,,LIVE NATION MUSIC,1978037.07,334712.93,1072342.16,1,3,35,34,2,8,US,Theater
Schoolboy Q,2026,2026-10-01,,LIVE NATION MUSIC,0.0,31295.0,0.0,0,5,16,38,0,1,US,Club
Alicia Villarreal,2026,2026-10-01,,LIVE NATION MUSIC,826817.98,1374508.36,306780.57999999996,1,4,29,4,0,0,US,Theater
Palace,2026,2026-10-01,,LIVE NATION MUSIC,216325.96,176855.55,138298.91,0,0,7,19,0,1,US,Club
Tinlicker,2026,2026-10-01,,HOUSE OF BLUES CONCERTS (HOB),0.0,288077.94,226265.83,0,1,4,11,0,1,US,Club
Once &amp; Future Band,2026,2026-10-01,,LIVE NATION MUSIC,0.0,0.0,0.0,0,0,0,1,0,0,US,Theater
Rodrigo y Gabriela,2026,2026-10-01,,LIVE NATION MUSIC,68954.74,537959.35,1458366.69,33,3,134,58,0,10,US,Theater
The Beasts,2026,2026-10-01,,LIVE NATION MUSIC,12460.32,0.0,0.0,0,0,0,1,0,0,US,Club
The Home Team,2026,2026-10-01,,HOUSE OF BLUES CONCERTS (HOB),0.0,42610.17,3045.0,0,0,1,11,0,2,US,Club
Brian Fallon,2026,2026-10-01,,LIVE NATION MUSIC,0.0,0.0,0.0,0,2,18,47,0,0,US,Club
John Summit,2026,2026-10-01,,LIVE NATION MUSIC,1618895.52,6378033.54,2121909.0,1,6,4,6,1,1,US,Arena
Grupo Duelo,2026,2026-10-01,,LIVE NATION MUSIC,0.0,49134.0,0.0,0,3,1,0,0,0,US,Arena
Geordie Greep,2026,2026-10-01,,LIVE NATION MUSIC,41478.54,0.0,0.0,0,0,0,5,0,0,US,Club
Brandon Flowers,2026,2026-10-01,,LIVE NATION MUSIC,0.0,0.0,0.0,0,0,11,30,0,0,US,Amphitheatre
Diego Torres,2026,2026-10-01,,LIVE NATION MUSIC,2083112.16,2871709.54,131486.6,0,12,9,1,2,4,US,Theater
Mt. Joy,2026,2026-10-01,,FRANK PRODUCTIONS,9150998.4,8571708.7,2455355.26,43,7,36,60,8,19,US,Theater
Caamp,2026,2026-10-01,,LIVE NATION MUSIC,10988587.48,0.0,3606190.96,34,1,31,53,2,10,US,Amphitheatre
Black Jacket Symphony,2026,2026-10-01,,EMPORIUM PRESENTS,766104.4,782504.15,627644.4,0,0,136,38,0,1,US,Theater
TC &amp; The Groove Family,2026,2026-10-01,,LIVE NATION MUSIC,0.0,1636.65,0.0,0,0,0,1,0,0,US,Club
Highly Suspect,2026,2026-10-01,,LIVE NATION MUSIC,299367.0,448712.01,1656360.34,2,4,30,160,1,5,US,Amphitheatre
JPEGMafia,2026,2026-10-01,,LIVE NATION MUSIC,557173.07,1250847.08,390783.87,1,0,19,57,0,1,US,Theater
"Allen Stone, Ripe",2026,2026-10-01,,LIVE NATION MUSIC,29263.0,0.0,0.0,0,0,0,1,0,0,US,Theater
Scene Queen,2026,2026-10-01,,LIVE NATION MUSIC,65472.39,49049.0,0.0,0,0,0,8,0,3,US,Club
Rebecca Black,2026,2026-10-01,,LIVE NATION MUSIC,182900.41,0.0,36513.32,0,0,1,12,0,1,US,Theater
PRESIDENT,2026,2026-10-01,,LIVE NATION MUSIC,0.0,0.0,0.0,0,0,1,2,0,0,US,Arena
Frog,2026,2026-10-01,,LIVE NATION MUSIC,0.0,0.0,0.0,0,0,0,1,0,0,US,Club
Three Dog Night,2026,2026-10-01,,LIVE NATION MUSIC,1653251.69,1897466.3,1809550.27,11,10,139,35,0,11,US,Theater
Weatherday,2026,2026-10-01,,LIVE NATION MUSIC,6080.0,0.0,0.0,0,0,0,1,0,0,US,Club
Rush,2026,2026-10-01,,LIVE NATION MUSIC,0.0,0.0,0.0,40,118,1,0,2,8,US,Arena
Umphrey's McGee,2026,2026-10-01,,LIVE NATION MUSIC,746394.49,1297313.98,1020023.5,32,0,102,171,1,6,US,Theater
Death &amp; Music,2026,2026-10-01,,LIVE NATION MUSIC,0.0,0.0,18360.0,0,0,1,0,0,0,US,Theater
The Lagoons,2026,2026-10-01,,LIVE NATION MUSIC,3750.0,0.0,534.0,0,0,1,9,0,0,US,Club
Beck,2026,2026-10-01,,LIVE NATION MUSIC,1461640.71,626608.75,4873011.17,24,9,29,9,0,4,US,Amphitheatre
Villanelle,2026,2026-10-01,,HOUSE OF BLUES CONCERTS (HOB),1919.8,3675.58,0.0,0,0,0,2,0,0,US,Club
Beck,2026,2026-10-01,,LIVE NATION MUSIC,1461640.71,626608.75,4873011.17,24,9,29,9,0,4,US,Amphitheatre
Beth Hart,2026,2026-10-01,,LIVE NATION MUSIC,1568516.61,600861.0700000001,493581.99,1,2,48,45,0,2,US,Arena
In Her Own Words,2026,2026-10-01,,LIVE NATION MUSIC,0.0,0.0,0.0,0,0,0,1,0,0,US,Club
Pecos &amp; The Rooftops,2026,2026-10-01,,FRANK PRODUCTIONS,1218047.17,1424328.1,1041865.12,11,1,63,257,0,24,US,Club
Apes Of The State,2026,2026-10-01,,FRANK PRODUCTIONS,0.0,4485.0,5480.0,0,0,1,2,0,0,US,Club
Claire,2026,2026-10-01,,LIVE NATION TENNESSEE,0.0,0.0,0.0,0,0,0,1,0,0,US,Club
"Dana &amp; Greg Newkirk's - ""Haunted Objects Live""",2026,2026-10-01,,LIVE NATION MUSIC,0.0,67450.5,21742.0,0,0,5,2,0,0,US,Club
Wolves of Glendale,2026,2026-10-01,,HOUSE OF BLUES CONCERTS (HOB),0.0,34058.0,0.0,0,0,0,5,0,0,US,Club
Don West,2026,2026-10-01,,LIVE NATION MUSIC,100759.63,0.0,0.0,0,0,1,6,0,0,US,Theater
"Charles, Rori",2026,2026-10-01,,FRANK PRODUCTIONS,0.0,0.0,0.0,0,0,0,1,0,0,US,Club
Ryan Beatty,2026,2026-10-01,,LIVE NATION MUSIC,0.0,164812.0,12100.0,0,1,3,17,0,0,US,Theater
Amyl and the Sniffers,2026,2026-10-01,,LIVE NATION MUSIC,3061334.92,650407.46,233682.02,4,3,19,43,1,3,US,Amphitheatre
Tobi Lou,2026,2026-10-01,,LIVE NATION MUSIC,0.0,0.0,11835.0,0,0,0,4,0,0,US,Club
Fastball,2026,2026-10-01,,LIVE NATION MUSIC,0.0,3430.0,0.0,0,0,1,11,0,1,US,Club
Wednesday 13,2026,2026-10-01,,HOUSE OF BLUES CONCERTS (HOB),29741.06,13249.64,15720.0,0,0,2,54,0,7,US,Club
The Midnight,2026,2026-10-01,,LIVE NATION MUSIC,623554.29,301290.25,609328.26,1,0,26,53,0,2,US,Club
AIR,2026,2026-10-01,,LIVE NATION MUSIC,1629035.89,5729457.01,0.0,4,2,26,15,1,1,US,Theater
Fightmaster,2026,2026-10-01,,LIVE NATION MUSIC,0.0,6984.0,0.0,0,0,0,2,0,0,US,Club
Six Foot Blonde,2026,2026-10-01,,LIVE NATION MUSIC,17507.0,10044.0,5448.0,0,0,0,3,0,4,US,Other
Forever,2026,2026-10-01,,HOUSE OF BLUES CONCERTS (HOB),70329.51,0.0,0.0,0,1,0,0,0,0,US,Arena
Beth Hart,2026,2026-10-01,,LIVE NATION MUSIC,1568516.61,600861.0700000001,493581.99,1,2,48,45,0,2,US,Arena
Aldous Harding,2026,2026-10-01,,LIVE NATION MUSIC,0.0,0.0,190643.78,0,0,8,23,0,4,US,Club
Ryan Beatty,2026,2026-10-01,,LIVE NATION MUSIC,0.0,164812.0,12100.0,0,1,3,17,0,0,US,Theater
The Midnight,2026,2026-10-01,,LIVE NATION MUSIC,623554.29,301290.25,609328.26,1,0,26,53,0,2,US,Club
Max McNown,2026,2026-10-01,,LIVE NATION MUSIC,2746371.42,0.0,0.0,3,1,20,51,0,2,US,Club
Amyl and the Sniffers,2026,2026-10-01,,LIVE NATION MUSIC,3061334.92,650407.46,233682.02,4,3,19,43,1,3,US,Amphitheatre
Fightmaster,2026,2026-10-01,,LIVE NATION MUSIC,0.0,6984.0,0.0,0,0,0,2,0,0,US,Club
Dan + Shay,2026,2026-10-01,,LIVE NATION CANADA (LN),0.0,23220519.09,2076160.61,32,54,33,41,1,8,International,Amphitheatre
Florence Road,2026,2026-10-01,,LIVE NATION CANADA (LN),29053.94,0.0,0.0,0,0,3,4,0,0,International,Club
Slayyyter,2026,2026-10-01,,LIVE NATION CANADA (LN),0.0,185129.1,100397.58,0,0,4,16,0,1,International,Theater
Ghostly Kisses,2026,2026-10-01,,LIVE NATION CANADA (LN),60189.22,98738.2,7680.66,0,0,5,10,0,2,International,Theater
gnash,2026,2026-10-01,,LIVE NATION CANADA (LN),0.0,0.0,0.0,0,0,0,21,0,0,International,Club
Willi Carlisle,2026,2026-10-01,,LIVE NATION CANADA (LN),20255.54,10779.63,14929.1,0,0,1,16,0,1,International,Theater
Martin &amp; Lewis Tribute Show,2026,2026-10-01,,LIVE NATION CANADA (LN),0.0,0.0,18221.18,0,0,1,0,0,1,International,Theater
Default,2026,2026-10-01,,LIVE NATION CANADA (LN),0.0,0.0,0.0,0,0,0,1,0,0,International,Theater
"God Forbid, Ninth Circle",2026,2026-10-01,,LIVE NATION CANADA (LN),0.0,0.0,0.0,0,0,0,1,0,0,International,Club
Sabaton,2026,2026-10-01,,LIVE NATION CANADA (LN),13311096.98,0.0,3200841.5700000003,0,31,18,33,0,0,International,Theater
Eagles,2026,2026-10-01,,LIVE NATION CANADA (LN),132995245.27,168150846.73,118468239.25,8,369,2,0,28,5,International,Arena
Mountain Grass Unit,2026,2026-10-01,,LIVE NATION CANADA (LN),30000.0,7592.0,684.0,1,0,1,7,0,1,International,Club
Dua Saleh,2026,2026-10-01,,LIVE NATION MUSIC,35764.17,0.0,0.0,0,0,0,8,0,0,International,Club
Scream,2026,2026-10-01,,MCD PRODUCTIONS,0.0,0.0,0.0,0,0,0,1,0,0,International,Theater
Costel,2026,2026-10-01,,MCD PRODUCTIONS,0.0,0.0,0.0,0,0,0,2,0,0,International,Club
Meredith Marks,2026,2026-10-01,,MCD PRODUCTIONS,0.0,0.0,0.0,0,0,0,1,0,0,International,Club
The Anniversary,2026,2026-10-01,,LIVE NATION MUSIC UK LTD,0.0,0.0,0.0,0,0,0,2,0,0,International,Club
Basement,2026,2026-10-01,,"LIVE NATION UK FOR ARTIST, TOUR, FESTIVAL AND PRESALE NEWS",265803.7,42000.0,0.0,0,0,5,27,0,4,International,Theater
Don Broco,2026,2026-10-01,,DF CONCERTS,1659048.86,88819.81,2368375.41,0,13,29,31,0,4,International,Club
Queen Of The Night - A Tribute to Whitney Houston,2026,2026-10-01,,MCD PRODUCTIONS,199428.29,563977.88,331183.06,0,9,20,1,0,0,International,Theater
Lilyisthatyou,2026,2026-10-01,,LIVE NATION MUSIC UK LTD,2952.21,0.0,0.0,0,0,1,0,0,0,International,Theater
Michael Ball,2026,2026-10-01,,LIVE NATION MUSIC UK LTD,0.0,100282.1,0.0,0,1,8,0,0,0,International,Theater
RK,2026,2026-10-01,,LIVE NATION MUSIC UK LTD,0.0,0.0,0.0,0,0,0,1,0,0,International,Club
Jill Scott,2026,2026-10-01,,LIVE NATION MUSIC UK LTD,0.0,0.0,5166723.7,8,4,67,7,0,2,International,Theater
10 Years,2026,2026-10-01,,LIVE NATION MUSIC UK LTD,35281.43,47010.25,6775.0,0,0,11,90,0,3,International,Club
Karan Aujla,2026,2026-10-01,,"LIVE NATION UK FOR ARTIST, TOUR, FESTIVAL AND PRESALE NEWS",3420048.2,5984529.85,132877.75,0,14,0,1,0,0,International,Arena
Shadow Of Intent,2026,2026-10-01,,LIVE NATION MUSIC UK LTD,0.0,0.0,17238.09,0,0,2,10,0,0,International,Club
Westlife,2026,2026-10-01,,LIVE NATION MUSIC UK LTD,0.0,4814001.32,298555.76,1,42,6,1,5,9,International,Arena
Tove Lo,2026,2026-10-01,,OCESA,0.0,0.0,1717136.32,0,0,12,42,0,1,International,Arena
Haken,2026,2026-10-01,,Live Nation Austria GmbH,0.0,193947.17,117496.14,0,0,6,19,0,3,International,Club
Father of Peace,2026,2026-10-01,,Live Nation Austria GmbH,0.0,0.0,0.0,0,0,0,1,0,0,International,Club
aurorawave,2026,2026-10-01,,Live Nation,5046.0,0.0,0.0,0,0,0,2,0,0,International,Club
Placebo,2026,2026-10-01,,Live Nation España Silver Tours SL,0.0,2551043.1,2841620.27,0,46,25,17,2,5,International,Arena
Placebo,2026,2026-10-01,,Live Nation España Silver Tours SL,0.0,2551043.1,2841620.27,0,46,25,17,2,5,International,Arena
Blood Red Shoes,2026,2026-10-01,,Live Nation España S.A.U.,0.0,22008.09,34371.54,0,0,2,51,0,5,International,Club
CA7RIEL &amp; Paco Amoroso,2026,2026-10-01,,Live Nation Venues Netherlands BV Afas Live,2985343.82,58049.66,0.0,2,6,8,6,0,1,International,Theater
AC/DC,2026,2026-10-02,,LIVE NATION MUSIC,137917532.67,69298697.14,0.0,0,24,0,0,69,7,US,Stadium
El Mundo,2026,2026-10-02,,LIVE NATION MUSIC,0.0,0.0,0.0,0,0,1,0,0,0,US,Stadium
The Gathering,2026,2026-10-02,,LIVE NATION MUSIC,0.0,0.0,0.0,0,0,2,0,0,0,US,Arena
Jonas Brothers,2026,2026-10-02,,LIVE NATION MUSIC,81959444.45,30144554.31,109403725.33,84,205,28,1,31,5,US,Arena
Chris Stapleton,2026,2026-10-02,,LIVE NATION MUSIC,53557875.51,78825261.73,15339749.0,167,156,22,24,20,4,US,Amphitheatre
Phish,2026,2026-10-02,,LIVE NATION MUSIC,58851317.48,51805142.03,60505793.5,160,101,10,0,26,5,US,Theater
Bryson Tiller,2026,2026-10-02,,LIVE NATION MUSIC,0.0,14396903.73,1952369.56,10,20,31,34,0,2,US,Arena
"""Laughs, Music, &amp; Vibes""",2026,2026-10-02,,LIVE NATION MUSIC,0.0,0.0,0.0,0,0,0,1,0,0,US,Club
ALL,2026,2026-10-02,,LIVE NATION MUSIC,0.0,0.0,0.0,0,0,0,2,0,0,US,Club
"The Black Crowes, Whiskey Myers",2026,2026-10-02,,LIVE NATION MUSIC,0.0,0.0,0.0,1,1,0,0,0,0,US,Amphitheatre
"""California Mid-State Fair"", Treaty Oak Revival",2026,2026-10-02,,LIVE NATION MUSIC,0.0,0.0,0.0,0,1,0,0,0,0,US,Amphitheatre
Dan + Shay,2026,2026-10-02,,LIVE NATION MUSIC,0.0,23220519.09,2076160.61,32,54,33,41,1,8,US,Amphitheatre
Skillet,2026,2026-10-02,,LIVE NATION MUSIC,2557214.15,260542.96,1377748.06,6,30,44,67,1,14,US,Club
Taste,2026,2026-10-02,,LIVE NATION MUSIC,0.0,0.0,0.0,0,0,1,1,0,0,US,Club
Indigo Girls,2026,2026-10-02,,LIVE NATION MUSIC,327018.75,953813.05,1415498.26,20,0,194,53,0,8,US,Theater
Sugarland,2026,2026-10-02,,LIVE NATION MUSIC,0.0,0.0,0.0,71,60,8,1,4,4,US,Arena
Modest Mouse,2026,2026-10-02,,LIVE NATION MUSIC,897255.2,1391230.25,494004.69,36,5,80,66,2,9,US,Theater
Pennywise,2026,2026-10-02,,LIVE NATION MUSIC,1198459.09,17555.0,0.0,0,1,24,35,0,4,US,Club
Julia Wolf,2026,2026-10-02,,LIVE NATION MUSIC,22865.0,3291.0,51475.0,0,0,1,15,0,0,US,Club
"Salt-N-Pepa, Ginuwine",2026,2026-10-02,,LIVE NATION MUSIC,0.0,0.0,0.0,0,0,1,0,0,0,US,Amphitheatre
The Midnight,2026,2026-10-02,,LIVE NATION MUSIC,623554.29,301290.25,609328.26,1,0,26,53,0,2,US,Club
Eduardo Costa,2026,2026-10-02,,LIVE NATION MUSIC,0.0,0.0,0.0,0,0,5,0,0,0,US,Theater
"The Black Crowes, Whiskey Myers",2026,2026-10-02,,LIVE NATION MUSIC,0.0,0.0,0.0,1,1,0,0,0,0,US,Amphitheatre
Blackberry Smoke,2026,2026-10-02,,LIVE NATION MUSIC,970444.05,1380924.41,1282993.23,15,2,103,114,2,26,US,Club
Turnpike Troubadours,2026,2026-10-02,,LIVE NATION MUSIC,2346574.06,4318554.92,3521142.51,29,12,42,108,4,12,US,Club
When Chai Met Toast,2026,2026-10-02,,LIVE NATION MUSIC,0.0,10302.66,3274.36,0,0,0,2,0,0,US,Club
Sawyer Hill,2026,2026-10-02,,LIVE NATION MUSIC,37539.14,18871.47,0.0,0,0,1,10,0,0,US,Club
Michael Franti &amp; Spearhead,2026,2026-10-02,,LIVE NATION MUSIC,877302.5,6993576.6,4151183.84,114,3,86,115,2,32,US,Theater
Heroine,2026,2026-10-02,,LIVE NATION MUSIC,0.0,0.0,0.0,0,0,0,1,0,0,US,Club
Knocked Loose,2026,2026-10-02,,LIVE NATION MUSIC,511899.01,1019550.49,0.0,0,0,14,49,0,1,US,Club
Lenny Kravitz,2026,2026-10-02,,HOUSE OF BLUES CONCERTS (HOB),33715998.78,13863645.63,0.0,7,64,30,5,3,7,US,Arena
Charley Crockett,2026,2026-10-02,,LIVE NATION MUSIC,1031812.06,2029270.24,414419.87,9,1,26,50,0,1,US,Club
Knocked Loose,2026,2026-10-02,,LIVE NATION MUSIC,511899.01,1019550.49,0.0,0,0,14,49,0,1,US,Club
Ceremony,2026,2026-10-02,,LIVE NATION MUSIC,0.0,0.0,0.0,0,0,2,25,0,1,US,Club
Sessions,2026,2026-10-02,,LIVE NATION MUSIC,0.0,0.0,0.0,0,1,0,0,0,0,US,Theater
Noah Rinker,2026,2026-10-02,,LIVE NATION MUSIC,0.0,0.0,0.0,0,0,0,1,0,0,US,Club
Naomi Sharon,2026,2026-10-02,,LIVE NATION MUSIC,15000.0,4935.89,0.0,0,0,0,2,0,0,US,Theater
"Kip Moore, Jackson Dean",2026,2026-10-02,,LIVE NATION MUSIC,0.0,0.0,0.0,0,0,1,0,0,0,US,Theater
"Priest, Julien-K",2026,2026-10-02,,LIVE NATION MUSIC,0.0,3600.0,0.0,0,0,0,1,0,0,US,Club
Finn Wolfhard,2026,2026-10-02,,LIVE NATION MUSIC,55692.15,0.0,0.0,0,0,2,4,0,0,US,Club
Andy Frasco,2026,2026-10-02,,LIVE NATION MUSIC,0.0,9459.0,8305.0,0,0,0,6,0,0,US,Amphitheatre
Bayside,2026,2026-10-02,,HOUSE OF BLUES CONCERTS (HOB),9303.74,29085.0,63366.19,0,0,1,37,0,2,US,Club
Charles Wesley Godwin,2026,2026-10-02,,LIVE NATION MUSIC,758444.48,1054854.04,609346.0,1,2,10,22,0,2,US,Club
"Halloween, Alaska",2026,2026-10-02,,LIVE NATION MUSIC,0.0,0.0,0.0,0,0,0,5,0,0,US,Club
Charles Wesley Godwin,2026,2026-10-02,,LIVE NATION MUSIC,758444.48,1054854.04,609346.0,1,2,10,22,0,2,US,Club
Geese,2026,2026-10-02,,LIVE NATION MUSIC,156640.0,29014.0,20820.18,0,0,1,30,0,2,US,Stadium
Machine,2026,2026-10-02,,LIVE NATION MUSIC,0.0,0.0,0.0,1,0,0,0,0,0,US,Amphitheatre
Geese,2026,2026-10-02,,LIVE NATION MUSIC,156640.0,29014.0,20820.18,0,0,1,30,0,2,US,Stadium
Thrown,2026,2026-10-02,,LIVE NATION MUSIC,486533.87,19505.85,0.0,0,0,6,34,0,0,US,Theater
Harry Styles,2026,2026-10-02,,LIVE NATION MUSIC,0.0,0.0,252490036.3,1,117,15,2,33,5,US,Arena
Bruno Mars,2026,2026-10-02,,LIVE NATION MUSIC,42422958.0,280515343.74,87980695.9,12,221,88,9,45,8,US,Stadium
The Smashing Pumpkins,2026,2026-10-02,,LIVE NATION MUSIC,1932119.81,4451112.17,12656219.06,29,91,42,26,1,5,US,Arena
Thomas Rhett,2026,2026-10-02,,LIVE NATION MUSIC,2922641.5,68902.93,20832639.72,28,108,4,13,3,2,US,Arena
Tyler Childers,2026,2026-10-02,,LIVE NATION MUSIC,43390286.93,45935861.16,19428021.46,51,33,32,49,8,3,US,Arena
wave to earth,2026,2026-10-02,,LIVE NATION MUSIC,1624927.5,590021.89,112350.0,0,0,8,12,0,0,US,Club
Anton &amp; Erin,2026,2026-10-02,,LIVE NATION MUSIC,0.0,0.0,0.0,0,0,1,0,0,0,US,Amphitheatre
Phish,2026,2026-10-02,,LIVE NATION MUSIC,58851317.48,51805142.03,60505793.5,160,101,10,0,26,5,US,Theater
"Santana, Doobie Brothers",2026,2026-10-02,,LIVE NATION MUSIC,0.0,0.0,0.0,0,4,0,0,0,0,US,Arena
Social Distortion,2026,2026-10-02,,LIVE NATION MUSIC,510974.93,348028.3,0.0,9,4,50,111,1,4,US,Theater
Hayley Williams,2026,2026-10-02,,LIVE NATION MUSIC,0.0,0.0,0.0,0,0,7,3,2,0,US,Amphitheatre
Neon Moon,2026,2026-10-02,,LIVE NATION MUSIC,24927.0,0.0,0.0,0,0,1,1,0,0,US,Amphitheatre
Irma Thomas,2026,2026-10-02,,LIVE NATION MUSIC,0.0,0.0,0.0,0,0,3,3,0,0,US,Amphitheatre
Riley Green,2026,2026-10-02,,LIVE NATION MUSIC,18818712.84,11336207.41,4129193.53,54,56,40,30,2,11,US,Theater
jigitz,2026,2026-10-02,,LIVE NATION MUSIC,23270.06,0.0,0.0,0,0,1,5,0,0,US,Club
Young Thug,2026,2026-10-02,,LIVE NATION MUSIC,874047.0,0.0,0.0,1,5,10,18,0,0,US,Theater
Beabadoobee,2026,2026-10-02,,LIVE NATION MUSIC,801797.5,2506361.44,323192.05,1,2,23,27,0,1,US,Arena
Elefante,2026,2026-10-02,,LIVE NATION MUSIC,354308.88,548587.73,0.0,0,2,5,4,0,0,US,Theater
Scotty McCreery,2026,2026-10-02,,LIVE NATION MUSIC,190666.0,382318.19,1415836.53,4,7,75,12,1,13,US,Theater
Jack White,2026,2026-10-02,,LIVE NATION MUSIC,9888079.67,1029333.01,0.0,8,36,58,33,2,4,US,Theater
Vida,2026,2026-10-02,,LIVE NATION MUSIC,0.0,9870.11,0.0,0,0,0,8,0,2,US,Arena
Julieta Venegas,2026,2026-10-02,,LIVE NATION MUSIC,361709.8,1062864.7,834939.24,2,3,34,14,1,2,US,Theater
Breaking Benjamin,2026,2026-10-02,,LIVE NATION MUSIC,14595872.13,3293577.11,1340194.0,52,42,34,40,2,3,US,Arena
The Growlers,2026,2026-10-02,,LIVE NATION MUSIC,0.0,0.0,0.0,2,0,7,96,0,1,US,Club
The Home Team,2026,2026-10-02,,LIVE NATION MUSIC,0.0,42610.17,3045.0,0,0,1,11,0,2,US,Club
Little Big Town,2026,2026-10-02,,LIVE NATION MUSIC,2309214.5,13004819.31,2846985.5,23,68,94,16,1,12,US,Theater
Little Big Town,2026,2026-10-02,,LIVE NATION MUSIC,2309214.5,13004819.31,2846985.5,23,68,94,16,1,12,US,Theater
Breaking Benjamin,2026,2026-10-02,,LIVE NATION MUSIC,14595872.13,3293577.11,1340194.0,52,42,34,40,2,3,US,Arena
Cameron Whitcomb,2026,2026-10-02,,LIVE NATION MUSIC,169356.41999999998,20541.0,0.0,0,0,5,16,0,0,US,Theater
Sammy Rae &amp; The Friends,2026,2026-10-02,,LIVE NATION MUSIC,365473.19,765933.13,407010.69,0,0,11,33,0,1,US,Club
Grupo Duelo,2026,2026-10-02,,LIVE NATION MUSIC,0.0,49134.0,0.0,0,3,1,0,0,0,US,Arena
Danny Elfman,2026,2026-10-02,,LIVE NATION MUSIC,429248.25,0.0,0.0,1,0,0,1,0,0,US,Amphitheatre
Parcels,2026,2026-10-02,,LIVE NATION MUSIC,5598989.62,585030.1,0.0,5,6,11,16,0,4,US,Club
Rodrigo y Gabriela,2026,2026-10-02,,HOUSE OF BLUES CONCERTS (HOB),68954.74,537959.35,1458366.69,33,3,134,58,0,10,US,Theater
Stranger,2026,2026-10-02,,LIVE NATION MUSIC,0.0,0.0,0.0,1,0,0,0,0,0,US,Arena
America,2026,2026-10-02,,LIVE NATION MUSIC,4786730.81,4477164.55,1750231.2,5,8,180,41,0,14,US,Theater
"""Craft Beer, Spirits &amp; Food Festival""",2026,2026-10-02,,LIVE NATION MUSIC,0.0,0.0,0.0,1,0,0,0,0,0,US,Theater
David Rawlings,2026,2026-10-02,,LIVE NATION MUSIC,0.0,0.0,0.0,0,0,9,6,0,0,US,Theater
Black Violin,2026,2026-10-02,,LIVE NATION MUSIC,452081.75,2400568.16,615196.5,4,0,177,21,0,10,US,Theater
Chief Keef,2026,2026-10-02,,LIVE NATION MUSIC,0.0,366115.0,0.0,0,1,6,19,0,0,US,Theater
Sara Bareilles,2026,2026-10-02,,LIVE NATION MUSIC,0.0,0.0,0.0,12,6,27,45,0,1,US,Theater
Bleachers,2026,2026-10-02,,LIVE NATION MUSIC,0.0,4208643.78,0.0,6,4,15,43,0,7,US,Amphitheatre
Volumes,2026,2026-10-02,,LIVE NATION MUSIC,0.0,0.0,0.0,0,0,0,2,0,0,US,Theater
Judah &amp; The Lion,2026,2026-10-02,,LIVE NATION MUSIC,74475.0,108536.7,156098.0,1,0,33,100,0,3,US,Club
PRESIDENT,2026,2026-10-02,,LIVE NATION MUSIC,0.0,0.0,0.0,0,0,1,2,0,0,US,Theater
BUNT.,2026,2026-10-02,,LIVE NATION MUSIC,2542475.01,117613.25,11416.2,0,6,10,15,0,3,US,Club
Umphrey's McGee,2026,2026-10-02,,LIVE NATION MUSIC,746394.49,1297313.98,1020023.5,32,0,102,171,1,6,US,Club
Toadies,2026,2026-10-02,,LIVE NATION MUSIC,25040.0,0.0,0.0,2,0,9,53,0,1,US,Club
Palace,2026,2026-10-02,,HOUSE OF BLUES CONCERTS (HOB),216325.96,176855.55,138298.91,0,0,7,19,0,1,US,Club
Black Jacket Symphony,2026,2026-10-02,,EMPORIUM PRESENTS,766104.4,782504.15,627644.4,0,0,136,38,0,1,US,Arena
Foster The People,2026,2026-10-02,,LIVE NATION MUSIC,1851580.29,0.0,0.0,17,7,38,56,2,7,US,Amphitheatre
Umphrey's McGee,2026,2026-10-02,,LIVE NATION MUSIC,746394.49,1297313.98,1020023.5,32,0,102,171,1,6,US,Club
Adéla,2026,2026-10-02,,LIVE NATION MUSIC,0.0,0.0,0.0,0,0,0,1,0,0,US,Club
Rewind,2026,2026-10-02,,LIVE NATION MUSIC,311400.95,0.0,0.0,0,2,0,0,0,0,US,Theater
Tou,2026,2026-10-02,,LIVE NATION MUSIC,0.0,348354.82999999996,0.0,0,0,0,1,0,1,US,Theater
Candlebox,2026,2026-10-02,,LIVE NATION MUSIC,0.0,15636.21,95486.8,1,0,20,59,0,5,US,Club
Lalah Hathaway,2026,2026-10-02,,FRANK PRODUCTIONS,301042.5,904394.32,463159.0,2,0,16,55,0,1,US,Theater
Olivia Rodrigo,2026,2026-10-02,,HOUSE OF BLUES CONCERTS (HOB),23420107.2,169307085.8,0.0,0,68,10,2,5,1,US,Arena
"José María Napoleón, Mocedades",2026,2026-10-02,,LIVE NATION MUSIC,0.0,0.0,0.0,0,2,2,0,0,0,US,Arena
Tou,2026,2026-10-02,,LIVE NATION MUSIC,0.0,348354.82999999996,0.0,0,0,0,1,0,1,US,Theater
gnash,2026,2026-10-02,,LIVE NATION MUSIC,0.0,0.0,0.0,0,0,0,21,0,0,US,Club
10 Years,2026,2026-10-02,,LIVE NATION MUSIC,35281.43,47010.25,6775.0,0,0,11,90,0,3,US,Club
Clint Black,2026,2026-10-02,,LIVE NATION MUSIC,1793575.7,2126718.27,930958.82,11,15,179,14,0,30,US,Theater
Club 90,2026,2026-10-02,,LIVE NATION MUSIC,0.0,0.0,15799.63,0,0,0,3,0,0,US,Club
Rav,2026,2026-10-02,,HOUSE OF BLUES CONCERTS (HOB),0.0,0.0,7775.0,0,0,0,4,0,0,US,Club
Arty,2026,2026-10-02,,LIVE NATION MUSIC,0.0,4500.0,14060.0,0,0,1,13,0,0,US,Club
Wiz Khalifa,2026,2026-10-02,,LIVE NATION MUSIC,2160718.62,304832.39,1352642.0,38,60,53,93,2,18,US,Club
Hunter Hayes,2026,2026-10-02,,LIVE NATION MUSIC,28128.0,47984.0,213456.81,10,32,21,33,2,5,US,Theater
NOTD,2026,2026-10-02,,LIVE NATION MUSIC,35985.0,23830.0,99679.6,0,0,0,9,0,1,US,Club
Willie Colon,2026,2026-10-02,,LIVE NATION MUSIC,373852.0,0.0,1184983.38,0,4,6,0,0,0,US,Theater
Holding Absence,2026,2026-10-02,,LIVE NATION MUSIC,0.0,17703.010000000002,27253.3,0,0,3,8,0,0,US,Theater
"Filter, Finger Eleven",2026,2026-10-02,,LIVE NATION MUSIC,0.0,0.0,0.0,0,1,0,0,0,0,US,Arena
Black Label Society,2026,2026-10-02,,LIVE NATION MUSIC,0.0,0.0,0.0,0,4,34,65,0,2,US,Amphitheatre
Uncle Acid &amp; The Deadbeats,2026,2026-10-02,,LIVE NATION MUSIC,106998.01,0.0,23894.47,0,1,3,41,0,4,US,Theater
Lambrini Girls,2026,2026-10-02,,LIVE NATION MUSIC,332922.02,30009.12,0.0,0,0,6,36,0,0,US,Theater
Disgrace,2026,2026-10-02,,FRANK PRODUCTIONS,0.0,0.0,0.0,0,0,0,1,0,0,US,Theater
KYLE,2026,2026-10-02,,LIVE NATION MUSIC,0.0,6520.0,0.0,0,0,4,22,0,0,US,Club
Mac McAnally,2026,2026-10-02,,LIVE NATION MUSIC,467631.5,2220994.96,126008.0,2,0,38,58,0,7,US,Club
Tai,2026,2026-10-02,,LIVE NATION MUSIC,0.0,0.0,0.0,0,0,1,0,0,0,US,Theater
Death &amp; Music,2026,2026-10-02,,LIVE NATION MUSIC,0.0,0.0,18360.0,0,0,1,0,0,0,US,Theater
All Shall Perish,2026,2026-10-02,,LIVE NATION MUSIC,9285.0,0.0,0.0,0,0,0,7,0,0,US,Club
Mac McAnally,2026,2026-10-02,,LIVE NATION MUSIC,467631.5,2220994.96,126008.0,2,0,38,58,0,7,US,Club
"Tres Clásicos del Rock - Tributo a The Doors, The Beatles &amp; Toncho Pilatos",2026,2026-10-02,,LIVE NATION MUSIC,0.0,0.0,13766.52,0,0,1,0,0,0,US,Theater
R&amp;B Vibes Live,2026,2026-10-02,,LIVE NATION MUSIC,0.0,0.0,0.0,0,0,0,2,0,0,US,Club
"""Past, Present, Future: A Dance Gala""",2026,2026-10-02,,LIVE NATION MUSIC,0.0,0.0,0.0,0,0,1,0,0,0,US,Theater
Fake It,2026,2026-10-02,,HOUSE OF BLUES CONCERTS (HOB),0.0,0.0,630.0,0,0,0,1,0,0,US,Club
Night Tapes,2026,2026-10-02,,LIVE NATION MUSIC,63449.03,0.0,0.0,0,0,1,3,0,0,US,Club
Jay,2026,2026-10-02,,LIVE NATION MUSIC,0.0,0.0,0.0,0,0,1,0,0,0,US,Theater
Sun,2026,2026-10-02,,LIVE NATION MUSIC,2319.81,0.0,0.0,0,0,0,2,0,0,US,Club
Spencer Crandall,2026,2026-10-02,,FRANK PRODUCTIONS,19369.0,0.0,11621.0,0,0,0,10,0,0,US,Club
"Hobo Johnson, The Lovemakers",2026,2026-10-02,,FRANK PRODUCTIONS,0.0,0.0,88164.36,0,0,2,1,0,0,US,Theater
"Tres Clásicos del Rock - Tributo a The Doors, The Beatles &amp; Toncho Pilatos",2026,2026-10-02,,LIVE NATION MUSIC,0.0,0.0,13766.52,0,0,1,0,0,0,US,Arena
Of Monsters And Men,2026,2026-10-02,,LIVE NATION MUSIC,673008.22,0.0,0.0,11,5,49,50,1,6,US,Theater
Highly Suspect,2026,2026-10-02,,LIVE NATION MUSIC,299367.0,448712.01,1656360.34,2,4,30,160,1,5,US,Club
"nothing,nowhere.",2026,2026-10-02,,LIVE NATION MUSIC,14119.95,0.0,0.0,0,0,3,18,0,0,US,Theater
Highly Suspect,2026,2026-10-02,,LIVE NATION MUSIC,299367.0,448712.01,1656360.34,2,4,30,160,1,5,US,Club
Marlon Magnée,2026,2026-10-02,,LIVE NATION MUSIC,0.0,0.0,0.0,0,0,0,1,0,0,US,Club
Al &amp; Rob Of Moe,2026,2026-10-02,,LIVE NATION MUSIC,0.0,0.0,0.0,0,0,0,2,0,0,US,Club
Xperience,2026,2026-10-02,,LIVE NATION MUSIC,0.0,0.0,0.0,0,0,0,2,0,0,US,Theater
Knoll,2026,2026-10-02,,LIVE NATION MUSIC,0.0,2055.0,801.0,0,0,0,2,0,0,US,Club
"A, Monkey Kong",2026,2026-10-02,,LIVE NATION MUSIC,0.0,0.0,0.0,0,0,0,1,0,0,US,Club
Sylvan Esso,2026,2026-10-02,,LIVE NATION MUSIC,0.0,0.0,2925511.35,17,0,29,64,0,8,US,Club
Sylvan Esso,2026,2026-10-02,,LIVE NATION MUSIC,0.0,0.0,2925511.35,17,0,29,64,0,8,US,Club
"The Morning Kings, New Primitives, The Only, Sunshine &amp; The Night Walkers",2026,2026-10-02,,LIVE NATION MUSIC,0.0,0.0,1583.0,0,0,0,1,0,0,US,Theater
Klopp,2026,2026-10-02,,LIVE NATION MUSIC,0.0,0.0,0.0,0,0,0,3,0,0,US,Club
Arty,2026,2026-10-02,,LIVE NATION MUSIC,0.0,4500.0,14060.0,0,0,1,13,0,0,US,Club
Jeff Bernat,2026,2026-10-02,,LIVE NATION MUSIC,0.0,55938.73,0.0,0,0,2,14,0,0,US,Club
Jeff Bernat,2026,2026-10-02,,LIVE NATION MUSIC,0.0,55938.73,0.0,0,0,2,14,0,0,US,Club
Arty,2026,2026-10-02,,LIVE NATION MUSIC,0.0,4500.0,14060.0,0,0,1,13,0,0,US,Club
Lights,2026,2026-10-02,,LIVE NATION MUSIC,207619.46,0.0,42841.39,0,1,19,68,1,3,US,Club
EsDeeKid,2026,2026-10-02,,LIVE NATION MUSIC,0.0,0.0,0.0,0,0,0,1,0,0,US,Theater
Two Door Cinema Club,2026,2026-10-02,,LIVE NATION CANADA (LN),0.0,2811716.67,777788.89,4,7,43,87,3,5,International,Club
Bring Me The Horizon,2026,2026-10-02,,LIVE NATION CANADA (LN),4461794.29,18325898.56,4881944.25,4,74,41,69,2,3,International,Arena
Project,2026,2026-10-02,,LIVE NATION CANADA (LN),0.0,0.0,2350.0,0,0,0,1,0,0,International,Club
America,2026,2026-10-02,,LIVE NATION CANADA (LN),4786730.81,4477164.55,1750231.2,5,8,180,41,0,14,International,Theater
Graham Barham,2026,2026-10-02,,LIVE NATION CANADA (LN),11302.23,0.0,0.0,0,0,1,1,0,0,International,Club
The Neighbourhood,2026,2026-10-02,,LIVE NATION CANADA (LN),0.0,0.0,0.0,1,16,29,68,1,0,International,Arena
Failure,2026,2026-10-02,,LIVE NATION CANADA (LN),0.0,0.0,0.0,0,0,3,26,0,0,International,Theater
Meltt,2026,2026-10-02,,LIVE NATION CANADA (LN),3980.0,0.0,0.0,0,0,0,3,0,0,International,Club
"God Forbid, Ninth Circle",2026,2026-10-02,,LIVE NATION CANADA (LN),0.0,0.0,0.0,0,0,0,1,0,0,International,Club
Sabaton,2026,2026-10-02,,LIVE NATION CANADA (LN),13311096.98,0.0,3200841.5700000003,0,31,18,33,0,0,International,Theater
Starjunk 95,2026,2026-10-02,,LIVE NATION CANADA (LN),11000.0,0.0,0.0,0,0,0,4,0,0,International,Club
Arty,2026,2026-10-02,,LIVE NATION CANADA (LN),0.0,4500.0,14060.0,0,0,1,13,0,0,International,Theater
oskar med k,2026,2026-10-02,,LIVE NATION CANADA (LN),12958.9,0.0,0.0,0,0,0,3,0,0,International,Theater
Kybba,2026,2026-10-02,,LIVE NATION CANADA (LN),132905.0,0.0,0.0,0,0,0,2,0,0,International,Club
Queen Of The Night - A Tribute to Whitney Houston,2026,2026-10-02,,MCD PRODUCTIONS,199428.29,563977.88,331183.06,0,9,20,1,0,0,International,Theater
The Blow,2026,2026-10-02,,MCD PRODUCTIONS,0.0,0.0,0.0,0,0,0,11,0,0,International,Club
Heron,2026,2026-10-02,,MCD PRODUCTIONS,0.0,0.0,0.0,0,0,1,0,0,0,International,Theater
Forever,2026,2026-10-02,,LIVE NATION MUSIC UK LTD,70329.51,0.0,0.0,0,1,0,0,0,0,International,Arena
Simple Plan,2026,2026-10-02,,LIVE NATION MUSIC UK LTD,1578010.89,11751607.05,757328.91,1,36,51,50,5,15,International,Theater
Arkells,2026,2026-10-02,,"LIVE NATION UK FOR ARTIST, TOUR, FESTIVAL AND PRESALE NEWS",512843.52,911391.9,30606.5,0,22,9,64,0,6,International,Club
Remi,2026,2026-10-02,,LIVE NATION MUSIC UK LTD,0.0,0.0,0.0,0,0,0,9,0,0,International,Arena
Lilyisthatyou,2026,2026-10-02,,LIVE NATION MUSIC UK LTD,2952.21,0.0,0.0,0,0,1,0,0,0,International,Theater
Michael Ball,2026,2026-10-02,,LIVE NATION MUSIC UK LTD,0.0,100282.1,0.0,0,1,8,0,0,0,International,Theater
10 Years,2026,2026-10-02,,LIVE NATION MUSIC UK LTD,35281.43,47010.25,6775.0,0,0,11,90,0,3,International,Club
The Hu,2026,2026-10-02,,LIVE NATION MUSIC UK LTD,210949.49,495401.84,297489.07,0,1,15,35,0,3,International,Club
Lucy Bedroque,2026,2026-10-02,,"LIVE NATION UK FOR ARTIST, TOUR, FESTIVAL AND PRESALE NEWS",0.0,0.0,0.0,0,0,1,2,0,0,International,Club
Meredith Marks,2026,2026-10-02,,"LIVE NATION UK FOR ARTIST, TOUR, FESTIVAL AND PRESALE NEWS",0.0,0.0,0.0,0,0,0,1,0,0,International,Club
Iron Maiden,2026,2026-10-02,,OCESA,101820128.39,66715059.9,43129700.35,63,249,3,2,90,7,International,Stadium
Backstreet Boys,2026,2026-10-02,,Live Nation GmbH,65138687.18,0.0,42749575.69,70,246,48,2,11,10,International,Arena
Backstreet Boys,2026,2026-10-02,,Live Nation GmbH,65138687.18,0.0,42749575.69,70,246,48,2,11,10,International,Arena
Bryan Adams,2026,2026-10-02,,Live Nation GmbH,36301093.83,29271692.68,25946523.41,50,463,227,9,38,69,International,Arena
Shakira,2026,2026-10-02,,LIVE NATION ESPAÑA MUSIC LAND SL,347582819.87,6004725.2,0.0,2,66,2,0,48,1,International,Arena
Blood Red Shoes,2026,2026-10-02,,Live Nation España S.A.U.,0.0,22008.09,34371.54,0,0,2,51,0,5,International,Club
"SIX60, Synthony",2026,2026-10-02,,Live Nation Venues Netherlands BV Afas Live,0.0,0.0,0.0,0,0,0,0,1,0,International,Stadium
"SIX60, Synthony",2026,2026-10-02,,Live Nation Venues Netherlands BV Afas Live,0.0,0.0,0.0,0,0,0,0,1,0,International,Stadium
Duran Duran,2026,2026-10-02,,Live Nation Norway AS,11482761.03,6120770.89,37103168.55,26,79,30,6,8,4,International,Arena
RAC,2026,2026-10-02,,Live Nation sp. z o.o.,0.0,0.0,0.0,0,0,5,32,0,0,International,Club
Jack Savoretti,2026,2026-10-02,,Live Nation sp. z o.o.,603229.64,706366.89,751075.38,3,2,28,6,1,6,International,Theater
"Charlotte Brandi, Ment",2026,2026-10-02,,Live Nation sp. z o.o.,0.0,0.0,0.0,0,0,0,1,0,0,International,Arena
Olivia Rodrigo,2026,2026-10-03,,LIVE NATION MUSIC,23420107.2,169307085.8,0.0,0,68,10,2,5,1,US,Arena
The Gathering,2026,2026-10-03,,LIVE NATION MUSIC,0.0,0.0,0.0,0,0,2,0,0,0,US,Arena
El Mundo,2026,2026-10-03,,LIVE NATION MUSIC,0.0,0.0,0.0,0,0,1,0,0,0,US,Stadium
ZZ Top,2026,2026-10-03,,LIVE NATION MUSIC,19533792.29,8840466.74,1880764.0,129,99,253,35,8,60,US,Amphitheatre
Phish,2026,2026-10-03,,LIVE NATION MUSIC,58851317.48,51805142.03,60505793.5,160,101,10,0,26,5,US,Theater
ALL,2026,2026-10-03,,LIVE NATION MUSIC,0.0,0.0,0.0,0,0,0,2,0,0,US,Club
"""California Mid-State Fair"", Treaty Oak Revival",2026,2026-10-03,,LIVE NATION MUSIC,0.0,0.0,0.0,0,1,0,0,0,0,US,Amphitheatre
Dan + Shay,2026,2026-10-03,,LIVE NATION MUSIC,0.0,23220519.09,2076160.61,32,54,33,41,1,8,US,Amphitheatre
Five Finger Death Punch,2026,2026-10-03,,LIVE NATION MUSIC,485138.13,5167906.39,0.0,12,74,25,39,1,4,US,Amphitheatre
Indigo Girls,2026,2026-10-03,,FRANK PRODUCTIONS,327018.75,953813.05,1415498.26,20,0,194,53,0,8,US,Arena
Ziggy Marley,2026,2026-10-03,,LIVE NATION MUSIC,678098.52,681037.0,171281.63,33,0,44,33,1,4,US,Amphitheatre
Frank Carter &amp; The Rattlesnakes,2026,2026-10-03,,LIVE NATION MUSIC,0.0,641787.98,0.0,0,2,20,36,0,9,US,Club
Djodje,2026,2026-10-03,,LIVE NATION MUSIC,0.0,139280.0,0.0,0,0,0,1,0,0,US,Club
Rise Against,2026,2026-10-03,,LIVE NATION MUSIC,4277860.61,678554.91,194297.26,27,65,68,73,4,10,US,Amphitheatre
John Summit,2026,2026-10-03,,LIVE NATION MUSIC,1618895.52,6378033.54,2121909.0,1,6,4,6,1,1,US,Amphitheatre
Julia Wolf,2026,2026-10-03,,LIVE NATION MUSIC,22865.0,3291.0,51475.0,0,0,1,15,0,0,US,Club
"The Black Crowes, Whiskey Myers",2026,2026-10-03,,LIVE NATION MUSIC,0.0,0.0,0.0,1,1,0,0,0,0,US,Amphitheatre
Joe Russo's Almost Dead,2026,2026-10-03,,LIVE NATION MUSIC,1651114.5,2203750.85,1368415.39,10,1,33,49,6,3,US,Club
G-Eazy,2026,2026-10-03,,LIVE NATION MUSIC,453863.88,166997.78,53337.0,33,23,54,102,1,4,US,Amphitheatre
"Love, Fraser",2026,2026-10-03,,LIVE NATION MUSIC,0.0,0.0,0.0,0,0,0,1,0,0,US,Club
Turnpike Troubadours,2026,2026-10-03,,LIVE NATION MUSIC,2346574.06,4318554.92,3521142.51,29,12,42,108,4,12,US,Amphitheatre
"Tres Clásicos del Rock - Tributo a The Doors, The Beatles &amp; Toncho Pilatos",2026,2026-10-03,,FRANK PRODUCTIONS,0.0,0.0,13766.52,0,0,1,0,0,0,US,Theater
Caamp,2026,2026-10-03,,LIVE NATION MUSIC,10988587.48,0.0,3606190.96,34,1,31,53,2,10,US,Theater
Alicia Villarreal,2026,2026-10-03,,LIVE NATION MUSIC,826817.98,1374508.36,306780.57999999996,1,4,29,4,0,0,US,Theater
Tucker Wetmore,2026,2026-10-03,,LIVE NATION MUSIC,158699.3,242510.0,0.0,1,1,5,10,0,1,US,Theater
Artemas,2026,2026-10-03,,HOUSE OF BLUES CONCERTS (HOB),30822.0,725837.64,0.0,0,0,10,22,0,1,US,Club
Rome,2026,2026-10-03,,LIVE NATION MUSIC,9987.5,0.0,0.0,0,0,1,0,0,1,US,Theater
Pennywise,2026,2026-10-03,,LIVE NATION MUSIC,1198459.09,17555.0,0.0,0,1,24,35,0,4,US,Club
Public,2026,2026-10-03,,LIVE NATION MUSIC,0.0,0.0,0.0,0,0,0,4,0,0,US,Club
SiM,2026,2026-10-03,,LIVE NATION MUSIC,0.0,78357.29000000001,0.0,0,0,0,4,0,0,US,Club
Van Halen,2026,2026-10-03,,HOUSE OF BLUES CONCERTS (HOB),0.0,0.0,0.0,5,27,0,0,0,1,US,Arena
INOHA,2026,2026-10-03,,LIVE NATION MUSIC,10338.12,0.0,0.0,0,0,0,2,0,0,US,Theater
Lyfe Jennings,2026,2026-10-03,,LIVE NATION MUSIC,199575.55,470747.78,225833.0,1,0,10,53,0,0,US,Club
Neve,2026,2026-10-03,,LIVE NATION MUSIC,930.81,0.0,0.0,0,0,0,1,0,0,US,Club
Mariachi El Bronx,2026,2026-10-03,,LIVE NATION MUSIC,0.0,9710.0,0.0,0,0,1,15,0,0,US,Club
Stayin' Alive: One Night of the Bee Gees,2026,2026-10-03,,EMPORIUM PRESENTS,426408.41,252820.95,192930.21,0,0,21,6,0,0,US,Theater
CMAT,2026,2026-10-03,,LIVE NATION MUSIC,1103341.7,460332.0,267086.47000000003,0,3,8,18,3,0,US,Club
"""Laughs, Music, &amp; Vibes""",2026,2026-10-03,,LIVE NATION MUSIC,0.0,0.0,0.0,0,0,0,1,0,0,US,Club
Arty,2026,2026-10-03,,LIVE NATION MUSIC,0.0,4500.0,14060.0,0,0,1,13,0,0,US,Amphitheatre
Ziggy Marley,2026,2026-10-03,,LIVE NATION MUSIC,678098.52,681037.0,171281.63,33,0,44,33,1,4,US,Amphitheatre
Victony,2026,2026-10-03,,LIVE NATION MUSIC,87826.42,11250.0,0.0,0,0,1,2,0,0,US,Club
Metallica,2026,2026-10-03,,LIVE NATION MUSIC,137107458.47,179373637.38,146435306.85,0,95,4,4,135,10,US,Stadium
Harry Styles,2026,2026-10-03,,LIVE NATION MUSIC,0.0,0.0,252490036.3,1,117,15,2,33,5,US,Arena
Bruno Mars,2026,2026-10-03,,LIVE NATION MUSIC,42422958.0,280515343.74,87980695.9,12,221,88,9,45,8,US,Stadium
"Chris Brown, Usher",2026,2026-10-03,,LIVE NATION MUSIC,0.0,0.0,0.0,0,0,0,0,18,0,US,Stadium
Doja Cat,2026,2026-10-03,,LIVE NATION MUSIC,7384674.46,7298161.81,31988065.4,0,39,0,9,0,0,US,Arena
Beabadoobee,2026,2026-10-03,,LIVE NATION MUSIC,801797.5,2506361.44,323192.05,1,2,23,27,0,1,US,Arena
Tou,2026,2026-10-03,,LIVE NATION MUSIC,0.0,348354.82999999996,0.0,0,0,0,1,0,1,US,Arena
Fuerza Regida,2026,2026-10-03,,LIVE NATION MUSIC,12582339.4,61688406.68,40356839.51,6,68,5,0,14,0,US,Amphitheatre
Thomas Rhett,2026,2026-10-03,,LIVE NATION MUSIC,2922641.5,68902.93,20832639.72,28,108,4,13,3,2,US,Arena
Rock,2026,2026-10-03,,LIVE NATION MUSIC,0.0,0.0,0.0,0,0,0,1,0,0,US,Club
Shaboozey,2026,2026-10-03,,LIVE NATION MUSIC,1427197.18,60000.0,0.0,0,1,4,9,0,1,US,Theater
Breaking Benjamin,2026,2026-10-03,,LIVE NATION MUSIC,14595872.13,3293577.11,1340194.0,52,42,34,40,2,3,US,Arena
Tyler Childers,2026,2026-10-03,,LIVE NATION MUSIC,43390286.93,45935861.16,19428021.46,51,33,32,49,8,3,US,Arena
aespa,2026,2026-10-03,,LIVE NATION MUSIC,14143082.18,2543904.85,5743138.49,0,16,7,1,0,0,US,Arena
Kehlani,2026,2026-10-03,,LIVE NATION MUSIC,1293539.15,4938822.87,1110931.32,4,14,20,29,0,0,US,Amphitheatre
Shoreline Mafia,2026,2026-10-03,,LIVE NATION MUSIC,907871.75,0.0,0.0,0,2,8,43,0,0,US,Amphitheatre
The Smashing Pumpkins,2026,2026-10-03,,LIVE NATION MUSIC,1932119.81,4451112.17,12656219.06,29,91,42,26,1,5,US,Arena
Neon Moon,2026,2026-10-03,,LIVE NATION MUSIC,24927.0,0.0,0.0,0,0,1,1,0,0,US,Arena
Hayley Williams,2026,2026-10-03,,LIVE NATION MUSIC,0.0,0.0,0.0,0,0,7,3,2,0,US,Amphitheatre
wave to earth,2026,2026-10-03,,LIVE NATION MUSIC,1624927.5,590021.89,112350.0,0,0,8,12,0,0,US,Club
The Neighbourhood,2026,2026-10-03,,LIVE NATION MUSIC,0.0,0.0,0.0,1,16,29,68,1,0,US,Theater
Social Distortion,2026,2026-10-03,,LIVE NATION MUSIC,510974.93,348028.3,0.0,9,4,50,111,1,4,US,Club
Jack White,2026,2026-10-03,,LIVE NATION MUSIC,9888079.67,1029333.01,0.0,8,36,58,33,2,4,US,Theater
MONSTA X,2026,2026-10-03,,LIVE NATION MUSIC,0.0,0.0,0.0,0,6,19,2,0,0,US,Arena
Riley Green,2026,2026-10-03,,LIVE NATION MUSIC,18818712.84,11336207.41,4129193.53,54,56,40,30,2,11,US,Theater
Schoolboy Q,2026,2026-10-03,,LIVE NATION MUSIC,0.0,31295.0,0.0,0,5,16,38,0,1,US,Club
Stephen Wilson Jr.,2026,2026-10-03,,LIVE NATION MUSIC,786854.57,66436.31,0.0,2,0,10,13,0,1,US,Theater
Brand New,2026,2026-10-03,,LIVE NATION MUSIC,2962416.0700000003,0.0,0.0,5,11,12,15,0,0,US,Theater
Mumford &amp; Sons,2026,2026-10-03,,LIVE NATION MUSIC,69320239.19,0.0,108400.0,71,157,29,30,23,8,US,Amphitheatre
Michelle Branch,2026,2026-10-03,,LIVE NATION MUSIC,0.0,0.0,0.0,0,0,2,13,0,0,US,Club
Bryson Tiller,2026,2026-10-03,,LIVE NATION MUSIC,0.0,14396903.73,1952369.56,10,20,31,34,0,2,US,Amphitheatre
The Chicks,2026,2026-10-03,,LIVE NATION MUSIC,0.0,0.0,21183223.21,39,69,4,0,3,0,US,Theater
Switchfoot,2026,2026-10-03,,LIVE NATION MUSIC,181031.87,600305.9299999999,763943.0,5,6,80,76,1,17,US,Theater
Grupo Duelo,2026,2026-10-03,,LIVE NATION MUSIC,0.0,49134.0,0.0,0,3,1,0,0,0,US,Arena
Zach Top,2026,2026-10-03,,LIVE NATION MUSIC,11290110.38,38309.0,0.0,4,8,3,9,1,1,US,Amphitheatre
Insane Clown Posse,2026,2026-10-03,,LIVE NATION MUSIC,244705.0,123804.0,0.0,4,1,20,63,0,3,US,Club
10 Years,2026,2026-10-03,,LIVE NATION MUSIC,35281.43,47010.25,6775.0,0,0,11,90,0,3,US,Amphitheatre
Role Model,2026,2026-10-03,,LIVE NATION MUSIC,884833.07,275786.98,0.0,0,0,8,44,0,1,US,Amphitheatre
"Chicago, Styx",2026,2026-10-03,,LIVE NATION MUSIC,0.0,0.0,0.0,0,0,1,0,0,0,US,Theater
"""British Rock Royalty - Celebrating The Music Of Pink Floyd, Queen, The Who &amp; Led Zeppelin""",2026,2026-10-03,,LIVE NATION MUSIC,0.0,0.0,0.0,1,0,2,0,0,0,US,Theater
Danny Elfman,2026,2026-10-03,,LIVE NATION MUSIC,429248.25,0.0,0.0,1,0,0,1,0,0,US,Amphitheatre
Tinlicker,2026,2026-10-03,,LIVE NATION MUSIC,0.0,288077.94,226265.83,0,1,4,11,0,1,US,Theater
Lynyrd Skynyrd,2026,2026-10-03,,LIVE NATION MUSIC,5148435.9399999995,0.0,1360175.52,64,57,43,7,2,9,US,Theater
Stranger,2026,2026-10-03,,LIVE NATION MUSIC,0.0,0.0,0.0,1,0,0,0,0,0,US,Amphitheatre
Steve Lacy,2026,2026-10-03,,LIVE NATION MUSIC,0.0,0.0,48400.0,1,2,2,7,0,0,US,Amphitheatre
Celebration,2026,2026-10-03,,LIVE NATION MUSIC,0.0,0.0,0.0,0,0,0,1,0,0,US,Club
JPEGMafia,2026,2026-10-03,,LIVE NATION MUSIC,557173.07,1250847.08,390783.87,1,0,19,57,0,1,US,Club
The Growlers,2026,2026-10-03,,LIVE NATION MUSIC,0.0,0.0,0.0,2,0,7,96,0,1,US,Theater
Mario,2026,2026-10-03,,LIVE NATION MUSIC,507808.78,0.0,0.0,1,0,5,7,0,0,US,Arena
DJ Shadow,2026,2026-10-03,,LIVE NATION MUSIC,159098.87,521575.89,66263.78,0,2,9,67,0,3,US,Club
Dermot Kennedy,2026,2026-10-03,,LIVE NATION MUSIC,715573.15,0.0,19937522.59,6,39,56,61,10,4,US,Amphitheatre
Adéla,2026,2026-10-03,,LIVE NATION MUSIC,0.0,0.0,0.0,0,0,0,1,0,0,US,Theater
Bilmuri,2026,2026-10-03,,LIVE NATION MUSIC,222404.4,149604.0,15570.0,0,0,6,13,0,0,US,Club
Empire Of The Sun,2026,2026-10-03,,LIVE NATION MUSIC,5035262.32,1215090.17,546678.79,18,2,23,14,3,2,US,Amphitheatre
Forever,2026,2026-10-03,,HOUSE OF BLUES CONCERTS (HOB),70329.51,0.0,0.0,0,1,0,0,0,0,US,Arena
Beck,2026,2026-10-03,,LIVE NATION MUSIC,1461640.71,626608.75,4873011.17,24,9,29,9,0,4,US,Theater
My Morning Jacket,2026,2026-10-03,,LIVE NATION MUSIC,3060170.37,572515.0,3673074.6,60,5,57,23,3,7,US,Amphitheatre
Everything,2026,2026-10-03,,LIVE NATION MUSIC,0.0,0.0,0.0,0,0,0,1,0,0,US,Theater
R&amp;B Vibes Live,2026,2026-10-03,,LIVE NATION MUSIC,0.0,0.0,0.0,0,0,0,2,0,0,US,Club
My Morning Jacket,2026,2026-10-03,,LIVE NATION MUSIC,3060170.37,572515.0,3673074.6,60,5,57,23,3,7,US,Amphitheatre
Volumes,2026,2026-10-03,,LIVE NATION MUSIC,0.0,0.0,0.0,0,0,0,2,0,0,US,Theater
Malcolm Todd,2026,2026-10-03,,LIVE NATION MUSIC,207372.81,63535.0,0.0,0,0,5,8,0,0,US,Club
"Tape B, Levity",2026,2026-10-03,,LIVE NATION MUSIC,0.0,0.0,0.0,5,0,1,0,0,0,US,Amphitheatre
Umphrey's McGee,2026,2026-10-03,,LIVE NATION MUSIC,746394.49,1297313.98,1020023.5,32,0,102,171,1,6,US,Club
Parcels,2026,2026-10-03,,LIVE NATION MUSIC,5598989.62,585030.1,0.0,5,6,11,16,0,4,US,Amphitheatre
Neve,2026,2026-10-03,,LIVE NATION MUSIC,930.81,0.0,0.0,0,0,0,1,0,0,US,Club
The Aquabats,2026,2026-10-03,,HOUSE OF BLUES CONCERTS (HOB),41516.11,55590.0,70380.0,0,0,2,32,0,0,US,Club
Ty Myers,2026,2026-10-03,,LIVE NATION MUSIC,4188533.82,581057.78,0.0,25,2,29,72,0,5,US,Amphitheatre
Lost,2026,2026-10-03,,HOUSE OF BLUES CONCERTS (HOB),0.0,0.0,36826.43,0,0,0,5,0,0,US,Club
Daniel Donato,2026,2026-10-03,,LIVE NATION MUSIC,235370.75,86368.5,58816.5,1,0,5,22,0,4,US,Theater
America,2026,2026-10-03,,LIVE NATION MUSIC,4786730.81,4477164.55,1750231.2,5,8,180,41,0,14,US,Arena
The Menzingers,2026,2026-10-03,,LIVE NATION MUSIC,0.0,83860.93,175297.68,0,0,3,45,0,0,US,Club
Julieta Venegas,2026,2026-10-03,,LIVE NATION MUSIC,361709.8,1062864.7,834939.24,2,3,34,14,1,2,US,Theater
Wilson,2026,2026-10-03,,LIVE NATION MUSIC,0.0,0.0,0.0,0,0,0,7,0,0,US,Club
"Halloween, Alaska",2026,2026-10-03,,LIVE NATION MUSIC,0.0,0.0,0.0,0,0,0,5,0,0,US,Theater
Black Jacket Symphony,2026,2026-10-03,,EMPORIUM PRESENTS,766104.4,782504.15,627644.4,0,0,136,38,0,1,US,Arena
Martina McBride,2026,2026-10-03,,LIVE NATION MUSIC,0.0,116173.0,615953.5,7,16,99,3,0,8,US,Arena
Club 90,2026,2026-10-03,,LIVE NATION MUSIC,0.0,0.0,15799.63,0,0,0,3,0,0,US,Club
Sploinky Rave,2026,2026-10-03,,LIVE NATION MUSIC,0.0,0.0,0.0,0,0,0,5,0,0,US,Club
Electric Feel,2026,2026-10-03,,LIVE NATION MUSIC,0.0,0.0,0.0,0,0,0,5,0,0,US,Theater
French Police,2026,2026-10-03,,LIVE NATION MUSIC,4947.94,32177.0,0.0,0,0,0,6,0,0,US,Theater
jigitz,2026,2026-10-03,,LIVE NATION MUSIC,23270.06,0.0,0.0,0,0,1,5,0,0,US,Club
SiM,2026,2026-10-03,,LIVE NATION MUSIC,0.0,78357.29000000001,0.0,0,0,0,4,0,0,US,Club
Lily Rose,2026,2026-10-03,,LIVE NATION MUSIC,41111.119999999995,66679.0,69355.0,0,0,1,18,0,1,US,Club
Scene Queen,2026,2026-10-03,,LIVE NATION MUSIC,65472.39,49049.0,0.0,0,0,0,8,0,3,US,Theater
Disgrace,2026,2026-10-03,,LIVE NATION MUSIC,0.0,0.0,0.0,0,0,0,1,0,0,US,Theater
Prince,2026,2026-10-03,,LIVE NATION MUSIC,0.0,0.0,0.0,0,27,4,8,0,0,US,Arena
Ra,2026,2026-10-03,,LIVE NATION MUSIC,910.56,0.0,0.0,0,0,0,2,0,0,US,Club
Everything Everything,2026,2026-10-03,,LIVE NATION MUSIC,419617.83,178665.61000000002,0.0,0,1,16,28,0,1,US,Club
R&amp;B Vibes Live,2026,2026-10-03,,LIVE NATION MUSIC,0.0,0.0,0.0,0,0,0,2,0,0,US,Club
"""An Evening With Emerson, Lake &amp; Palmer""",2026,2026-10-03,,LIVE NATION MUSIC,362008.19,0.0,0.0,0,0,11,0,0,0,US,Theater
Cracker,2026,2026-10-03,,FRANK PRODUCTIONS,0.0,17460.0,20441.0,0,0,4,53,0,1,US,Club
The Brook &amp; The Bluff,2026,2026-10-03,,LIVE NATION MUSIC,13195.0,54224.59,250521.71,0,0,7,36,0,1,US,Theater
PeelingFlesh,2026,2026-10-03,,LIVE NATION MUSIC,0.0,10542.0,0.0,0,0,0,3,0,0,US,Club
Graves,2026,2026-10-03,,LIVE NATION MUSIC,0.0,0.0,0.0,0,0,2,8,0,1,US,Club
This Is Lorelei,2026,2026-10-03,,HOUSE OF BLUES CONCERTS (HOB),0.0,0.0,0.0,0,0,1,1,0,0,US,Club
Forever,2026,2026-10-03,,LIVE NATION MUSIC,70329.51,0.0,0.0,0,1,0,0,0,0,US,Arena
Noah Rinker,2026,2026-10-03,,LIVE NATION MUSIC,0.0,0.0,0.0,0,0,0,1,0,0,US,Theater
Soda Blonde,2026,2026-10-03,,LIVE NATION MUSIC,2782.08,2289.9500000000003,0.0,0,0,0,3,0,1,US,Club
Silent Theory,2026,2026-10-03,,FRANK PRODUCTIONS,0.0,0.0,0.0,0,0,0,1,0,0,US,Theater
Chasing Abbey,2026,2026-10-03,,LIVE NATION MUSIC,0.0,53043.38,0.0,0,0,4,8,0,1,US,Club
Shawn James,2026,2026-10-03,,LIVE NATION MUSIC,21974.33,6803.0,56299.0,0,0,3,30,0,0,US,Theater
Yacht Lobsters,2026,2026-10-03,,LIVE NATION MUSIC,4230.0,8267.5,7345.0,0,0,0,8,0,0,US,Club
Infinity Song,2026,2026-10-03,,FRANK PRODUCTIONS,149890.11,94043.65,0.0,0,0,1,31,0,0,US,Club
Mike Campbell &amp; the Dirty Knobs,2026,2026-10-03,,LIVE NATION MUSIC,211711.75,192163.2,70058.5,0,0,11,10,0,2,US,Theater
The Happy,2026,2026-10-03,,LIVE NATION MUSIC,0.0,0.0,0.0,0,0,0,1,0,0,US,Theater
Forever,2026,2026-10-03,,LIVE NATION MUSIC,70329.51,0.0,0.0,0,1,0,0,0,0,US,Arena
Thousand Below,2026,2026-10-03,,LIVE NATION MUSIC,5080.0,0.0,0.0,0,0,0,1,0,0,US,Club
Tou,2026,2026-10-03,,LIVE NATION MUSIC,0.0,348354.82999999996,0.0,0,0,0,1,0,1,US,Club
49 Winchester,2026,2026-10-03,,LIVE NATION MUSIC,532757.82,283634.9,50307.0,1,0,9,23,0,2,US,Club
Arin Ray,2026,2026-10-03,,HOUSE OF BLUES CONCERTS (HOB),0.0,10700.0,0.0,0,0,0,5,0,0,US,Club
Walker &amp; Royce,2026,2026-10-03,,HOUSE OF BLUES CONCERTS (HOB),22362.5,18852.5,0.0,0,0,0,9,0,0,US,Club
Squeaky Feet,2026,2026-10-03,,LIVE NATION MUSIC,834.0,0.0,0.0,0,0,0,2,0,0,US,Club
Militarie Gun,2026,2026-10-03,,LIVE NATION MUSIC,0.0,9900.0,9645.15,0,0,0,11,0,2,US,Club
Zay Wilson,2026,2026-10-03,,LIVE NATION MUSIC,11080.0,8180.0,3650.0,0,0,0,18,0,0,US,Club
Sylvan Esso,2026,2026-10-03,,LIVE NATION MUSIC,0.0,0.0,2925511.35,17,0,29,64,0,8,US,Club
Sylvan Esso,2026,2026-10-03,,LIVE NATION MUSIC,0.0,0.0,2925511.35,17,0,29,64,0,8,US,Club
Amigo the Devil,2026,2026-10-03,,LIVE NATION MUSIC,224946.51,258410.89,135538.29,0,0,8,70,0,8,US,Club
Amigo the Devil,2026,2026-10-03,,LIVE NATION MUSIC,224946.51,258410.89,135538.29,0,0,8,70,0,8,US,Club
Sweetlk,2026,2026-10-03,,LIVE NATION MUSIC,900.0,7440.0,1760.0,0,0,0,9,0,0,US,Club
Mike Campbell &amp; the Dirty Knobs,2026,2026-10-03,,LIVE NATION MUSIC,211711.75,192163.2,70058.5,0,0,11,10,0,2,US,Theater
House Of Heavy,2026,2026-10-03,,LIVE NATION MUSIC,0.0,0.0,0.0,0,0,0,3,0,0,US,Club
EAV,2026,2026-10-03,,LIVE NATION MUSIC,0.0,0.0,0.0,0,0,2,0,0,0,US,Theater
Sploinky Rave,2026,2026-10-03,,LIVE NATION MUSIC,0.0,0.0,0.0,0,0,0,5,0,0,US,Club
Thousand Below,2026,2026-10-03,,LIVE NATION MUSIC,5080.0,0.0,0.0,0,0,0,1,0,0,US,Club
Militarie Gun,2026,2026-10-03,,LIVE NATION MUSIC,0.0,9900.0,9645.15,0,0,0,11,0,2,US,Club
Sploinky Rave,2026,2026-10-03,,LIVE NATION MUSIC,0.0,0.0,0.0,0,0,0,5,0,0,US,Club
Upgrade,2026,2026-10-03,,LIVE NATION MUSIC,0.0,0.0,0.0,0,0,0,1,0,1,US,Arena
Two Door Cinema Club,2026,2026-10-03,,LIVE NATION CANADA (LN),0.0,2811716.67,777788.89,4,7,43,87,3,5,International,Club
Bring Me The Horizon,2026,2026-10-03,,LIVE NATION CANADA (LN),4461794.29,18325898.56,4881944.25,4,74,41,69,2,3,International,Arena
Gorillaz,2026,2026-10-03,,EVENKO CO-PRO WITH LIVE NATION,2844527.25,0.0,5075.0,8,77,15,1,3,1,International,Arena
Broken Social Scene,2026,2026-10-03,,LIVE NATION CANADA (LN),0.0,0.0,38910.0,0,0,20,38,0,1,International,Club
Project,2026,2026-10-03,,LIVE NATION CANADA (LN),0.0,0.0,2350.0,0,0,0,1,0,0,International,Club
Foster The People,2026,2026-10-03,,LIVE NATION CANADA (LN),1851580.29,0.0,0.0,17,7,38,56,2,7,International,Amphitheatre
Jacob Collier,2026,2026-10-03,,LIVE NATION CANADA (LN),2383436.26,3700744.51,623705.63,1,3,31,25,2,6,International,Arena
Default,2026,2026-10-03,,LIVE NATION CANADA (LN),0.0,0.0,0.0,0,0,0,1,0,0,International,Club
San Holo,2026,2026-10-03,,LIVE NATION CANADA (LN),286586.5,58302.0,420309.0,1,1,6,35,0,0,International,Club
Ethan Regan,2026,2026-10-03,,LIVE NATION CANADA (LN),39313.28,2015.0,0.0,0,0,0,7,0,0,International,Theater
oskar med k,2026,2026-10-03,,LIVE NATION CANADA (LN),12958.9,0.0,0.0,0,0,0,3,0,0,International,Theater
Queen Of The Night - A Tribute to Whitney Houston,2026,2026-10-03,,MCD PRODUCTIONS,199428.29,563977.88,331183.06,0,9,20,1,0,0,International,Theater
The Molotovs,2026,2026-10-03,,MCD PRODUCTIONS,28294.81,0.0,0.0,0,0,0,7,0,2,International,Club
The Amazons,2026,2026-10-03,,MCD PRODUCTIONS,39119.82,10187.31,14945.49,0,0,1,21,0,0,International,Club
"Here, Now, And Forever",2026,2026-10-03,,MCD PRODUCTIONS,0.0,0.0,0.0,0,0,0,1,0,0,International,Club
Whole Lotta Zepp,2026,2026-10-03,,MCD PRODUCTIONS,62205.69,0.0,25964.33,0,0,3,0,0,0,International,Theater
Sebastian Schub,2026,2026-10-03,,MCD PRODUCTIONS,19612.09,0.0,0.0,0,0,0,6,0,1,International,Club
Forever,2026,2026-10-03,,LIVE NATION MUSIC UK LTD,70329.51,0.0,0.0,0,1,0,0,0,0,International,Arena
Simple Plan,2026,2026-10-03,,LIVE NATION MUSIC UK LTD,1578010.89,11751607.05,757328.91,1,36,51,50,5,15,International,Arena
Simple Plan,2026,2026-10-03,,LIVE NATION MUSIC UK LTD,1578010.89,11751607.05,757328.91,1,36,51,50,5,15,International,Arena
NAILS,2026,2026-10-03,,LIVE NATION MUSIC UK LTD,0.0,0.0,0.0,0,0,0,10,0,0,International,Club
The Anniversary,2026,2026-10-03,,LIVE NATION MUSIC UK LTD,0.0,0.0,0.0,0,0,0,2,0,0,International,Arena
Yonaka,2026,2026-10-03,,LIVE NATION MUSIC UK LTD,0.0,63740.130000000005,0.0,0,0,0,16,0,0,International,Club
Gallus,2026,2026-10-03,,"LIVE NATION UK FOR ARTIST, TOUR, FESTIVAL AND PRESALE NEWS",9809.74,11984.78,17028.29,0,0,1,11,0,6,International,Club
Michael Ball,2026,2026-10-03,,LIVE NATION MUSIC UK LTD,0.0,100282.1,0.0,0,1,8,0,0,0,International,Theater
Beartooth,2026,2026-10-03,,LIVE NATION MUSIC UK LTD,0.0,1116351.8,389208.25,1,4,15,41,1,2,International,Club
Meredith Marks,2026,2026-10-03,,"LIVE NATION UK FOR ARTIST, TOUR, FESTIVAL AND PRESALE NEWS",0.0,0.0,0.0,0,0,0,1,0,0,International,Club
Lost Acapulco,2026,2026-10-03,,OCESA,17934.9,0.0,0.0,0,0,0,1,0,0,International,Club
Alejandro Sanz,2026,2026-10-03,,OCESA,23621149.4,952298.71,27921974.8,7,58,59,0,22,4,International,Theater
Niels Destadsbader,2026,2026-10-03,,Live Nation,0.0,0.0,0.0,0,1,4,0,0,0,International,Theater
Backstreet Boys,2026,2026-10-03,,Live Nation GmbH,65138687.18,0.0,42749575.69,70,246,48,2,11,10,International,Arena
Backstreet Boys,2026,2026-10-03,,Live Nation GmbH,65138687.18,0.0,42749575.69,70,246,48,2,11,10,International,Arena
"""Cap Roig Festival"", Anastacia",2026,2026-10-03,,Live Nation GmbH,0.0,0.0,0.0,0,0,0,0,1,0,International,Stadium
Shakira,2026,2026-10-03,,LIVE NATION ESPAÑA MUSIC LAND SL,347582819.87,6004725.2,0.0,2,66,2,0,48,1,International,Arena
"Hombres G, Los Enanitos Verdes",2026,2026-10-03,,Live Nation España Golden Age SL,3449213.65,0.0,0.0,0,5,1,0,0,0,International,Arena
"Hombres G, Los Enanitos Verdes",2026,2026-10-03,,Live Nation España Golden Age SL,3449213.65,0.0,0.0,0,5,1,0,0,0,International,Arena
Placebo,2026,2026-10-03,,Live Nation España Silver Tours SL,0.0,2551043.1,2841620.27,0,46,25,17,2,5,International,Club
Placebo,2026,2026-10-03,,Live Nation España Silver Tours SL,0.0,2551043.1,2841620.27,0,46,25,17,2,5,International,Club
Blood Red Shoes,2026,2026-10-03,,Live Nation España S.A.U.,0.0,22008.09,34371.54,0,0,2,51,0,5,International,Club
Spiritbox,2026,2026-10-03,,Live Nation Venues Netherlands BV Afas Live,2120691.02,0.0,380020.58,0,4,4,17,0,0,International,Club
"""Ben &amp; Jerry's Concerts On The Green"", Lake Street Dive",2026,2026-10-03,,Live Nation sp. z o.o.,0.0,0.0,0.0,0,0,0,0,0,2,International,Other
Mono,2026,2026-10-03,,Live Nation sp. z o.o.,30773.76,85754.24,0.0,0,0,2,45,0,1,International,Club
Father of Peace,2026,2026-10-03,,Live Nation Schweiz AG,0.0,0.0,0.0,0,0,0,1,0,0,International,Club
OsamaSon,2026,2026-10-03,,Live Nation Schweiz AG,239099.94,40432.259999999995,0.0,0,0,1,8,0,0,International,Club
Olivia Rodrigo,2026,2026-10-04,,LIVE NATION MUSIC,23420107.2,169307085.8,0.0,0,68,10,2,5,1,US,Arena
The Gathering,2026,2026-10-04,,LIVE NATION MUSIC,0.0,0.0,0.0,0,0,2,0,0,0,US,Arena
Phish,2026,2026-10-04,,LIVE NATION MUSIC,58851317.48,51805142.03,60505793.5,160,101,10,0,26,5,US,Theater
ZZ Top,2026,2026-10-04,,LIVE NATION MUSIC,19533792.29,8840466.74,1880764.0,129,99,253,35,8,60,US,Amphitheatre
Slayyyter,2026,2026-10-04,,LIVE NATION MUSIC,0.0,185129.1,100397.58,0,0,4,16,0,1,US,Club
Lenny Pearce,2026,2026-10-04,,LIVE NATION MUSIC,1149576.75,11247.35,0.0,1,0,32,23,0,2,US,Theater
Rise Against,2026,2026-10-04,,LIVE NATION MUSIC,4277860.61,678554.91,194297.26,27,65,68,73,4,10,US,Club
"""Laughs, Music, &amp; Vibes""",2026,2026-10-04,,LIVE NATION MUSIC,0.0,0.0,0.0,0,0,0,1,0,0,US,Club
Ringo Starr &amp; His All Starr Band,2026,2026-10-04,,LIVE NATION MUSIC,3975061.59,4274683.66,7327433.94,60,34,136,10,2,12,US,Theater
Two Door Cinema Club,2026,2026-10-04,,LIVE NATION MUSIC,0.0,2811716.67,777788.89,4,7,43,87,3,5,US,Club
Skillet,2026,2026-10-04,,LIVE NATION MUSIC,2557214.15,260542.96,1377748.06,6,30,44,67,1,14,US,Club
Switchfoot,2026,2026-10-04,,LIVE NATION MUSIC,181031.87,600305.9299999999,763943.0,5,6,80,76,1,17,US,Theater
Dermot Kennedy,2026,2026-10-04,,LIVE NATION MUSIC,715573.15,0.0,19937522.59,6,39,56,61,10,4,US,Amphitheatre
"The Black Crowes, Whiskey Myers",2026,2026-10-04,,LIVE NATION MUSIC,0.0,0.0,0.0,1,1,0,0,0,0,US,Amphitheatre
Jacquees,2026,2026-10-04,,LIVE NATION MUSIC,125305.0,16071.37,43417.0,0,0,9,15,0,0,US,Amphitheatre
G-Eazy,2026,2026-10-04,,LIVE NATION MUSIC,453863.88,166997.78,53337.0,33,23,54,102,1,4,US,Amphitheatre
Grupo Duelo,2026,2026-10-04,,LIVE NATION MUSIC,0.0,49134.0,0.0,0,3,1,0,0,0,US,Arena
Pennywise,2026,2026-10-04,,LIVE NATION MUSIC,1198459.09,17555.0,0.0,0,1,24,35,0,4,US,Club
Forever,2026,2026-10-04,,LIVE NATION MUSIC,70329.51,0.0,0.0,0,1,0,0,0,0,US,Theater
Chief Keef,2026,2026-10-04,,LIVE NATION MUSIC,0.0,366115.0,0.0,0,1,6,19,0,0,US,Club
"""Laughs, Music, &amp; Vibes""",2026,2026-10-04,,LIVE NATION MUSIC,0.0,0.0,0.0,0,0,0,1,0,0,US,Club
Stranger,2026,2026-10-04,,LIVE NATION MUSIC,0.0,0.0,0.0,1,0,0,0,0,0,US,Amphitheatre
Dominguinho,2026,2026-10-04,,HOUSE OF BLUES CONCERTS (HOB),0.0,0.0,0.0,0,0,2,1,1,0,US,Theater
Michael Franti &amp; Spearhead,2026,2026-10-04,,HOUSE OF BLUES CONCERTS (HOB),877302.5,6993576.6,4151183.84,114,3,86,115,2,32,US,Club
"In, Flew Ants",2026,2026-10-04,,LIVE NATION MUSIC,0.0,0.0,0.0,0,0,0,2,0,0,US,Club
ZZ Top,2026,2026-10-04,,HOUSE OF BLUES CONCERTS (HOB),19533792.29,8840466.74,1880764.0,129,99,253,35,8,60,US,Theater
Robin Trower,2026,2026-10-04,,LIVE NATION MUSIC,527997.27,0.0,0.0,0,0,45,45,0,8,US,Arena
Boy Harsher,2026,2026-10-04,,LIVE NATION MUSIC,0.0,0.0,0.0,0,0,1,14,0,1,US,Theater
D Savage,2026,2026-10-04,,LIVE NATION MUSIC,0.0,0.0,17105.0,0,0,0,1,0,0,US,Theater
Benjamin Tod &amp; Lost Dog Street Band,2026,2026-10-04,,LIVE NATION MUSIC,0.0,179250.0,0.0,0,0,3,37,0,0,US,Theater
Chief Keef,2026,2026-10-04,,LIVE NATION MUSIC,0.0,366115.0,0.0,0,1,6,19,0,0,US,Club
Turnpike Troubadours,2026,2026-10-04,,LIVE NATION MUSIC,2346574.06,4318554.92,3521142.51,29,12,42,108,4,12,US,Club
Neve,2026,2026-10-04,,LIVE NATION MUSIC,930.81,0.0,0.0,0,0,0,1,0,0,US,Club
Ryan Beatty,2026,2026-10-04,,LIVE NATION MUSIC,0.0,164812.0,12100.0,0,1,3,17,0,0,US,Club
Mariachi El Bronx,2026,2026-10-04,,LIVE NATION MUSIC,0.0,9710.0,0.0,0,0,1,15,0,0,US,Club
Kelsey Lu,2026,2026-10-04,,LIVE NATION MUSIC,0.0,0.0,0.0,0,0,0,1,0,0,US,Theater
Lettuce,2026,2026-10-04,,LIVE NATION MUSIC,262427.77,99589.5,193599.0,7,0,43,162,0,6,US,Amphitheatre
He Is Legend,2026,2026-10-04,,FRANK PRODUCTIONS,10065.0,0.0,6424.0,0,0,2,19,0,1,US,Club
Ziggy Marley,2026,2026-10-04,,LIVE NATION MUSIC,678098.52,681037.0,171281.63,33,0,44,33,1,4,US,Theater
Improvement Movement,2026,2026-10-04,,LIVE NATION MUSIC,9707.41,0.0,0.0,0,0,1,6,0,0,US,Theater
Sandy &amp; Junior,2026,2026-10-04,,LIVE NATION MUSIC,0.0,0.0,0.0,0,8,0,0,8,0,US,Arena
Jeff Bernat,2026,2026-10-04,,LIVE NATION MUSIC,0.0,55938.73,0.0,0,0,2,14,0,0,US,Club
Jeff Bernat,2026,2026-10-04,,LIVE NATION MUSIC,0.0,55938.73,0.0,0,0,2,14,0,0,US,Club
Rod Wave,2026,2026-10-04,,LIVE NATION MUSIC,21434081.53,44782080.52,58117202.64,1,85,1,0,0,0,US,Arena
The Smashing Pumpkins,2026,2026-10-04,,LIVE NATION MUSIC,1932119.81,4451112.17,12656219.06,29,91,42,26,1,5,US,Arena
Fuerza Regida,2026,2026-10-04,,LIVE NATION MUSIC,12582339.4,61688406.68,40356839.51,6,68,5,0,14,0,US,Amphitheatre
Tou,2026,2026-10-04,,LIVE NATION MUSIC,0.0,348354.82999999996,0.0,0,0,0,1,0,1,US,Arena
Shoreline Mafia,2026,2026-10-04,,LIVE NATION MUSIC,907871.75,0.0,0.0,0,2,8,43,0,0,US,Amphitheatre
Kehlani,2026,2026-10-04,,LIVE NATION MUSIC,1293539.15,4938822.87,1110931.32,4,14,20,29,0,0,US,Amphitheatre
"Salt-N-Pepa, Ginuwine",2026,2026-10-04,,LIVE NATION MUSIC,0.0,0.0,0.0,0,0,1,0,0,0,US,Amphitheatre
Doja Cat,2026,2026-10-04,,LIVE NATION MUSIC,7384674.46,7298161.81,31988065.4,0,39,0,9,0,0,US,Arena
Young Thug,2026,2026-10-04,,LIVE NATION MUSIC,874047.0,0.0,0.0,1,5,10,18,0,0,US,Theater
Anton &amp; Erin,2026,2026-10-04,,LIVE NATION MUSIC,0.0,0.0,0.0,0,0,1,0,0,0,US,Amphitheatre
Forever,2026,2026-10-04,,LIVE NATION MUSIC,70329.51,0.0,0.0,0,1,0,0,0,0,US,Amphitheatre
Bryson Tiller,2026,2026-10-04,,LIVE NATION MUSIC,0.0,14396903.73,1952369.56,10,20,31,34,0,2,US,Amphitheatre
Sammy Rae &amp; The Friends,2026,2026-10-04,,LIVE NATION MUSIC,365473.19,765933.13,407010.69,0,0,11,33,0,1,US,Club
Brand New,2026,2026-10-04,,LIVE NATION MUSIC,2962416.0700000003,0.0,0.0,5,11,12,15,0,0,US,Theater
Amyl and the Sniffers,2026,2026-10-04,,LIVE NATION MUSIC,3061334.92,650407.46,233682.02,4,3,19,43,1,3,US,Club
French Police,2026,2026-10-04,,LIVE NATION MUSIC,4947.94,32177.0,0.0,0,0,0,6,0,0,US,Club
The Chicks,2026,2026-10-04,,LIVE NATION MUSIC,0.0,0.0,21183223.21,39,69,4,0,3,0,US,Theater
Suki Waterhouse,2026,2026-10-04,,LIVE NATION MUSIC,63447.01,1845642.36,489285.46,1,0,11,37,0,0,US,Club
Role Model,2026,2026-10-04,,LIVE NATION MUSIC,884833.07,275786.98,0.0,0,0,8,44,0,1,US,Club
Palace,2026,2026-10-04,,HOUSE OF BLUES CONCERTS (HOB),216325.96,176855.55,138298.91,0,0,7,19,0,1,US,Club
Schoolboy Q,2026,2026-10-04,,LIVE NATION MUSIC,0.0,31295.0,0.0,0,5,16,38,0,1,US,Club
Bilmuri,2026,2026-10-04,,LIVE NATION MUSIC,222404.4,149604.0,15570.0,0,0,6,13,0,0,US,Club
My Morning Jacket,2026,2026-10-04,,LIVE NATION MUSIC,3060170.37,572515.0,3673074.6,60,5,57,23,3,7,US,Amphitheatre
The Bridge,2026,2026-10-04,,LIVE NATION MUSIC,7420.0,0.0,0.0,0,0,0,19,0,0,US,Theater
Alicia Villarreal,2026,2026-10-04,,LIVE NATION MUSIC,826817.98,1374508.36,306780.57999999996,1,4,29,4,0,0,US,Theater
Malcolm Todd,2026,2026-10-04,,LIVE NATION MUSIC,207372.81,63535.0,0.0,0,0,5,8,0,0,US,Club
Paris Paloma,2026,2026-10-04,,HOUSE OF BLUES CONCERTS (HOB),182912.02,142732.72999999998,10609.18,0,0,6,10,0,0,US,Club
Roger Clyne &amp; The Peacemakers,2026,2026-10-04,,LIVE NATION MUSIC,74397.9,28566.0,108892.68,1,0,9,91,0,2,US,Club
The Menzingers,2026,2026-10-04,,LIVE NATION MUSIC,0.0,83860.93,175297.68,0,0,3,45,0,0,US,Club
Chat Pile,2026,2026-10-04,,LIVE NATION MUSIC,0.0,7187.0,8340.0,0,0,0,3,0,0,US,Club
Katie Pruitt,2026,2026-10-04,,LIVE NATION MUSIC,4721.0,45814.0,0.0,0,0,0,11,0,0,US,Theater
The Linda Lindas,2026,2026-10-04,,LIVE NATION MUSIC,108431.27,6550.0,0.0,0,0,1,5,0,0,US,Theater
Christopher,2026,2026-10-04,,LIVE NATION MUSIC,80553.22,67248.45,43844.03,1,0,2,15,0,3,US,Club
Daði Freyr,2026,2026-10-04,,LIVE NATION MUSIC,107627.55,173924.05,220434.4,0,0,7,15,0,0,US,Club
Asha Banks,2026,2026-10-04,,LIVE NATION MUSIC,0.0,0.0,0.0,0,0,0,0,0,1,US,Other
Insane Clown Posse,2026,2026-10-04,,LIVE NATION MUSIC,244705.0,123804.0,0.0,4,1,20,63,0,3,US,Theater
Foster The People,2026,2026-10-04,,LIVE NATION MUSIC,1851580.29,0.0,0.0,17,7,38,56,2,7,US,Club
Tinlicker,2026,2026-10-04,,LIVE NATION MUSIC,0.0,288077.94,226265.83,0,1,4,11,0,1,US,Club
Chance The Rapper,2026,2026-10-04,,LIVE NATION MUSIC,582979.5,0.0,2160801.5,15,25,18,26,1,1,US,Club
Buzzcocks,2026,2026-10-04,,LIVE NATION MUSIC,30516.46,78970.92,0.0,0,0,6,28,0,2,US,Theater
Avery,2026,2026-10-04,,LIVE NATION MUSIC,0.0,0.0,0.0,0,0,0,1,0,0,US,Club
The Red Jumpsuit Apparatus,2026,2026-10-04,,LIVE NATION MUSIC,8325.0,0.0,26159.0,0,0,2,51,0,8,US,Club
"""Past, Present, Future: A Dance Gala""",2026,2026-10-04,,LIVE NATION MUSIC,0.0,0.0,0.0,0,0,1,0,0,0,US,Theater
Change,2026,2026-10-04,,LIVE NATION MUSIC,0.0,0.0,0.0,0,0,0,2,0,0,US,Club
Spite,2026,2026-10-04,,LIVE NATION MUSIC,0.0,37029.77,0.0,0,0,9,33,0,1,US,Club
"Hoodie Allen, Sol",2026,2026-10-04,,LIVE NATION MUSIC,0.0,0.0,0.0,0,0,1,0,0,0,US,Theater
Goo,2026,2026-10-04,,HOUSE OF BLUES CONCERTS (HOB),0.0,0.0,0.0,0,0,0,1,0,0,US,Club
Sara Bareilles,2026,2026-10-04,,LIVE NATION MUSIC,0.0,0.0,0.0,12,6,27,45,0,1,US,Theater
America,2026,2026-10-04,,LIVE NATION MUSIC,4786730.81,4477164.55,1750231.2,5,8,180,41,0,14,US,Theater
Sara Bareilles,2026,2026-10-04,,LIVE NATION MUSIC,0.0,0.0,0.0,12,6,27,45,0,1,US,Theater
America,2026,2026-10-04,,LIVE NATION MUSIC,4786730.81,4477164.55,1750231.2,5,8,180,41,0,14,US,Theater
Hannah &amp; The Hot Sauce,2026,2026-10-04,,LIVE NATION MUSIC,0.0,2953.46,0.0,0,0,1,0,0,0,US,Theater
Rochelle Jordan,2026,2026-10-04,,LIVE NATION MUSIC,14680.0,0.0,5240.0,0,0,1,6,0,1,US,Club
Tou,2026,2026-10-04,,HOUSE OF BLUES CONCERTS (HOB),0.0,348354.82999999996,0.0,0,0,0,1,0,1,US,Club
Of Monsters And Men,2026,2026-10-04,,LIVE NATION MUSIC,673008.22,0.0,0.0,11,5,49,50,1,6,US,Arena
Of Monsters And Men,2026,2026-10-04,,LIVE NATION MUSIC,673008.22,0.0,0.0,11,5,49,50,1,6,US,Arena
The California Honeydrops,2026,2026-10-04,,LIVE NATION MUSIC,196173.0,360738.34,203241.5,4,0,12,81,0,1,US,Club
The California Honeydrops,2026,2026-10-04,,LIVE NATION MUSIC,196173.0,360738.34,203241.5,4,0,12,81,0,1,US,Club
The Holdup,2026,2026-10-04,,LIVE NATION MUSIC,2881.0,0.0,0.0,0,0,0,19,0,0,US,Club
Al &amp; Rob Of Moe,2026,2026-10-04,,LIVE NATION MUSIC,0.0,0.0,0.0,0,0,0,2,0,0,US,Club
Modest Mouse,2026,2026-10-04,,LIVE NATION CANADA (LN),897255.2,1391230.25,494004.69,36,5,80,66,2,9,International,Theater
Gorillaz,2026,2026-10-04,,LIVE NATION CANADA (LN),2844527.25,0.0,5075.0,8,77,15,1,3,1,International,Arena
Sawyer Hill,2026,2026-10-04,,LIVE NATION CANADA (LN),37539.14,18871.47,0.0,0,0,1,10,0,0,International,Club
Faber Drive,2026,2026-10-04,,LIVE NATION CANADA (LN),0.0,0.0,0.0,0,1,4,3,0,0,International,Theater
Epik High,2026,2026-10-04,,LIVE NATION CANADA (LN),0.0,184487.78,400979.87,0,0,5,15,0,0,International,Club
INOHA,2026,2026-10-04,,LIVE NATION CANADA (LN),10338.12,0.0,0.0,0,0,0,2,0,0,International,Club
"The Morning Kings, New Primitives, The Only, Sunshine &amp; The Night Walkers",2026,2026-10-04,,LIVE NATION CANADA (LN),0.0,0.0,1583.0,0,0,0,1,0,0,International,Theater
Saint Agnes,2026,2026-10-04,,LIVE NATION CANADA (LN),0.0,7809.110000000001,0.0,0,0,0,9,0,1,International,Theater
Beth Orton,2026,2026-10-04,,LIVE NATION CANADA (LN),0.0,49075.01,18538.34,0,0,11,35,0,6,International,Club
Sabaton,2026,2026-10-04,,LIVE NATION CANADA (LN),13311096.98,0.0,3200841.5700000003,0,31,18,33,0,0,International,Arena
Deer Tick,2026,2026-10-04,,LIVE NATION CANADA (LN),29783.0,4612.5,128819.5,1,0,8,93,0,1,International,Theater
"""Corrosion: A Goth, Industrial, And Noise Club Night""",2026,2026-10-04,,LIVE NATION MUSIC,0.0,0.0,0.0,0,0,0,25,0,0,International,Theater
Queen Of The Night - A Tribute to Whitney Houston,2026,2026-10-04,,MCD PRODUCTIONS,199428.29,563977.88,331183.06,0,9,20,1,0,0,International,Theater
Matt Hansen,2026,2026-10-04,,MCD PRODUCTIONS,167808.59,12300.0,0.0,0,0,0,11,0,3,International,Club
NAILS,2026,2026-10-04,,"LIVE NATION UK FOR ARTIST, TOUR, FESTIVAL AND PRESALE NEWS",0.0,0.0,0.0,0,0,0,10,0,0,International,Club
The Anniversary,2026,2026-10-04,,LIVE NATION MUSIC UK LTD,0.0,0.0,0.0,0,0,0,2,0,0,International,Arena
Westlife,2026,2026-10-04,,LIVE NATION MUSIC UK LTD,0.0,4814001.32,298555.76,1,42,6,1,5,9,International,Arena
Gavin DeGraw,2026,2026-10-04,,DF CONCERTS,137960.55,230769.33,249371.04,1,5,40,42,0,7,International,Club
Gallus,2026,2026-10-04,,"LIVE NATION UK FOR ARTIST, TOUR, FESTIVAL AND PRESALE NEWS",9809.74,11984.78,17028.29,0,0,1,11,0,6,International,Club
Karan Aujla,2026,2026-10-04,,"LIVE NATION UK FOR ARTIST, TOUR, FESTIVAL AND PRESALE NEWS",3420048.2,5984529.85,132877.75,0,14,0,1,0,0,International,Arena
Guillotina,2026,2026-10-04,,OCESA,0.0,0.0,0.0,0,0,1,0,0,0,International,Theater
Alvaro,2026,2026-10-04,,OCESA,0.0,0.0,0.0,0,0,0,1,0,0,International,Club
Alvaro,2026,2026-10-04,,OCESA,0.0,0.0,0.0,0,0,0,1,0,0,International,Club
Symphony,2026,2026-10-04,,OCESA,0.0,0.0,0.0,0,0,0,2,0,0,International,Club
Backstreet Boys,2026,2026-10-04,,Live Nation GmbH,65138687.18,0.0,42749575.69,70,246,48,2,11,10,International,Arena
Backstreet Boys,2026,2026-10-04,,Live Nation GmbH,65138687.18,0.0,42749575.69,70,246,48,2,11,10,International,Arena
Shakira,2026,2026-10-04,,LIVE NATION ESPAÑA MUSIC LAND SL,347582819.87,6004725.2,0.0,2,66,2,0,48,1,International,Arena
Holy Fuck,2026,2026-10-04,,Live Nation sp. z o.o.,0.0,0.0,0.0,0,0,2,21,0,0,International,Club
Jack Savoretti,2026,2026-10-04,,Live Nation sp. z o.o.,603229.64,706366.89,751075.38,3,2,28,6,1,6,International,Theater
Bleood,2026,2026-10-04,,Live Nation Schweiz AG,0.0,0.0,0.0,0,0,0,1,0,0,International,Club
Fat Freddy's Drop,2026,2026-10-04,,Live Nation Schweiz AG,0.0,1146590.62,316025.35,4,4,23,33,3,6,International,Club
A$AP Rocky,2026,2026-10-04,,LIVE NATION CZECH REPUBLIC s.r.o.,0.0,0.0,0.0,0,23,17,43,0,1,International,Arena
Jonas Brothers,2026,2026-10-05,,LIVE NATION MUSIC,81959444.45,30144554.31,109403725.33,84,205,28,1,31,5,US,Arena
Bleachers,2026,2026-10-05,,LIVE NATION MUSIC,0.0,4208643.78,0.0,6,4,15,43,0,7,US,Club
Five Finger Death Punch,2026,2026-10-05,,LIVE NATION MUSIC,485138.13,5167906.39,0.0,12,74,25,39,1,4,US,Arena
Julia Wolf,2026,2026-10-05,,LIVE NATION MUSIC,22865.0,3291.0,51475.0,0,0,1,15,0,0,US,Club
Amyl and the Sniffers,2026,2026-10-05,,LIVE NATION MUSIC,3061334.92,650407.46,233682.02,4,3,19,43,1,3,US,Club
Everything Everything,2026,2026-10-05,,LIVE NATION MUSIC,419617.83,178665.61000000002,0.0,0,1,16,28,0,1,US,Club
Amyl and the Sniffers,2026,2026-10-05,,LIVE NATION MUSIC,3061334.92,650407.46,233682.02,4,3,19,43,1,3,US,Club
Asha Banks,2026,2026-10-05,,LIVE NATION MUSIC,0.0,0.0,0.0,0,0,0,0,0,1,US,Other
Chief Keef,2026,2026-10-05,,LIVE NATION MUSIC,0.0,366115.0,0.0,0,1,6,19,0,0,US,Theater
Spacehog,2026,2026-10-05,,LIVE NATION MUSIC,8750.0,0.0,0.0,0,0,0,3,0,0,US,Theater
Saint Motel,2026,2026-10-05,,LIVE NATION MUSIC,1441563.2,457416.45,589065.14,2,0,28,95,0,0,US,Club
T.3,2026,2026-10-05,,LIVE NATION MUSIC,2859.0,17899.19,19283.0,0,0,1,11,0,0,US,Club
Lambrini Girls,2026,2026-10-05,,LIVE NATION MUSIC,332922.02,30009.12,0.0,0,0,6,36,0,0,US,Club
Lambrini Girls,2026,2026-10-05,,LIVE NATION MUSIC,332922.02,30009.12,0.0,0,0,6,36,0,0,US,Club
Train,2026,2026-10-05,,LIVE NATION MUSIC,3079513.96,704827.02,4093507.19,166,19,61,24,5,11,US,Amphitheatre
Beabadoobee,2026,2026-10-05,,LIVE NATION MUSIC,801797.5,2506361.44,323192.05,1,2,23,27,0,1,US,Arena
"Chris Brown, Usher",2026,2026-10-05,,LIVE NATION MUSIC,0.0,0.0,0.0,0,0,0,0,18,0,US,Stadium
Rush,2026,2026-10-05,,LIVE NATION MUSIC,0.0,0.0,0.0,40,118,1,0,2,8,US,Arena
Breaking Benjamin,2026,2026-10-05,,LIVE NATION MUSIC,14595872.13,3293577.11,1340194.0,52,42,34,40,2,3,US,Amphitheatre
"Salt-N-Pepa, Ginuwine",2026,2026-10-05,,LIVE NATION MUSIC,0.0,0.0,0.0,0,0,1,0,0,0,US,Amphitheatre
Sleeping With Sirens,2026,2026-10-05,,LIVE NATION MUSIC,0.0,350306.75,319502.92,0,1,30,104,0,5,US,Club
Jesse Welles,2026,2026-10-05,,LIVE NATION MUSIC,208646.39,0.0,0.0,1,0,4,14,0,0,US,Club
Band-Maid,2026,2026-10-05,,LIVE NATION MUSIC,0.0,0.0,116315.42,0,1,0,3,0,0,US,Club
Artemas,2026,2026-10-05,,LIVE NATION MUSIC,30822.0,725837.64,0.0,0,0,10,22,0,1,US,Club
Julieta Venegas,2026,2026-10-05,,LIVE NATION MUSIC,361709.8,1062864.7,834939.24,2,3,34,14,1,2,US,Theater
Forever,2026,2026-10-05,,LIVE NATION MUSIC,70329.51,0.0,0.0,0,1,0,0,0,0,US,Arena
EsDeeKid,2026,2026-10-05,,LIVE NATION MUSIC,0.0,0.0,0.0,0,0,0,1,0,0,US,Club
Our Lady Peace,2026,2026-10-05,,FRANK PRODUCTIONS,3127178.77,0.0,33700.0,0,14,13,20,0,1,US,Club
The Used,2026,2026-10-05,,LIVE NATION MUSIC,1894094.94,611524.01,1524313.71,4,2,49,91,0,3,US,Arena
"""Gent Jazz Festival"", Snarky Puppy",2026,2026-10-05,,LIVE NATION MUSIC,0.0,0.0,0.0,0,0,1,0,0,0,US,Theater
Spite,2026,2026-10-05,,LIVE NATION MUSIC,0.0,37029.77,0.0,0,0,9,33,0,1,US,Club
Freya Skye,2026,2026-10-05,,LIVE NATION MUSIC,0.0,0.0,0.0,0,0,6,2,0,0,US,Theater
"Dream, Ivory",2026,2026-10-05,,LIVE NATION MUSIC,0.0,0.0,3737.51,0,0,0,4,0,0,US,Club
The Black Dahlia Murder,2026,2026-10-05,,LIVE NATION MUSIC,0.0,65614.66,163785.56,0,0,21,93,0,2,US,Theater
Avatar,2026,2026-10-05,,LIVE NATION MUSIC,549363.65,456317.3,414674.53,0,1,12,50,0,4,US,Theater
Rum Jungle,2026,2026-10-05,,LIVE NATION MUSIC,17576.25,7820.81,5022.83,0,0,0,10,0,1,US,Club
Lauren Sanderson,2026,2026-10-05,,HOUSE OF BLUES CONCERTS (HOB),0.0,20673.0,22912.57,0,0,1,13,0,0,US,Club
ivri,2026,2026-10-05,,LIVE NATION MUSIC,2596.0,0.0,0.0,0,0,0,3,0,0,US,Club
The Light,2026,2026-10-05,,LIVE NATION MUSIC,0.0,0.0,0.0,0,0,1,0,0,0,US,Theater
"Mic Crenshaw, Special Guests",2026,2026-10-05,,LIVE NATION TENNESSEE,0.0,0.0,0.0,0,0,0,1,0,0,US,Club
Chad Gray,2026,2026-10-05,,LIVE NATION MUSIC,0.0,0.0,0.0,0,0,0,1,0,0,US,Club
Dear Maryanne,2026,2026-10-05,,LIVE NATION MUSIC,0.0,0.0,0.0,0,0,0,1,0,0,US,Club
Sun,2026,2026-10-05,,FRANK PRODUCTIONS,2319.81,0.0,0.0,0,0,0,2,0,0,US,Theater
Jeff Bernat,2026,2026-10-05,,LIVE NATION MUSIC,0.0,55938.73,0.0,0,0,2,14,0,0,US,Club
Archers,2026,2026-10-05,,LIVE NATION MUSIC,92573.14,3550.0,21965.0,0,0,0,28,0,0,US,Club
Automatic,2026,2026-10-05,,LIVE NATION MUSIC,3479.78,0.0,9308.6,0,0,0,2,0,0,US,Club
AZ,2026,2026-10-05,,LIVE NATION MUSIC,75395.0,0.0,0.0,0,0,0,6,0,0,US,Theater
R&amp;B Vibes Live,2026,2026-10-05,,LIVE NATION MUSIC,0.0,0.0,0.0,0,0,0,2,0,0,US,Club
Nick Hakim,2026,2026-10-05,,LIVE NATION MUSIC,0.0,0.0,22550.0,0,0,0,12,0,0,US,Theater
Pete &amp; Bas,2026,2026-10-05,,LIVE NATION MUSIC,19756.22,54277.37,0.0,0,0,0,7,0,0,US,Club
Automatic,2026,2026-10-05,,LIVE NATION MUSIC,3479.78,0.0,9308.6,0,0,0,2,0,0,US,Club
Pete &amp; Bas,2026,2026-10-05,,LIVE NATION MUSIC,19756.22,54277.37,0.0,0,0,0,7,0,0,US,Club
"The Morning Kings, New Primitives, The Only, Sunshine &amp; The Night Walkers",2026,2026-10-05,,LIVE NATION MUSIC,0.0,0.0,1583.0,0,0,0,1,0,0,US,Club
"Headpins, The Holly Woods, Toronto",2026,2026-10-05,,LIVE NATION CANADA (LN),0.0,0.0,0.0,0,0,0,0,0,1,International,Theater
Broken Social Scene,2026,2026-10-05,,LIVE NATION CANADA (LN),0.0,0.0,38910.0,0,0,20,38,0,1,International,Arena
The Jungle Giants,2026,2026-10-05,,LIVE NATION CANADA (LN),104499.01,8084.78,434845.65,2,1,8,35,0,1,International,Club
Ravyn Lenae,2026,2026-10-05,,LIVE NATION CANADA (LN),318280.19,84165.32,42115.0,0,0,1,15,0,0,International,Club
Isaiah Falls,2026,2026-10-05,,LIVE NATION CANADA (LN),34588.22,0.0,0.0,0,0,1,2,0,0,International,Club
"""Les Nits de Barcelona"", Sting",2026,2026-10-05,,LIVE NATION CANADA (LN),0.0,0.0,0.0,0,0,0,0,0,1,International,Theater
Phillip Phillips,2026,2026-10-05,,LIVE NATION CANADA (LN),0.0,24750.0,12050.0,1,7,22,21,0,5,International,Theater
MICO,2026,2026-10-05,,LIVE NATION MUSIC,239529.32,5000.0,0.0,0,0,5,13,0,0,International,Arena
Jessie Ware,2026,2026-10-05,,LIVE NATION CANADA (LN),0.0,0.0,1453398.58,0,1,7,29,0,0,International,Theater
W.A.S.P.,2026,2026-10-05,,EVENKO CO-PRO WITH LIVE NATION,1978037.07,334712.93,1072342.16,1,3,35,34,2,8,International,Theater
Sabaton,2026,2026-10-05,,LIVE NATION CANADA (LN),13311096.98,0.0,3200841.5700000003,0,31,18,33,0,0,International,Arena
Steve Lacy,2026,2026-10-05,,LIVE NATION CANADA (LN),0.0,0.0,48400.0,1,2,2,7,0,0,International,Arena
the olllam,2026,2026-10-05,,MCD PRODUCTIONS,0.0,0.0,0.0,0,0,1,2,0,0,International,Theater
Fear Factory,2026,2026-10-05,,MCD PRODUCTIONS,16874.93,0.0,424894.07,0,0,19,49,0,2,International,Theater
NAILS,2026,2026-10-05,,"LIVE NATION UK FOR ARTIST, TOUR, FESTIVAL AND PRESALE NEWS",0.0,0.0,0.0,0,0,0,10,0,0,International,Club
Michael Ball,2026,2026-10-05,,LIVE NATION MUSIC UK LTD,0.0,100282.1,0.0,0,1,8,0,0,0,International,Theater
Madra Salach,2026,2026-10-05,,DF CONCERTS,0.0,0.0,0.0,0,0,0,1,0,0,International,Club
"Alexandr, Adelaide",2026,2026-10-05,,Live Nation Austria GmbH,0.0,0.0,0.0,0,0,0,1,0,0,International,Club
Simple Plan,2026,2026-10-05,,Live Nation,1578010.89,11751607.05,757328.91,1,36,51,50,5,15,International,Theater
Apparat,2026,2026-10-05,,Live Nation,0.0,0.0,0.0,0,0,1,3,0,0,International,Club
Bryan Adams,2026,2026-10-05,,Live Nation GmbH,36301093.83,29271692.68,25946523.41,50,463,227,9,38,69,International,Theater
GIMS,2026,2026-10-05,,Live Nation Venues Netherlands BV Afas Live,20904980.63,3261620.63,776977.28,0,17,1,3,0,0,International,Arena
Jonas Brothers,2026,2026-10-06,,LIVE NATION MUSIC,81959444.45,30144554.31,109403725.33,84,205,28,1,31,5,US,Arena
The Gathering,2026,2026-10-06,,LIVE NATION MUSIC,0.0,0.0,0.0,0,0,2,0,0,0,US,Arena
Phish,2026,2026-10-06,,LIVE NATION MUSIC,58851317.48,51805142.03,60505793.5,160,101,10,0,26,5,US,Amphitheatre
Bleachers,2026,2026-10-06,,LIVE NATION MUSIC,0.0,4208643.78,0.0,6,4,15,43,0,7,US,Amphitheatre
Taste,2026,2026-10-06,,LIVE NATION MUSIC,0.0,0.0,0.0,0,0,1,1,0,0,US,Club
Bright Eyes,2026,2026-10-06,,LIVE NATION MUSIC,1167935.45,0.0,334447.0,9,0,29,34,2,7,US,Club
Olivia O'Brien,2026,2026-10-06,,LIVE NATION MUSIC,0.0,0.0,0.0,0,0,0,8,0,0,US,Club
glaive,2026,2026-10-06,,LIVE NATION MUSIC,87140.09,0.0,70042.53,0,0,4,26,0,1,US,Theater
The Linda Lindas,2026,2026-10-06,,LIVE NATION MUSIC,108431.27,6550.0,0.0,0,0,1,5,0,0,US,Club
Two Door Cinema Club,2026,2026-10-06,,LIVE NATION MUSIC,0.0,2811716.67,777788.89,4,7,43,87,3,5,US,Club
The Royston Club,2026,2026-10-06,,LIVE NATION MUSIC,56883.12,35605.82,13947.95,0,1,3,6,0,0,US,Club
Knocked Loose,2026,2026-10-06,,LIVE NATION MUSIC,511899.01,1019550.49,0.0,0,0,14,49,0,1,US,Club
Knocked Loose,2026,2026-10-06,,LIVE NATION MUSIC,511899.01,1019550.49,0.0,0,0,14,49,0,1,US,Club
Shaboozey,2026,2026-10-06,,LIVE NATION MUSIC,1427197.18,60000.0,0.0,0,1,4,9,0,1,US,Club
Elder Island,2026,2026-10-06,,LIVE NATION MUSIC,0.0,0.0,0.0,0,0,1,7,0,0,US,Theater
Gorillaz,2026,2026-10-06,,LIVE NATION MUSIC,2844527.25,0.0,5075.0,8,77,15,1,3,1,US,Arena
Ziggy Marley,2026,2026-10-06,,LIVE NATION MUSIC,678098.52,681037.0,171281.63,33,0,44,33,1,4,US,Theater
Caamp,2026,2026-10-06,,LIVE NATION MUSIC,10988587.48,0.0,3606190.96,34,1,31,53,2,10,US,Amphitheatre
Ziggy Marley,2026,2026-10-06,,LIVE NATION MUSIC,678098.52,681037.0,171281.63,33,0,44,33,1,4,US,Theater
Gorillaz,2026,2026-10-06,,LIVE NATION MUSIC,2844527.25,0.0,5075.0,8,77,15,1,3,1,US,Arena
The Garden,2026,2026-10-06,,LIVE NATION MUSIC,76155.0,28867.59,207558.5,0,0,5,53,0,4,US,Theater
Thrown,2026,2026-10-06,,LIVE NATION MUSIC,486533.87,19505.85,0.0,0,0,6,34,0,0,US,Club
Thrown,2026,2026-10-06,,LIVE NATION MUSIC,486533.87,19505.85,0.0,0,0,6,34,0,0,US,Club
Charli xcx,2026,2026-10-06,,LIVE NATION MUSIC,18148835.74,3165588.7,198001.15,0,9,13,43,1,0,US,Arena
Bruno Mars,2026,2026-10-06,,LIVE NATION MUSIC,42422958.0,280515343.74,87980695.9,12,221,88,9,45,8,US,Stadium
Mumford &amp; Sons,2026,2026-10-06,,LIVE NATION MUSIC,69320239.19,0.0,108400.0,71,157,29,30,23,8,US,Arena
aespa,2026,2026-10-06,,LIVE NATION MUSIC,14143082.18,2543904.85,5743138.49,0,16,7,1,0,0,US,Arena
The Smashing Pumpkins,2026,2026-10-06,,LIVE NATION MUSIC,1932119.81,4451112.17,12656219.06,29,91,42,26,1,5,US,Arena
Jack Johnson,2026,2026-10-06,,LIVE NATION MUSIC,0.0,0.0,3419683.68,100,12,18,1,12,15,US,Amphitheatre
Doja Cat,2026,2026-10-06,,LIVE NATION MUSIC,7384674.46,7298161.81,31988065.4,0,39,0,9,0,0,US,Arena
The Chicks,2026,2026-10-06,,LIVE NATION MUSIC,0.0,0.0,21183223.21,39,69,4,0,3,0,US,Arena
Phish,2026,2026-10-06,,LIVE NATION MUSIC,58851317.48,51805142.03,60505793.5,160,101,10,0,26,5,US,Amphitheatre
Shoreline Mafia,2026,2026-10-06,,LIVE NATION MUSIC,907871.75,0.0,0.0,0,2,8,43,0,0,US,Arena
Foster The People,2026,2026-10-06,,LIVE NATION MUSIC,1851580.29,0.0,0.0,17,7,38,56,2,7,US,Theater
wave to earth,2026,2026-10-06,,LIVE NATION MUSIC,1624927.5,590021.89,112350.0,0,0,8,12,0,0,US,Club
Bryson Tiller,2026,2026-10-06,,LIVE NATION MUSIC,0.0,14396903.73,1952369.56,10,20,31,34,0,2,US,Club
Role Model,2026,2026-10-06,,LIVE NATION MUSIC,884833.07,275786.98,0.0,0,0,8,44,0,1,US,Theater
"Santana, Doobie Brothers",2026,2026-10-06,,LIVE NATION MUSIC,0.0,0.0,0.0,0,4,0,0,0,0,US,Amphitheatre
Chief Keef,2026,2026-10-06,,LIVE NATION MUSIC,0.0,366115.0,0.0,0,1,6,19,0,0,US,Club
MONSTA X,2026,2026-10-06,,LIVE NATION MUSIC,0.0,0.0,0.0,0,6,19,2,0,0,US,Arena
Chance The Rapper,2026,2026-10-06,,LIVE NATION MUSIC,582979.5,0.0,2160801.5,15,25,18,26,1,1,US,Club
Jesse Welles,2026,2026-10-06,,LIVE NATION MUSIC,208646.39,0.0,0.0,1,0,4,14,0,0,US,Club
Sleeping With Sirens,2026,2026-10-06,,LIVE NATION MUSIC,0.0,350306.75,319502.92,0,1,30,104,0,5,US,Club
Stranger,2026,2026-10-06,,LIVE NATION MUSIC,0.0,0.0,0.0,1,0,0,0,0,0,US,Theater
Chelsea Wolfe,2026,2026-10-06,,LIVE NATION MUSIC,97294.63,261345.05,0.0,0,0,2,49,0,0,US,Theater
Taking Back Sunday,2026,2026-10-06,,LIVE NATION MUSIC,0.0,1192562.18,59060.0,0,1,32,133,0,8,US,Club
Jack White,2026,2026-10-06,,LIVE NATION MUSIC,9888079.67,1029333.01,0.0,8,36,58,33,2,4,US,Amphitheatre
Malcolm Todd,2026,2026-10-06,,LIVE NATION MUSIC,207372.81,63535.0,0.0,0,0,5,8,0,0,US,Club
My Morning Jacket,2026,2026-10-06,,LIVE NATION MUSIC,3060170.37,572515.0,3673074.6,60,5,57,23,3,7,US,Amphitheatre
Tou,2026,2026-10-06,,HOUSE OF BLUES CONCERTS (HOB),0.0,348354.82999999996,0.0,0,0,0,1,0,1,US,Club
Frank Carter &amp; The Rattlesnakes,2026,2026-10-06,,LIVE NATION MUSIC,0.0,641787.98,0.0,0,2,20,36,0,9,US,Club
Boy Harsher,2026,2026-10-06,,LIVE NATION MUSIC,0.0,0.0,0.0,0,0,1,14,0,1,US,Theater
Saint Agnes,2026,2026-10-06,,LIVE NATION MUSIC,0.0,7809.110000000001,0.0,0,0,0,9,0,1,US,Club
Lola Young,2026,2026-10-06,,LIVE NATION MUSIC,104448.34,527884.5,4125.0,0,0,5,36,0,0,US,Amphitheatre
Rebecca Black,2026,2026-10-06,,LIVE NATION MUSIC,182900.41,0.0,36513.32,0,0,1,12,0,1,US,Club
Chad Gray,2026,2026-10-06,,LIVE NATION MUSIC,0.0,0.0,0.0,0,0,0,1,0,0,US,Club
Medium Build,2026,2026-10-06,,LIVE NATION MUSIC,81782.66,277378.99,6501.48,0,0,2,34,0,1,US,Theater
Beck,2026,2026-10-06,,LIVE NATION MUSIC,1461640.71,626608.75,4873011.17,24,9,29,9,0,4,US,Theater
Postmodern Jukebox,2026,2026-10-06,,FRANK PRODUCTIONS,3423282.53,2913423.2,3309873.83,0,9,407,107,0,34,US,Theater
Our Lady Peace,2026,2026-10-06,,LIVE NATION MUSIC,3127178.77,0.0,33700.0,0,14,13,20,0,1,US,Theater
Sons of Legion,2026,2026-10-06,,LIVE NATION MUSIC,0.0,0.0,0.0,0,0,12,29,0,0,US,Arena
Ryman Leon,2026,2026-10-06,,LIVE NATION MUSIC,0.0,0.0,0.0,0,0,0,2,0,0,US,Club
Evidence,2026,2026-10-06,,LIVE NATION MUSIC,0.0,0.0,0.0,0,0,0,5,0,0,US,Club
Amyl and the Sniffers,2026,2026-10-06,,LIVE NATION MUSIC,3061334.92,650407.46,233682.02,4,3,19,43,1,3,US,Club
Suki Waterhouse,2026,2026-10-06,,LIVE NATION MUSIC,63447.01,1845642.36,489285.46,1,0,11,37,0,0,US,Club
Rum Jungle,2026,2026-10-06,,LIVE NATION MUSIC,17576.25,7820.81,5022.83,0,0,0,10,0,1,US,Club
Lost,2026,2026-10-06,,HOUSE OF BLUES CONCERTS (HOB),0.0,0.0,36826.43,0,0,0,5,0,0,US,Club
Belles,2026,2026-10-06,,LIVE NATION MUSIC,725.0,970.0,0.0,0,0,0,2,0,0,US,Club
Suki Waterhouse,2026,2026-10-06,,LIVE NATION MUSIC,63447.01,1845642.36,489285.46,1,0,11,37,0,0,US,Theater
Claire Rosinkranz,2026,2026-10-06,,HOUSE OF BLUES CONCERTS (HOB),0.0,0.0,83287.5,0,0,0,11,0,0,US,Club
Larger Than Life,2026,2026-10-06,,HOUSE OF BLUES CONCERTS (HOB),0.0,0.0,0.0,1,0,0,0,0,0,US,Amphitheatre
Audrey Hobert,2026,2026-10-06,,LIVE NATION MUSIC,78692.06,0.0,0.0,0,0,6,9,0,1,US,Theater
Mastodon,2026,2026-10-06,,LIVE NATION MUSIC,0.0,178040.83000000002,1899213.01,3,6,42,78,0,1,US,Club
Sara Bareilles,2026,2026-10-06,,LIVE NATION MUSIC,0.0,0.0,0.0,12,6,27,45,0,1,US,Theater
Sara Bareilles,2026,2026-10-06,,LIVE NATION MUSIC,0.0,0.0,0.0,12,6,27,45,0,1,US,Theater
Roma,2026,2026-10-06,,LIVE NATION MUSIC,0.0,0.0,0.0,0,0,0,1,0,0,US,Club
Cash,2026,2026-10-06,,FRANK PRODUCTIONS,0.0,0.0,5772.25,0,0,3,0,0,0,US,Theater
Audrey Hobert,2026,2026-10-06,,LIVE NATION MUSIC,78692.06,0.0,0.0,0,0,6,9,0,1,US,Theater
Illy,2026,2026-10-06,,LIVE NATION MUSIC,20357.47,0.0,0.0,0,0,0,7,0,0,US,Club
"Black Country, New Road",2026,2026-10-06,,LIVE NATION MUSIC,434569.28,262065.06,182437.63,0,0,15,13,0,0,US,Theater
Fightmaster,2026,2026-10-06,,LIVE NATION MUSIC,0.0,6984.0,0.0,0,0,0,2,0,0,US,Club
Blitzkid,2026,2026-10-06,,LIVE NATION MUSIC,0.0,0.0,0.0,0,0,0,7,0,2,US,Club
Public,2026,2026-10-06,,LIVE NATION MUSIC,0.0,0.0,0.0,0,0,0,4,0,0,US,Theater
Holywatr,2026,2026-10-06,,LIVE NATION MUSIC,10133.0,0.0,0.0,0,0,0,3,0,0,US,Club
PRESIDENT,2026,2026-10-06,,LIVE NATION MUSIC,0.0,0.0,0.0,0,0,1,2,0,0,US,Theater
Chat Pile,2026,2026-10-06,,LIVE NATION MUSIC,0.0,7187.0,8340.0,0,0,0,3,0,0,US,Theater
Mastodon,2026,2026-10-06,,LIVE NATION MUSIC,0.0,178040.83000000002,1899213.01,3,6,42,78,0,1,US,Club
"In, Flew Ants",2026,2026-10-06,,LIVE NATION MUSIC,0.0,0.0,0.0,0,0,0,2,0,0,US,Club
Annie DiRusso,2026,2026-10-06,,LIVE NATION MUSIC,40042.24,34776.5,14742.81,0,0,1,10,0,1,US,Club
Chat Pile,2026,2026-10-06,,LIVE NATION MUSIC,0.0,7187.0,8340.0,0,0,0,3,0,0,US,Theater
"Black Country, New Road",2026,2026-10-06,,LIVE NATION MUSIC,434569.28,262065.06,182437.63,0,0,15,13,0,0,US,Theater
Blitzkid,2026,2026-10-06,,LIVE NATION MUSIC,0.0,0.0,0.0,0,0,0,7,0,2,US,Club
Illy,2026,2026-10-06,,LIVE NATION MUSIC,20357.47,0.0,0.0,0,0,0,7,0,0,US,Club
Fightmaster,2026,2026-10-06,,LIVE NATION MUSIC,0.0,6984.0,0.0,0,0,0,2,0,0,US,Club
Bring Me The Horizon,2026,2026-10-06,,LIVE NATION CANADA (LN),4461794.29,18325898.56,4881944.25,4,74,41,69,2,3,International,Arena
Jessie Ware,2026,2026-10-06,,LIVE NATION CANADA (LN),0.0,0.0,1453398.58,0,1,7,29,0,0,International,Club
Sawyer Hill,2026,2026-10-06,,LIVE NATION CANADA (LN),37539.14,18871.47,0.0,0,0,1,10,0,0,International,Club
W.A.S.P.,2026,2026-10-06,,LIVE NATION CANADA (LN),1978037.07,334712.93,1072342.16,1,3,35,34,2,8,International,Theater
Uncle Acid &amp; The Deadbeats,2026,2026-10-06,,LIVE NATION CANADA (LN),106998.01,0.0,23894.47,0,1,3,41,0,4,International,Theater
Lenny Pearce,2026,2026-10-06,,LIVE NATION CANADA (LN),1149576.75,11247.35,0.0,1,0,32,23,0,2,International,Theater
"""Les Nits de Barcelona"", Sting",2026,2026-10-06,,LIVE NATION CANADA (LN),0.0,0.0,0.0,0,0,0,0,0,1,International,Theater
Running,2026,2026-10-06,,LIVE NATION CANADA (LN),0.0,0.0,0.0,0,0,0,1,0,0,International,Theater
The Inspector Cluzo,2026,2026-10-06,,LIVE NATION CANADA (LN),12765.79,190.0,3424.3,0,0,0,10,0,0,International,Club
Steve Lacy,2026,2026-10-06,,EVENKO CO-PRO WITH LIVE NATION,0.0,0.0,48400.0,1,2,2,7,0,0,International,Club
54 Ultra,2026,2026-10-06,,MCD PRODUCTIONS,14405.0,0.0,0.0,0,0,0,3,0,0,International,Club
The Hu,2026,2026-10-06,,MCD PRODUCTIONS,210949.49,495401.84,297489.07,0,1,15,35,0,3,International,Theater
R&amp;B Vibes Live,2026,2026-10-06,,MCD PRODUCTIONS,0.0,0.0,0.0,0,0,0,2,0,0,International,Club
NAILS,2026,2026-10-06,,"LIVE NATION UK FOR ARTIST, TOUR, FESTIVAL AND PRESALE NEWS",0.0,0.0,0.0,0,0,0,10,0,0,International,Club
Westlife,2026,2026-10-06,,LIVE NATION MUSIC UK LTD,0.0,4814001.32,298555.76,1,42,6,1,5,9,International,Arena
The Anniversary,2026,2026-10-06,,LIVE NATION MUSIC UK LTD,0.0,0.0,0.0,0,0,0,2,0,0,International,Arena
Thea &amp; The Mugs,2026,2026-10-06,,LIVE NATION MUSIC UK LTD,0.0,0.0,0.0,0,0,0,1,0,0,International,Club
Talia,2026,2026-10-06,,LIVE NATION MUSIC UK LTD,0.0,0.0,0.0,0,0,0,3,0,0,International,Club
Gallus,2026,2026-10-06,,"LIVE NATION UK FOR ARTIST, TOUR, FESTIVAL AND PRESALE NEWS",9809.74,11984.78,17028.29,0,0,1,11,0,6,International,Club
Amble,2026,2026-10-06,,"LIVE NATION UK FOR ARTIST, TOUR, FESTIVAL AND PRESALE NEWS",4723469.38,406488.11,0.0,0,5,9,43,2,5,International,Club
Rosana,2026,2026-10-06,,OCESA,0.0,0.0,0.0,0,1,1,5,0,0,International,Club
Europe,2026,2026-10-06,,Live Nation Austria GmbH,105381.03,0.0,383950.78,0,2,8,2,3,2,International,Theater
Backstreet Boys,2026,2026-10-06,,Live Nation GmbH,65138687.18,0.0,42749575.69,70,246,48,2,11,10,International,Arena
Backstreet Boys,2026,2026-10-06,,Live Nation GmbH,65138687.18,0.0,42749575.69,70,246,48,2,11,10,International,Arena
Simple Plan,2026,2026-10-06,,Live Nation GmbH,1578010.89,11751607.05,757328.91,1,36,51,50,5,15,International,Theater
Bryan Adams,2026,2026-10-06,,Live Nation GmbH,36301093.83,29271692.68,25946523.41,50,463,227,9,38,69,International,Arena
Shadow Of Intent,2026,2026-10-06,,Live Nation,0.0,0.0,17238.09,0,0,2,10,0,0,International,Club
Future Palace,2026,2026-10-06,,Live Nation,2162.42,12079.78,8569.61,0,0,0,3,0,0,International,Club
"Mic Crenshaw, Special Guests",2026,2026-10-06,,Live Nation Venues Netherlands BV Afas Live,0.0,0.0,0.0,0,0,0,1,0,0,International,Club
"A, Monkey Kong",2026,2026-10-06,,Live Nation Sp. z o.o.,0.0,0.0,0.0,0,0,0,1,0,0,International,Club
Olivia Rodrigo,2026,2026-10-07,,LIVE NATION MUSIC,23420107.2,169307085.8,0.0,0,68,10,2,5,1,US,Arena
Gorillaz,2026,2026-10-07,,LIVE NATION MUSIC,2844527.25,0.0,5075.0,8,77,15,1,3,1,US,Arena
Bryson Tiller,2026,2026-10-07,,LIVE NATION MUSIC,0.0,14396903.73,1952369.56,10,20,31,34,0,2,US,Arena
Phish,2026,2026-10-07,,LIVE NATION MUSIC,58851317.48,51805142.03,60505793.5,160,101,10,0,26,5,US,Amphitheatre
Skillet,2026,2026-10-07,,LIVE NATION MUSIC,2557214.15,260542.96,1377748.06,6,30,44,67,1,14,US,Theater
Basement,2026,2026-10-07,,LIVE NATION MUSIC,265803.7,42000.0,0.0,0,0,5,27,0,4,US,Club
Five Finger Death Punch,2026,2026-10-07,,LIVE NATION MUSIC,485138.13,5167906.39,0.0,12,74,25,39,1,4,US,Amphitheatre
G-Eazy,2026,2026-10-07,,LIVE NATION MUSIC,453863.88,166997.78,53337.0,33,23,54,102,1,4,US,Amphitheatre
Epik High,2026,2026-10-07,,LIVE NATION MUSIC,0.0,184487.78,400979.87,0,0,5,15,0,0,US,Club
Five Finger Death Punch,2026,2026-10-07,,LIVE NATION MUSIC,485138.13,5167906.39,0.0,12,74,25,39,1,4,US,Amphitheatre
Polyphia,2026,2026-10-07,,LIVE NATION MUSIC,0.0,121407.0,744654.76,0,0,3,49,0,1,US,Theater
Avery,2026,2026-10-07,,LIVE NATION MUSIC,0.0,0.0,0.0,0,0,0,1,0,0,US,Club
Sawyer Hill,2026,2026-10-07,,LIVE NATION MUSIC,37539.14,18871.47,0.0,0,0,1,10,0,0,US,Theater
Soccer Mommy,2026,2026-10-07,,LIVE NATION MUSIC,257014.8,4765.9,92616.97,0,0,7,45,0,1,US,Theater
The Royston Club,2026,2026-10-07,,LIVE NATION MUSIC,56883.12,35605.82,13947.95,0,1,3,6,0,0,US,Club
glaive,2026,2026-10-07,,LIVE NATION MUSIC,87140.09,0.0,70042.53,0,0,4,26,0,1,US,Theater
The Revivalists,2026,2026-10-07,,LIVE NATION MUSIC,1240773.86,540575.0,5373043.16,28,0,35,86,0,7,US,Theater
Oso Oso,2026,2026-10-07,,LIVE NATION MUSIC,0.0,7277.0,11250.0,0,0,0,7,0,0,US,Theater
Demon Hunter,2026,2026-10-07,,LIVE NATION MUSIC,17480.0,15615.0,14215.0,0,0,1,17,0,0,US,Club
Infinity Song,2026,2026-10-07,,LIVE NATION MUSIC,149890.11,94043.65,0.0,0,0,1,31,0,0,US,Club
The Linda Lindas,2026,2026-10-07,,LIVE NATION MUSIC,108431.27,6550.0,0.0,0,0,1,5,0,0,US,Club
The Haunt,2026,2026-10-07,,HOUSE OF BLUES CONCERTS (HOB),21115.76,0.0,0.0,0,0,0,10,0,0,US,Club
The Linda Lindas,2026,2026-10-07,,LIVE NATION MUSIC,108431.27,6550.0,0.0,0,0,1,5,0,0,US,Club
Harry Styles,2026,2026-10-07,,LIVE NATION MUSIC,0.0,0.0,252490036.3,1,117,15,2,33,5,US,Arena
Rod Wave,2026,2026-10-07,,LIVE NATION MUSIC,21434081.53,44782080.52,58117202.64,1,85,1,0,0,0,US,Arena
Mumford &amp; Sons,2026,2026-10-07,,LIVE NATION MUSIC,69320239.19,0.0,108400.0,71,157,29,30,23,8,US,Arena
Bruno Mars,2026,2026-10-07,,LIVE NATION MUSIC,42422958.0,280515343.74,87980695.9,12,221,88,9,45,8,US,Stadium
Rush,2026,2026-10-07,,LIVE NATION MUSIC,0.0,0.0,0.0,40,118,1,0,2,8,US,Arena
The Gathering,2026,2026-10-07,,FRANK PRODUCTIONS,0.0,0.0,0.0,0,0,2,0,0,0,US,Theater
Chris Stapleton,2026,2026-10-07,,LIVE NATION MUSIC,53557875.51,78825261.73,15339749.0,167,156,22,24,20,4,US,Arena
Staind,2026,2026-10-07,,LIVE NATION MUSIC,1978997.55,2423123.19,729547.4,5,9,8,12,0,3,US,Amphitheatre
Foster The People,2026,2026-10-07,,LIVE NATION MUSIC,1851580.29,0.0,0.0,17,7,38,56,2,7,US,Club
The Chicks,2026,2026-10-07,,LIVE NATION MUSIC,0.0,0.0,21183223.21,39,69,4,0,3,0,US,Arena
Empire Of The Sun,2026,2026-10-07,,LIVE NATION MUSIC,5035262.32,1215090.17,546678.79,18,2,23,14,3,2,US,Theater
"Salt-N-Pepa, Ginuwine",2026,2026-10-07,,LIVE NATION MUSIC,0.0,0.0,0.0,0,0,1,0,0,0,US,Amphitheatre
Breaking Benjamin,2026,2026-10-07,,LIVE NATION MUSIC,14595872.13,3293577.11,1340194.0,52,42,34,40,2,3,US,Amphitheatre
Suki Waterhouse,2026,2026-10-07,,LIVE NATION MUSIC,63447.01,1845642.36,489285.46,1,0,11,37,0,0,US,Theater
EsDeeKid,2026,2026-10-07,,LIVE NATION MUSIC,0.0,0.0,0.0,0,0,0,1,0,0,US,Club
wave to earth,2026,2026-10-07,,LIVE NATION MUSIC,1624927.5,590021.89,112350.0,0,0,8,12,0,0,US,Amphitheatre
America,2026,2026-10-07,,LIVE NATION MUSIC,4786730.81,4477164.55,1750231.2,5,8,180,41,0,14,US,Theater
PRESIDENT,2026,2026-10-07,,LIVE NATION MUSIC,0.0,0.0,0.0,0,0,1,2,0,0,US,Club
Schoolboy Q,2026,2026-10-07,,LIVE NATION MUSIC,0.0,31295.0,0.0,0,5,16,38,0,1,US,Club
The Midnight,2026,2026-10-07,,LIVE NATION MUSIC,623554.29,301290.25,609328.26,1,0,26,53,0,2,US,Club
Beck,2026,2026-10-07,,LIVE NATION MUSIC,1461640.71,626608.75,4873011.17,24,9,29,9,0,4,US,Theater
Role Model,2026,2026-10-07,,LIVE NATION MUSIC,884833.07,275786.98,0.0,0,0,8,44,0,1,US,Amphitheatre
Chance The Rapper,2026,2026-10-07,,LIVE NATION MUSIC,582979.5,0.0,2160801.5,15,25,18,26,1,1,US,Theater
Artemas,2026,2026-10-07,,LIVE NATION MUSIC,30822.0,725837.64,0.0,0,0,10,22,0,1,US,Club
The Valley,2026,2026-10-07,,LIVE NATION MUSIC,0.0,0.0,0.0,0,0,0,1,0,0,US,Club
Tinlicker,2026,2026-10-07,,LIVE NATION MUSIC,0.0,288077.94,226265.83,0,1,4,11,0,1,US,Club
Lost,2026,2026-10-07,,HOUSE OF BLUES CONCERTS (HOB),0.0,0.0,36826.43,0,0,0,5,0,0,US,Club
Rise Against,2026,2026-10-07,,LIVE NATION MUSIC,4277860.61,678554.91,194297.26,27,65,68,73,4,10,US,Theater
My Morning Jacket,2026,2026-10-07,,LIVE NATION MUSIC,3060170.37,572515.0,3673074.6,60,5,57,23,3,7,US,Amphitheatre
Band-Maid,2026,2026-10-07,,LIVE NATION MUSIC,0.0,0.0,116315.42,0,1,0,3,0,0,US,Theater
Malcolm Todd,2026,2026-10-07,,LIVE NATION MUSIC,207372.81,63535.0,0.0,0,0,5,8,0,0,US,Club
Blonde Redhead,2026,2026-10-07,,LIVE NATION MUSIC,0.0,123970.18,148727.71,0,0,6,53,0,1,US,Club
Finn Wolfhard,2026,2026-10-07,,LIVE NATION MUSIC,55692.15,0.0,0.0,0,0,2,4,0,0,US,Club
Sara Bareilles,2026,2026-10-07,,LIVE NATION MUSIC,0.0,0.0,0.0,12,6,27,45,0,1,US,Arena
Last Dinosaurs,2026,2026-10-07,,LIVE NATION MUSIC,84758.0,0.0,0.0,0,0,2,17,0,1,US,Club
Freya Skye,2026,2026-10-07,,LIVE NATION MUSIC,0.0,0.0,0.0,0,0,6,2,0,0,US,Theater
America,2026,2026-10-07,,LIVE NATION MUSIC,4786730.81,4477164.55,1750231.2,5,8,180,41,0,14,US,Arena
M,2026,2026-10-07,,LIVE NATION MUSIC,0.0,0.0,286459.73,0,0,2,0,0,0,US,Theater
Ryan Beatty,2026,2026-10-07,,LIVE NATION MUSIC,0.0,164812.0,12100.0,0,1,3,17,0,0,US,Theater
Stranger,2026,2026-10-07,,LIVE NATION MUSIC,0.0,0.0,0.0,1,0,0,0,0,0,US,Amphitheatre
Mastodon,2026,2026-10-07,,LIVE NATION MUSIC,0.0,178040.83000000002,1899213.01,3,6,42,78,0,1,US,Arena
Switchfoot,2026,2026-10-07,,LIVE NATION MUSIC,181031.87,600305.9299999999,763943.0,5,6,80,76,1,17,US,Theater
Justin Nozuka,2026,2026-10-07,,LIVE NATION MUSIC,0.0,6584.0,13209.92,0,0,5,28,0,3,US,Club
Leap,2026,2026-10-07,,LIVE NATION MUSIC,26077.87,26464.69,10457.61,0,0,1,7,0,2,US,Club
Willow Avalon,2026,2026-10-07,,FRANK PRODUCTIONS,86780.26999999999,0.0,0.0,0,0,2,9,0,0,US,Club
Ben &amp; Rose,2026,2026-10-07,,LIVE NATION MUSIC,0.0,0.0,0.0,0,0,1,0,0,0,US,Theater
Joe Jordan,2026,2026-10-07,,HOUSE OF BLUES CONCERTS (HOB),5540.0,0.0,0.0,0,0,0,4,0,0,US,Club
Griff,2026,2026-10-07,,LIVE NATION MUSIC,0.0,1085941.84,10392.66,0,1,6,18,0,0,US,Club
Larger Than Life,2026,2026-10-07,,LIVE NATION MUSIC,0.0,0.0,0.0,1,0,0,0,0,0,US,Club
Willi Carlisle,2026,2026-10-07,,LIVE NATION TENNESSEE,20255.54,10779.63,14929.1,0,0,1,16,0,1,US,Club
Peppermint,2026,2026-10-07,,LIVE NATION MUSIC,0.0,0.0,0.0,0,0,0,3,0,0,US,Club
Caamp,2026,2026-10-07,,LIVE NATION MUSIC,10988587.48,0.0,3606190.96,34,1,31,53,2,10,US,Theater
"Dominic Sen, Noia",2026,2026-10-07,,LIVE NATION MUSIC,0.0,0.0,0.0,0,0,0,1,0,0,US,Club
"Jay Park, LNGSHOT, BIBI, Milli, AI, Kvi Baba",2026,2026-10-07,,FRANK PRODUCTIONS,0.0,0.0,0.0,0,0,0,0,0,1,US,Theater
Noga Erez,2026,2026-10-07,,HOUSE OF BLUES CONCERTS (HOB),614618.64,0.0,0.0,1,0,4,28,0,0,US,Club
Caamp,2026,2026-10-07,,LIVE NATION MUSIC,10988587.48,0.0,3606190.96,34,1,31,53,2,10,US,Theater
Kenny Wayne Shepherd,2026,2026-10-07,,LIVE NATION MUSIC,861210.02,1084321.07,3587479.38,9,0,142,68,0,18,US,Theater
Kenny Wayne Shepherd,2026,2026-10-07,,LIVE NATION MUSIC,861210.02,1084321.07,3587479.38,9,0,142,68,0,18,US,Theater
LAERZ,2026,2026-10-07,,LIVE NATION MUSIC,0.0,0.0,0.0,0,0,0,1,0,0,US,Club
LAERZ,2026,2026-10-07,,LIVE NATION MUSIC,0.0,0.0,0.0,0,0,0,1,0,0,US,Club
Pete &amp; Bas,2026,2026-10-07,,LIVE NATION MUSIC,19756.22,54277.37,0.0,0,0,0,7,0,0,US,Theater
"The Morning Kings, New Primitives, The Only, Sunshine &amp; The Night Walkers",2026,2026-10-07,,LIVE NATION MUSIC,0.0,0.0,1583.0,0,0,0,1,0,0,US,Club
Broken Social Scene,2026,2026-10-07,,EVENKO CO-PRO WITH LIVE NATION,0.0,0.0,38910.0,0,0,20,38,0,1,International,Club
Katie Pruitt,2026,2026-10-07,,LIVE NATION CANADA (LN),4721.0,45814.0,0.0,0,0,0,11,0,0,International,Club
Julia Wolf,2026,2026-10-07,,LIVE NATION CANADA (LN),22865.0,3291.0,51475.0,0,0,1,15,0,0,International,Club
DJ Shadow,2026,2026-10-07,,LIVE NATION CANADA (LN),159098.87,521575.89,66263.78,0,2,9,67,0,3,International,Club
Avatar,2026,2026-10-07,,LIVE NATION CANADA (LN),549363.65,456317.3,414674.53,0,1,12,50,0,4,International,Theater
Bahamas,2026,2026-10-07,,LIVE NATION CANADA (LN),12873.04,49909.63,126849.0,0,0,13,45,0,4,International,Club
The Ghost,2026,2026-10-07,,LIVE NATION CANADA (LN),0.0,0.0,0.0,0,1,0,0,0,0,International,Arena
The Smashing Pumpkins,2026,2026-10-07,,LIVE NATION CANADA (LN),1932119.81,4451112.17,12656219.06,29,91,42,26,1,5,International,Arena
Beabadoobee,2026,2026-10-07,,LIVE NATION CANADA (LN),801797.5,2506361.44,323192.05,1,2,23,27,0,1,International,Arena
W.A.S.P.,2026,2026-10-07,,LIVE NATION CANADA (LN),1978037.07,334712.93,1072342.16,1,3,35,34,2,8,International,Arena
The Inspector Cluzo,2026,2026-10-07,,LIVE NATION CANADA (LN),12765.79,190.0,3424.3,0,0,0,10,0,0,International,Club
Cabaret Voltaire,2026,2026-10-07,,MCD PRODUCTIONS,0.0,0.0,0.0,0,0,2,0,0,0,International,Theater
Forever,2026,2026-10-07,,DF CONCERTS,70329.51,0.0,0.0,0,1,0,0,0,0,International,Arena
NAILS,2026,2026-10-07,,"LIVE NATION UK FOR ARTIST, TOUR, FESTIVAL AND PRESALE NEWS",0.0,0.0,0.0,0,0,0,10,0,0,International,Club
The Anniversary,2026,2026-10-07,,LIVE NATION MUSIC UK LTD,0.0,0.0,0.0,0,0,0,2,0,0,International,Arena
Man/Woman/Chainsaw,2026,2026-10-07,,LIVE NATION MUSIC UK LTD,3462.46,0.0,422.46,0,0,0,2,0,0,International,Club
Star &amp; Micey,2026,2026-10-07,,"LIVE NATION UK FOR ARTIST, TOUR, FESTIVAL AND PRESALE NEWS",0.0,0.0,0.0,0,0,0,1,0,0,International,Theater
Y &amp; T,2026,2026-10-07,,"LIVE NATION UK FOR ARTIST, TOUR, FESTIVAL AND PRESALE NEWS",0.0,0.0,62935.0,1,0,12,36,0,0,International,Club
Forever,2026,2026-10-07,,DF CONCERTS,70329.51,0.0,0.0,0,1,0,0,0,0,International,Arena
Westlife,2026,2026-10-07,,LIVE NATION MUSIC UK LTD,0.0,4814001.32,298555.76,1,42,6,1,5,9,International,Arena
Nic &amp; Desi,2026,2026-10-07,,OCESA,0.0,0.0,4274.05,0,0,1,0,0,0,International,Theater
Strawberry Guy,2026,2026-10-07,,Live Nation Austria GmbH,0.0,17830.48,7000.0,0,0,0,4,0,0,International,Club
Backstreet Boys,2026,2026-10-07,,Live Nation GmbH,65138687.18,0.0,42749575.69,70,246,48,2,11,10,International,Arena
Backstreet Boys,2026,2026-10-07,,Live Nation GmbH,65138687.18,0.0,42749575.69,70,246,48,2,11,10,International,Arena
Niall Horan,2026,2026-10-07,,Live Nation GmbH,0.0,68141223.9,0.0,58,70,28,3,1,4,International,Arena
J. Cole,2026,2026-10-07,,Live Nation GmbH,0.0,2084747.68,0.0,25,121,50,39,2,2,International,Arena
The Deep Dark Woods,2026,2026-10-07,,Live Nation / Vega,0.0,0.0,0.0,0,0,0,10,0,0,International,Club
Sand,2026,2026-10-07,,Live Nation,0.0,0.0,3156.0,0,0,0,1,0,0,International,Club
Teitur,2026,2026-10-07,,Live Nation Agency,0.0,0.0,0.0,0,0,0,10,0,0,International,Club
"Charlotte Brandi, Ment",2026,2026-10-07,,Live Nation sp. z o.o.,0.0,0.0,0.0,0,0,0,1,0,0,International,Club
Bass Drum Of Death,2026,2026-10-07,,Live Nation Sweden AB,1371.0,0.0,20732.48,0,0,1,18,0,1,International,Club
Home Free,2026,2026-10-07,,Live Nation Schweiz AG,233393.96,741013.19,739468.19,2,12,166,28,0,7,International,Theater
Badmómzjay,2026,2026-10-07,,Live Nation Schweiz AG,0.0,195491.21,220885.35,0,2,1,1,0,2,International,Arena
Deep Purple,2026,2026-10-07,,LIVE NATION CZECH REPUBLIC s.r.o.,0.0,6464659.54,1709824.57,10,77,41,4,5,16,International,Arena
Joshua,2026,2026-10-07,,LIVE NATION CZECH REPUBLIC s.r.o.,0.0,0.0,0.0,0,0,0,1,0,0,International,Club
Olivia Rodrigo,2026,2026-10-08,,LIVE NATION MUSIC,23420107.2,169307085.8,0.0,0,68,10,2,5,1,US,Arena
Jonas Brothers,2026,2026-10-08,,LIVE NATION MUSIC,81959444.45,30144554.31,109403725.33,84,205,28,1,31,5,US,Arena
Bring Me The Horizon,2026,2026-10-08,,LIVE NATION MUSIC,4461794.29,18325898.56,4881944.25,4,74,41,69,2,3,US,Arena
Dan + Shay,2026,2026-10-08,,LIVE NATION MUSIC,0.0,23220519.09,2076160.61,32,54,33,41,1,8,US,Arena
Knocked Loose,2026,2026-10-08,,LIVE NATION MUSIC,511899.01,1019550.49,0.0,0,0,14,49,0,1,US,Club
Skillet,2026,2026-10-08,,LIVE NATION MUSIC,2557214.15,260542.96,1377748.06,6,30,44,67,1,14,US,Theater
Five Finger Death Punch,2026,2026-10-08,,LIVE NATION MUSIC,485138.13,5167906.39,0.0,12,74,25,39,1,4,US,Amphitheatre
Switchfoot,2026,2026-10-08,,LIVE NATION MUSIC,181031.87,600305.9299999999,763943.0,5,6,80,76,1,17,US,Theater
Taste,2026,2026-10-08,,LIVE NATION MUSIC,0.0,0.0,0.0,0,0,1,1,0,0,US,Club
G-Eazy,2026,2026-10-08,,LIVE NATION MUSIC,453863.88,166997.78,53337.0,33,23,54,102,1,4,US,Amphitheatre
Gregory Alan Isakov,2026,2026-10-08,,LIVE NATION MUSIC,3442794.06,2282168.03,2303729.39,9,0,60,100,1,6,US,Amphitheatre
The Bobby Lees,2026,2026-10-08,,LIVE NATION MUSIC,0.0,0.0,5300.0,0,0,0,1,0,0,US,Club
Ravyn Lenae,2026,2026-10-08,,LIVE NATION MUSIC,318280.19,84165.32,42115.0,0,0,1,15,0,0,US,Club
"Melissa Etheridge, Wynonna Judd",2026,2026-10-08,,LIVE NATION MUSIC,0.0,0.0,0.0,3,0,0,0,0,0,US,Amphitheatre
JPEGMafia,2026,2026-10-08,,LIVE NATION MUSIC,557173.07,1250847.08,390783.87,1,0,19,57,0,1,US,Club
Black Jacket Symphony,2026,2026-10-08,,EMPORIUM PRESENTS,766104.4,782504.15,627644.4,0,0,136,38,0,1,US,Theater
Vitamin String Quartet,2026,2026-10-08,,LIVE NATION MUSIC,481511.65,644979.35,11285.0,0,0,36,8,0,0,US,Theater
Modest Mouse,2026,2026-10-08,,LIVE NATION MUSIC,897255.2,1391230.25,494004.69,36,5,80,66,2,9,US,Theater
Modest Mouse,2026,2026-10-08,,LIVE NATION MUSIC,897255.2,1391230.25,494004.69,36,5,80,66,2,9,US,Theater
Owen Riegling,2026,2026-10-08,,LIVE NATION MUSIC,0.0,18187.81,0.0,0,0,1,1,0,0,US,Club
Medium Build,2026,2026-10-08,,LIVE NATION MUSIC,81782.66,277378.99,6501.48,0,0,2,34,0,1,US,Club
George Birge,2026,2026-10-08,,LIVE NATION MUSIC,0.0,2624.0,0.0,0,0,1,3,0,0,US,Club
40 Fingers,2026,2026-10-08,,LIVE NATION MUSIC,47718.649999999994,0.0,70824.0,0,1,8,13,0,4,US,Arena
Thrown,2026,2026-10-08,,LIVE NATION MUSIC,486533.87,19505.85,0.0,0,0,6,34,0,0,US,Theater
Isaiah Falls,2026,2026-10-08,,LIVE NATION MUSIC,34588.22,0.0,0.0,0,0,1,2,0,0,US,Theater
Trampled By Turtles,2026,2026-10-08,,LIVE NATION MUSIC,739939.77,880795.05,730968.0,19,7,68,95,0,4,US,Amphitheatre
Metallica,2026,2026-10-08,,LIVE NATION MUSIC,137107458.47,179373637.38,146435306.85,0,95,4,4,135,10,US,Stadium
Metallica,2026,2026-10-08,,LIVE NATION MUSIC,137107458.47,179373637.38,146435306.85,0,95,4,4,135,10,US,Stadium
Rod Wave,2026,2026-10-08,,LIVE NATION MUSIC,21434081.53,44782080.52,58117202.64,1,85,1,0,0,0,US,Arena
Gorillaz,2026,2026-10-08,,LIVE NATION MUSIC,2844527.25,0.0,5075.0,8,77,15,1,3,1,US,Arena
Doja Cat,2026,2026-10-08,,LIVE NATION MUSIC,7384674.46,7298161.81,31988065.4,0,39,0,9,0,0,US,Arena
Shoreline Mafia,2026,2026-10-08,,LIVE NATION MUSIC,907871.75,0.0,0.0,0,2,8,43,0,0,US,Amphitheatre
Fuerza Regida,2026,2026-10-08,,LIVE NATION MUSIC,12582339.4,61688406.68,40356839.51,6,68,5,0,14,0,US,Amphitheatre
Mumford &amp; Sons,2026,2026-10-08,,LIVE NATION MUSIC,69320239.19,0.0,108400.0,71,157,29,30,23,8,US,Amphitheatre
Brad Paisley,2026,2026-10-08,,LIVE NATION MUSIC,5128820.34,1893483.75,0.0,233,177,13,3,4,5,US,Amphitheatre
MONSTA X,2026,2026-10-08,,LIVE NATION MUSIC,0.0,0.0,0.0,0,6,19,2,0,0,US,Theater
Neon Moon,2026,2026-10-08,,LIVE NATION MUSIC,24927.0,0.0,0.0,0,0,1,1,0,0,US,Club
Geese,2026,2026-10-08,,LIVE NATION MUSIC,156640.0,29014.0,20820.18,0,0,1,30,0,2,US,Theater
Cavetown,2026,2026-10-08,,LIVE NATION MUSIC,0.0,444645.86,1226221.94,2,1,17,39,0,6,US,Club
"""Les Nits de Barcelona"", Sting",2026,2026-10-08,,LIVE NATION MUSIC,0.0,0.0,0.0,0,0,0,0,0,1,US,Theater
Jacob Collier,2026,2026-10-08,,LIVE NATION MUSIC,2383436.26,3700744.51,623705.63,1,3,31,25,2,6,US,Theater
Suki Waterhouse,2026,2026-10-08,,LIVE NATION MUSIC,63447.01,1845642.36,489285.46,1,0,11,37,0,0,US,Club
Wyatt Flores,2026,2026-10-08,,LIVE NATION MUSIC,438749.65,925820.77,33065.0,0,0,12,22,0,3,US,Theater
Palace,2026,2026-10-08,,LIVE NATION MUSIC,216325.96,176855.55,138298.91,0,0,7,19,0,1,US,Club
Dermot Kennedy,2026,2026-10-08,,LIVE NATION MUSIC,715573.15,0.0,19937522.59,6,39,56,61,10,4,US,Arena
Waylon Wyatt,2026,2026-10-08,,LIVE NATION MUSIC,127869.14,0.0,0.0,0,0,2,8,0,0,US,Club
UB40,2026,2026-10-08,,LIVE NATION MUSIC,1292055.05,5742450.69,2259277.81,10,34,54,23,0,4,US,Theater
ROA,2026,2026-10-08,,LIVE NATION MUSIC,76190.94,0.0,0.0,0,1,4,3,0,0,US,Theater
Sleeping With Sirens,2026,2026-10-08,,LIVE NATION MUSIC,0.0,350306.75,319502.92,0,1,30,104,0,5,US,Club
Celtic Thunder,2026,2026-10-08,,LIVE NATION MUSIC,552178.1,872086.98,936120.37,1,62,271,6,0,26,US,Theater
Noga Erez,2026,2026-10-08,,HOUSE OF BLUES CONCERTS (HOB),614618.64,0.0,0.0,1,0,4,28,0,0,US,Club
Eslabon Armado,2026,2026-10-08,,LIVE NATION MUSIC,2431052.63,1261289.0,3416776.95,1,8,20,1,0,0,US,Theater
"""British Rock Royalty - Celebrating The Music Of Pink Floyd, Queen, The Who &amp; Led Zeppelin""",2026,2026-10-08,,LIVE NATION MUSIC,0.0,0.0,0.0,1,0,2,0,0,0,US,Arena
Twin Temple,2026,2026-10-08,,LIVE NATION MUSIC,0.0,0.0,0.0,0,0,2,5,0,0,US,Club
Buddy Guy,2026,2026-10-08,,LIVE NATION MUSIC,1069893.38,1872516.73,2376890.29,21,6,262,57,1,30,US,Theater
Emei,2026,2026-10-08,,LIVE NATION MUSIC,147261.76,63873.5,0.0,0,0,0,17,0,1,US,Theater
Dwight Yoakam,2026,2026-10-08,,LIVE NATION MUSIC,7169091.37,4536637.12,4270697.82,49,52,146,24,0,27,US,Amphitheatre
oskar med k,2026,2026-10-08,,LIVE NATION MUSIC,12958.9,0.0,0.0,0,0,0,3,0,0,US,Club
Ryan Beatty,2026,2026-10-08,,LIVE NATION MUSIC,0.0,164812.0,12100.0,0,1,3,17,0,0,US,Theater
Blonde Redhead,2026,2026-10-08,,LIVE NATION MUSIC,0.0,123970.18,148727.71,0,0,6,53,0,1,US,Club
Foster The People,2026,2026-10-08,,LIVE NATION MUSIC,1851580.29,0.0,0.0,17,7,38,56,2,7,US,Arena
Judah &amp; The Lion,2026,2026-10-08,,LIVE NATION MUSIC,74475.0,108536.7,156098.0,1,0,33,100,0,3,US,Club
Sara Bareilles,2026,2026-10-08,,LIVE NATION MUSIC,0.0,0.0,0.0,12,6,27,45,0,1,US,Arena
Forever,2026,2026-10-08,,LIVE NATION MUSIC,70329.51,0.0,0.0,0,1,0,0,0,0,US,Theater
Ultimate Eagles,2026,2026-10-08,,FRANK PRODUCTIONS,0.0,0.0,0.0,0,0,0,4,0,2,US,Theater
Bleachers,2026,2026-10-08,,LIVE NATION MUSIC,0.0,4208643.78,0.0,6,4,15,43,0,7,US,Club
Amyl and the Sniffers,2026,2026-10-08,,LIVE NATION MUSIC,3061334.92,650407.46,233682.02,4,3,19,43,1,3,US,Club
Ingrid Andress,2026,2026-10-08,,LIVE NATION MUSIC,0.0,0.0,52989.3,0,0,0,11,0,0,US,Club
Arrows In Action,2026,2026-10-08,,LIVE NATION MUSIC,13082.73,34183.25,19376.53,0,0,0,14,0,0,US,Club
"Mic Crenshaw, Special Guests",2026,2026-10-08,,LIVE NATION MUSIC,0.0,0.0,0.0,0,0,0,1,0,0,US,Theater
"The Beths, Beach Bunny",2026,2026-10-08,,FRANK PRODUCTIONS,0.0,0.0,0.0,0,0,0,1,0,0,US,Club
Tinlicker,2026,2026-10-08,,LIVE NATION MUSIC,0.0,288077.94,226265.83,0,1,4,11,0,1,US,Club
edgehill,2026,2026-10-08,,LIVE NATION MUSIC,0.0,0.0,0.0,0,0,0,1,0,0,US,Club
Stephen Dawes,2026,2026-10-08,,LIVE NATION MUSIC,0.0,0.0,0.0,0,0,0,1,0,0,US,Club
Russian Circles,2026,2026-10-08,,FRANK PRODUCTIONS,50599.0,0.0,0.0,0,0,3,53,0,0,US,Club
The Dolls,2026,2026-10-08,,LIVE NATION MUSIC,0.0,0.0,0.0,0,0,1,0,0,0,US,Theater
Bad Nerves,2026,2026-10-08,,HOUSE OF BLUES CONCERTS (HOB),64300.42,29070.47,4747.71,0,0,1,12,0,2,US,Club
Joe Jordan,2026,2026-10-08,,HOUSE OF BLUES CONCERTS (HOB),5540.0,0.0,0.0,0,0,0,4,0,0,US,Club
Finn Wolfhard,2026,2026-10-08,,LIVE NATION TENNESSEE,55692.15,0.0,0.0,0,0,2,4,0,0,US,Club
Rain,2026,2026-10-08,,LIVE NATION MUSIC,0.0,0.0,207956.5,1,1,4,0,0,1,US,Theater
The Rasmus,2026,2026-10-08,,LIVE NATION MUSIC,881295.03,0.0,269453.58,0,4,13,29,0,21,US,Theater
The Rush Tribute Project,2026,2026-10-08,,LIVE NATION MUSIC,548321.85,62212.5,173466.09,0,1,42,2,0,1,US,Theater
Cowboys &amp; Frenchmen,2026,2026-10-08,,LIVE NATION MUSIC,0.0,0.0,0.0,0,0,0,1,0,0,US,Theater
The Brook &amp; The Bluff,2026,2026-10-08,,LIVE NATION MUSIC,13195.0,54224.59,250521.71,0,0,7,36,0,1,US,Club
Sons of Legion,2026,2026-10-08,,LIVE NATION MUSIC,0.0,0.0,0.0,0,0,12,29,0,0,US,Theater
Son Lux,2026,2026-10-08,,LIVE NATION MUSIC,0.0,0.0,21247.36,0,0,4,27,0,0,US,Club
Paige Fish,2026,2026-10-08,,HOUSE OF BLUES CONCERTS (HOB),9092.75,0.0,0.0,0,0,0,2,0,0,US,Club
Sunday (1994),2026,2026-10-08,,LIVE NATION MUSIC,24062.46,3095.15,0.0,0,0,0,6,0,0,US,Club
elijah,2026,2026-10-08,,LIVE NATION MUSIC,15245.0,0.0,0.0,0,0,0,1,0,0,US,Club
Bongzilla,2026,2026-10-08,,FRANK PRODUCTIONS,5815.0,0.0,9487.0,0,0,0,8,0,0,US,Club
Tommy Emmanuel,2026,2026-10-08,,LIVE NATION MUSIC,381234.37,414263.54,630168.4299999999,0,1,267,67,0,20,US,Theater
Tommy Emmanuel,2026,2026-10-08,,LIVE NATION MUSIC,381234.37,414263.54,630168.4299999999,0,1,267,67,0,20,US,Arena
The Rush Tribute Project,2026,2026-10-08,,LIVE NATION MUSIC,548321.85,62212.5,173466.09,0,1,42,2,0,1,US,Arena
Vincent Neil Emerson,2026,2026-10-08,,LIVE NATION MUSIC,32285.09,10571.0,14619.0,0,0,0,17,0,0,US,Club
Lakeview,2026,2026-10-08,,LIVE NATION MUSIC,21715.0,2531.02,3539.0,0,0,0,14,0,0,US,Club
The Brook &amp; The Bluff,2026,2026-10-08,,LIVE NATION MUSIC,13195.0,54224.59,250521.71,0,0,7,36,0,1,US,Club
Alana Springsteen,2026,2026-10-08,,LIVE NATION MUSIC,0.0,52860.5,44910.24,0,0,2,12,0,1,US,Club
"""Past, Present, Future: A Dance Gala""",2026,2026-10-08,,LIVE NATION MUSIC,0.0,0.0,0.0,0,0,1,0,0,0,US,Theater
Pete &amp; Bas,2026,2026-10-08,,LIVE NATION MUSIC,19756.22,54277.37,0.0,0,0,0,7,0,0,US,Club
Lakeview,2026,2026-10-08,,LIVE NATION MUSIC,21715.0,2531.02,3539.0,0,0,0,14,0,0,US,Club
Bear,2026,2026-10-08,,LIVE NATION MUSIC,0.0,0.0,0.0,0,0,0,1,0,0,US,Club
Alana Springsteen,2026,2026-10-08,,LIVE NATION MUSIC,0.0,52860.5,44910.24,0,0,2,12,0,1,US,Club
Bear,2026,2026-10-08,,LIVE NATION MUSIC,0.0,0.0,0.0,0,0,0,1,0,0,US,Club
"The Black Crowes, Whiskey Myers",2026,2026-10-08,,LIVE NATION CANADA (LN),0.0,0.0,0.0,1,1,0,0,0,0,International,Arena
J &amp; The Causeways,2026,2026-10-08,,LIVE NATION CANADA (LN),2003.0,0.0,0.0,0,0,0,2,0,0,International,Club
Buffalo Traffic Jam,2026,2026-10-08,,LIVE NATION CANADA (LN),0.0,0.0,0.0,0,0,1,7,0,0,International,Theater
J &amp; The Causeways,2026,2026-10-08,,LIVE NATION CANADA (LN),2003.0,0.0,0.0,0,0,0,2,0,0,International,Club
Lenny Pearce,2026,2026-10-08,,LIVE NATION CANADA (LN),1149576.75,11247.35,0.0,1,0,32,23,0,2,International,Theater
Bolden.,2026,2026-10-08,,LIVE NATION CANADA (LN),16885.78,0.0,0.0,0,0,2,0,0,0,International,Club
Beabadoobee,2026,2026-10-08,,EVENKO CO-PRO WITH LIVE NATION,801797.5,2506361.44,323192.05,1,2,23,27,0,1,International,Club
Running,2026,2026-10-08,,LIVE NATION MUSIC,0.0,0.0,0.0,0,0,0,1,0,0,International,Theater
Tricky,2026,2026-10-08,,LIVE NATION CANADA (LN),0.0,252775.0,0.0,0,0,3,25,0,0,International,Theater
Sabaton,2026,2026-10-08,,LIVE NATION MUSIC,13311096.98,0.0,3200841.5700000003,0,31,18,33,0,0,International,Club
"""Corrosion: A Goth, Industrial, And Noise Club Night""",2026,2026-10-08,,LIVE NATION CANADA (LN),0.0,0.0,0.0,0,0,0,25,0,0,International,Theater
Pros &amp; iCons,2026,2026-10-08,,LIVE NATION CANADA (LN),0.0,0.0,0.0,0,0,0,1,0,0,International,Club
Pet Needs,2026,2026-10-08,,MCD PRODUCTIONS,0.0,6343.82,812.0,0,0,0,7,0,1,International,Club
Joyce Manor,2026,2026-10-08,,LIVE NATION MUSIC UK LTD,33600.0,29212.5,32432.0,0,0,5,53,0,1,International,Club
Creeper,2026,2026-10-08,,"LIVE NATION UK FOR ARTIST, TOUR, FESTIVAL AND PRESALE NEWS",0.0,5139.85,0.0,0,0,0,6,0,0,International,Club
Hunter,2026,2026-10-08,,"LIVE NATION UK FOR ARTIST, TOUR, FESTIVAL AND PRESALE NEWS",0.0,0.0,0.0,0,0,0,1,0,0,International,Club
Ra,2026,2026-10-08,,"LIVE NATION UK FOR ARTIST, TOUR, FESTIVAL AND PRESALE NEWS",910.56,0.0,0.0,0,0,0,2,0,0,International,Club
Dylan Flynn And The Dead Poets,2026,2026-10-08,,"LIVE NATION UK FOR ARTIST, TOUR, FESTIVAL AND PRESALE NEWS",1112.02,1837.68,412.35,0,0,0,4,0,1,International,Club
Star &amp; Micey,2026,2026-10-08,,"LIVE NATION UK FOR ARTIST, TOUR, FESTIVAL AND PRESALE NEWS",0.0,0.0,0.0,0,0,0,1,0,0,International,Theater
Ben Ellis,2026,2026-10-08,,LIVE NATION MUSIC UK LTD,14357.64,0.0,0.0,0,0,0,3,0,1,International,Club
The Hu,2026,2026-10-08,,LIVE NATION MUSIC UK LTD,210949.49,495401.84,297489.07,0,1,15,35,0,3,International,Club
Amble,2026,2026-10-08,,LIVE NATION MUSIC UK LTD,4723469.38,406488.11,0.0,0,5,9,43,2,5,International,Club
Robbie Williams,2026,2026-10-08,,OCESA,52451933.239999995,1132445.32,31254248.13,4,48,2,0,17,3,International,Arena
Rock,2026,2026-10-08,,OCESA,0.0,0.0,0.0,0,0,0,1,0,0,International,Club
Miami Horror,2026,2026-10-08,,OCESA,105889.57,0.0,0.0,0,0,2,18,0,2,International,Club
Okills,2026,2026-10-08,,OCESA,0.0,0.0,0.0,0,0,0,1,0,0,International,Club
Pablo Alborán,2026,2026-10-08,,OCESA,0.0,2069531.8,8112290.38,4,34,29,1,11,3,International,Theater
Home Free,2026,2026-10-08,,Live Nation Austria GmbH,233393.96,741013.19,739468.19,2,12,166,28,0,7,International,Theater
Spiritbox,2026,2026-10-08,,Live Nation,2120691.02,0.0,380020.58,0,4,4,17,0,0,International,Arena
James Blake,2026,2026-10-08,,Live Nation,67251.97,151716.84,945662.87,3,6,32,64,0,0,International,Club
Niall Horan,2026,2026-10-08,,Live Nation GmbH,0.0,68141223.9,0.0,58,70,28,3,1,4,International,Arena
Joshua,2026,2026-10-08,,Live Nation Sp. z o.o.,0.0,0.0,0.0,0,0,0,1,0,0,International,Club
Allie X,2026,2026-10-08,,Live Nation sp. z o.o.,107624.0,79993.31,0.0,0,0,2,12,0,2,International,Club
"Charlotte Brandi, Ment",2026,2026-10-08,,Live Nation sp. z o.o.,0.0,0.0,0.0,0,0,0,1,0,0,International,Club
I Prevail,2026,2026-10-08,,Live Nation Schweiz AG,205785.32,522386.18999999994,760340.9,3,3,17,54,0,3,International,Theater
Civo,2026,2026-10-08,,Live Nation Schweiz AG,25663.12,0.0,0.0,0,0,0,1,0,0,International,Club
Bleood,2026,2026-10-08,,LIVE NATION CZECH REPUBLIC s.r.o.,0.0,0.0,0.0,0,0,0,1,0,0,International,Club
El Mundo,2026,2026-10-09,,LIVE NATION MUSIC,0.0,0.0,0.0,0,0,1,0,0,0,US,Stadium
Dan + Shay,2026,2026-10-09,,LIVE NATION MUSIC,0.0,23220519.09,2076160.61,32,54,33,41,1,8,US,Arena
Phish,2026,2026-10-09,,LIVE NATION MUSIC,58851317.48,51805142.03,60505793.5,160,101,10,0,26,5,US,Arena
"""Laughs, Music, &amp; Vibes""",2026,2026-10-09,,LIVE NATION MUSIC,0.0,0.0,0.0,0,0,0,1,0,0,US,Club
Bryson Tiller,2026,2026-10-09,,LIVE NATION MUSIC,0.0,14396903.73,1952369.56,10,20,31,34,0,2,US,Amphitheatre
Tedeschi Trucks Band,2026,2026-10-09,,LIVE NATION MUSIC,5978304.630000001,9551174.93,7870383.93,98,7,225,24,2,8,US,Amphitheatre
Avatar,2026,2026-10-09,,LIVE NATION MUSIC,549363.65,456317.3,414674.53,0,1,12,50,0,4,US,Club
Basement,2026,2026-10-09,,LIVE NATION MUSIC,265803.7,42000.0,0.0,0,0,5,27,0,4,US,Club
The Black Dahlia Murder,2026,2026-10-09,,LIVE NATION MUSIC,0.0,65614.66,163785.56,0,0,21,93,0,2,US,Theater
G-Eazy,2026,2026-10-09,,LIVE NATION MUSIC,453863.88,166997.78,53337.0,33,23,54,102,1,4,US,Amphitheatre
Bethel Music,2026,2026-10-09,,LIVE NATION MUSIC,972671.18,0.0,466550.0,0,6,66,4,0,6,US,Theater
CupcakKe,2026,2026-10-09,,LIVE NATION MUSIC,101640.0,185280.07,588884.75,1,0,9,89,0,0,US,Club
Broadway,2026,2026-10-09,,LIVE NATION MUSIC,0.0,0.0,0.0,0,0,0,2,0,0,US,Theater
Clint Black,2026,2026-10-09,,LIVE NATION MUSIC,1793575.7,2126718.27,930958.82,11,15,179,14,0,30,US,Amphitheatre
Taste,2026,2026-10-09,,LIVE NATION MUSIC,0.0,0.0,0.0,0,0,1,1,0,0,US,Theater
Turnpike Troubadours,2026,2026-10-09,,LIVE NATION MUSIC,2346574.06,4318554.92,3521142.51,29,12,42,108,4,12,US,Amphitheatre
Trampled By Turtles,2026,2026-10-09,,LIVE NATION MUSIC,739939.77,880795.05,730968.0,19,7,68,95,0,4,US,Club
Everything,2026,2026-10-09,,HOUSE OF BLUES CONCERTS (HOB),0.0,0.0,0.0,0,0,0,1,0,0,US,Club
Tedeschi Trucks Band,2026,2026-10-09,,LIVE NATION MUSIC,5978304.630000001,9551174.93,7870383.93,98,7,225,24,2,8,US,Amphitheatre
Black Jacket Symphony,2026,2026-10-09,,EMPORIUM PRESENTS,766104.4,782504.15,627644.4,0,0,136,38,0,1,US,Theater
"The A, B, C &amp; D Of Boogie Woogie",2026,2026-10-09,,LIVE NATION MUSIC,0.0,0.0,0.0,0,0,0,1,0,0,US,Club
YT,2026,2026-10-09,,LIVE NATION MUSIC,31993.79,0.0,0.0,0,0,0,3,0,0,US,Theater
Michael Franti &amp; Spearhead,2026,2026-10-09,,LIVE NATION MUSIC,877302.5,6993576.6,4151183.84,114,3,86,115,2,32,US,Club
KNOX,2026,2026-10-09,,LIVE NATION MUSIC,60461.53,18594.0,0.0,0,0,0,9,0,0,US,Club
"Memphis May Fire, Rain City Drive, Nevertel, If Not For Me",2026,2026-10-09,,LIVE NATION MUSIC,34480.0,0.0,0.0,0,0,0,1,0,0,US,Theater
Tennis,2026,2026-10-09,,LIVE NATION MUSIC,710229.75,0.0,600832.26,2,0,11,97,0,2,US,Club
Friday,2026,2026-10-09,,LIVE NATION MUSIC,0.0,0.0,0.0,0,0,0,1,0,0,US,Theater
Mike DelGuidice,2026,2026-10-09,,LIVE NATION MUSIC,84126.6,352742.89,412679.95,0,1,12,42,0,2,US,Club
AJJ,2026,2026-10-09,,LIVE NATION MUSIC,0.0,0.0,58614.0,0,0,3,41,0,2,US,Theater
Free Throw,2026,2026-10-09,,LIVE NATION MUSIC,16975.66,12411.08,41648.0,1,0,1,18,0,2,US,Club
"""Past, Present, Future: A Dance Gala""",2026,2026-10-09,,LIVE NATION MUSIC,0.0,0.0,0.0,0,0,1,0,0,0,US,Theater
Brothers,2026,2026-10-09,,LIVE NATION MUSIC,0.0,0.0,0.0,0,0,1,3,0,0,US,Club
DJ Pauly D,2026,2026-10-09,,LIVE NATION MUSIC,179775.0,398746.0,426207.0,1,0,6,49,0,9,US,Club
DJ Pauly D,2026,2026-10-09,,LIVE NATION MUSIC,179775.0,398746.0,426207.0,1,0,6,49,0,9,US,Club
Rav,2026,2026-10-09,,LIVE NATION MUSIC,0.0,0.0,7775.0,0,0,0,4,0,0,US,Club
Xperience,2026,2026-10-09,,LIVE NATION MUSIC,0.0,0.0,0.0,0,0,0,2,0,0,US,Club
Free Throw,2026,2026-10-09,,LIVE NATION MUSIC,16975.66,12411.08,41648.0,1,0,1,18,0,2,US,Club
George Birge,2026,2026-10-09,,LIVE NATION MUSIC,0.0,2624.0,0.0,0,0,1,3,0,0,US,Club
Rav,2026,2026-10-09,,LIVE NATION MUSIC,0.0,0.0,7775.0,0,0,0,4,0,0,US,Club
"Chris Brown, Usher",2026,2026-10-09,,LIVE NATION MUSIC,0.0,0.0,0.0,0,0,0,0,18,0,US,Stadium
Harry Styles,2026,2026-10-09,,LIVE NATION MUSIC,0.0,0.0,252490036.3,1,117,15,2,33,5,US,Arena
The Neighbourhood,2026,2026-10-09,,LIVE NATION MUSIC,0.0,0.0,0.0,1,16,29,68,1,0,US,Club
The Gathering,2026,2026-10-09,,LIVE NATION MUSIC,0.0,0.0,0.0,0,0,2,0,0,0,US,Arena
Neon Moon,2026,2026-10-09,,LIVE NATION MUSIC,24927.0,0.0,0.0,0,0,1,1,0,0,US,Arena
Rock,2026,2026-10-09,,LIVE NATION MUSIC,0.0,0.0,0.0,0,0,0,1,0,0,US,Arena
aespa,2026,2026-10-09,,LIVE NATION MUSIC,14143082.18,2543904.85,5743138.49,0,16,7,1,0,0,US,Arena
Fuerza Regida,2026,2026-10-09,,LIVE NATION MUSIC,12582339.4,61688406.68,40356839.51,6,68,5,0,14,0,US,Amphitheatre
Arcángel,2026,2026-10-09,,LIVE NATION MUSIC,0.0,5578759.22,9635530.99,2,31,6,0,4,1,US,Arena
Maná,2026,2026-10-09,,LIVE NATION MUSIC,0.0,0.0,0.0,0,1,0,0,0,0,US,Arena
Shoreline Mafia,2026,2026-10-09,,LIVE NATION MUSIC,907871.75,0.0,0.0,0,2,8,43,0,0,US,Amphitheatre
Chris Stapleton,2026,2026-10-09,,LIVE NATION MUSIC,53557875.51,78825261.73,15339749.0,167,156,22,24,20,4,US,Amphitheatre
Jack Johnson,2026,2026-10-09,,LIVE NATION MUSIC,0.0,0.0,3419683.68,100,12,18,1,12,15,US,Amphitheatre
Jonas Brothers,2026,2026-10-09,,LIVE NATION MUSIC,81959444.45,30144554.31,109403725.33,84,205,28,1,31,5,US,Arena
Hayley Williams,2026,2026-10-09,,LIVE NATION MUSIC,0.0,0.0,0.0,0,0,7,3,2,0,US,Amphitheatre
The Chicks,2026,2026-10-09,,LIVE NATION MUSIC,0.0,0.0,21183223.21,39,69,4,0,3,0,US,Theater
wave to earth,2026,2026-10-09,,LIVE NATION MUSIC,1624927.5,590021.89,112350.0,0,0,8,12,0,0,US,Theater
Anton &amp; Erin,2026,2026-10-09,,LIVE NATION MUSIC,0.0,0.0,0.0,0,0,1,0,0,0,US,Arena
Role Model,2026,2026-10-09,,LIVE NATION MUSIC,884833.07,275786.98,0.0,0,0,8,44,0,1,US,Amphitheatre
Thomas Rhett,2026,2026-10-09,,LIVE NATION MUSIC,2922641.5,68902.93,20832639.72,28,108,4,13,3,2,US,Amphitheatre
Jorge Medina,2026,2026-10-09,,LIVE NATION MUSIC,0.0,0.0,0.0,0,0,1,0,0,0,US,Theater
"""Past, Present, Future: A Dance Gala""",2026,2026-10-09,,LIVE NATION MUSIC,0.0,0.0,0.0,0,0,1,0,0,0,US,Amphitheatre
Little Big Town,2026,2026-10-09,,LIVE NATION MUSIC,2309214.5,13004819.31,2846985.5,23,68,94,16,1,12,US,Theater
Malcolm Todd,2026,2026-10-09,,LIVE NATION MUSIC,207372.81,63535.0,0.0,0,0,5,8,0,0,US,Club
Two Door Cinema Club,2026,2026-10-09,,LIVE NATION MUSIC,0.0,2811716.67,777788.89,4,7,43,87,3,5,US,Club
Schoolboy Q,2026,2026-10-09,,LIVE NATION MUSIC,0.0,31295.0,0.0,0,5,16,38,0,1,US,Club
Shaboozey,2026,2026-10-09,,LIVE NATION MUSIC,1427197.18,60000.0,0.0,0,1,4,9,0,1,US,Club
Brad Paisley,2026,2026-10-09,,LIVE NATION MUSIC,5128820.34,1893483.75,0.0,233,177,13,3,4,5,US,Arena
Vida,2026,2026-10-09,,LIVE NATION MUSIC,0.0,9870.11,0.0,0,0,0,8,0,2,US,Theater
La Mafia,2026,2026-10-09,,LIVE NATION MUSIC,411407.02,422897.09,212881.24,0,7,11,1,0,0,US,Theater
Tinlicker,2026,2026-10-09,,LIVE NATION MUSIC,0.0,288077.94,226265.83,0,1,4,11,0,1,US,Club
"""Les Nits de Barcelona"", Sting",2026,2026-10-09,,LIVE NATION MUSIC,0.0,0.0,0.0,0,0,0,0,0,1,US,Theater
Cavetown,2026,2026-10-09,,LIVE NATION MUSIC,0.0,444645.86,1226221.94,2,1,17,39,0,6,US,Club
"Salt-N-Pepa, Ginuwine",2026,2026-10-09,,LIVE NATION MUSIC,0.0,0.0,0.0,0,0,1,0,0,0,US,Theater
Beck,2026,2026-10-09,,LIVE NATION MUSIC,1461640.71,626608.75,4873011.17,24,9,29,9,0,4,US,Theater
Niko Moon,2026,2026-10-09,,LIVE NATION MUSIC,748025.72,907982.25,432708.0,3,0,16,65,0,1,US,Club
Back to the Eighties Show with Jessie's Girl,2026,2026-10-09,,LIVE NATION MUSIC,121274.4,230981.5,242338.95,0,0,23,48,0,0,US,Club
Xavier Wulf,2026,2026-10-09,,HOUSE OF BLUES CONCERTS (HOB),37425.0,959758.4,0.0,1,0,14,55,0,0,US,Club
Top,2026,2026-10-09,,LIVE NATION MUSIC,0.0,0.0,0.0,0,0,0,3,0,0,US,Club
Cross Canadian Ragweed,2026,2026-10-09,,LIVE NATION MUSIC,0.0,0.0,0.0,2,0,3,4,0,1,US,Theater
3BallMTY,2026,2026-10-09,,LIVE NATION MUSIC,42432.0,0.0,0.0,0,0,0,3,0,0,US,Club
My Morning Jacket,2026,2026-10-09,,LIVE NATION MUSIC,3060170.37,572515.0,3673074.6,60,5,57,23,3,7,US,Amphitheatre
Soccer Mommy,2026,2026-10-09,,FRANK PRODUCTIONS,257014.8,4765.9,92616.97,0,0,7,45,0,1,US,Club
America,2026,2026-10-09,,LIVE NATION MUSIC,4786730.81,4477164.55,1750231.2,5,8,180,41,0,14,US,Theater
Chief Keef,2026,2026-10-09,,LIVE NATION MUSIC,0.0,366115.0,0.0,0,1,6,19,0,0,US,Club
Rodrigo y Gabriela,2026,2026-10-09,,LIVE NATION MUSIC,68954.74,537959.35,1458366.69,33,3,134,58,0,10,US,Theater
Scene Queen,2026,2026-10-09,,LIVE NATION MUSIC,65472.39,49049.0,0.0,0,0,0,8,0,3,US,Club
"The World, World Inferno Friendship Society",2026,2026-10-09,,LIVE NATION MUSIC,0.0,0.0,0.0,0,0,0,1,0,0,US,Arena
Judah &amp; The Lion,2026,2026-10-09,,LIVE NATION MUSIC,74475.0,108536.7,156098.0,1,0,33,100,0,3,US,Theater
Godsmack,2026,2026-10-09,,LIVE NATION MUSIC,3204398.91,9813515.82,4972649.24,11,71,49,13,0,5,US,Arena
Band-Maid,2026,2026-10-09,,HOUSE OF BLUES CONCERTS (HOB),0.0,0.0,116315.42,0,1,0,3,0,0,US,Club
Godsmack,2026,2026-10-09,,LIVE NATION MUSIC,3204398.91,9813515.82,4972649.24,11,71,49,13,0,5,US,Arena
"Band Of Horses, Dinosaur Jr.",2026,2026-10-09,,LIVE NATION MUSIC,0.0,0.0,0.0,1,0,0,0,0,0,US,Amphitheatre
Jack White,2026,2026-10-09,,LIVE NATION MUSIC,9888079.67,1029333.01,0.0,8,36,58,33,2,4,US,Theater
Lo &amp; Leduc,2026,2026-10-09,,LIVE NATION MUSIC,0.0,0.0,0.0,0,0,0,1,2,0,US,Stadium
Electric Feel,2026,2026-10-09,,LIVE NATION MUSIC,0.0,0.0,0.0,0,0,0,5,0,0,US,Club
Stranger,2026,2026-10-09,,HOUSE OF BLUES CONCERTS (HOB),0.0,0.0,0.0,1,0,0,0,0,0,US,Amphitheatre
Iron &amp; Wine,2026,2026-10-09,,HOUSE OF BLUES CONCERTS (HOB),234458.3,956492.07,19800.0,1,0,69,56,0,4,US,Theater
Public,2026,2026-10-09,,LIVE NATION MUSIC,0.0,0.0,0.0,0,0,0,4,0,0,US,Club
Yandel,2026,2026-10-09,,LIVE NATION MUSIC,5429413.42,695647.99,0.0,4,19,26,2,2,2,US,Arena
Dark Streets,2026,2026-10-09,,LIVE NATION MUSIC,0.0,0.0,4899.0,0,0,0,2,0,0,US,Club
Sanguisugabogg,2026,2026-10-09,,LIVE NATION MUSIC,0.0,87000.54000000001,4360.0,0,0,3,14,0,0,US,Theater
San Holo,2026,2026-10-09,,LIVE NATION MUSIC,286586.5,58302.0,420309.0,1,1,6,35,0,0,US,Club
Gasolina Party,2026,2026-10-09,,HOUSE OF BLUES CONCERTS (HOB),71311.0,0.0,0.0,0,0,2,3,0,0,US,Club
Top,2026,2026-10-09,,LIVE NATION MUSIC,0.0,0.0,0.0,0,0,0,3,0,0,US,Club
Tina,2026,2026-10-09,,LIVE NATION MUSIC,0.0,0.0,0.0,0,0,2,0,0,0,US,Theater
House Of Heavy,2026,2026-10-09,,LIVE NATION MUSIC,0.0,0.0,0.0,0,0,0,3,0,0,US,Club
PRESIDENT,2026,2026-10-09,,LIVE NATION MUSIC,0.0,0.0,0.0,0,0,1,2,0,0,US,Club
PRESIDENT,2026,2026-10-09,,LIVE NATION MUSIC,0.0,0.0,0.0,0,0,1,2,0,0,US,Club
Cameron Whitcomb,2026,2026-10-09,,LIVE NATION MUSIC,169356.41999999998,20541.0,0.0,0,0,5,16,0,0,US,Arena
RED,2026,2026-10-09,,HOUSE OF BLUES CONCERTS (HOB),0.0,65228.02,0.0,0,3,18,52,0,5,US,Club
Kenny Wayne Shepherd,2026,2026-10-09,,FRANK PRODUCTIONS,861210.02,1084321.07,3587479.38,9,0,142,68,0,18,US,Theater
Sixteen Candles,2026,2026-10-09,,FRANK PRODUCTIONS,66530.58,48954.0,24890.0,0,0,5,24,0,2,US,Club
HER,2026,2026-10-09,,LIVE NATION MUSIC,0.0,0.0,0.0,0,0,0,1,0,0,US,Club
Giovannie &amp; The Hired Guns,2026,2026-10-09,,LIVE NATION MUSIC,27718.96,35887.78,14650.0,0,0,0,20,0,1,US,Club
Nite,2026,2026-10-09,,LIVE NATION MUSIC,0.0,0.0,0.0,0,0,0,1,0,0,US,Club
Claire Rosinkranz,2026,2026-10-09,,LIVE NATION MUSIC,0.0,0.0,83287.5,0,0,0,11,0,0,US,Theater
Seun Kuti &amp; Egypt 80,2026,2026-10-09,,LIVE NATION MUSIC,67259.45,0.0,0.0,1,0,1,7,0,0,US,Theater
High &amp; Mighty Brass Band!,2026,2026-10-09,,FRANK PRODUCTIONS,0.0,0.0,0.0,0,0,0,4,0,0,US,Club
Lilyisthatyou,2026,2026-10-09,,LIVE NATION MUSIC,2952.21,0.0,0.0,0,0,1,0,0,0,US,Theater
"Me, Grimlock!",2026,2026-10-09,,HOUSE OF BLUES CONCERTS (HOB),198.0,0.0,0.0,0,0,0,1,0,0,US,Club
"The A, B, C &amp; D Of Boogie Woogie",2026,2026-10-09,,LIVE NATION MUSIC,0.0,0.0,0.0,0,0,0,1,0,0,US,Theater
Arty,2026,2026-10-09,,LIVE NATION MUSIC,0.0,4500.0,14060.0,0,0,1,13,0,0,US,Theater
Rav,2026,2026-10-09,,HOUSE OF BLUES CONCERTS (HOB),0.0,0.0,7775.0,0,0,0,4,0,0,US,Club
Larger Than Life,2026,2026-10-09,,HOUSE OF BLUES CONCERTS (HOB),0.0,0.0,0.0,1,0,0,0,0,0,US,Amphitheatre
The Dolls,2026,2026-10-09,,LIVE NATION MUSIC,0.0,0.0,0.0,0,0,1,0,0,0,US,Theater
Noga Erez,2026,2026-10-09,,LIVE NATION MUSIC,614618.64,0.0,0.0,1,0,4,28,0,0,US,Club
Owen Riegling,2026,2026-10-09,,LIVE NATION MUSIC,0.0,18187.81,0.0,0,0,1,1,0,0,US,Club
Arin Ray,2026,2026-10-09,,LIVE NATION MUSIC,0.0,10700.0,0.0,0,0,0,5,0,0,US,Club
Bad Nerves,2026,2026-10-09,,HOUSE OF BLUES CONCERTS (HOB),64300.42,29070.47,4747.71,0,0,1,12,0,2,US,Club
This Wild Life,2026,2026-10-09,,HOUSE OF BLUES CONCERTS (HOB),9810.0,0.0,7079.0,0,0,2,15,0,2,US,Club
Ares,2026,2026-10-09,,HOUSE OF BLUES CONCERTS (HOB),0.0,51544.490000000005,44710.09,0,0,1,13,0,4,US,Club
"In, Flew Ants",2026,2026-10-09,,LIVE NATION MUSIC,0.0,0.0,0.0,0,0,0,2,0,0,US,Club
Gully Boys,2026,2026-10-09,,FRANK PRODUCTIONS,0.0,0.0,0.0,0,0,0,9,0,0,US,Club
The Rush Tribute Project,2026,2026-10-09,,LIVE NATION MUSIC,548321.85,62212.5,173466.09,0,1,42,2,0,1,US,Theater
Sugarland,2026,2026-10-09,,LIVE NATION MUSIC,0.0,0.0,0.0,71,60,8,1,4,4,US,Arena
Sugarland,2026,2026-10-09,,LIVE NATION MUSIC,0.0,0.0,0.0,71,60,8,1,4,4,US,Arena
Tommy Emmanuel,2026,2026-10-09,,LIVE NATION MUSIC,381234.37,414263.54,630168.4299999999,0,1,267,67,0,20,US,Theater
The Number Twelve Looks Like You,2026,2026-10-09,,LIVE NATION MUSIC,0.0,0.0,0.0,0,0,0,4,0,0,US,Club
The Number Twelve Looks Like You,2026,2026-10-09,,LIVE NATION MUSIC,0.0,0.0,0.0,0,0,0,4,0,0,US,Club
Taylor &amp; The Wild Now,2026,2026-10-09,,LIVE NATION MUSIC,0.0,0.0,0.0,0,0,0,3,0,0,US,Club
Ron,2026,2026-10-09,,LIVE NATION MUSIC,0.0,0.0,0.0,0,0,1,0,0,0,US,Theater
Keznamdi,2026,2026-10-09,,LIVE NATION MUSIC,0.0,0.0,0.0,0,0,0,2,0,0,US,Club
Rain,2026,2026-10-09,,LIVE NATION MUSIC,0.0,0.0,207956.5,1,1,4,0,0,1,US,Theater
Shane &amp; Shane,2026,2026-10-09,,LIVE NATION MUSIC,59457.95,0.0,0.0,0,0,4,0,0,0,US,Theater
The Rush Tribute Project,2026,2026-10-09,,LIVE NATION MUSIC,548321.85,62212.5,173466.09,0,1,42,2,0,1,US,Theater
BALTHVS,2026,2026-10-09,,LIVE NATION MUSIC,6524.1,33995.54,0.0,0,0,0,8,0,0,US,Club
The Holdup,2026,2026-10-09,,LIVE NATION MUSIC,2881.0,0.0,0.0,0,0,0,19,0,0,US,Club
The Holdup,2026,2026-10-09,,LIVE NATION MUSIC,2881.0,0.0,0.0,0,0,0,19,0,0,US,Club
BALTHVS,2026,2026-10-09,,LIVE NATION MUSIC,6524.1,33995.54,0.0,0,0,0,8,0,0,US,Club
jigitz,2026,2026-10-09,,LIVE NATION MUSIC,23270.06,0.0,0.0,0,0,1,5,0,0,US,Club
"The A, B, C &amp; D Of Boogie Woogie",2026,2026-10-09,,LIVE NATION MUSIC,0.0,0.0,0.0,0,0,0,1,0,0,US,Theater
jigitz,2026,2026-10-09,,LIVE NATION MUSIC,23270.06,0.0,0.0,0,0,1,5,0,0,US,Club
Asha Banks,2026,2026-10-09,,LIVE NATION CANADA (LN),0.0,0.0,0.0,0,0,0,0,0,1,International,Other
Paradise,2026,2026-10-09,,LIVE NATION CANADA (LN),0.0,0.0,0.0,0,0,0,5,0,0,International,Club
Buffalo Traffic Jam,2026,2026-10-09,,LIVE NATION CANADA (LN),0.0,0.0,0.0,0,0,1,7,0,0,International,Theater
The Smashing Pumpkins,2026,2026-10-09,,EVENKO CO-PRO WITH LIVE NATION,1932119.81,4451112.17,12656219.06,29,91,42,26,1,5,International,Arena
Blue Rodeo,2026,2026-10-09,,LIVE NATION CANADA (LN),1590153.71,316042.76,1288874.36,8,62,37,5,2,7,International,Arena
The Inspector Cluzo,2026,2026-10-09,,LIVE NATION CANADA (LN),12765.79,190.0,3424.3,0,0,0,10,0,0,International,Club
Change,2026,2026-10-09,,LIVE NATION CANADA (LN),0.0,0.0,0.0,0,0,0,2,0,0,International,Theater
54-40,2026,2026-10-09,,LIVE NATION CANADA (LN),0.0,175622.15,0.0,0,0,8,1,0,7,International,Club
"""British Rock Royalty - Celebrating The Music Of Pink Floyd, Queen, The Who &amp; Led Zeppelin""",2026,2026-10-09,,LIVE NATION CANADA (LN),0.0,0.0,0.0,1,0,2,0,0,0,International,Theater
"Christone ""Kingfish"" Ingram",2026,2026-10-09,,LIVE NATION CANADA (LN),637854.38,67004.39,183047.21,0,0,45,35,0,6,International,Theater
Ray Volpe,2026,2026-10-09,,LIVE NATION CANADA (LN),80831.85,46085.11,54152.78,0,0,2,8,0,0,International,Theater
Pros &amp; iCons,2026,2026-10-09,,LIVE NATION CANADA (LN),0.0,0.0,0.0,0,0,0,1,0,0,International,Club
"Oneida, IE, Matt Mehlan",2026,2026-10-09,,LIVE NATION CANADA (LN),0.0,0.0,0.0,0,0,0,1,0,0,International,Club
SIX60,2026,2026-10-09,,MCD PRODUCTIONS,277181.35,709762.33,0.0,1,3,12,30,11,21,International,Theater
Chris &amp; Rich Robinson,2026,2026-10-09,,MCD PRODUCTIONS,0.0,0.0,0.0,0,0,0,2,0,0,International,Club
The Reytons,2026,2026-10-09,,MCD PRODUCTIONS,529635.19,134075.77,547349.9199999999,0,2,8,23,0,5,International,Theater
"I, Colossus",2026,2026-10-09,,MCD PRODUCTIONS,0.0,0.0,0.0,0,0,0,1,0,0,International,Club
The Wran,2026,2026-10-09,,MCD PRODUCTIONS,1044.28,0.0,0.0,0,0,0,2,0,0,International,Club
Joe Jackson,2026,2026-10-09,,DF CONCERTS,0.0,682131.05,0.0,1,2,64,21,0,2,International,Theater
Forever,2026,2026-10-09,,LIVE NATION MUSIC UK LTD,70329.51,0.0,0.0,0,1,0,0,0,0,International,Arena
The Anniversary,2026,2026-10-09,,LIVE NATION MUSIC UK LTD,0.0,0.0,0.0,0,0,0,2,0,0,International,Club
Remi,2026,2026-10-09,,LIVE NATION MUSIC UK LTD,0.0,0.0,0.0,0,0,0,9,0,0,International,Arena
Off With Their Heads,2026,2026-10-09,,LIVE NATION MUSIC UK LTD,3935.0,0.0,9766.0,0,0,0,19,0,0,International,Club
RK,2026,2026-10-09,,LIVE NATION MUSIC UK LTD,0.0,0.0,0.0,0,0,0,1,0,0,International,Club
Ben Ellis,2026,2026-10-09,,LIVE NATION MUSIC UK LTD,14357.64,0.0,0.0,0,0,0,3,0,1,International,Club
Dylan Flynn And The Dead Poets,2026,2026-10-09,,"LIVE NATION UK FOR ARTIST, TOUR, FESTIVAL AND PRESALE NEWS",1112.02,1837.68,412.35,0,0,0,4,0,1,International,Club
The Hu,2026,2026-10-09,,LIVE NATION MUSIC UK LTD,210949.49,495401.84,297489.07,0,1,15,35,0,3,International,Club
"Dethklok, Amon Amarth",2026,2026-10-09,,LIVE NATION MUSIC UK LTD,0.0,0.0,0.0,0,0,1,0,0,0,International,Theater
The Great Divide,2026,2026-10-09,,LIVE NATION AUSTRALIA,0.0,2247.0,0.0,0,0,0,2,0,1,International,Arena
Alvaro,2026,2026-10-09,,OCESA,0.0,0.0,0.0,0,0,0,1,0,0,International,Club
Of Monsters And Men,2026,2026-10-09,,OCESA,673008.22,0.0,0.0,11,5,49,50,1,6,International,Arena
Ra,2026,2026-10-09,,OCESA,910.56,0.0,0.0,0,0,0,2,0,0,International,Club
Rosana,2026,2026-10-09,,OCESA,0.0,0.0,0.0,0,1,1,5,0,0,International,Club
Meme,2026,2026-10-09,,OCESA,0.0,0.0,0.0,0,0,1,0,0,0,International,Theater
Autumn,2026,2026-10-09,,OCESA,0.0,0.0,0.0,0,0,0,1,0,0,International,Club
"The Wind, The Wave",2026,2026-10-09,,Live Nation Austria GmbH,0.0,0.0,0.0,0,0,0,1,0,0,International,Club
James Blake,2026,2026-10-09,,Live Nation,67251.97,151716.84,945662.87,3,6,32,64,0,0,International,Club
Shakira,2026,2026-10-09,,LIVE NATION ESPAÑA MUSIC LAND SL,347582819.87,6004725.2,0.0,2,66,2,0,48,1,International,Arena
Simple Plan,2026,2026-10-09,,Live Nation Venues Netherlands BV Afas Live,1578010.89,11751607.05,757328.91,1,36,51,50,5,15,International,Theater
J. Cole,2026,2026-10-09,,Live Nation Schweiz AG,0.0,2084747.68,0.0,25,121,50,39,2,2,International,Theater
UFO361,2026,2026-10-09,,Live Nation Schweiz AG,2016570.49,0.0,0.0,0,2,2,6,0,0,International,Theater
The Gathering,2026,2026-10-10,,LIVE NATION MUSIC,0.0,0.0,0.0,0,0,2,0,0,0,US,Arena
Breaking Benjamin,2026,2026-10-10,,LIVE NATION MUSIC,14595872.13,3293577.11,1340194.0,52,42,34,40,2,3,US,Amphitheatre
Bryson Tiller,2026,2026-10-10,,LIVE NATION MUSIC,0.0,14396903.73,1952369.56,10,20,31,34,0,2,US,Amphitheatre
Tedeschi Trucks Band,2026,2026-10-10,,LIVE NATION MUSIC,5978304.630000001,9551174.93,7870383.93,98,7,225,24,2,8,US,Amphitheatre
Avatar,2026,2026-10-10,,LIVE NATION MUSIC,549363.65,456317.3,414674.53,0,1,12,50,0,4,US,Club
Five Finger Death Punch,2026,2026-10-10,,LIVE NATION MUSIC,485138.13,5167906.39,0.0,12,74,25,39,1,4,US,Amphitheatre
Dan + Shay,2026,2026-10-10,,LIVE NATION MUSIC,0.0,23220519.09,2076160.61,32,54,33,41,1,8,US,Amphitheatre
Ziggy Marley,2026,2026-10-10,,LIVE NATION MUSIC,678098.52,681037.0,171281.63,33,0,44,33,1,4,US,Theater
Turnpike Troubadours,2026,2026-10-10,,LIVE NATION MUSIC,2346574.06,4318554.92,3521142.51,29,12,42,108,4,12,US,Amphitheatre
Bethel Music,2026,2026-10-10,,HOUSE OF BLUES CONCERTS (HOB),972671.18,0.0,466550.0,0,6,66,4,0,6,US,Theater
Black Jacket Symphony,2026,2026-10-10,,FRANK PRODUCTIONS,766104.4,782504.15,627644.4,0,0,136,38,0,1,US,Theater
Skillet,2026,2026-10-10,,LIVE NATION MUSIC,2557214.15,260542.96,1377748.06,6,30,44,67,1,14,US,Club
"Mic Crenshaw, Special Guests",2026,2026-10-10,,LIVE NATION MUSIC,0.0,0.0,0.0,0,0,0,1,0,0,US,Theater
Bingo Loco,2026,2026-10-10,,LIVE NATION MUSIC,518958.39,106119.48,0.0,0,0,1,77,0,0,US,Club
Tedeschi Trucks Band,2026,2026-10-10,,LIVE NATION MUSIC,5978304.630000001,9551174.93,7870383.93,98,7,225,24,2,8,US,Amphitheatre
Isaiah Falls,2026,2026-10-10,,LIVE NATION MUSIC,34588.22,0.0,0.0,0,0,1,2,0,0,US,Club
Here Come The Mummies,2026,2026-10-10,,HOUSE OF BLUES CONCERTS (HOB),325004.81,98506.61,161860.0,2,2,62,129,0,13,US,Club
Head,2026,2026-10-10,,LIVE NATION MUSIC,0.0,0.0,0.0,0,0,0,3,0,0,US,Theater
Daði Freyr,2026,2026-10-10,,LIVE NATION MUSIC,107627.55,173924.05,220434.4,0,0,7,15,0,0,US,Club
Vika &amp; Linda,2026,2026-10-10,,LIVE NATION MUSIC,0.0,0.0,0.0,1,0,4,0,0,0,US,Theater
Tina,2026,2026-10-10,,LIVE NATION MUSIC,0.0,0.0,0.0,0,0,2,0,0,0,US,Theater
Arty,2026,2026-10-10,,LIVE NATION MUSIC,0.0,4500.0,14060.0,0,0,1,13,0,0,US,Club
Sisters,2026,2026-10-10,,LIVE NATION MUSIC,0.0,0.0,0.0,0,0,0,1,0,0,US,Club
Bayside,2026,2026-10-10,,LIVE NATION MUSIC,9303.74,29085.0,63366.19,0,0,1,37,0,2,US,Club
"""Laughs, Music, &amp; Vibes""",2026,2026-10-10,,LIVE NATION MUSIC,0.0,0.0,0.0,0,0,0,1,0,0,US,Club
Motionless In White,2026,2026-10-10,,LIVE NATION MUSIC,131287.04,0.0,1810722.63,7,19,22,41,0,2,US,Theater
Foster The People,2026,2026-10-10,,LIVE NATION MUSIC,1851580.29,0.0,0.0,17,7,38,56,2,7,US,Stadium
M,2026,2026-10-10,,LIVE NATION MUSIC,0.0,0.0,286459.73,0,0,2,0,0,0,US,Theater
Tender,2026,2026-10-10,,LIVE NATION MUSIC,0.0,0.0,0.0,0,0,0,6,0,0,US,Club
"Memphis May Fire, Rain City Drive, Nevertel, If Not For Me",2026,2026-10-10,,LIVE NATION MUSIC,34480.0,0.0,0.0,0,0,0,1,0,0,US,Club
Foster The People,2026,2026-10-10,,LIVE NATION MUSIC,1851580.29,0.0,0.0,17,7,38,56,2,7,US,Stadium
San Holo,2026,2026-10-10,,LIVE NATION MUSIC,286586.5,58302.0,420309.0,1,1,6,35,0,0,US,Club
San Holo,2026,2026-10-10,,LIVE NATION MUSIC,286586.5,58302.0,420309.0,1,1,6,35,0,0,US,Club
Celebration,2026,2026-10-10,,LIVE NATION MUSIC,0.0,0.0,0.0,0,0,0,1,0,0,US,Club
Tender,2026,2026-10-10,,LIVE NATION MUSIC,0.0,0.0,0.0,0,0,0,6,0,0,US,Club
Metallica,2026,2026-10-10,,LIVE NATION MUSIC,137107458.47,179373637.38,146435306.85,0,95,4,4,135,10,US,Stadium
"Chris Brown, Usher",2026,2026-10-10,,LIVE NATION MUSIC,0.0,0.0,0.0,0,0,0,0,18,0,US,Stadium
Harry Styles,2026,2026-10-10,,LIVE NATION MUSIC,0.0,0.0,252490036.3,1,117,15,2,33,5,US,Arena
Bruno Mars,2026,2026-10-10,,LIVE NATION MUSIC,42422958.0,280515343.74,87980695.9,12,221,88,9,45,8,US,Stadium
Neon Moon,2026,2026-10-10,,LIVE NATION MUSIC,24927.0,0.0,0.0,0,0,1,1,0,0,US,Arena
Steve Lacy,2026,2026-10-10,,LIVE NATION MUSIC,0.0,0.0,48400.0,1,2,2,7,0,0,US,Theater
Fuerza Regida,2026,2026-10-10,,LIVE NATION MUSIC,12582339.4,61688406.68,40356839.51,6,68,5,0,14,0,US,Amphitheatre
Rush,2026,2026-10-10,,LIVE NATION MUSIC,0.0,0.0,0.0,40,118,1,0,2,8,US,Arena
Word on the Street,2026,2026-10-10,,LIVE NATION MUSIC,0.0,0.0,0.0,0,0,0,1,0,0,US,Amphitheatre
Thomas Rhett,2026,2026-10-10,,LIVE NATION MUSIC,2922641.5,68902.93,20832639.72,28,108,4,13,3,2,US,Amphitheatre
For King &amp; Country,2026,2026-10-10,,LIVE NATION MUSIC,1709219.43,13215871.96,12403476.4,23,207,52,0,22,18,US,Theater
Chris Stapleton,2026,2026-10-10,,LIVE NATION MUSIC,53557875.51,78825261.73,15339749.0,167,156,22,24,20,4,US,Amphitheatre
Maná,2026,2026-10-10,,LIVE NATION MUSIC,0.0,0.0,0.0,0,1,0,0,0,0,US,Amphitheatre
"Salt-N-Pepa, Ginuwine",2026,2026-10-10,,LIVE NATION MUSIC,0.0,0.0,0.0,0,0,1,0,0,0,US,Theater
Shoreline Mafia,2026,2026-10-10,,LIVE NATION MUSIC,907871.75,0.0,0.0,0,2,8,43,0,0,US,Amphitheatre
Chief Keef,2026,2026-10-10,,LIVE NATION MUSIC,0.0,366115.0,0.0,0,1,6,19,0,0,US,Club
The Chicks,2026,2026-10-10,,LIVE NATION MUSIC,0.0,0.0,21183223.21,39,69,4,0,3,0,US,Theater
Staind,2026,2026-10-10,,LIVE NATION MUSIC,1978997.55,2423123.19,729547.4,5,9,8,12,0,3,US,Arena
Phish,2026,2026-10-10,,LIVE NATION MUSIC,58851317.48,51805142.03,60505793.5,160,101,10,0,26,5,US,Amphitheatre
Little Big Town,2026,2026-10-10,,LIVE NATION MUSIC,2309214.5,13004819.31,2846985.5,23,68,94,16,1,12,US,Theater
Menudo,2026,2026-10-10,,LIVE NATION MUSIC,0.0,0.0,0.0,0,0,6,0,0,0,US,Theater
Blackberry Smoke,2026,2026-10-10,,LIVE NATION MUSIC,970444.05,1380924.41,1282993.23,15,2,103,114,2,26,US,Theater
Mastodon,2026,2026-10-10,,LIVE NATION MUSIC,0.0,178040.83000000002,1899213.01,3,6,42,78,0,1,US,Theater
Doja Cat,2026,2026-10-10,,LIVE NATION MUSIC,7384674.46,7298161.81,31988065.4,0,39,0,9,0,0,US,Arena
Sleeping With Sirens,2026,2026-10-10,,LIVE NATION MUSIC,0.0,350306.75,319502.92,0,1,30,104,0,5,US,Theater
Godsmack,2026,2026-10-10,,LIVE NATION MUSIC,3204398.91,9813515.82,4972649.24,11,71,49,13,0,5,US,Arena
Phillip Phillips,2026,2026-10-10,,LIVE NATION MUSIC,0.0,24750.0,12050.0,1,7,22,21,0,5,US,Theater
Shaboozey,2026,2026-10-10,,LIVE NATION MUSIC,1427197.18,60000.0,0.0,0,1,4,9,0,1,US,Club
JPEGMafia,2026,2026-10-10,,LIVE NATION MUSIC,557173.07,1250847.08,390783.87,1,0,19,57,0,1,US,Club
Julio Preciado,2026,2026-10-10,,LIVE NATION MUSIC,217165.71,0.0,0.0,0,0,3,0,0,0,US,Amphitheatre
Anton &amp; Erin,2026,2026-10-10,,LIVE NATION MUSIC,0.0,0.0,0.0,0,0,1,0,0,0,US,Theater
Beabadoobee,2026,2026-10-10,,LIVE NATION MUSIC,801797.5,2506361.44,323192.05,1,2,23,27,0,1,US,Amphitheatre
Big Head Todd &amp; The Monsters,2026,2026-10-10,,LIVE NATION MUSIC,1530350.0,3341487.26,3663794.64,40,1,52,108,1,11,US,Theater
Beck,2026,2026-10-10,,LIVE NATION MUSIC,1461640.71,626608.75,4873011.17,24,9,29,9,0,4,US,Theater
Two Door Cinema Club,2026,2026-10-10,,LIVE NATION MUSIC,0.0,2811716.67,777788.89,4,7,43,87,3,5,US,Amphitheatre
PRESIDENT,2026,2026-10-10,,LIVE NATION MUSIC,0.0,0.0,0.0,0,0,1,2,0,0,US,Club
Anton &amp; Erin,2026,2026-10-10,,LIVE NATION MUSIC,0.0,0.0,0.0,0,0,1,0,0,0,US,Theater
Cross Canadian Ragweed,2026,2026-10-10,,LIVE NATION MUSIC,0.0,0.0,0.0,2,0,3,4,0,1,US,Theater
Switchfoot,2026,2026-10-10,,LIVE NATION MUSIC,181031.87,600305.9299999999,763943.0,5,6,80,76,1,17,US,Theater
"The Temptations, The Four Tops",2026,2026-10-10,,LIVE NATION MUSIC,3060639.51,1716878.2,2034411.11,9,20,173,22,0,4,US,Theater
Paris Paloma,2026,2026-10-10,,HOUSE OF BLUES CONCERTS (HOB),182912.02,142732.72999999998,10609.18,0,0,6,10,0,0,US,Club
MUNA,2026,2026-10-10,,FRANK PRODUCTIONS,0.0,0.0,533483.1,0,0,4,20,0,0,US,Club
My Morning Jacket,2026,2026-10-10,,LIVE NATION MUSIC,3060170.37,572515.0,3673074.6,60,5,57,23,3,7,US,Amphitheatre
Bingo Loco,2026,2026-10-10,,LIVE NATION MUSIC,518958.39,106119.48,0.0,0,0,1,77,0,0,US,Club
The Concert: A Tribute to ABBA,2026,2026-10-10,,LIVE NATION MUSIC,497353.6,108315.0,0.0,0,0,10,4,0,0,US,Theater
Hayley Williams,2026,2026-10-10,,LIVE NATION MUSIC,0.0,0.0,0.0,0,0,7,3,2,0,US,Theater
Boz Scaggs,2026,2026-10-10,,LIVE NATION MUSIC,1458502.42,0.0,1499314.84,6,0,165,24,0,3,US,Theater
"""Rock, Reggae &amp; Relief""",2026,2026-10-10,,LIVE NATION MUSIC,0.0,0.0,137000.0,0,0,0,0,0,1,US,Other
Victory,2026,2026-10-10,,HOUSE OF BLUES CONCERTS (HOB),0.0,0.0,0.0,0,0,0,2,0,0,US,Club
Faux Real,2026,2026-10-10,,LIVE NATION MUSIC,2621.38,889.0,0.0,0,0,1,1,0,0,US,Club
Akeem Ali,2026,2026-10-10,,HOUSE OF BLUES CONCERTS (HOB),6800.0,10982.0,0.0,0,0,0,3,0,1,US,Club
Modest Mouse,2026,2026-10-10,,LIVE NATION MUSIC,897255.2,1391230.25,494004.69,36,5,80,66,2,9,US,Theater
Chad Gray,2026,2026-10-10,,LIVE NATION MUSIC,0.0,0.0,0.0,0,0,0,1,0,0,US,Theater
Ashley Cooke,2026,2026-10-10,,LIVE NATION MUSIC,27885.0,19297.0,26529.0,0,0,0,9,0,1,US,Club
EsDeeKid,2026,2026-10-10,,LIVE NATION MUSIC,0.0,0.0,0.0,0,0,0,1,0,0,US,Club
Dermot Kennedy,2026,2026-10-10,,LIVE NATION MUSIC,715573.15,0.0,19937522.59,6,39,56,61,10,4,US,Amphitheatre
Xperience,2026,2026-10-10,,LIVE NATION MUSIC,0.0,0.0,0.0,0,0,0,2,0,0,US,Club
Stranger,2026,2026-10-10,,LIVE NATION MUSIC,0.0,0.0,0.0,1,0,0,0,0,0,US,Theater
Frank Carter &amp; The Rattlesnakes,2026,2026-10-10,,LIVE NATION MUSIC,0.0,641787.98,0.0,0,2,20,36,0,9,US,Club
High &amp; Mighty Brass Band!,2026,2026-10-10,,LIVE NATION MUSIC,0.0,0.0,0.0,0,0,0,4,0,0,US,Club
Role Model,2026,2026-10-10,,LIVE NATION MUSIC,884833.07,275786.98,0.0,0,0,8,44,0,1,US,Amphitheatre
Certified,2026,2026-10-10,,LIVE NATION MUSIC,1460.0,0.0,0.0,0,0,0,2,0,0,US,Theater
Role Model,2026,2026-10-10,,LIVE NATION MUSIC,884833.07,275786.98,0.0,0,0,8,44,0,1,US,Amphitheatre
The Rush Tribute Project,2026,2026-10-10,,LIVE NATION MUSIC,548321.85,62212.5,173466.09,0,1,42,2,0,1,US,Theater
Jack White,2026,2026-10-10,,LIVE NATION MUSIC,9888079.67,1029333.01,0.0,8,36,58,33,2,4,US,Theater
Juanes,2026,2026-10-10,,LIVE NATION MUSIC,744896.15,5454133.64,528839.9,6,31,66,23,4,10,US,Theater
Strange &amp; Unexplained Podcast,2026,2026-10-10,,LIVE NATION MUSIC,0.0,0.0,7647.0,0,0,1,1,0,0,US,Club
Emei,2026,2026-10-10,,LIVE NATION MUSIC,147261.76,63873.5,0.0,0,0,0,17,0,1,US,Theater
Olivia Rodrigo,2026,2026-10-10,,LIVE NATION MUSIC,23420107.2,169307085.8,0.0,0,68,10,2,5,1,US,Arena
"The A, B, C &amp; D Of Boogie Woogie",2026,2026-10-10,,LIVE NATION MUSIC,0.0,0.0,0.0,0,0,0,1,0,0,US,Theater
Fantasy,2026,2026-10-10,,LIVE NATION MUSIC,0.0,0.0,0.0,1,26,26,4,0,15,US,Theater
Houndmouth,2026,2026-10-10,,LIVE NATION MUSIC,485615.93,156197.0,466832.0,1,0,26,112,0,3,US,Theater
Highly Suspect,2026,2026-10-10,,LIVE NATION MUSIC,299367.0,448712.01,1656360.34,2,4,30,160,1,5,US,Arena
Yandel,2026,2026-10-10,,LIVE NATION MUSIC,5429413.42,695647.99,0.0,4,19,26,2,2,2,US,Arena
Horse Jumper Of Love,2026,2026-10-10,,LIVE NATION MUSIC,0.0,0.0,2695.0,0,0,0,2,0,0,US,Theater
"Jesse Barrera, Albert Posis",2026,2026-10-10,,LIVE NATION MUSIC,0.0,50919.9,0.0,2,0,0,5,0,0,US,Club
Bright Eyes,2026,2026-10-10,,LIVE NATION MUSIC,1167935.45,0.0,334447.0,9,0,29,34,2,7,US,Club
Matroda,2026,2026-10-10,,LIVE NATION MUSIC,182399.7,17140.0,132498.93,0,0,1,8,0,1,US,Club
Sploinky Rave,2026,2026-10-10,,LIVE NATION MUSIC,0.0,0.0,0.0,0,0,0,5,0,0,US,Club
"""Past, Present, Future: A Dance Gala""",2026,2026-10-10,,LIVE NATION MUSIC,0.0,0.0,0.0,0,0,1,0,0,0,US,Theater
Westside Cowboy,2026,2026-10-10,,LIVE NATION MUSIC,3653.86,0.0,0.0,0,0,0,2,0,0,US,Club
EZ,2026,2026-10-10,,LIVE NATION MUSIC,0.0,0.0,17613.3,0,0,0,0,0,1,US,Theater
Porch Light,2026,2026-10-10,,FRANK PRODUCTIONS,45484.0,0.0,0.0,0,0,1,9,0,0,US,Theater
Bright Eyes,2026,2026-10-10,,LIVE NATION MUSIC,1167935.45,0.0,334447.0,9,0,29,34,2,7,US,Club
Grace &amp; The Flat Boys,2026,2026-10-10,,LIVE NATION MUSIC,0.0,1496.9,0.0,0,0,0,1,0,0,US,Club
Nite,2026,2026-10-10,,LIVE NATION MUSIC,0.0,0.0,0.0,0,0,0,1,0,0,US,Club
Chance The Rapper,2026,2026-10-10,,LIVE NATION MUSIC,582979.5,0.0,2160801.5,15,25,18,26,1,1,US,Theater
Don West,2026,2026-10-10,,LIVE NATION MUSIC,100759.63,0.0,0.0,0,0,1,6,0,0,US,Club
Bit Brigade,2026,2026-10-10,,LIVE NATION MUSIC,16847.5,64634.0,22460.0,0,0,1,37,0,0,US,Club
Pecos &amp; The Rooftops,2026,2026-10-10,,LIVE NATION MUSIC,1218047.17,1424328.1,1041865.12,11,1,63,257,0,24,US,Theater
"God Forbid, Ninth Circle",2026,2026-10-10,,LIVE NATION MUSIC,0.0,0.0,0.0,0,0,0,1,0,0,US,Club
Eli,2026,2026-10-10,,FRANK PRODUCTIONS,0.0,0.0,0.0,0,0,0,1,0,0,US,Club
Forever,2026,2026-10-10,,HOUSE OF BLUES CONCERTS (HOB),70329.51,0.0,0.0,0,1,0,0,0,0,US,Arena
Kevin Atwater,2026,2026-10-10,,HOUSE OF BLUES CONCERTS (HOB),13507.0,0.0,0.0,0,0,0,2,0,0,US,Club
Crown Magnetar,2026,2026-10-10,,LIVE NATION MUSIC,0.0,9476.0,2814.0,0,0,0,4,0,0,US,Club
Cameron Whitcomb,2026,2026-10-10,,LIVE NATION MUSIC,169356.41999999998,20541.0,0.0,0,0,5,16,0,0,US,Club
gnash,2026,2026-10-10,,LIVE NATION MUSIC,0.0,0.0,0.0,0,0,0,21,0,0,US,Club
Deer Tick,2026,2026-10-10,,LIVE NATION MUSIC,29783.0,4612.5,128819.5,1,0,8,93,0,1,US,Club
Karina Rykman,2026,2026-10-10,,FRANK PRODUCTIONS,27436.5,39462.0,7786.0,0,0,0,16,0,0,US,Club
BALTHVS,2026,2026-10-10,,FRANK PRODUCTIONS,6524.1,33995.54,0.0,0,0,0,8,0,0,US,Club
The Crystal Method,2026,2026-10-10,,HOUSE OF BLUES CONCERTS (HOB),0.0,8425.0,14000.0,1,0,1,25,0,1,US,Club
Enter Shikari,2026,2026-10-10,,LIVE NATION MUSIC,143338.19,1397539.45,140032.41,0,10,33,119,0,8,US,Club
The Crystal Method,2026,2026-10-10,,HOUSE OF BLUES CONCERTS (HOB),0.0,8425.0,14000.0,1,0,1,25,0,1,US,Club
Sleep Token,2026,2026-10-10,,HOUSE OF BLUES CONCERTS (HOB),6847089.4799999995,10138627.37,217858.46,1,14,4,4,0,0,US,Arena
COSTA,2026,2026-10-10,,LIVE NATION MUSIC,211886.5,296956.25,311308.0,0,0,16,234,0,0,US,Club
Ra,2026,2026-10-10,,LIVE NATION MUSIC,910.56,0.0,0.0,0,0,0,2,0,0,US,Amphitheatre
Un,2026,2026-10-10,,LIVE NATION MUSIC,0.0,0.0,0.0,0,0,0,1,0,0,US,Theater
Eslabon Armado,2026,2026-10-10,,LIVE NATION MUSIC,2431052.63,1261289.0,3416776.95,1,8,20,1,0,0,US,Theater
Yandel,2026,2026-10-10,,LIVE NATION MUSIC,5429413.42,695647.99,0.0,4,19,26,2,2,2,US,Arena
Ra,2026,2026-10-10,,LIVE NATION MUSIC,910.56,0.0,0.0,0,0,0,2,0,0,US,Club
Quadeca,2026,2026-10-10,,LIVE NATION MUSIC,127634.26,0.0,7186.0,0,0,3,8,0,0,US,Theater
Ra,2026,2026-10-10,,LIVE NATION MUSIC,910.56,0.0,0.0,0,0,0,2,0,0,US,Amphitheatre
Stafford Brothers,2026,2026-10-10,,LIVE NATION MUSIC,2720.0,4320.0,7000.0,0,0,1,11,0,1,US,Club
"""98.1 The Bull - Red, White &amp; Boom!"", Sam Hunt",2026,2026-10-10,,LIVE NATION MUSIC,0.0,0.0,0.0,0,0,0,0,1,0,US,Stadium
Quadeca,2026,2026-10-10,,LIVE NATION MUSIC,127634.26,0.0,7186.0,0,0,3,8,0,0,US,Theater
Versa,2026,2026-10-10,,LIVE NATION MUSIC,2160.0,0.0,0.0,0,0,0,8,0,0,US,Club
"""98.1 The Bull - Red, White &amp; Boom!"", Sam Hunt",2026,2026-10-10,,LIVE NATION MUSIC,0.0,0.0,0.0,0,0,0,0,1,0,US,Stadium
Ann Wilson,2026,2026-10-10,,LIVE NATION CANADA (LN),0.0,0.0,161619.5,1,0,20,10,0,0,International,Theater
"Begonia, Sumer",2026,2026-10-10,,LIVE NATION CANADA (LN),0.0,0.0,1091.5,0,0,0,1,0,0,International,Club
Ott,2026,2026-10-10,,LIVE NATION CANADA (LN),0.0,0.0,0.0,1,0,1,39,0,1,International,Club
Buffalo Traffic Jam,2026,2026-10-10,,LIVE NATION CANADA (LN),0.0,0.0,0.0,0,0,1,7,0,0,International,Theater
Romance &amp; Rebellion,2026,2026-10-10,,LIVE NATION CANADA (LN),0.0,0.0,0.0,0,0,0,1,0,0,International,Club
MONSTA X,2026,2026-10-10,,LIVE NATION CANADA (LN),0.0,0.0,0.0,0,6,19,2,0,0,International,Theater
Fruit Bats,2026,2026-10-10,,LIVE NATION MUSIC,0.0,160931.87,133000.0,0,0,2,51,0,1,International,Club
Blue Rodeo,2026,2026-10-10,,LIVE NATION CANADA (LN),1590153.71,316042.76,1288874.36,8,62,37,5,2,7,International,Arena
54-40,2026,2026-10-10,,LIVE NATION CANADA (LN),0.0,175622.15,0.0,0,0,8,1,0,7,International,Club
"""British Rock Royalty - Celebrating The Music Of Pink Floyd, Queen, The Who &amp; Led Zeppelin""",2026,2026-10-10,,LIVE NATION CANADA (LN),0.0,0.0,0.0,1,0,2,0,0,0,International,Theater
UB40,2026,2026-10-10,,LIVE NATION CANADA (LN),1292055.05,5742450.69,2259277.81,10,34,54,23,0,4,International,Theater
EELS,2026,2026-10-10,,LIVE NATION CANADA (LN),0.0,0.0,283948.26999999996,0,0,22,50,0,4,International,Club
The Hard R,2026,2026-10-10,,LIVE NATION CANADA (LN),0.0,0.0,0.0,0,0,0,1,0,0,International,Theater
Overmono,2026,2026-10-10,,LIVE NATION CANADA (LN),449797.32,177144.3,145574.35,0,1,1,8,0,0,International,Club
Sebastian Bach,2026,2026-10-10,,LIVE NATION CANADA (LN),483944.31,250115.31,0.0,1,1,9,34,0,3,International,Club
Queen - It's a Kinda Magic,2026,2026-10-10,,LIVE NATION CANADA (LN),27530.09,24454.43,0.0,0,0,1,1,0,0,International,Arena
Tao,2026,2026-10-10,,LIVE NATION CANADA (LN),0.0,0.0,0.0,0,1,4,0,0,0,International,Arena
Joyce Manor,2026,2026-10-10,,MCD PRODUCTIONS,33600.0,29212.5,32432.0,0,0,5,53,0,1,International,Club
Waltz,2026,2026-10-10,,MCD PRODUCTIONS,0.0,0.0,0.0,0,0,0,1,0,0,International,Theater
The Anniversary,2026,2026-10-10,,LIVE NATION MUSIC UK LTD,0.0,0.0,0.0,0,0,0,2,0,0,International,Club
Rock,2026,2026-10-10,,LIVE NATION MUSIC UK LTD,0.0,0.0,0.0,0,0,0,1,0,0,International,Arena
Creeper,2026,2026-10-10,,"LIVE NATION UK FOR ARTIST, TOUR, FESTIVAL AND PRESALE NEWS",0.0,5139.85,0.0,0,0,0,6,0,0,International,Club
RK,2026,2026-10-10,,LIVE NATION MUSIC UK LTD,0.0,0.0,0.0,0,0,0,1,0,0,International,Club
The Hu,2026,2026-10-10,,LIVE NATION (MUSIC) UK LTD (VENUES),210949.49,495401.84,297489.07,0,1,15,35,0,3,International,Club
"Dethklok, Amon Amarth",2026,2026-10-10,,LIVE NATION MUSIC UK LTD,0.0,0.0,0.0,0,0,1,0,0,0,International,Theater
"August Burns Red, The Amity Affliction",2026,2026-10-10,,LIVE NATION MUSIC UK LTD,0.0,0.0,0.0,0,0,0,1,0,0,International,Club
Day Fever,2026,2026-10-10,,LIVE NATION MUSIC (VENUES) LTD (NEW),165447.31,39524.96,0.0,0,0,21,0,0,0,International,Theater
Henry Moodie,2026,2026-10-10,,LIVE NATION AUSTRALIA,0.0,394592.29,46728.03,0,0,8,12,0,1,International,Theater
OsamaSon,2026,2026-10-10,,LIVE NATION AUSTRALIA,239099.94,40432.259999999995,0.0,0,0,1,8,0,0,International,Theater
The Great Divide,2026,2026-10-10,,LIVE NATION AUSTRALIA,0.0,2247.0,0.0,0,0,0,2,0,1,International,Arena
Rawayana,2026,2026-10-10,,OCESA,0.0,1859072.56,268722.57,0,16,7,9,1,1,International,Arena
Alvaro,2026,2026-10-10,,OCESA,0.0,0.0,0.0,0,0,0,1,0,0,International,Club
Alejandro Sanz,2026,2026-10-10,,OCESA,23621149.4,952298.71,27921974.8,7,58,59,0,22,4,International,Theater
Monsieur Periné,2026,2026-10-10,,OCESA,32660.5,107626.57,0.0,0,0,8,12,0,1,International,Theater
Estelares,2026,2026-10-10,,OCESA,39738.76,21040.8,0.0,0,0,0,3,0,0,International,Club
AKRIILA,2026,2026-10-10,,OCESA,170958.17,91167.43,0.0,0,0,5,1,0,0,International,Theater
Europe,2026,2026-10-10,,Live Nation Austria GmbH,105381.03,0.0,383950.78,0,2,8,2,3,2,International,Theater
Max Korzh,2026,2026-10-10,,Live Nation GmbH,0.0,0.0,0.0,0,4,0,2,4,1,International,Arena
Niall Horan,2026,2026-10-10,,Live Nation,0.0,68141223.9,0.0,58,70,28,3,1,4,International,Arena
Nena,2026,2026-10-10,,Live Nation,482400.2,1050198.78,251068.61,0,5,14,4,0,3,International,Theater
Shakira,2026,2026-10-10,,LIVE NATION ESPAÑA MUSIC LAND SL,347582819.87,6004725.2,0.0,2,66,2,0,48,1,International,Arena
Jill Scott,2026,2026-10-10,,Live Nation Venues Netherlands BV Afas Live,0.0,0.0,5166723.7,8,4,67,7,0,2,International,Theater
Myles Smith,2026,2026-10-10,,Live Nation Norway AS,2236831.36,203426.73,0.0,0,0,12,24,0,0,International,Club
Lady,2026,2026-10-10,,Live Nation sp. z o.o.,0.0,0.0,0.0,0,0,0,1,0,0,International,Club
"Charlotte Brandi, Ment",2026,2026-10-10,,Live Nation sp. z o.o.,0.0,0.0,0.0,0,0,0,1,0,0,International,Club
"Mic Crenshaw, Special Guests",2026,2026-10-10,,Live Nation sp. z o.o.,0.0,0.0,0.0,0,0,0,1,0,0,International,Club
Tou,2026,2026-10-10,,Live Nation Sp. z o.o.,0.0,348354.82999999996,0.0,0,0,0,1,0,1,International,Club
Kybba,2026,2026-10-10,,Live Nation Schweiz AG,132905.0,0.0,0.0,0,0,0,2,0,0,International,Club
Fusaro,2026,2026-10-10,,LIVE NATION CZECH REPUBLIC s.r.o.,0.0,0.0,0.0,0,0,0,2,0,0,International,Club
The Gathering,2026,2026-10-11,,LIVE NATION MUSIC,0.0,0.0,0.0,0,0,2,0,0,0,US,Arena
Jonas Brothers,2026,2026-10-11,,LIVE NATION MUSIC,81959444.45,30144554.31,109403725.33,84,205,28,1,31,5,US,Arena
"""Laughs, Music, &amp; Vibes""",2026,2026-10-11,,LIVE NATION MUSIC,0.0,0.0,0.0,0,0,0,1,0,0,US,Club
Taste,2026,2026-10-11,,LIVE NATION MUSIC,0.0,0.0,0.0,0,0,1,1,0,0,US,Club
Five Finger Death Punch,2026,2026-10-11,,LIVE NATION MUSIC,485138.13,5167906.39,0.0,12,74,25,39,1,4,US,Amphitheatre
Skillet,2026,2026-10-11,,LIVE NATION MUSIC,2557214.15,260542.96,1377748.06,6,30,44,67,1,14,US,Club
Lupe Fiasco,2026,2026-10-11,,LIVE NATION MUSIC,0.0,168379.5,0.0,2,3,22,46,0,0,US,Club
Bethel Music,2026,2026-10-11,,LIVE NATION MUSIC,972671.18,0.0,466550.0,0,6,66,4,0,6,US,Theater
Uncle Acid &amp; The Deadbeats,2026,2026-10-11,,LIVE NATION MUSIC,106998.01,0.0,23894.47,0,1,3,41,0,4,US,Club
Robert Lester Folsom,2026,2026-10-11,,LIVE NATION MUSIC,4165.67,0.0,0.0,0,0,0,3,0,0,US,Club
Here Come The Mummies,2026,2026-10-11,,LIVE NATION MUSIC,325004.81,98506.61,161860.0,2,2,62,129,0,13,US,Club
Blackberry Smoke,2026,2026-10-11,,LIVE NATION MUSIC,970444.05,1380924.41,1282993.23,15,2,103,114,2,26,US,Club
Gum,2026,2026-10-11,,LIVE NATION MUSIC,20854.81,0.0,2560.0,0,0,0,2,0,0,US,Club
Walker &amp; Royce,2026,2026-10-11,,LIVE NATION MUSIC,22362.5,18852.5,0.0,0,0,0,9,0,0,US,Theater
Princess,2026,2026-10-11,,LIVE NATION MUSIC,0.0,0.0,392378.48,0,0,3,11,0,0,US,Theater
Tab Benoit,2026,2026-10-11,,HOUSE OF BLUES CONCERTS (HOB),1819488.65,983585.58,1424527.01,5,0,211,221,2,8,US,Club
"The A, B, C &amp; D Of Boogie Woogie",2026,2026-10-11,,EMPORIUM PRESENTS,0.0,0.0,0.0,0,0,0,1,0,0,US,Arena
The Black Dahlia Murder,2026,2026-10-11,,LIVE NATION MUSIC,0.0,65614.66,163785.56,0,0,21,93,0,2,US,Theater
Holding Absence,2026,2026-10-11,,LIVE NATION MUSIC,0.0,17703.010000000002,27253.3,0,0,3,8,0,0,US,Theater
Artemas,2026,2026-10-11,,LIVE NATION MUSIC,30822.0,725837.64,0.0,0,0,10,22,0,1,US,Club
Artemas,2026,2026-10-11,,LIVE NATION MUSIC,30822.0,725837.64,0.0,0,0,10,22,0,1,US,Club
Polyphia,2026,2026-10-11,,LIVE NATION MUSIC,0.0,121407.0,744654.76,0,0,3,49,0,1,US,Club
Brigitte Calls Me Baby,2026,2026-10-11,,LIVE NATION MUSIC,79686.94,75519.0,0.0,0,0,0,40,0,1,US,Club
Gardens &amp; Villa,2026,2026-10-11,,LIVE NATION MUSIC,0.0,0.0,0.0,0,0,0,29,0,0,US,Amphitheatre
Briscoe,2026,2026-10-11,,LIVE NATION MUSIC,7778.98,10509.0,10713.0,0,0,0,12,0,0,US,Club
Eagles,2026,2026-10-11,,LIVE NATION MUSIC,132995245.27,168150846.73,118468239.25,8,369,2,0,28,5,US,Theater
Eagles,2026,2026-10-11,,LIVE NATION MUSIC,132995245.27,168150846.73,118468239.25,8,369,2,0,28,5,US,Theater
Kenny Wayne Shepherd,2026,2026-10-11,,LIVE NATION MUSIC,861210.02,1084321.07,3587479.38,9,0,142,68,0,18,US,Theater
Gardens &amp; Villa,2026,2026-10-11,,LIVE NATION MUSIC,0.0,0.0,0.0,0,0,0,29,0,0,US,Amphitheatre
ANDY,2026,2026-10-11,,LIVE NATION MUSIC,0.0,0.0,0.0,1,0,1,0,0,0,US,Amphitheatre
Olivia Rodrigo,2026,2026-10-11,,LIVE NATION MUSIC,23420107.2,169307085.8,0.0,0,68,10,2,5,1,US,Arena
Bruno Mars,2026,2026-10-11,,LIVE NATION MUSIC,42422958.0,280515343.74,87980695.9,12,221,88,9,45,8,US,Stadium
Arcángel,2026,2026-10-11,,LIVE NATION MUSIC,0.0,5578759.22,9635530.99,2,31,6,0,4,1,US,Arena
Fuerza Regida,2026,2026-10-11,,LIVE NATION MUSIC,12582339.4,61688406.68,40356839.51,6,68,5,0,14,0,US,Amphitheatre
Beabadoobee,2026,2026-10-11,,LIVE NATION MUSIC,801797.5,2506361.44,323192.05,1,2,23,27,0,1,US,Arena
wave to earth,2026,2026-10-11,,LIVE NATION MUSIC,1624927.5,590021.89,112350.0,0,0,8,12,0,0,US,Amphitheatre
Word on the Street,2026,2026-10-11,,LIVE NATION MUSIC,0.0,0.0,0.0,0,0,0,1,0,0,US,Club
Word on the Street,2026,2026-10-11,,LIVE NATION MUSIC,0.0,0.0,0.0,0,0,0,1,0,0,US,Club
Rutshelle Guillaume,2026,2026-10-11,,LIVE NATION MUSIC,20180.0,0.0,0.0,0,0,0,2,0,0,US,Theater
Shoreline Mafia,2026,2026-10-11,,LIVE NATION MUSIC,907871.75,0.0,0.0,0,2,8,43,0,0,US,Amphitheatre
Phish,2026,2026-10-11,,LIVE NATION MUSIC,58851317.48,51805142.03,60505793.5,160,101,10,0,26,5,US,Amphitheatre
Kings Of Leon,2026,2026-10-11,,LIVE NATION MUSIC,0.0,19977781.7,1082952.04,79,117,9,3,9,8,US,Theater
Taking Back Sunday,2026,2026-10-11,,LIVE NATION MUSIC,0.0,1192562.18,59060.0,0,1,32,133,0,8,US,Club
Stranger,2026,2026-10-11,,LIVE NATION MUSIC,0.0,0.0,0.0,1,0,0,0,0,0,US,Amphitheatre
"Santana, Doobie Brothers",2026,2026-10-11,,LIVE NATION MUSIC,0.0,0.0,0.0,0,4,0,0,0,0,US,Amphitheatre
Sons of Legion,2026,2026-10-11,,LIVE NATION MUSIC,0.0,0.0,0.0,0,0,12,29,0,0,US,Club
Jessie Ware,2026,2026-10-11,,LIVE NATION MUSIC,0.0,0.0,1453398.58,0,1,7,29,0,0,US,Club
Teddy Riley,2026,2026-10-11,,LIVE NATION MUSIC,0.0,0.0,0.0,0,0,1,0,0,0,US,Theater
Eslabon Armado,2026,2026-10-11,,LIVE NATION MUSIC,2431052.63,1261289.0,3416776.95,1,8,20,1,0,0,US,Theater
"Salt-N-Pepa, Ginuwine",2026,2026-10-11,,LIVE NATION MUSIC,0.0,0.0,0.0,0,0,1,0,0,0,US,Amphitheatre
Limp Bizkit,2026,2026-10-11,,LIVE NATION MUSIC,17285483.25,16209726.55,2243971.99,19,30,11,14,5,3,US,Arena
Johnnyswim,2026,2026-10-11,,LIVE NATION MUSIC,237708.3,134799.0,25140.0,0,0,59,92,0,2,US,Club
EsDeeKid,2026,2026-10-11,,LIVE NATION MUSIC,0.0,0.0,0.0,0,0,0,1,0,0,US,Club
Akeem Ali,2026,2026-10-11,,HOUSE OF BLUES CONCERTS (HOB),6800.0,10982.0,0.0,0,0,0,3,0,1,US,Club
My Morning Jacket,2026,2026-10-11,,LIVE NATION MUSIC,3060170.37,572515.0,3673074.6,60,5,57,23,3,7,US,Amphitheatre
Palace,2026,2026-10-11,,LIVE NATION MUSIC,216325.96,176855.55,138298.91,0,0,7,19,0,1,US,Theater
Switchfoot,2026,2026-10-11,,LIVE NATION MUSIC,181031.87,600305.9299999999,763943.0,5,6,80,76,1,17,US,Theater
Our Lady Peace,2026,2026-10-11,,LIVE NATION MUSIC,3127178.77,0.0,33700.0,0,14,13,20,0,1,US,Theater
Earl Sweatshirt,2026,2026-10-11,,FRANK PRODUCTIONS,145905.72999999998,0.0,304502.67,0,0,7,36,0,0,US,Club
Dermot Kennedy,2026,2026-10-11,,LIVE NATION MUSIC,715573.15,0.0,19937522.59,6,39,56,61,10,4,US,Amphitheatre
Candlebox,2026,2026-10-11,,LIVE NATION MUSIC,0.0,15636.21,95486.8,1,0,20,59,0,5,US,Club
Thundercat,2026,2026-10-11,,FRANK PRODUCTIONS,166095.0,81082.15,903432.94,2,0,14,40,0,2,US,Theater
Foster The People,2026,2026-10-11,,LIVE NATION MUSIC,1851580.29,0.0,0.0,17,7,38,56,2,7,US,Club
The Beach Boys,2026,2026-10-11,,LIVE NATION MUSIC,3010906.82,14756524.7,10832403.11,129,48,378,33,4,67,US,Theater
Plum,2026,2026-10-11,,LIVE NATION MUSIC,0.0,0.0,0.0,0,0,0,2,0,0,US,Club
The Smashing Pumpkins,2026,2026-10-11,,LIVE NATION MUSIC,1932119.81,4451112.17,12656219.06,29,91,42,26,1,5,US,Arena
The Smashing Pumpkins,2026,2026-10-11,,LIVE NATION MUSIC,1932119.81,4451112.17,12656219.06,29,91,42,26,1,5,US,Arena
BERTHA: Grateful Drag,2026,2026-10-11,,LIVE NATION MUSIC,53212.0,28106.5,0.0,1,0,0,5,0,0,US,Club
"Trombone Shorty &amp; Orleans Avenue, St. Paul &amp; The Broken Bones",2026,2026-10-11,,LIVE NATION MUSIC,0.0,0.0,0.0,4,0,0,1,0,0,US,Amphitheatre
"Mic Crenshaw, Special Guests",2026,2026-10-11,,LIVE NATION MUSIC,0.0,0.0,0.0,0,0,0,1,0,0,US,Theater
Avatar,2026,2026-10-11,,LIVE NATION MUSIC,549363.65,456317.3,414674.53,0,1,12,50,0,4,US,Theater
Saint Agnes,2026,2026-10-11,,LIVE NATION MUSIC,0.0,7809.110000000001,0.0,0,0,0,9,0,1,US,Club
R&amp;B Vibes Live,2026,2026-10-11,,LIVE NATION MUSIC,0.0,0.0,0.0,0,0,0,2,0,0,US,Club
Chance The Rapper,2026,2026-10-11,,LIVE NATION MUSIC,582979.5,0.0,2160801.5,15,25,18,26,1,1,US,Club
ML Buch,2026,2026-10-11,,LIVE NATION MUSIC,0.0,14135.0,0.0,0,0,0,1,0,0,US,Theater
INOHA,2026,2026-10-11,,FRANK PRODUCTIONS,10338.12,0.0,0.0,0,0,0,2,0,0,US,Theater
Michigander,2026,2026-10-11,,LIVE NATION MUSIC,21165.19,38024.0,16887.14,0,0,0,29,0,0,US,Club
Cheekface,2026,2026-10-11,,LIVE NATION MUSIC,29256.64,26441.62,6668.0,0,0,1,10,0,0,US,Club
iLe,2026,2026-10-11,,LIVE NATION MUSIC,24306.42,0.0,0.0,0,0,2,5,0,0,US,Club
ivri,2026,2026-10-11,,HOUSE OF BLUES CONCERTS (HOB),2596.0,0.0,0.0,0,0,0,3,0,0,US,Club
EZ,2026,2026-10-11,,LIVE NATION MUSIC,0.0,0.0,17613.3,0,0,0,0,0,1,US,Other
Ingrid Andress,2026,2026-10-11,,LIVE NATION MUSIC,0.0,0.0,52989.3,0,0,0,11,0,0,US,Club
El Ten Eleven,2026,2026-10-11,,HOUSE OF BLUES CONCERTS (HOB),0.0,0.0,0.0,0,0,2,115,0,5,US,Club
Beauty School Dropout,2026,2026-10-11,,HOUSE OF BLUES CONCERTS (HOB),9831.2,0.0,5092.0,0,0,0,4,0,0,US,Club
Steel Pulse,2026,2026-10-11,,LIVE NATION MUSIC,276456.89,283413.0,21915.0,4,0,13,59,0,1,US,Club
Scene Queen,2026,2026-10-11,,LIVE NATION MUSIC,65472.39,49049.0,0.0,0,0,0,8,0,3,US,Club
"The Beths, Beach Bunny",2026,2026-10-11,,LIVE NATION MUSIC,0.0,0.0,0.0,0,0,0,1,0,0,US,Club
Brigitte Calls Me Baby,2026,2026-10-11,,LIVE NATION MUSIC,79686.94,75519.0,0.0,0,0,0,40,0,1,US,Club
Tommy Emmanuel,2026,2026-10-11,,LIVE NATION MUSIC,381234.37,414263.54,630168.4299999999,0,1,267,67,0,20,US,Theater
Dermot Kennedy,2026,2026-10-11,,LIVE NATION MUSIC,715573.15,0.0,19937522.59,6,39,56,61,10,4,US,Amphitheatre
Ravyn Lenae,2026,2026-10-11,,LIVE NATION MUSIC,318280.19,84165.32,42115.0,0,0,1,15,0,0,US,Theater
Willow,2026,2026-10-11,,LIVE NATION MUSIC,0.0,0.0,0.0,0,0,1,2,0,0,US,Club
Scene Queen,2026,2026-10-11,,LIVE NATION MUSIC,65472.39,49049.0,0.0,0,0,0,8,0,3,US,Club
"The Beths, Beach Bunny",2026,2026-10-11,,LIVE NATION MUSIC,0.0,0.0,0.0,0,0,0,1,0,0,US,Club
Knocked Loose,2026,2026-10-11,,LIVE NATION CANADA (LN),511899.01,1019550.49,0.0,0,0,14,49,0,1,International,Theater
AJJ,2026,2026-10-11,,LIVE NATION CANADA (LN),0.0,0.0,58614.0,0,0,3,41,0,2,International,Club
"Headpins, The Holly Woods, Toronto",2026,2026-10-11,,LIVE NATION CANADA (LN),0.0,0.0,0.0,0,0,0,0,0,1,International,Other
The Residents,2026,2026-10-11,,LIVE NATION CANADA (LN),0.0,0.0,7124.0,0,0,4,32,0,1,International,Club
Head,2026,2026-10-11,,LIVE NATION CANADA (LN),0.0,0.0,0.0,0,0,0,3,0,0,International,Theater
Avery,2026,2026-10-11,,LIVE NATION CANADA (LN),0.0,0.0,0.0,0,0,0,1,0,0,International,Club
aespa,2026,2026-10-11,,LIVE NATION CANADA (LN),14143082.18,2543904.85,5743138.49,0,16,7,1,0,0,International,Arena
Fruit Bats,2026,2026-10-11,,LIVE NATION CANADA (LN),0.0,160931.87,133000.0,0,0,2,51,0,1,International,Club
Violet Grohl,2026,2026-10-11,,MCD PRODUCTIONS,0.0,0.0,0.0,0,0,0,1,0,0,International,Club
Warren Zeiders,2026,2026-10-11,,DF CONCERTS,3456947.89,748458.81,989474.19,5,12,14,32,0,6,International,Theater
The Anniversary,2026,2026-10-11,,LIVE NATION MUSIC UK LTD,0.0,0.0,0.0,0,0,0,2,0,0,International,Club
The Clockworks,2026,2026-10-11,,DF CONCERTS,0.0,32226.35,0.0,0,0,1,9,0,0,International,Club
Matilda Mann,2026,2026-10-11,,DF CONCERTS,19702.73,0.0,3405.0,0,0,3,5,0,1,International,Theater
Ben Ellis,2026,2026-10-11,,DF CONCERTS,14357.64,0.0,0.0,0,0,0,3,0,1,International,Club
Jamie McIntyre,2026,2026-10-11,,LIVE NATION MUSIC UK LTD,8700.76,0.0,0.0,0,0,0,3,0,0,International,Club
The Hu,2026,2026-10-11,,LIVE NATION MUSIC UK LTD,210949.49,495401.84,297489.07,0,1,15,35,0,3,International,Club
"Dethklok, Amon Amarth",2026,2026-10-11,,LIVE NATION MUSIC UK LTD,0.0,0.0,0.0,0,0,1,0,0,0,International,Theater
"August Burns Red, The Amity Affliction",2026,2026-10-11,,LIVE NATION MUSIC UK LTD,0.0,0.0,0.0,0,0,0,1,0,0,International,Club
Peter Bjorn And John,2026,2026-10-11,,OCESA,25040.0,0.0,0.0,0,0,3,32,0,0,International,Club
Nic &amp; Desi,2026,2026-10-11,,OCESA,0.0,0.0,4274.05,0,0,1,0,0,0,International,Theater
Alvaro,2026,2026-10-11,,OCESA,0.0,0.0,0.0,0,0,0,1,0,0,International,Club
Sepultura,2026,2026-10-11,,OCESA,0.0,2651611.02,0.0,1,5,14,29,1,2,International,Arena
Natalia LaFourcade,2026,2026-10-11,,OCESA,6217039.1,0.0,5465363.4799999995,1,8,44,15,0,2,International,Theater
Unknown T,2026,2026-10-11,,Live Nation Austria GmbH,0.0,0.0,54552.42,0,0,3,1,0,0,International,Theater
Unknown T,2026,2026-10-11,,Live Nation Austria GmbH,0.0,0.0,54552.42,0,0,3,1,0,0,International,Theater
Cat Power,2026,2026-10-11,,VEGA & Live Nation,272591.9,735820.81,0.0,2,0,31,51,0,2,International,Club
Declan Welsh &amp; The Decadent West,2026,2026-10-11,,Live Nation,2988.67,0.0,35404.17,0,0,0,16,0,5,International,Club
Fink,2026,2026-10-11,,Live Nation,34982.91,0.0,0.0,0,0,1,4,0,0,International,Club
Anne &amp; Pete Sibley,2026,2026-10-11,,Live Nation,0.0,0.0,0.0,0,0,1,0,0,0,International,Theater
Shakira,2026,2026-10-11,,LIVE NATION ESPAÑA MUSIC LAND SL,347582819.87,6004725.2,0.0,2,66,2,0,48,1,International,Arena
"Daniel, Me Estás Matando",2026,2026-10-11,,Live Nation Sp. z o.o.,475718.03,16960.0,442118.48,0,0,5,1,0,0,International,Theater
Europe,2026,2026-10-11,,Live Nation Sp. z o.o.,105381.03,0.0,383950.78,0,2,8,2,3,2,International,Theater
Monster Florence,2026,2026-10-11,,Live Nation Schweiz AG,0.0,3195.85,0.0,0,0,0,3,0,0,International,Club
Breaking Benjamin,2026,2026-10-12,,LIVE NATION MUSIC,14595872.13,3293577.11,1340194.0,52,42,34,40,2,3,US,Arena
Chief Keef,2026,2026-10-12,,LIVE NATION MUSIC,0.0,366115.0,0.0,0,1,6,19,0,0,US,Theater
The Black Dahlia Murder,2026,2026-10-12,,HOUSE OF BLUES CONCERTS (HOB),0.0,65614.66,163785.56,0,0,21,93,0,2,US,Club
Wesley Joseph,2026,2026-10-12,,LIVE NATION MUSIC,0.0,0.0,0.0,0,0,0,1,0,0,US,Club
"Shore, Stein, Papier",2026,2026-10-12,,LIVE NATION MUSIC,0.0,0.0,0.0,0,0,0,2,0,0,US,Club
Skillet,2026,2026-10-12,,LIVE NATION MUSIC,2557214.15,260542.96,1377748.06,6,30,44,67,1,14,US,Club
Sun,2026,2026-10-12,,LIVE NATION MUSIC,2319.81,0.0,0.0,0,0,0,2,0,0,US,Club
Lewis Ofman,2026,2026-10-12,,LIVE NATION MUSIC,0.0,52678.01,6604.0,0,0,1,6,0,0,US,Theater
Token,2026,2026-10-12,,LIVE NATION MUSIC,0.0,0.0,42053.64,0,0,1,17,0,1,US,Club
Token,2026,2026-10-12,,LIVE NATION MUSIC,0.0,0.0,42053.64,0,0,1,17,0,1,US,Club
Olivia Rodrigo,2026,2026-10-12,,LIVE NATION MUSIC,23420107.2,169307085.8,0.0,0,68,10,2,5,1,US,Arena
Rod Wave,2026,2026-10-12,,LIVE NATION MUSIC,21434081.53,44782080.52,58117202.64,1,85,1,0,0,0,US,Arena
Rush,2026,2026-10-12,,LIVE NATION MUSIC,0.0,0.0,0.0,40,118,1,0,2,8,US,Arena
Steve Lacy,2026,2026-10-12,,LIVE NATION MUSIC,0.0,0.0,48400.0,1,2,2,7,0,0,US,Theater
Role Model,2026,2026-10-12,,LIVE NATION MUSIC,884833.07,275786.98,0.0,0,0,8,44,0,1,US,Theater
The Chicks,2026,2026-10-12,,LIVE NATION MUSIC,0.0,0.0,21183223.21,39,69,4,0,3,0,US,Theater
Beck,2026,2026-10-12,,LIVE NATION MUSIC,1461640.71,626608.75,4873011.17,24,9,29,9,0,4,US,Theater
G-Eazy,2026,2026-10-12,,LIVE NATION MUSIC,453863.88,166997.78,53337.0,33,23,54,102,1,4,US,Amphitheatre
Freya Skye,2026,2026-10-12,,LIVE NATION MUSIC,0.0,0.0,0.0,0,0,6,2,0,0,US,Theater
Band-Maid,2026,2026-10-12,,LIVE NATION MUSIC,0.0,0.0,116315.42,0,1,0,3,0,0,US,Club
Suki Waterhouse,2026,2026-10-12,,LIVE NATION MUSIC,63447.01,1845642.36,489285.46,1,0,11,37,0,0,US,Club
Sara Bareilles,2026,2026-10-12,,LIVE NATION MUSIC,0.0,0.0,0.0,12,6,27,45,0,1,US,Theater
Sanguisugabogg,2026,2026-10-12,,LIVE NATION MUSIC,0.0,87000.54000000001,4360.0,0,0,3,14,0,0,US,Club
Cavetown,2026,2026-10-12,,HOUSE OF BLUES CONCERTS (HOB),0.0,444645.86,1226221.94,2,1,17,39,0,6,US,Club
Limp Bizkit,2026,2026-10-12,,LIVE NATION MUSIC,17285483.25,16209726.55,2243971.99,19,30,11,14,5,3,US,Arena
Hayley Williams,2026,2026-10-12,,LIVE NATION MUSIC,0.0,0.0,0.0,0,0,7,3,2,0,US,Amphitheatre
Bright Eyes,2026,2026-10-12,,LIVE NATION MUSIC,1167935.45,0.0,334447.0,9,0,29,34,2,7,US,Club
Ryan Beatty,2026,2026-10-12,,LIVE NATION MUSIC,0.0,164812.0,12100.0,0,1,3,17,0,0,US,Theater
PRESIDENT,2026,2026-10-12,,LIVE NATION MUSIC,0.0,0.0,0.0,0,0,1,2,0,0,US,Theater
Tou,2026,2026-10-12,,LIVE NATION MUSIC,0.0,348354.82999999996,0.0,0,0,0,1,0,1,US,Club
Everything,2026,2026-10-12,,FRANK PRODUCTIONS,0.0,0.0,0.0,0,0,0,1,0,0,US,Theater
Modest Mouse,2026,2026-10-12,,LIVE NATION MUSIC,897255.2,1391230.25,494004.69,36,5,80,66,2,9,US,Theater
Rise Against,2026,2026-10-12,,LIVE NATION MUSIC,4277860.61,678554.91,194297.26,27,65,68,73,4,10,US,Amphitheatre
Rise Against,2026,2026-10-12,,LIVE NATION MUSIC,4277860.61,678554.91,194297.26,27,65,68,73,4,10,US,Amphitheatre
Steel Pulse,2026,2026-10-12,,LIVE NATION MUSIC,276456.89,283413.0,21915.0,4,0,13,59,0,1,US,Club
"Mic Crenshaw, Special Guests",2026,2026-10-12,,LIVE NATION MUSIC,0.0,0.0,0.0,0,0,0,1,0,0,US,Theater
Gengis Don &amp; The Empire,2026,2026-10-12,,LIVE NATION MUSIC,0.0,0.0,915.0,0,0,0,2,0,0,US,Club
Ben &amp; Rose,2026,2026-10-12,,LIVE NATION MUSIC,0.0,0.0,0.0,0,0,1,0,0,0,US,Theater
Maddie Zahm,2026,2026-10-12,,LIVE NATION MUSIC,0.0,103535.0,47568.0,0,0,0,8,0,0,US,Club
America,2026,2026-10-12,,LIVE NATION MUSIC,4786730.81,4477164.55,1750231.2,5,8,180,41,0,14,US,Theater
Feelings,2026,2026-10-12,,LIVE NATION MUSIC,0.0,0.0,0.0,0,0,1,0,0,0,US,Theater
Russian Circles,2026,2026-10-12,,LIVE NATION TENNESSEE,50599.0,0.0,0.0,0,0,3,53,0,0,US,Club
The Rush Tribute Project,2026,2026-10-12,,LIVE NATION MUSIC,548321.85,62212.5,173466.09,0,1,42,2,0,1,US,Theater
Pete &amp; Bas,2026,2026-10-12,,LIVE NATION MUSIC,19756.22,54277.37,0.0,0,0,0,7,0,0,US,Club
Chelsea Wolfe,2026,2026-10-12,,LIVE NATION MUSIC,97294.63,261345.05,0.0,0,0,2,49,0,0,US,Club
Chelsea Wolfe,2026,2026-10-12,,LIVE NATION MUSIC,97294.63,261345.05,0.0,0,0,2,49,0,0,US,Club
Love Spells,2026,2026-10-12,,LIVE NATION MUSIC,5670.0,0.0,0.0,0,0,0,3,0,0,US,Theater
EsDeeKid,2026,2026-10-12,,LIVE NATION MUSIC,0.0,0.0,0.0,0,0,0,1,0,0,US,Club
The Rush Tribute Project,2026,2026-10-12,,LIVE NATION MUSIC,548321.85,62212.5,173466.09,0,1,42,2,0,1,US,Theater
The Linda Lindas,2026,2026-10-12,,LIVE NATION CANADA (LN),108431.27,6550.0,0.0,0,0,1,5,0,0,International,Theater
Jamie Webster,2026,2026-10-12,,LIVE NATION CANADA (LN),32870.53,474602.13,0.0,0,2,5,6,0,2,International,Club
Buffalo Traffic Jam,2026,2026-10-12,,LIVE NATION CANADA (LN),0.0,0.0,0.0,0,0,1,7,0,0,International,Club
Caitlin Cook,2026,2026-10-12,,MCD PRODUCTIONS,0.0,4218.32,0.0,0,0,1,0,0,0,International,Club
Warren Zeiders,2026,2026-10-12,,LIVE NATION MUSIC UK LTD,3456947.89,748458.81,989474.19,5,12,14,32,0,6,International,Club
Gallus,2026,2026-10-12,,"LIVE NATION UK FOR ARTIST, TOUR, FESTIVAL AND PRESALE NEWS",9809.74,11984.78,17028.29,0,0,1,11,0,6,International,Club
AIR,2026,2026-10-12,,"LIVE NATION UK FOR ARTIST, TOUR, FESTIVAL AND PRESALE NEWS",1629035.89,5729457.01,0.0,4,2,26,15,1,1,International,Theater
Dylan Flynn And The Dead Poets,2026,2026-10-12,,"LIVE NATION UK FOR ARTIST, TOUR, FESTIVAL AND PRESALE NEWS",1112.02,1837.68,412.35,0,0,0,4,0,1,International,Club
Ben Ellis,2026,2026-10-12,,LIVE NATION MUSIC UK LTD,14357.64,0.0,0.0,0,0,0,3,0,1,International,Club
Bunbury,2026,2026-10-12,,OCESA,10097962.63,6664348.7700000005,489408.32,4,21,41,9,14,8,International,Theater
Natalia LaFourcade,2026,2026-10-12,,OCESA,6217039.1,0.0,5465363.4799999995,1,8,44,15,0,2,International,Theater
"""Cap Roig Festival"", Anastacia",2026,2026-10-12,,Live Nation Austria GmbH,0.0,0.0,0.0,0,0,0,0,1,0,International,Theater
LAF,2026,2026-10-12,,Live Nation,0.0,0.0,15678.04,0,0,0,1,0,0,International,Club
Bryan Adams,2026,2026-10-12,,Live Nation GmbH,36301093.83,29271692.68,25946523.41,50,463,227,9,38,69,International,Arena
Khalid,2026,2026-10-12,,Live Nation Venues Netherlands BV Afas Live,0.0,419660.15,0.0,11,59,15,14,0,1,International,Arena
I Prevail,2026,2026-10-12,,Live Nation Sp. z o.o.,205785.32,522386.18999999994,760340.9,3,3,17,54,0,3,International,Club
Girli,2026,2026-10-12,,Live Nation Sp. z o.o.,0.0,85481.64,20327.08,0,0,3,15,0,1,International,Club
Mayhem,2026,2026-10-12,,Live Nation Schweiz AG,160195.63,25777.59,0.0,0,1,3,20,0,1,International,Club
Jonas Brothers,2026,2026-10-13,,LIVE NATION MUSIC,81959444.45,30144554.31,109403725.33,84,205,28,1,31,5,US,Arena
Destroy Lonely,2026,2026-10-13,,LIVE NATION MUSIC,777805.47,306949.51,142921.93,0,1,3,13,0,0,US,Amphitheatre
Five Finger Death Punch,2026,2026-10-13,,LIVE NATION MUSIC,485138.13,5167906.39,0.0,12,74,25,39,1,4,US,Amphitheatre
America,2026,2026-10-13,,LIVE NATION MUSIC,4786730.81,4477164.55,1750231.2,5,8,180,41,0,14,US,Theater
The Gathering,2026,2026-10-13,,LIVE NATION MUSIC,0.0,0.0,0.0,0,0,2,0,0,0,US,Arena
The Gathering,2026,2026-10-13,,LIVE NATION MUSIC,0.0,0.0,0.0,0,0,2,0,0,0,US,Arena
Freya Skye,2026,2026-10-13,,HOUSE OF BLUES CONCERTS (HOB),0.0,0.0,0.0,0,0,6,2,0,0,US,Theater
Tedeschi Trucks Band,2026,2026-10-13,,LIVE NATION MUSIC,5978304.630000001,9551174.93,7870383.93,98,7,225,24,2,8,US,Amphitheatre
PRESIDENT,2026,2026-10-13,,HOUSE OF BLUES CONCERTS (HOB),0.0,0.0,0.0,0,0,1,2,0,0,US,Club
Holding Absence,2026,2026-10-13,,LIVE NATION MUSIC,0.0,17703.010000000002,27253.3,0,0,3,8,0,0,US,Club
Tedeschi Trucks Band,2026,2026-10-13,,LIVE NATION MUSIC,5978304.630000001,9551174.93,7870383.93,98,7,225,24,2,8,US,Amphitheatre
The Black Dahlia Murder,2026,2026-10-13,,LIVE NATION MUSIC,0.0,65614.66,163785.56,0,0,21,93,0,2,US,Theater
Stryper,2026,2026-10-13,,LIVE NATION MUSIC,98295.2,400760.5,162443.0,0,0,17,32,0,1,US,Club
Medium Build,2026,2026-10-13,,LIVE NATION MUSIC,81782.66,277378.99,6501.48,0,0,2,34,0,1,US,Theater
Benjamin Tod &amp; Lost Dog Street Band,2026,2026-10-13,,LIVE NATION MUSIC,0.0,179250.0,0.0,0,0,3,37,0,0,US,Club
Failure,2026,2026-10-13,,LIVE NATION MUSIC,0.0,0.0,0.0,0,0,3,26,0,0,US,Club
"nothing,nowhere.",2026,2026-10-13,,LIVE NATION MUSIC,14119.95,0.0,0.0,0,0,3,18,0,0,US,Theater
The Residents,2026,2026-10-13,,LIVE NATION MUSIC,0.0,0.0,7124.0,0,0,4,32,0,1,US,Theater
Free Throw,2026,2026-10-13,,LIVE NATION MUSIC,16975.66,12411.08,41648.0,1,0,1,18,0,2,US,Club
Owen,2026,2026-10-13,,LIVE NATION MUSIC,0.0,0.0,0.0,0,0,0,15,0,0,US,Club
"The A, B, C &amp; D Of Boogie Woogie",2026,2026-10-13,,LIVE NATION MUSIC,0.0,0.0,0.0,0,0,0,1,0,0,US,Theater
Mushroomhead,2026,2026-10-13,,LIVE NATION MUSIC,9965.0,12125.5,0.0,0,0,4,53,0,0,US,Club
Mushroomhead,2026,2026-10-13,,LIVE NATION MUSIC,9965.0,12125.5,0.0,0,0,4,53,0,0,US,Club
"The A, B, C &amp; D Of Boogie Woogie",2026,2026-10-13,,LIVE NATION MUSIC,0.0,0.0,0.0,0,0,0,1,0,0,US,Theater
Isaiah Falls,2026,2026-10-13,,LIVE NATION MUSIC,34588.22,0.0,0.0,0,0,1,2,0,0,US,Theater
KATSEYE,2026,2026-10-13,,LIVE NATION MUSIC,3772036.89,0.0,0.0,0,1,5,2,0,0,US,Arena
Bryson Tiller,2026,2026-10-13,,LIVE NATION MUSIC,0.0,14396903.73,1952369.56,10,20,31,34,0,2,US,Arena
Young Miko,2026,2026-10-13,,LIVE NATION MUSIC,1819198.33,11120905.33,716909.22,7,8,21,5,0,2,US,Arena
Staind,2026,2026-10-13,,LIVE NATION MUSIC,1978997.55,2423123.19,729547.4,5,9,8,12,0,3,US,Amphitheatre
Fuerza Regida,2026,2026-10-13,,LIVE NATION MUSIC,12582339.4,61688406.68,40356839.51,6,68,5,0,14,0,US,Amphitheatre
The Smashing Pumpkins,2026,2026-10-13,,LIVE NATION MUSIC,1932119.81,4451112.17,12656219.06,29,91,42,26,1,5,US,Arena
Steve Lacy,2026,2026-10-13,,LIVE NATION MUSIC,0.0,0.0,48400.0,1,2,2,7,0,0,US,Theater
The Chicks,2026,2026-10-13,,LIVE NATION MUSIC,0.0,0.0,21183223.21,39,69,4,0,3,0,US,Theater
"""Les Nits de Barcelona"", Sting",2026,2026-10-13,,LIVE NATION MUSIC,0.0,0.0,0.0,0,0,0,0,0,1,US,Theater
MONSTA X,2026,2026-10-13,,LIVE NATION MUSIC,0.0,0.0,0.0,0,6,19,2,0,0,US,Theater
Geese,2026,2026-10-13,,LIVE NATION MUSIC,156640.0,29014.0,20820.18,0,0,1,30,0,2,US,Club
Jessie Ware,2026,2026-10-13,,LIVE NATION MUSIC,0.0,0.0,1453398.58,0,1,7,29,0,0,US,Club
Beabadoobee,2026,2026-10-13,,LIVE NATION MUSIC,801797.5,2506361.44,323192.05,1,2,23,27,0,1,US,Arena
The Gentlemen's Club,2026,2026-10-13,,LIVE NATION MUSIC,6190.0,0.0,11045.89,0,0,0,3,0,0,US,Theater
The Revivalists,2026,2026-10-13,,LIVE NATION MUSIC,1240773.86,540575.0,5373043.16,28,0,35,86,0,7,US,Club
"Santana, Doobie Brothers",2026,2026-10-13,,LIVE NATION MUSIC,0.0,0.0,0.0,0,4,0,0,0,0,US,Amphitheatre
"Santana, Doobie Brothers",2026,2026-10-13,,LIVE NATION MUSIC,0.0,0.0,0.0,0,4,0,0,0,0,US,Amphitheatre
Role Model,2026,2026-10-13,,LIVE NATION MUSIC,884833.07,275786.98,0.0,0,0,8,44,0,1,US,Theater
Sara Bareilles,2026,2026-10-13,,LIVE NATION MUSIC,0.0,0.0,0.0,12,6,27,45,0,1,US,Theater
Schoolboy Q,2026,2026-10-13,,LIVE NATION MUSIC,0.0,31295.0,0.0,0,5,16,38,0,1,US,Club
Avatar,2026,2026-10-13,,LIVE NATION MUSIC,549363.65,456317.3,414674.53,0,1,12,50,0,4,US,Club
Malcolm Todd,2026,2026-10-13,,LIVE NATION MUSIC,207372.81,63535.0,0.0,0,0,5,8,0,0,US,Club
Paris Paloma,2026,2026-10-13,,FRANK PRODUCTIONS,182912.02,142732.72999999998,10609.18,0,0,6,10,0,0,US,Club
Stranger,2026,2026-10-13,,LIVE NATION MUSIC,0.0,0.0,0.0,1,0,0,0,0,0,US,Amphitheatre
The Wallflowers,2026,2026-10-13,,LIVE NATION MUSIC,730251.78,644538.0,432091.1,2,0,37,44,0,1,US,Theater
Cavetown,2026,2026-10-13,,LIVE NATION MUSIC,0.0,444645.86,1226221.94,2,1,17,39,0,6,US,Amphitheatre
Modest Mouse,2026,2026-10-13,,LIVE NATION MUSIC,897255.2,1391230.25,494004.69,36,5,80,66,2,9,US,Club
The Rush Tribute Project,2026,2026-10-13,,LIVE NATION MUSIC,548321.85,62212.5,173466.09,0,1,42,2,0,1,US,Arena
Chelsea Wolfe,2026,2026-10-13,,LIVE NATION MUSIC,97294.63,261345.05,0.0,0,0,2,49,0,0,US,Theater
Dermot Kennedy,2026,2026-10-13,,LIVE NATION MUSIC,715573.15,0.0,19937522.59,6,39,56,61,10,4,US,Amphitheatre
Quadeca,2026,2026-10-13,,LIVE NATION MUSIC,127634.26,0.0,7186.0,0,0,3,8,0,0,US,Club
Our Lady Peace,2026,2026-10-13,,LIVE NATION MUSIC,3127178.77,0.0,33700.0,0,14,13,20,0,1,US,Theater
The Smashing Pumpkins,2026,2026-10-13,,LIVE NATION MUSIC,1932119.81,4451112.17,12656219.06,29,91,42,26,1,5,US,Arena
Ravyn Lenae,2026,2026-10-13,,HOUSE OF BLUES CONCERTS (HOB),318280.19,84165.32,42115.0,0,0,1,15,0,0,US,Club
All Them Witches,2026,2026-10-13,,FRANK PRODUCTIONS,475851.11,77303.9,380277.5,1,0,12,55,0,2,US,Theater
Thundercat,2026,2026-10-13,,LIVE NATION MUSIC,166095.0,81082.15,903432.94,2,0,14,40,0,2,US,Arena
Waylon Wyatt,2026,2026-10-13,,LIVE NATION MUSIC,127869.14,0.0,0.0,0,0,2,8,0,0,US,Club
Moo,2026,2026-10-13,,LIVE NATION MUSIC,0.0,0.0,0.0,0,0,0,1,0,0,US,Club
Rumours of Fleetwood Mac,2026,2026-10-13,,LIVE NATION MUSIC,2015307.52,1062389.97,1428407.85,3,12,88,29,0,7,US,Theater
Suki Waterhouse,2026,2026-10-13,,LIVE NATION MUSIC,63447.01,1845642.36,489285.46,1,0,11,37,0,0,US,Club
Foster The People,2026,2026-10-13,,LIVE NATION MUSIC,1851580.29,0.0,0.0,17,7,38,56,2,7,US,Club
Taking Back Sunday,2026,2026-10-13,,LIVE NATION MUSIC,0.0,1192562.18,59060.0,0,1,32,133,0,8,US,Arena
"Steel Pulse, The Green",2026,2026-10-13,,LIVE NATION MUSIC,0.0,119443.0,0.0,0,0,0,1,0,0,US,Club
INOHA,2026,2026-10-13,,LIVE NATION MUSIC,10338.12,0.0,0.0,0,0,0,2,0,0,US,Theater
Congress The Band,2026,2026-10-13,,FRANK PRODUCTIONS,7280.0,0.0,0.0,0,0,1,4,0,0,US,Club
Tou,2026,2026-10-13,,LIVE NATION MUSIC,0.0,348354.82999999996,0.0,0,0,0,1,0,1,US,Theater
Fotocrime,2026,2026-10-13,,LIVE NATION MUSIC,0.0,0.0,360.0,0,0,0,1,0,0,US,Club
Bear Ghost,2026,2026-10-13,,LIVE NATION MUSIC,12713.0,48168.0,0.0,0,0,2,12,0,0,US,Club
Arrows In Action,2026,2026-10-13,,LIVE NATION MUSIC,13082.73,34183.25,19376.53,0,0,0,14,0,0,US,Club
Taking Back Sunday,2026,2026-10-13,,LIVE NATION MUSIC,0.0,1192562.18,59060.0,0,1,32,133,0,8,US,Arena
The Texas Gentlemen,2026,2026-10-13,,LIVE NATION MUSIC,1565.58,0.0,0.0,0,0,0,4,0,0,US,Theater
Lilyisthatyou,2026,2026-10-13,,HOUSE OF BLUES CONCERTS (HOB),2952.21,0.0,0.0,0,0,1,0,0,0,US,Theater
Nekrogoblikon,2026,2026-10-13,,LIVE NATION MUSIC,36288.65,21996.0,37770.27,0,0,2,15,0,2,US,Club
Mind Enterprises,2026,2026-10-13,,LIVE NATION TENNESSEE,17061.4,0.0,0.0,0,0,1,5,0,0,US,Club
"Bob Moses, Cannons",2026,2026-10-13,,LIVE NATION MUSIC,0.0,0.0,0.0,2,0,3,0,0,0,US,Theater
The Brook &amp; The Bluff,2026,2026-10-13,,LIVE NATION MUSIC,13195.0,54224.59,250521.71,0,0,7,36,0,1,US,Club
Maddie Zahm,2026,2026-10-13,,LIVE NATION MUSIC,0.0,103535.0,47568.0,0,0,0,8,0,0,US,Club
Bloom,2026,2026-10-13,,LIVE NATION MUSIC,0.0,0.0,0.0,0,0,0,6,0,1,US,Club
The Linda Lindas,2026,2026-10-13,,LIVE NATION MUSIC,108431.27,6550.0,0.0,0,0,1,5,0,0,US,Club
Michael Franti &amp; Spearhead,2026,2026-10-13,,LIVE NATION MUSIC,877302.5,6993576.6,4151183.84,114,3,86,115,2,32,US,Club
Lambert,2026,2026-10-13,,LIVE NATION MUSIC,0.0,0.0,3471.2,0,0,0,0,0,4,US,Other
Sienna Spiro,2026,2026-10-13,,LIVE NATION MUSIC,24263.94,0.0,0.0,0,0,3,3,0,0,US,Theater
"Trombone Shorty &amp; Orleans Avenue, St. Paul &amp; The Broken Bones",2026,2026-10-13,,LIVE NATION MUSIC,0.0,0.0,0.0,4,0,0,1,0,0,US,Theater
Sienna Spiro,2026,2026-10-13,,LIVE NATION MUSIC,24263.94,0.0,0.0,0,0,3,3,0,0,US,Theater
"Trombone Shorty &amp; Orleans Avenue, St. Paul &amp; The Broken Bones",2026,2026-10-13,,LIVE NATION MUSIC,0.0,0.0,0.0,4,0,0,1,0,0,US,Theater
Maddie Zahm,2026,2026-10-13,,LIVE NATION MUSIC,0.0,103535.0,47568.0,0,0,0,8,0,0,US,Club
"Black Country, New Road",2026,2026-10-13,,LIVE NATION MUSIC,434569.28,262065.06,182437.63,0,0,15,13,0,0,US,Theater
Bloom,2026,2026-10-13,,LIVE NATION MUSIC,0.0,0.0,0.0,0,0,0,6,0,1,US,Club
Armand Hammer,2026,2026-10-13,,FRANK PRODUCTIONS,0.0,0.0,28931.78,0,0,0,6,0,0,US,Club
"Bob Moses, Cannons",2026,2026-10-13,,LIVE NATION MUSIC,0.0,0.0,0.0,2,0,3,0,0,0,US,Theater
Pouya,2026,2026-10-13,,LIVE NATION MUSIC,198768.95,0.0,296648.0,0,0,21,62,0,4,US,Club
Michael Franti &amp; Spearhead,2026,2026-10-13,,LIVE NATION MUSIC,877302.5,6993576.6,4151183.84,114,3,86,115,2,32,US,Club
Cameron Whitcomb,2026,2026-10-13,,LIVE NATION MUSIC,169356.41999999998,20541.0,0.0,0,0,5,16,0,0,US,Club
Cameron Whitcomb,2026,2026-10-13,,LIVE NATION MUSIC,169356.41999999998,20541.0,0.0,0,0,5,16,0,0,US,Club
The Brook &amp; The Bluff,2026,2026-10-13,,LIVE NATION MUSIC,13195.0,54224.59,250521.71,0,0,7,36,0,1,US,Club
In Her Own Words,2026,2026-10-13,,LIVE NATION MUSIC,0.0,0.0,0.0,0,0,0,1,0,0,US,Club
"Black Country, New Road",2026,2026-10-13,,LIVE NATION MUSIC,434569.28,262065.06,182437.63,0,0,15,13,0,0,US,Theater
The Linda Lindas,2026,2026-10-13,,LIVE NATION MUSIC,108431.27,6550.0,0.0,0,0,1,5,0,0,US,Club
In Her Own Words,2026,2026-10-13,,LIVE NATION MUSIC,0.0,0.0,0.0,0,0,0,1,0,0,US,Club
The Black Keys,2026,2026-10-13,,EVENKO CO-PRO WITH LIVE NATION,7622312.4,1632852.36,1779620.0299999998,53,157,26,25,4,7,International,Arena
Leap,2026,2026-10-13,,LIVE NATION CANADA (LN),26077.87,26464.69,10457.61,0,0,1,7,0,2,International,Club
Emei,2026,2026-10-13,,LIVE NATION CANADA (LN),147261.76,63873.5,0.0,0,0,0,17,0,1,International,Theater
Oso Oso,2026,2026-10-13,,LIVE NATION CANADA (LN),0.0,7277.0,11250.0,0,0,0,7,0,0,International,Club
Joep Beving,2026,2026-10-13,,LIVE NATION CANADA (LN),0.0,22229.48,0.0,0,0,7,7,0,0,International,Theater
Doja Cat,2026,2026-10-13,,LIVE NATION MUSIC,7384674.46,7298161.81,31988065.4,0,39,0,9,0,0,International,Arena
Sammy Rae &amp; The Friends,2026,2026-10-13,,LIVE NATION CANADA (LN),365473.19,765933.13,407010.69,0,0,11,33,0,1,International,Club
glaive,2026,2026-10-13,,LIVE NATION MUSIC,87140.09,0.0,70042.53,0,0,4,26,0,1,International,Theater
UB40,2026,2026-10-13,,LIVE NATION CANADA (LN),1292055.05,5742450.69,2259277.81,10,34,54,23,0,4,International,Theater
John King,2026,2026-10-13,,LIVE NATION CANADA (LN),0.0,0.0,0.0,0,0,0,1,0,0,International,Club
Buffalo Traffic Jam,2026,2026-10-13,,EVENKO CO-PRO WITH LIVE NATION,0.0,0.0,0.0,0,0,1,7,0,0,International,Club
R&amp;B Vibes Live,2026,2026-10-13,,MCD PRODUCTIONS,0.0,0.0,0.0,0,0,0,2,0,0,International,Club
F3miii,2026,2026-10-13,,MCD PRODUCTIONS,0.0,2365.74,0.0,0,0,0,1,0,0,International,Club
The Wran,2026,2026-10-13,,MCD PRODUCTIONS,1044.28,0.0,0.0,0,0,0,2,0,0,International,Club
Stevie Wonder,2026,2026-10-13,,"LIVE NATION UK FOR ARTIST, TOUR, FESTIVAL AND PRESALE NEWS",5077947.359999999,8495068.84,0.0,1,43,5,1,1,0,International,Arena
Snow Patrol,2026,2026-10-13,,MCD PRODUCTIONS,11139731.38,1938880.38,0.0,1,36,57,23,6,4,International,Club
Forever,2026,2026-10-13,,LIVE NATION MUSIC UK LTD,70329.51,0.0,0.0,0,1,0,0,0,0,International,Arena
The Anniversary,2026,2026-10-13,,LIVE NATION MUSIC UK LTD,0.0,0.0,0.0,0,0,0,2,0,0,International,Arena
Jack Harlow,2026,2026-10-13,,LIVE NATION MUSIC UK LTD,158109.5,0.0,3932991.09,1,23,32,58,1,1,International,Club
Matilda Mann,2026,2026-10-13,,"LIVE NATION UK FOR ARTIST, TOUR, FESTIVAL AND PRESALE NEWS",19702.73,0.0,3405.0,0,0,3,5,0,1,International,Club
Jamie McIntyre,2026,2026-10-13,,LIVE NATION MUSIC UK LTD,8700.76,0.0,0.0,0,0,0,3,0,0,International,Club
AIR,2026,2026-10-13,,"LIVE NATION UK FOR ARTIST, TOUR, FESTIVAL AND PRESALE NEWS",1629035.89,5729457.01,0.0,4,2,26,15,1,1,International,Theater
Dylan Flynn And The Dead Poets,2026,2026-10-13,,"LIVE NATION UK FOR ARTIST, TOUR, FESTIVAL AND PRESALE NEWS",1112.02,1837.68,412.35,0,0,0,4,0,1,International,Club
Ben Ellis,2026,2026-10-13,,LIVE NATION MUSIC UK LTD,14357.64,0.0,0.0,0,0,0,3,0,1,International,Club
Jill Scott,2026,2026-10-13,,LIVE NATION MUSIC UK LTD,0.0,0.0,5166723.7,8,4,67,7,0,2,International,Theater
James Emmanuel,2026,2026-10-13,,"LIVE NATION UK FOR ARTIST, TOUR, FESTIVAL AND PRESALE NEWS",0.0,0.0,0.0,0,0,0,1,0,0,International,Club
Pip Millett,2026,2026-10-13,,"LIVE NATION UK FOR ARTIST, TOUR, FESTIVAL AND PRESALE NEWS",0.0,0.0,0.0,0,0,0,1,0,0,International,Club
Zara Larsson,2026,2026-10-13,,LIVE NATION AUSTRALIA,3822077.52,895136.14,0.0,0,5,10,10,1,0,International,Club
"Hombres G, Los Enanitos Verdes",2026,2026-10-13,,OCESA,3449213.65,0.0,0.0,0,5,1,0,0,0,International,Arena
Jane Remover,2026,2026-10-13,,OCESA,42748.9,0.0,0.0,0,0,0,9,0,0,International,Club
LAF,2026,2026-10-13,,Live Nation,0.0,0.0,15678.04,0,0,0,1,0,0,International,Club
Niall Horan,2026,2026-10-13,,Live Nation GmbH,0.0,68141223.9,0.0,58,70,28,3,1,4,International,Arena
The Strokes,2026,2026-10-13,,Live Nation GmbH,568539.0,0.0,0.0,2,7,4,4,1,1,International,Arena
Tyla,2026,2026-10-13,,Live Nation Venues Netherlands BV Afas Live,1173026.31,35902.0,0.0,0,1,0,1,0,0,International,Arena
Girli,2026,2026-10-13,,Live Nation Sp. z o.o.,0.0,85481.64,20327.08,0,0,3,15,0,1,International,Club
"""Cap Roig Festival"", Anastacia",2026,2026-10-13,,Live Nation sp. z o.o.,0.0,0.0,0.0,0,0,0,0,1,0,International,Stadium
panicbaby,2026,2026-10-13,,LIVE NATION CZECH REPUBLIC s.r.o.,0.0,0.0,0.0,0,0,0,1,0,0,International,Club
Chrissy Chlapecka,2026,2026-10-13,,LIVE NATION CZECH REPUBLIC s.r.o.,0.0,0.0,0.0,0,0,0,2,0,0,International,Club
The Gathering,2026,2026-10-14,,LIVE NATION MUSIC,0.0,0.0,0.0,0,0,2,0,0,0,US,Arena
Destroy Lonely,2026,2026-10-14,,LIVE NATION MUSIC,777805.47,306949.51,142921.93,0,1,3,13,0,0,US,Arena
Sylvan Esso,2026,2026-10-14,,LIVE NATION MUSIC,0.0,0.0,2925511.35,17,0,29,64,0,8,US,Club
Five Finger Death Punch,2026,2026-10-14,,LIVE NATION MUSIC,485138.13,5167906.39,0.0,12,74,25,39,1,4,US,Arena
Bethel Music,2026,2026-10-14,,LIVE NATION MUSIC,972671.18,0.0,466550.0,0,6,66,4,0,6,US,Theater
Head,2026,2026-10-14,,LIVE NATION MUSIC,0.0,0.0,0.0,0,0,0,3,0,0,US,Club
Thundercat,2026,2026-10-14,,LIVE NATION MUSIC,166095.0,81082.15,903432.94,2,0,14,40,0,2,US,Club
PRESIDENT,2026,2026-10-14,,HOUSE OF BLUES CONCERTS (HOB),0.0,0.0,0.0,0,0,1,2,0,0,US,Club
Tokyo Tea Room,2026,2026-10-14,,LIVE NATION MUSIC,0.0,0.0,0.0,0,0,0,9,0,0,US,Club
Meredith Marks,2026,2026-10-14,,LIVE NATION MUSIC,0.0,0.0,0.0,0,0,0,1,0,0,US,Club
Scene Queen,2026,2026-10-14,,LIVE NATION MUSIC,65472.39,49049.0,0.0,0,0,0,8,0,3,US,Theater
Lauren Sanderson,2026,2026-10-14,,LIVE NATION MUSIC,0.0,20673.0,22912.57,0,0,1,13,0,0,US,Theater
The Beasts,2026,2026-10-14,,LIVE NATION MUSIC,12460.32,0.0,0.0,0,0,0,1,0,0,US,Theater
Knocked Loose,2026,2026-10-14,,LIVE NATION MUSIC,511899.01,1019550.49,0.0,0,0,14,49,0,1,US,Club
Knocked Loose,2026,2026-10-14,,LIVE NATION MUSIC,511899.01,1019550.49,0.0,0,0,14,49,0,1,US,Club
Wishy,2026,2026-10-14,,LIVE NATION MUSIC,0.0,5540.0,0.0,0,0,0,1,0,0,US,Theater
Hank Azaria &amp; The EZ Street Band,2026,2026-10-14,,LIVE NATION MUSIC,60458.0,0.0,0.0,0,0,1,1,0,0,US,Club
"Christone ""Kingfish"" Ingram",2026,2026-10-14,,LIVE NATION MUSIC,637854.38,67004.39,183047.21,0,0,45,35,0,6,US,Theater
Ian McConnell,2026,2026-10-14,,LIVE NATION MUSIC,0.0,34434.91,9204.0,0,0,1,23,0,0,US,Club
Arrows In Action,2026,2026-10-14,,HOUSE OF BLUES CONCERTS (HOB),13082.73,34183.25,19376.53,0,0,0,14,0,0,US,Club
Fear Factory,2026,2026-10-14,,LIVE NATION MUSIC,16874.93,0.0,424894.07,0,0,19,49,0,2,US,Club
"""Past, Present, Future: A Dance Gala""",2026,2026-10-14,,LIVE NATION MUSIC,0.0,0.0,0.0,0,0,1,0,0,0,US,Theater
Chad Gray,2026,2026-10-14,,LIVE NATION MUSIC,0.0,0.0,0.0,0,0,0,1,0,0,US,Club
Harry Styles,2026,2026-10-14,,LIVE NATION MUSIC,0.0,0.0,252490036.3,1,117,15,2,33,5,US,Arena
Rod Wave,2026,2026-10-14,,LIVE NATION MUSIC,21434081.53,44782080.52,58117202.64,1,85,1,0,0,0,US,Arena
The Smashing Pumpkins,2026,2026-10-14,,LIVE NATION MUSIC,1932119.81,4451112.17,12656219.06,29,91,42,26,1,5,US,Arena
Charli xcx,2026,2026-10-14,,LIVE NATION MUSIC,18148835.74,3165588.7,198001.15,0,9,13,43,1,0,US,Arena
Beabadoobee,2026,2026-10-14,,LIVE NATION MUSIC,801797.5,2506361.44,323192.05,1,2,23,27,0,1,US,Arena
Cameron Whitcomb,2026,2026-10-14,,LIVE NATION MUSIC,169356.41999999998,20541.0,0.0,0,0,5,16,0,0,US,Theater
Rise Against,2026,2026-10-14,,LIVE NATION MUSIC,4277860.61,678554.91,194297.26,27,65,68,73,4,10,US,Theater
"""Les Nits de Barcelona"", Sting",2026,2026-10-14,,LIVE NATION MUSIC,0.0,0.0,0.0,0,0,0,0,0,1,US,Theater
Godsmack,2026,2026-10-14,,LIVE NATION MUSIC,3204398.91,9813515.82,4972649.24,11,71,49,13,0,5,US,Theater
Dermot Kennedy,2026,2026-10-14,,LIVE NATION MUSIC,715573.15,0.0,19937522.59,6,39,56,61,10,4,US,Amphitheatre
"Santana, Doobie Brothers",2026,2026-10-14,,LIVE NATION MUSIC,0.0,0.0,0.0,0,4,0,0,0,0,US,Amphitheatre
Foster The People,2026,2026-10-14,,LIVE NATION MUSIC,1851580.29,0.0,0.0,17,7,38,56,2,7,US,Club
Staind,2026,2026-10-14,,LIVE NATION MUSIC,1978997.55,2423123.19,729547.4,5,9,8,12,0,3,US,Amphitheatre
Sin Bandera,2026,2026-10-14,,LIVE NATION MUSIC,0.0,429183.87,5207476.83,2,28,22,2,2,1,US,Theater
America,2026,2026-10-14,,LIVE NATION MUSIC,4786730.81,4477164.55,1750231.2,5,8,180,41,0,14,US,Theater
Mastodon,2026,2026-10-14,,LIVE NATION MUSIC,0.0,178040.83000000002,1899213.01,3,6,42,78,0,1,US,Theater
Sleeping With Sirens,2026,2026-10-14,,LIVE NATION MUSIC,0.0,350306.75,319502.92,0,1,30,104,0,5,US,Club
Skillet,2026,2026-10-14,,LIVE NATION MUSIC,2557214.15,260542.96,1377748.06,6,30,44,67,1,14,US,Club
Band-Maid,2026,2026-10-14,,LIVE NATION MUSIC,0.0,0.0,116315.42,0,1,0,3,0,0,US,Club
Sara Bareilles,2026,2026-10-14,,LIVE NATION MUSIC,0.0,0.0,0.0,12,6,27,45,0,1,US,Theater
Tou,2026,2026-10-14,,HOUSE OF BLUES CONCERTS (HOB),0.0,348354.82999999996,0.0,0,0,0,1,0,1,US,Club
The Living Tombstone,2026,2026-10-14,,LIVE NATION MUSIC,1157002.59,58601.17,0.0,0,1,2,16,0,1,US,Theater
The Texas Gentlemen,2026,2026-10-14,,LIVE NATION MUSIC,1565.58,0.0,0.0,0,0,0,4,0,0,US,Club
Lucinda Williams,2026,2026-10-14,,LIVE NATION MUSIC,261708.34,981686.11,630092.2,4,1,104,88,0,2,US,Theater
Chief Keef,2026,2026-10-14,,LIVE NATION MUSIC,0.0,366115.0,0.0,0,1,6,19,0,0,US,Club
Ravyn Lenae,2026,2026-10-14,,LIVE NATION MUSIC,318280.19,84165.32,42115.0,0,0,1,15,0,0,US,Club
Postmodern Jukebox,2026,2026-10-14,,FRANK PRODUCTIONS,3423282.53,2913423.2,3309873.83,0,9,407,107,0,34,US,Theater
Celtic Thunder,2026,2026-10-14,,LIVE NATION MUSIC,552178.1,872086.98,936120.37,1,62,271,6,0,26,US,Theater
Soccer Mommy,2026,2026-10-14,,LIVE NATION MUSIC,257014.8,4765.9,92616.97,0,0,7,45,0,1,US,Club
Patrick Droney,2026,2026-10-14,,LIVE NATION MUSIC,0.0,4245.59,25810.0,0,0,0,10,0,0,US,Club
"The A, B, C &amp; D Of Boogie Woogie",2026,2026-10-14,,EMPORIUM PRESENTS,0.0,0.0,0.0,0,0,0,1,0,0,US,Theater
Turnstile,2026,2026-10-14,,LIVE NATION MUSIC,3535380.32,739762.83,739153.98,3,7,40,34,0,3,US,Theater
Pouya,2026,2026-10-14,,HOUSE OF BLUES CONCERTS (HOB),198768.95,0.0,296648.0,0,0,21,62,0,4,US,Club
Ryan Beatty,2026,2026-10-14,,LIVE NATION MUSIC,0.0,164812.0,12100.0,0,1,3,17,0,0,US,Theater
Buddha Trixie,2026,2026-10-14,,LIVE NATION MUSIC,4659.96,0.0,0.0,0,0,1,1,0,0,US,Club
Avatar,2026,2026-10-14,,LIVE NATION MUSIC,549363.65,456317.3,414674.53,0,1,12,50,0,4,US,Club
Suki Waterhouse,2026,2026-10-14,,LIVE NATION MUSIC,63447.01,1845642.36,489285.46,1,0,11,37,0,0,US,Club
"Trombone Shorty &amp; Orleans Avenue, St. Paul &amp; The Broken Bones",2026,2026-10-14,,FRANK PRODUCTIONS,0.0,0.0,0.0,4,0,0,1,0,0,US,Arena
Marilyn Manson,2026,2026-10-14,,LIVE NATION MUSIC,8245313.02,117608.0,0.0,3,22,29,41,0,2,US,Club
Willow Avalon,2026,2026-10-14,,LIVE NATION MUSIC,86780.26999999999,0.0,0.0,0,0,2,9,0,0,US,Theater
Lupe Fiasco,2026,2026-10-14,,LIVE NATION MUSIC,0.0,168379.5,0.0,2,3,22,46,0,0,US,Theater
Taking Back Sunday,2026,2026-10-14,,LIVE NATION MUSIC,0.0,1192562.18,59060.0,0,1,32,133,0,8,US,Amphitheatre
Belles,2026,2026-10-14,,LIVE NATION MUSIC,725.0,970.0,0.0,0,0,0,2,0,0,US,Club
Kenny Wayne Shepherd,2026,2026-10-14,,LIVE NATION MUSIC,861210.02,1084321.07,3587479.38,9,0,142,68,0,18,US,Theater
"""Past, Present, Future: A Dance Gala""",2026,2026-10-14,,LIVE NATION MUSIC,0.0,0.0,0.0,0,0,1,0,0,0,US,Theater
Taking Back Sunday,2026,2026-10-14,,LIVE NATION MUSIC,0.0,1192562.18,59060.0,0,1,32,133,0,8,US,Amphitheatre
The Haunt,2026,2026-10-14,,LIVE NATION MUSIC,21115.76,0.0,0.0,0,0,0,10,0,0,US,Club
"Memphis May Fire, Rain City Drive, Nevertel, If Not For Me",2026,2026-10-14,,FRANK PRODUCTIONS,34480.0,0.0,0.0,0,0,0,1,0,0,US,Club
The Paradox,2026,2026-10-14,,HOUSE OF BLUES CONCERTS (HOB),4780.0,0.0,0.0,0,0,1,0,0,0,US,Theater
Shakey Graves,2026,2026-10-14,,LIVE NATION MUSIC,530628.21,401599.02,1244604.5,18,0,48,154,2,15,US,Theater
The Hayds,2026,2026-10-14,,LIVE NATION MUSIC,0.0,0.0,0.0,0,0,0,2,0,0,US,Club
Carbon Leaf,2026,2026-10-14,,FRANK PRODUCTIONS,83158.0,162104.5,87410.0,2,0,17,181,0,0,US,Club
Quadeca,2026,2026-10-14,,LIVE NATION MUSIC,127634.26,0.0,7186.0,0,0,3,8,0,0,US,Theater
Donovan,2026,2026-10-14,,LIVE NATION TENNESSEE,0.0,0.0,0.0,0,0,8,5,0,0,US,Theater
King's X,2026,2026-10-14,,LIVE NATION MUSIC,16889.0,64650.0,59545.0,0,0,5,11,0,0,US,Club
Love Spells,2026,2026-10-14,,LIVE NATION MUSIC,5670.0,0.0,0.0,0,0,0,3,0,0,US,Club
Peter Bjorn And John,2026,2026-10-14,,LIVE NATION MUSIC,25040.0,0.0,0.0,0,0,3,32,0,0,US,Club
Princess,2026,2026-10-14,,LIVE NATION MUSIC,0.0,0.0,392378.48,0,0,3,11,0,0,US,Club
Machine Girl,2026,2026-10-14,,LIVE NATION MUSIC,245123.68,616185.04,0.0,0,0,6,36,0,0,US,Theater
Machine Girl,2026,2026-10-14,,LIVE NATION MUSIC,245123.68,616185.04,0.0,0,0,6,36,0,0,US,Theater
Joe Jordan,2026,2026-10-14,,LIVE NATION MUSIC,5540.0,0.0,0.0,0,0,0,4,0,0,US,Club
Alvaro,2026,2026-10-14,,LIVE NATION MUSIC,0.0,0.0,0.0,0,0,0,1,0,0,US,Theater
Shakey Graves,2026,2026-10-14,,LIVE NATION MUSIC,530628.21,401599.02,1244604.5,18,0,48,154,2,15,US,Theater
EsDeeKid,2026,2026-10-14,,LIVE NATION MUSIC,0.0,0.0,0.0,0,0,0,1,0,0,US,Arena
EsDeeKid,2026,2026-10-14,,LIVE NATION MUSIC,0.0,0.0,0.0,0,0,0,1,0,0,US,Arena
T.3,2026,2026-10-14,,LIVE NATION MUSIC,2859.0,17899.19,19283.0,0,0,1,11,0,0,US,Club
T.3,2026,2026-10-14,,LIVE NATION MUSIC,2859.0,17899.19,19283.0,0,0,1,11,0,0,US,Club
The Black Keys,2026,2026-10-14,,LIVE NATION CANADA (LN),7622312.4,1632852.36,1779620.0299999998,53,157,26,25,4,7,International,Arena
Donavon Frankenreiter,2026,2026-10-14,,LIVE NATION CANADA (LN),4612.0,10295.0,164410.5,8,0,30,208,1,41,International,Theater
America,2026,2026-10-14,,LIVE NATION CANADA (LN),4786730.81,4477164.55,1750231.2,5,8,180,41,0,14,International,Club
"Cradle Of Filth, DevilDriver",2026,2026-10-14,,LIVE NATION CANADA (LN),0.0,0.0,29384.5,0,0,0,2,0,0,International,Club
Roma,2026,2026-10-14,,LIVE NATION CANADA (LN),0.0,0.0,0.0,0,0,0,1,0,0,International,Club
Murda,2026,2026-10-14,,LIVE NATION CANADA (LN),0.0,11865.0,0.0,0,0,0,1,0,0,International,Theater
Bruno Mars,2026,2026-10-14,,LIVE NATION CANADA (LN),42422958.0,280515343.74,87980695.9,12,221,88,9,45,8,International,Arena
Beck,2026,2026-10-14,,LIVE NATION MUSIC,1461640.71,626608.75,4873011.17,24,9,29,9,0,4,International,Theater
The Zolas,2026,2026-10-14,,LIVE NATION MUSIC,0.0,0.0,0.0,0,0,0,4,0,1,International,Club
UB40,2026,2026-10-14,,LIVE NATION CANADA (LN),1292055.05,5742450.69,2259277.81,10,34,54,23,0,4,International,Arena
Tina Sandwich,2026,2026-10-14,,MCD PRODUCTIONS,0.0,3699.15,0.0,0,0,0,1,0,0,International,Club
Warren Zeiders,2026,2026-10-14,,LIVE NATION MUSIC UK LTD,3456947.89,748458.81,989474.19,5,12,14,32,0,6,International,Club
Snow Patrol,2026,2026-10-14,,MCD PRODUCTIONS,11139731.38,1938880.38,0.0,1,36,57,23,6,4,International,Club
The Anniversary,2026,2026-10-14,,LIVE NATION MUSIC UK LTD,0.0,0.0,0.0,0,0,0,2,0,0,International,Arena
The Wonder Stuff,2026,2026-10-14,,DF CONCERTS,0.0,0.0,0.0,0,0,1,1,0,0,International,Club
Angine de Poitrine,2026,2026-10-14,,DF CONCERTS,0.0,0.0,0.0,0,0,1,1,0,0,International,Club
AIR,2026,2026-10-14,,"LIVE NATION UK FOR ARTIST, TOUR, FESTIVAL AND PRESALE NEWS",1629035.89,5729457.01,0.0,4,2,26,15,1,1,International,Theater
"A, Monkey Kong",2026,2026-10-14,,"LIVE NATION UK FOR ARTIST, TOUR, FESTIVAL AND PRESALE NEWS",0.0,0.0,0.0,0,0,0,1,0,0,International,Theater
Jamie McIntyre,2026,2026-10-14,,LIVE NATION MUSIC UK LTD,8700.76,0.0,0.0,0,0,0,3,0,0,International,Club
Jill Scott,2026,2026-10-14,,LIVE NATION MUSIC UK LTD,0.0,0.0,5166723.7,8,4,67,7,0,2,International,Theater
Pip Millett,2026,2026-10-14,,"LIVE NATION UK FOR ARTIST, TOUR, FESTIVAL AND PRESALE NEWS",0.0,0.0,0.0,0,0,0,1,0,0,International,Theater
Zara Larsson,2026,2026-10-14,,LIVE NATION AUSTRALIA,3822077.52,895136.14,0.0,0,5,10,10,1,0,International,Club
Bailey Zimmerman,2026,2026-10-14,,LIVE NATION AUSTRALIA,7243049.25,429948.46,28703.5,21,23,8,3,0,1,International,Theater
OsamaSon,2026,2026-10-14,,LIVE NATION AUSTRALIA,239099.94,40432.259999999995,0.0,0,0,1,8,0,0,International,Theater
"Hombres G, Los Enanitos Verdes",2026,2026-10-14,,OCESA,3449213.65,0.0,0.0,0,5,1,0,0,0,International,Arena
Travis,2026,2026-10-14,,OCESA,229195.73,4894790.51,0.0,0,8,38,17,0,2,International,Arena
Ra,2026,2026-10-14,,OCESA,910.56,0.0,0.0,0,0,0,2,0,0,International,Club
Andreas Gabalier,2026,2026-10-14,,Live Nation GmbH,6533472.3,5036718.25,11601676.81,9,28,1,0,12,4,International,Club
Matt Hansen,2026,2026-10-14,,Live Nation,167808.59,12300.0,0.0,0,0,0,11,0,3,International,Club
"""Past, Present, Future: A Dance Gala""",2026,2026-10-14,,Live Nation,0.0,0.0,0.0,0,0,1,0,0,0,International,Theater
Young Thug,2026,2026-10-14,,Live Nation Venues Netherlands BV Afas Live,874047.0,0.0,0.0,1,5,10,18,0,0,International,Club
Young Thug,2026,2026-10-14,,Live Nation Venues Netherlands BV Afas Live,874047.0,0.0,0.0,1,5,10,18,0,0,International,Club
Declan Welsh &amp; The Decadent West,2026,2026-10-14,,Live Nation sp. z o.o.,2988.67,0.0,35404.17,0,0,0,16,0,5,International,Club
"Chris Brown, Usher",2026,2026-10-15,,LIVE NATION MUSIC,0.0,0.0,0.0,0,0,0,0,18,0,US,Stadium
Olivia Rodrigo,2026,2026-10-15,,LIVE NATION MUSIC,23420107.2,169307085.8,0.0,0,68,10,2,5,1,US,Arena
Jonas Brothers,2026,2026-10-15,,LIVE NATION MUSIC,81959444.45,30144554.31,109403725.33,84,205,28,1,31,5,US,Arena
Little Big Town,2026,2026-10-15,,LIVE NATION MUSIC,2309214.5,13004819.31,2846985.5,23,68,94,16,1,12,US,Arena
Dan + Shay,2026,2026-10-15,,LIVE NATION MUSIC,0.0,23220519.09,2076160.61,32,54,33,41,1,8,US,Amphitheatre
Clint Black,2026,2026-10-15,,LIVE NATION MUSIC,1793575.7,2126718.27,930958.82,11,15,179,14,0,30,US,Theater
Bright Eyes,2026,2026-10-15,,LIVE NATION MUSIC,1167935.45,0.0,334447.0,9,0,29,34,2,7,US,Amphitheatre
Sanguisugabogg,2026,2026-10-15,,LIVE NATION MUSIC,0.0,87000.54000000001,4360.0,0,0,3,14,0,0,US,Club
Rocket From The Crypt,2026,2026-10-15,,LIVE NATION MUSIC,0.0,0.0,0.0,0,0,0,3,0,0,US,Club
Lifehouse,2026,2026-10-15,,LIVE NATION MUSIC,0.0,0.0,0.0,1,0,10,18,0,2,US,Club
Holywatr,2026,2026-10-15,,LIVE NATION MUSIC,10133.0,0.0,0.0,0,0,0,3,0,0,US,Theater
America,2026,2026-10-15,,LIVE NATION MUSIC,4786730.81,4477164.55,1750231.2,5,8,180,41,0,14,US,Theater
Holding Absence,2026,2026-10-15,,LIVE NATION MUSIC,0.0,17703.010000000002,27253.3,0,0,3,8,0,0,US,Theater
Earl Sweatshirt,2026,2026-10-15,,LIVE NATION MUSIC,145905.72999999998,0.0,304502.67,0,0,7,36,0,0,US,Club
Walker &amp; Royce,2026,2026-10-15,,LIVE NATION MUSIC,22362.5,18852.5,0.0,0,0,0,9,0,0,US,Theater
Flow,2026,2026-10-15,,LIVE NATION MUSIC,406551.66,631195.89,0.0,0,0,4,13,0,0,US,Club
Toadies,2026,2026-10-15,,LIVE NATION MUSIC,25040.0,0.0,0.0,2,0,9,53,0,1,US,Club
Ziggy Marley,2026,2026-10-15,,LIVE NATION MUSIC,678098.52,681037.0,171281.63,33,0,44,33,1,4,US,Amphitheatre
Alana Springsteen,2026,2026-10-15,,LIVE NATION MUSIC,0.0,52860.5,44910.24,0,0,2,12,0,1,US,Theater
Hawthorne Heights,2026,2026-10-15,,LIVE NATION MUSIC,10175.0,356921.46,49305.0,2,0,4,55,0,5,US,Club
J &amp; The Causeways,2026,2026-10-15,,LIVE NATION MUSIC,2003.0,0.0,0.0,0,0,0,2,0,0,US,Club
Stayin' Alive: One Night of the Bee Gees,2026,2026-10-15,,LIVE NATION MUSIC,426408.41,252820.95,192930.21,0,0,21,6,0,0,US,Theater
Allison Russell,2026,2026-10-15,,LIVE NATION MUSIC,83000.15,59484.68,37732.0,0,0,4,8,0,0,US,Club
Stayin' Alive: One Night of the Bee Gees,2026,2026-10-15,,LIVE NATION MUSIC,426408.41,252820.95,192930.21,0,0,21,6,0,0,US,Theater
Allison Russell,2026,2026-10-15,,LIVE NATION MUSIC,83000.15,59484.68,37732.0,0,0,4,8,0,0,US,Club
Struggle Jennings,2026,2026-10-15,,HOUSE OF BLUES CONCERTS (HOB),0.0,21655.0,21009.44,1,0,3,30,2,0,US,Club
Metallica,2026,2026-10-15,,LIVE NATION MUSIC,137107458.47,179373637.38,146435306.85,0,95,4,4,135,10,US,Stadium
Metallica,2026,2026-10-15,,LIVE NATION MUSIC,137107458.47,179373637.38,146435306.85,0,95,4,4,135,10,US,Stadium
KATSEYE,2026,2026-10-15,,LIVE NATION MUSIC,3772036.89,0.0,0.0,0,1,5,2,0,0,US,Arena
Young Miko,2026,2026-10-15,,LIVE NATION MUSIC,1819198.33,11120905.33,716909.22,7,8,21,5,0,2,US,Arena
Doja Cat,2026,2026-10-15,,LIVE NATION MUSIC,7384674.46,7298161.81,31988065.4,0,39,0,9,0,0,US,Arena
Gorillaz,2026,2026-10-15,,LIVE NATION MUSIC,2844527.25,0.0,5075.0,8,77,15,1,3,1,US,Arena
Bryson Tiller,2026,2026-10-15,,LIVE NATION MUSIC,0.0,14396903.73,1952369.56,10,20,31,34,0,2,US,Amphitheatre
Rush,2026,2026-10-15,,LIVE NATION MUSIC,0.0,0.0,0.0,40,118,1,0,2,8,US,Arena
El Mundo,2026,2026-10-15,,LIVE NATION MUSIC,0.0,0.0,0.0,0,0,1,0,0,0,US,Stadium
Malcolm Todd,2026,2026-10-15,,LIVE NATION MUSIC,207372.81,63535.0,0.0,0,0,5,8,0,0,US,Theater
G-Eazy,2026,2026-10-15,,LIVE NATION MUSIC,453863.88,166997.78,53337.0,33,23,54,102,1,4,US,Amphitheatre
MONSTA X,2026,2026-10-15,,LIVE NATION MUSIC,0.0,0.0,0.0,0,6,19,2,0,0,US,Amphitheatre
Pedro Fernández,2026,2026-10-15,,LIVE NATION MUSIC,1779091.23,1070035.34,992662.55,2,12,11,0,0,0,US,Theater
Iration,2026,2026-10-15,,LIVE NATION MUSIC,156458.5,500032.5,277045.25,12,0,12,119,0,4,US,Club
Arcángel,2026,2026-10-15,,LIVE NATION MUSIC,0.0,5578759.22,9635530.99,2,31,6,0,4,1,US,Arena
Lost,2026,2026-10-15,,LIVE NATION MUSIC,0.0,0.0,36826.43,0,0,0,5,0,0,US,Club
Turnpike Troubadours,2026,2026-10-15,,LIVE NATION MUSIC,2346574.06,4318554.92,3521142.51,29,12,42,108,4,12,US,Club
Steve Lacy,2026,2026-10-15,,LIVE NATION MUSIC,0.0,0.0,48400.0,1,2,2,7,0,0,US,Amphitheatre
"Band Of Horses, Dinosaur Jr.",2026,2026-10-15,,LIVE NATION MUSIC,0.0,0.0,0.0,1,0,0,0,0,0,US,Amphitheatre
El Mundo,2026,2026-10-15,,LIVE NATION MUSIC,0.0,0.0,0.0,0,0,1,0,0,0,US,Stadium
The S.O.S. Band,2026,2026-10-15,,LIVE NATION MUSIC,0.0,0.0,0.0,1,0,1,3,0,0,US,Theater
Sleeping With Sirens,2026,2026-10-15,,LIVE NATION MUSIC,0.0,350306.75,319502.92,0,1,30,104,0,5,US,Arena
"Jacks Waterfall, Kerry Kearney Band",2026,2026-10-15,,LIVE NATION MUSIC,0.0,0.0,0.0,0,0,0,1,0,0,US,Club
Travis Tritt,2026,2026-10-15,,LIVE NATION MUSIC,1712193.64,861493.65,1525521.41,14,22,118,26,0,19,US,Theater
Victory,2026,2026-10-15,,LIVE NATION MUSIC,0.0,0.0,0.0,0,0,0,2,0,0,US,Club
Thundercat,2026,2026-10-15,,LIVE NATION MUSIC,166095.0,81082.15,903432.94,2,0,14,40,0,2,US,Club
America,2026,2026-10-15,,LIVE NATION MUSIC,4786730.81,4477164.55,1750231.2,5,8,180,41,0,14,US,Club
The Chicks,2026,2026-10-15,,LIVE NATION MUSIC,0.0,0.0,21183223.21,39,69,4,0,3,0,US,Arena
The Phil Collins Story,2026,2026-10-15,,LIVE NATION MUSIC,0.0,0.0,0.0,0,0,14,1,0,1,US,Theater
Avatar,2026,2026-10-15,,LIVE NATION MUSIC,549363.65,456317.3,414674.53,0,1,12,50,0,4,US,Theater
The Aquabats,2026,2026-10-15,,LIVE NATION MUSIC,41516.11,55590.0,70380.0,0,0,2,32,0,0,US,Club
ARTMS,2026,2026-10-15,,LIVE NATION MUSIC,369351.4,1396931.49,0.0,0,0,16,3,0,0,US,Theater
R&amp;B Vibes Live,2026,2026-10-15,,LIVE NATION MUSIC,0.0,0.0,0.0,0,0,0,2,0,0,US,Club
DICE,2026,2026-10-15,,LIVE NATION MUSIC,41239.44,3184.39,12274.39,0,0,0,9,0,0,US,Club
Movements,2026,2026-10-15,,LIVE NATION MUSIC,308781.6,267276.63,140008.0,0,0,1,23,0,1,US,Club
Xavier Wulf,2026,2026-10-15,,LIVE NATION MUSIC,37425.0,959758.4,0.0,1,0,14,55,0,0,US,Theater
Steel Pulse,2026,2026-10-15,,LIVE NATION MUSIC,276456.89,283413.0,21915.0,4,0,13,59,0,1,US,Club
Personal &amp; The Pizzas,2026,2026-10-15,,LIVE NATION MUSIC,0.0,0.0,0.0,0,0,0,1,0,0,US,Theater
The Wrecks,2026,2026-10-15,,LIVE NATION MUSIC,97000.68,0.0,0.0,0,0,1,12,0,0,US,Club
Apollo's Ghost,2026,2026-10-15,,LIVE NATION MUSIC,0.0,0.0,0.0,0,0,0,2,0,0,US,Club
Rise Against,2026,2026-10-15,,LIVE NATION MUSIC,4277860.61,678554.91,194297.26,27,65,68,73,4,10,US,Arena
Rise Against,2026,2026-10-15,,LIVE NATION MUSIC,4277860.61,678554.91,194297.26,27,65,68,73,4,10,US,Arena
"Son, You Silence I Bird",2026,2026-10-15,,LIVE NATION MUSIC,0.0,0.0,0.0,0,0,1,1,0,2,US,Other
Autumn,2026,2026-10-15,,LIVE NATION MUSIC,0.0,0.0,0.0,0,0,0,1,0,0,US,Club
"Mic Crenshaw, Special Guests",2026,2026-10-15,,LIVE NATION MUSIC,0.0,0.0,0.0,0,0,0,1,0,0,US,Theater
"The A, B, C &amp; D Of Boogie Woogie",2026,2026-10-15,,EMPORIUM PRESENTS,0.0,0.0,0.0,0,0,0,1,0,0,US,Theater
Ziggy Marley,2026,2026-10-15,,LIVE NATION MUSIC,678098.52,681037.0,171281.63,33,0,44,33,1,4,US,Amphitheatre
Demon Hunter,2026,2026-10-15,,LIVE NATION MUSIC,17480.0,15615.0,14215.0,0,0,1,17,0,0,US,Club
"Black Country, New Road",2026,2026-10-15,,LIVE NATION MUSIC,434569.28,262065.06,182437.63,0,0,15,13,0,0,US,Theater
Brand New,2026,2026-10-15,,LIVE NATION MUSIC,2962416.0700000003,0.0,0.0,5,11,12,15,0,0,US,Club
Duane Betts &amp; Palmetto Motel,2026,2026-10-15,,FRANK PRODUCTIONS,0.0,0.0,0.0,0,0,0,3,0,0,US,Theater
The Paradox,2026,2026-10-15,,HOUSE OF BLUES CONCERTS (HOB),4780.0,0.0,0.0,0,0,1,0,0,0,US,Theater
Ax and the Hatchetmen,2026,2026-10-15,,LIVE NATION TENNESSEE,167304.38,10365.0,2059.0,0,0,2,28,0,0,US,Club
IVE,2026,2026-10-15,,LIVE NATION MUSIC,3790215.44,12543199.86,3686900.39,0,21,0,0,0,0,US,Arena
Rata Blanca,2026,2026-10-15,,HOUSE OF BLUES CONCERTS (HOB),565110.34,0.0,0.0,1,4,11,4,2,5,US,Theater
Cryogeyser,2026,2026-10-15,,LIVE NATION MUSIC,5507.21,0.0,0.0,0,0,0,3,0,1,US,Club
Cryogeyser,2026,2026-10-15,,LIVE NATION MUSIC,5507.21,0.0,0.0,0,0,0,3,0,1,US,Club
M,2026,2026-10-15,,FRANK PRODUCTIONS,0.0,0.0,286459.73,0,0,2,0,0,0,US,Theater
DJ Mandy,2026,2026-10-15,,LIVE NATION MUSIC,17992.72,0.0,0.0,0,0,0,2,0,0,US,Club
"God Forbid, Ninth Circle",2026,2026-10-15,,LIVE NATION MUSIC,0.0,0.0,0.0,0,0,0,1,0,0,US,Club
Emily Kinney,2026,2026-10-15,,LIVE NATION MUSIC,0.0,1800.0,6050.0,0,0,3,12,0,0,US,Club
Danielle Nicole,2026,2026-10-15,,FRANK PRODUCTIONS,28256.0,38020.0,16263.0,1,0,5,44,0,0,US,Club
Rico Nasty,2026,2026-10-15,,LIVE NATION MUSIC,51656.5,0.0,66094.0,0,1,1,19,0,1,US,Theater
Love Spells,2026,2026-10-15,,LIVE NATION MUSIC,5670.0,0.0,0.0,0,0,0,3,0,0,US,Club
Jim Messina,2026,2026-10-15,,LIVE NATION MUSIC,121996.79,42181.0,111660.1,2,0,27,30,0,1,US,Club
The Rush Tribute Project,2026,2026-10-15,,LIVE NATION MUSIC,548321.85,62212.5,173466.09,0,1,42,2,0,1,US,Arena
French Police,2026,2026-10-15,,LIVE NATION MUSIC,4947.94,32177.0,0.0,0,0,0,6,0,0,US,Theater
Isabel LaRosa,2026,2026-10-15,,LIVE NATION MUSIC,84685.57,24182.31,0.0,0,0,2,5,0,0,US,Club
Sun,2026,2026-10-15,,FRANK PRODUCTIONS,2319.81,0.0,0.0,0,0,0,2,0,0,US,Club
Postmodern Jukebox,2026,2026-10-15,,LIVE NATION MUSIC,3423282.53,2913423.2,3309873.83,0,9,407,107,0,34,US,Theater
Jeff &amp; Sheri Easter,2026,2026-10-15,,LIVE NATION MUSIC,0.0,17572.3,0.0,0,0,2,0,0,0,US,Theater
King's X,2026,2026-10-15,,LIVE NATION MUSIC,16889.0,64650.0,59545.0,0,0,5,11,0,0,US,Club
Bayonne,2026,2026-10-15,,LIVE NATION MUSIC,0.0,2241.0,4161.5,0,0,1,5,0,0,US,Club
Postmodern Jukebox,2026,2026-10-15,,LIVE NATION MUSIC,3423282.53,2913423.2,3309873.83,0,9,407,107,0,34,US,Theater
SiM,2026,2026-10-15,,LIVE NATION MUSIC,0.0,78357.29000000001,0.0,0,0,0,4,0,0,US,Theater
French Police,2026,2026-10-15,,LIVE NATION MUSIC,4947.94,32177.0,0.0,0,0,0,6,0,0,US,Theater
The Rush Tribute Project,2026,2026-10-15,,LIVE NATION MUSIC,548321.85,62212.5,173466.09,0,1,42,2,0,1,US,Arena
King's X,2026,2026-10-15,,LIVE NATION MUSIC,16889.0,64650.0,59545.0,0,0,5,11,0,0,US,Club
Bayonne,2026,2026-10-15,,LIVE NATION MUSIC,0.0,2241.0,4161.5,0,0,1,5,0,0,US,Club
Carly Pearce,2026,2026-10-15,,LIVE NATION CANADA (LN),939850.93,0.0,316634.33999999997,1,0,20,8,0,0,International,Theater
moondoggy,2026,2026-10-15,,LIVE NATION CANADA (LN),0.0,0.0,0.0,0,0,0,2,0,0,International,Club
Vengaboys,2026,2026-10-15,,LIVE NATION CANADA (LN),585713.9400000001,0.0,888672.54,0,1,10,4,0,5,International,Theater
Beck,2026,2026-10-15,,LIVE NATION MUSIC,1461640.71,626608.75,4873011.17,24,9,29,9,0,4,International,Theater
Bruce Cockburn,2026,2026-10-15,,LIVE NATION MUSIC,88765.0,99304.0,222261.52,0,0,35,67,0,3,International,Arena
The Zolas,2026,2026-10-15,,LIVE NATION CANADA (LN),0.0,0.0,0.0,0,0,0,4,0,1,International,Club
Paul Cauthen,2026,2026-10-15,,LIVE NATION CANADA (LN),253411.02,213372.0,435342.0,0,0,2,58,0,3,International,Theater
"Headpins, The Holly Woods, Toronto",2026,2026-10-15,,LIVE NATION CANADA (LN),0.0,0.0,0.0,0,0,0,0,0,1,International,Other
Lewis Doyle Singer,2026,2026-10-15,,MCD PRODUCTIONS,0.0,0.0,0.0,0,0,1,0,0,0,International,Theater
M,2026,2026-10-15,,MCD PRODUCTIONS,0.0,0.0,286459.73,0,0,2,0,0,0,International,Club
Warren Zeiders,2026,2026-10-15,,LIVE NATION MUSIC UK LTD,3456947.89,748458.81,989474.19,5,12,14,32,0,6,International,Club
F3miii,2026,2026-10-15,,"LIVE NATION UK FOR ARTIST, TOUR, FESTIVAL AND PRESALE NEWS",0.0,2365.74,0.0,0,0,0,1,0,0,International,Club
Alpha Wolf,2026,2026-10-15,,LIVE NATION MUSIC UK LTD,306339.95,449798.24,0.0,0,0,6,21,0,11,International,Club
Pip Millett,2026,2026-10-15,,"LIVE NATION UK FOR ARTIST, TOUR, FESTIVAL AND PRESALE NEWS",0.0,0.0,0.0,0,0,0,1,0,0,International,Theater
Tal,2026,2026-10-15,,"LIVE NATION UK FOR ARTIST, TOUR, FESTIVAL AND PRESALE NEWS",0.0,0.0,0.0,0,1,0,0,0,0,International,Arena
Two Door Cinema Club,2026,2026-10-15,,OCESA,0.0,2811716.67,777788.89,4,7,43,87,3,5,International,Arena
Om,2026,2026-10-15,,OCESA,0.0,0.0,0.0,0,0,1,19,0,0,International,Club
Adéla,2026,2026-10-15,,OCESA,0.0,0.0,0.0,0,0,0,1,0,0,International,Club
Bunbury,2026,2026-10-15,,OCESA,10097962.63,6664348.7700000005,489408.32,4,21,41,9,14,8,International,Theater
Ra,2026,2026-10-15,,OCESA,910.56,0.0,0.0,0,0,0,2,0,0,International,Club
Kneecap,2026,2026-10-15,,OCESA,4793495.64,512008.07,96574.89,0,5,10,10,1,0,International,Club
Bryan Adams,2026,2026-10-15,,Live Nation,36301093.83,29271692.68,25946523.41,50,463,227,9,38,69,International,Arena
"Charlotte Brandi, Ment",2026,2026-10-15,,Live Nation,0.0,0.0,0.0,0,0,0,1,0,0,International,Club
J. Cole,2026,2026-10-15,,Live Nation GmbH,0.0,2084747.68,0.0,25,121,50,39,2,2,International,Arena
The Strokes,2026,2026-10-15,,Live Nation GmbH,568539.0,0.0,0.0,2,7,4,4,1,1,International,Arena
Andreas Gabalier,2026,2026-10-15,,Live Nation GmbH,6533472.3,5036718.25,11601676.81,9,28,1,0,12,4,International,Club
Lady,2026,2026-10-15,,Live Nation sp. z o.o.,0.0,0.0,0.0,0,0,0,1,0,0,International,Club
Telenova,2026,2026-10-15,,LIVE NATION CZECH REPUBLIC s.r.o.,0.0,1591.94,0.0,0,0,0,2,0,0,International,Club
"""Cap Roig Festival"", Anastacia",2026,2026-10-15,,LIVE NATION CZECH REPUBLIC s.r.o.,0.0,0.0,0.0,0,0,0,0,1,0,International,Stadium
Jonas Brothers,2026,2026-10-16,,LIVE NATION MUSIC,81959444.45,30144554.31,109403725.33,84,205,28,1,31,5,US,Arena
Destroy Lonely,2026,2026-10-16,,LIVE NATION MUSIC,777805.47,306949.51,142921.93,0,1,3,13,0,0,US,Amphitheatre
Staind,2026,2026-10-16,,LIVE NATION MUSIC,1978997.55,2423123.19,729547.4,5,9,8,12,0,3,US,Arena
Nine Vicious,2026,2026-10-16,,LIVE NATION MUSIC,0.0,0.0,0.0,0,0,0,2,0,0,US,Club
Dan + Shay,2026,2026-10-16,,LIVE NATION MUSIC,0.0,23220519.09,2076160.61,32,54,33,41,1,8,US,Amphitheatre
Five Finger Death Punch,2026,2026-10-16,,LIVE NATION MUSIC,485138.13,5167906.39,0.0,12,74,25,39,1,4,US,Amphitheatre
Taste,2026,2026-10-16,,HOUSE OF BLUES CONCERTS (HOB),0.0,0.0,0.0,0,0,1,1,0,0,US,Club
Suki Waterhouse,2026,2026-10-16,,LIVE NATION MUSIC,63447.01,1845642.36,489285.46,1,0,11,37,0,0,US,Club
Ty Myers,2026,2026-10-16,,LIVE NATION MUSIC,4188533.82,581057.78,0.0,25,2,29,72,0,5,US,Amphitheatre
Ryan Beatty,2026,2026-10-16,,LIVE NATION MUSIC,0.0,164812.0,12100.0,0,1,3,17,0,0,US,Club
Tauren Wells,2026,2026-10-16,,LIVE NATION MUSIC,107202.55,0.0,626533.44,1,1,45,1,0,14,US,Theater
Clutch,2026,2026-10-16,,LIVE NATION MUSIC,563483.87,483052.66,933623.86,4,1,39,168,0,7,US,Club
Rocket From The Crypt,2026,2026-10-16,,LIVE NATION MUSIC,0.0,0.0,0.0,0,0,0,3,0,0,US,Club
Sanguisugabogg,2026,2026-10-16,,LIVE NATION MUSIC,0.0,87000.54000000001,4360.0,0,0,3,14,0,0,US,Theater
Skillet,2026,2026-10-16,,LIVE NATION MUSIC,2557214.15,260542.96,1377748.06,6,30,44,67,1,14,US,Theater
Avery Anna,2026,2026-10-16,,LIVE NATION MUSIC,64422.0,18000.0,11491.0,0,0,3,10,0,0,US,Club
Toadies,2026,2026-10-16,,HOUSE OF BLUES CONCERTS (HOB),25040.0,0.0,0.0,2,0,9,53,0,1,US,Club
The Texas Gentlemen,2026,2026-10-16,,LIVE NATION MUSIC,1565.58,0.0,0.0,0,0,0,4,0,0,US,Club
Boyz II Men,2026,2026-10-16,,LIVE NATION MUSIC,5843741.05,5424182.24,2546429.2,10,11,76,36,0,7,US,Theater
Lenny Pearce,2026,2026-10-16,,FRANK PRODUCTIONS,1149576.75,11247.35,0.0,1,0,32,23,0,2,US,Theater
Cavetown,2026,2026-10-16,,LIVE NATION MUSIC,0.0,444645.86,1226221.94,2,1,17,39,0,6,US,Club
Catch Your Breath,2026,2026-10-16,,LIVE NATION MUSIC,10444.0,0.0,0.0,0,0,0,6,0,0,US,Club
KNOX,2026,2026-10-16,,LIVE NATION MUSIC,60461.53,18594.0,0.0,0,0,0,9,0,0,US,Theater
BERTHA: Grateful Drag,2026,2026-10-16,,LIVE NATION MUSIC,53212.0,28106.5,0.0,1,0,0,5,0,0,US,Club
"The A, B, C &amp; D Of Boogie Woogie",2026,2026-10-16,,LIVE NATION MUSIC,0.0,0.0,0.0,0,0,0,1,0,0,US,Arena
EsDeeKid,2026,2026-10-16,,LIVE NATION MUSIC,0.0,0.0,0.0,0,0,0,1,0,0,US,Amphitheatre
The Menzingers,2026,2026-10-16,,LIVE NATION MUSIC,0.0,83860.93,175297.68,0,0,3,45,0,0,US,Theater
Wheeler Walker Jr.,2026,2026-10-16,,LIVE NATION MUSIC,0.0,131246.5,289839.0,0,0,4,27,0,0,US,Theater
Chris Mitchell,2026,2026-10-16,,HOUSE OF BLUES CONCERTS (HOB),0.0,0.0,0.0,0,0,0,1,0,0,US,Club
John King,2026,2026-10-16,,LIVE NATION MUSIC,0.0,0.0,0.0,0,0,0,1,0,0,US,Club
Walker &amp; Royce,2026,2026-10-16,,LIVE NATION MUSIC,22362.5,18852.5,0.0,0,0,0,9,0,0,US,Theater
Rodrigo y Gabriela,2026,2026-10-16,,LIVE NATION MUSIC,68954.74,537959.35,1458366.69,33,3,134,58,0,10,US,Amphitheatre
Daniel Donato,2026,2026-10-16,,LIVE NATION MUSIC,235370.75,86368.5,58816.5,1,0,5,22,0,4,US,Club
Foghat,2026,2026-10-16,,LIVE NATION MUSIC,0.0,377679.45,90367.74,1,1,12,9,0,3,US,Theater
Enter,2026,2026-10-16,,LIVE NATION MUSIC,28761.16,0.0,0.0,0,0,0,1,0,0,US,Club
Deer Tick,2026,2026-10-16,,LIVE NATION MUSIC,29783.0,4612.5,128819.5,1,0,8,93,0,1,US,Club
The Black Dahlia Murder,2026,2026-10-16,,LIVE NATION MUSIC,0.0,65614.66,163785.56,0,0,21,93,0,2,US,Club
Foghat,2026,2026-10-16,,LIVE NATION MUSIC,0.0,377679.45,90367.74,1,1,12,9,0,3,US,Theater
Prince Daddy &amp; the Hyena,2026,2026-10-16,,LIVE NATION MUSIC,14330.0,23187.85,10500.0,0,0,0,16,0,2,US,Club
Prayers,2026,2026-10-16,,LIVE NATION MUSIC,0.0,0.0,5380.0,0,0,1,10,0,0,US,Club
Grace &amp; The Flat Boys,2026,2026-10-16,,LIVE NATION MUSIC,0.0,1496.9,0.0,0,0,0,1,0,0,US,Club
"In, Flew Ants",2026,2026-10-16,,LIVE NATION MUSIC,0.0,0.0,0.0,0,0,0,2,0,0,US,Arena
Charlotte De Witte,2026,2026-10-16,,LIVE NATION MUSIC,345882.56,1540264.66,493479.82,0,4,4,7,0,9,US,Other
Charlotte De Witte,2026,2026-10-16,,LIVE NATION MUSIC,345882.56,1540264.66,493479.82,0,4,4,7,0,9,US,Other
Prayers,2026,2026-10-16,,LIVE NATION MUSIC,0.0,0.0,5380.0,0,0,1,10,0,0,US,Club
Harry Styles,2026,2026-10-16,,LIVE NATION MUSIC,0.0,0.0,252490036.3,1,117,15,2,33,5,US,Arena
Rod Wave,2026,2026-10-16,,LIVE NATION MUSIC,21434081.53,44782080.52,58117202.64,1,85,1,0,0,0,US,Arena
America,2026,2026-10-16,,LIVE NATION MUSIC,4786730.81,4477164.55,1750231.2,5,8,180,41,0,14,US,Theater
The Smashing Pumpkins,2026,2026-10-16,,LIVE NATION MUSIC,1932119.81,4451112.17,12656219.06,29,91,42,26,1,5,US,Arena
Gorillaz,2026,2026-10-16,,LIVE NATION MUSIC,2844527.25,0.0,5075.0,8,77,15,1,3,1,US,Arena
Beabadoobee,2026,2026-10-16,,LIVE NATION MUSIC,801797.5,2506361.44,323192.05,1,2,23,27,0,1,US,Amphitheatre
Malcolm Todd,2026,2026-10-16,,LIVE NATION MUSIC,207372.81,63535.0,0.0,0,0,5,8,0,0,US,Theater
Lil Wayne,2026,2026-10-16,,LIVE NATION MUSIC,14623973.69,7295726.66,6308307.5,12,96,7,4,0,2,US,Arena
G-Eazy,2026,2026-10-16,,LIVE NATION MUSIC,453863.88,166997.78,53337.0,33,23,54,102,1,4,US,Amphitheatre
"Luis Angel ""El Flaco""",2026,2026-10-16,,LIVE NATION MUSIC,1590390.67,2038127.85,34780.61,0,3,18,0,0,0,US,Stadium
Taking Back Sunday,2026,2026-10-16,,LIVE NATION MUSIC,0.0,1192562.18,59060.0,0,1,32,133,0,8,US,Theater
Modest Mouse,2026,2026-10-16,,LIVE NATION MUSIC,897255.2,1391230.25,494004.69,36,5,80,66,2,9,US,Theater
Keith Urban,2026,2026-10-16,,LIVE NATION MUSIC,19504942.2,1509327.33,773525.0,109,194,16,3,4,8,US,Arena
"Santana, Doobie Brothers",2026,2026-10-16,,LIVE NATION MUSIC,0.0,0.0,0.0,0,4,0,0,0,0,US,Arena
Boy Harsher,2026,2026-10-16,,LIVE NATION MUSIC,0.0,0.0,0.0,0,0,1,14,0,1,US,Club
"Earth, Wind &amp; Fire",2026,2026-10-16,,LIVE NATION MUSIC,11282927.15,1131593.0,1437255.0,68,42,129,11,3,20,US,Theater
"Melissa Etheridge, Wynonna Judd",2026,2026-10-16,,LIVE NATION MUSIC,0.0,0.0,0.0,3,0,0,0,0,0,US,Theater
Arcángel,2026,2026-10-16,,LIVE NATION MUSIC,0.0,5578759.22,9635530.99,2,31,6,0,4,1,US,Theater
Rav,2026,2026-10-16,,LIVE NATION MUSIC,0.0,0.0,7775.0,0,0,0,4,0,0,US,Club
The Gathering,2026,2026-10-16,,LIVE NATION MUSIC,0.0,0.0,0.0,0,0,2,0,0,0,US,Arena
Ricky Martin,2026,2026-10-16,,LIVE NATION MUSIC,8687103.030000001,3503459.54,6317685.38,4,85,26,0,22,5,US,Arena
Godsmack,2026,2026-10-16,,LIVE NATION MUSIC,3204398.91,9813515.82,4972649.24,11,71,49,13,0,5,US,Arena
The Gathering,2026,2026-10-16,,LIVE NATION MUSIC,0.0,0.0,0.0,0,0,2,0,0,0,US,Arena
Julia Wolf,2026,2026-10-16,,LIVE NATION MUSIC,22865.0,3291.0,51475.0,0,0,1,15,0,0,US,Theater
Tedeschi Trucks Band,2026,2026-10-16,,LIVE NATION MUSIC,5978304.630000001,9551174.93,7870383.93,98,7,225,24,2,8,US,Theater
Brit Floyd,2026,2026-10-16,,LIVE NATION MUSIC,5204793.88,3935393.5,2580115.85,22,89,375,28,0,9,US,Theater
Kevin Gates,2026,2026-10-16,,LIVE NATION MUSIC,1336127.59,2110229.19,2154711.88,11,40,66,80,0,3,US,Club
Alvaro,2026,2026-10-16,,LIVE NATION MUSIC,0.0,0.0,0.0,0,0,0,1,0,0,US,Arena
Zack Fox,2026,2026-10-16,,LIVE NATION MUSIC,730584.1799999999,153619.24,94077.0,0,0,7,21,0,1,US,Club
Yandel,2026,2026-10-16,,LIVE NATION MUSIC,5429413.42,695647.99,0.0,4,19,26,2,2,2,US,Arena
Gavin Adcock,2026,2026-10-16,,LIVE NATION MUSIC,1721187.77,823287.0,64130.0,3,1,9,38,0,1,US,Amphitheatre
Black Jacket Symphony,2026,2026-10-16,,LIVE NATION MUSIC,766104.4,782504.15,627644.4,0,0,136,38,0,1,US,Theater
"Mic Crenshaw, Special Guests",2026,2026-10-16,,LIVE NATION MUSIC,0.0,0.0,0.0,0,0,0,1,0,0,US,Club
San Holo,2026,2026-10-16,,LIVE NATION MUSIC,286586.5,58302.0,420309.0,1,1,6,35,0,0,US,Club
The Marshall Tucker Band,2026,2026-10-16,,FRANK PRODUCTIONS,289697.88,1311840.84,481929.24,6,1,81,53,0,21,US,Theater
Foster The People,2026,2026-10-16,,LIVE NATION MUSIC,1851580.29,0.0,0.0,17,7,38,56,2,7,US,Amphitheatre
Scotty McCreery,2026,2026-10-16,,LIVE NATION MUSIC,190666.0,382318.19,1415836.53,4,7,75,12,1,13,US,Theater
Bumpin Uglies,2026,2026-10-16,,LIVE NATION MUSIC,10727.0,78987.0,183924.43,3,0,5,85,0,6,US,Club
Basement,2026,2026-10-16,,HOUSE OF BLUES CONCERTS (HOB),265803.7,42000.0,0.0,0,0,5,27,0,4,US,Club
Olivia Rodrigo,2026,2026-10-16,,LIVE NATION MUSIC,23420107.2,169307085.8,0.0,0,68,10,2,5,1,US,Arena
Sammy Rae &amp; The Friends,2026,2026-10-16,,LIVE NATION MUSIC,365473.19,765933.13,407010.69,0,0,11,33,0,1,US,Club
Neurosis,2026,2026-10-16,,LIVE NATION MUSIC,0.0,0.0,0.0,0,0,1,22,0,0,US,Club
Che,2026,2026-10-16,,LIVE NATION MUSIC,16775.0,3750.0,0.0,0,0,0,3,0,0,US,Arena
Toad The Wet Sprocket,2026,2026-10-16,,LIVE NATION MUSIC,1870071.26,463272.4,1508297.14,7,1,73,94,1,4,US,Club
King's X,2026,2026-10-16,,LIVE NATION MUSIC,16889.0,64650.0,59545.0,0,0,5,11,0,0,US,Club
Eric Bellinger,2026,2026-10-16,,LIVE NATION MUSIC,24815.0,56507.1,47290.0,0,0,0,28,0,0,US,Club
Easy Star All-Stars,2026,2026-10-16,,LIVE NATION MUSIC,0.0,0.0,0.0,0,0,4,49,0,11,US,Club
Alana Springsteen,2026,2026-10-16,,LIVE NATION MUSIC,0.0,52860.5,44910.24,0,0,2,12,0,1,US,Club
The Rush Tribute Project,2026,2026-10-16,,LIVE NATION MUSIC,548321.85,62212.5,173466.09,0,1,42,2,0,1,US,Theater
Midnight Tyrannosaurus,2026,2026-10-16,,LIVE NATION MUSIC,6110.0,33352.0,56635.0,1,0,1,13,0,0,US,Theater
Graham Barham,2026,2026-10-16,,LIVE NATION MUSIC,11302.23,0.0,0.0,0,0,1,1,0,0,US,Club
R&amp;B Vibes Live,2026,2026-10-16,,LIVE NATION MUSIC,0.0,0.0,0.0,0,0,0,2,0,0,US,Club
DJ HABIBEATS,2026,2026-10-16,,LIVE NATION MUSIC,105728.98,16250.0,12177.21,0,0,2,3,0,0,US,Club
Magoo,2026,2026-10-16,,LIVE NATION MUSIC,28982.74,3015.0,0.0,0,0,2,28,0,2,US,Club
Slow Pulp,2026,2026-10-16,,LIVE NATION MUSIC,0.0,106046.0,34083.07,0,0,1,10,0,0,US,Theater
"""Past, Present, Future: A Dance Gala""",2026,2026-10-16,,LIVE NATION MUSIC,0.0,0.0,0.0,0,0,1,0,0,0,US,Theater
Sploinky Rave,2026,2026-10-16,,HOUSE OF BLUES CONCERTS (HOB),0.0,0.0,0.0,0,0,0,5,0,0,US,Club
Ratboys,2026,2026-10-16,,FRANK PRODUCTIONS,0.0,54612.3,22537.0,0,0,0,13,0,0,US,Club
Sleeping With Sirens,2026,2026-10-16,,LIVE NATION MUSIC,0.0,350306.75,319502.92,0,1,30,104,0,5,US,Arena
Desert Dwellers,2026,2026-10-16,,LIVE NATION MUSIC,30499.5,135504.0,0.0,4,0,3,36,1,0,US,Theater
Jan &amp; Henry,2026,2026-10-16,,LIVE NATION MUSIC,0.0,16605.16,0.0,0,0,0,1,0,0,US,Club
"The Army, The Navy",2026,2026-10-16,,LIVE NATION MUSIC,33084.56,0.0,0.0,0,0,1,4,0,0,US,Club
PREWN,2026,2026-10-16,,LIVE NATION MUSIC,0.0,0.0,0.0,0,0,0,1,0,0,US,Club
Pete &amp; Bas,2026,2026-10-16,,LIVE NATION MUSIC,19756.22,54277.37,0.0,0,0,0,7,0,0,US,Theater
Taylor &amp; The Wild Now,2026,2026-10-16,,LIVE NATION MUSIC,0.0,0.0,0.0,0,0,0,3,0,0,US,Club
"God Forbid, Ninth Circle",2026,2026-10-16,,HOUSE OF BLUES CONCERTS (HOB),0.0,0.0,0.0,0,0,0,1,0,0,US,Club
Akeem Ali,2026,2026-10-16,,LIVE NATION MUSIC,6800.0,10982.0,0.0,0,0,0,3,0,1,US,Club
Michigander,2026,2026-10-16,,HOUSE OF BLUES CONCERTS (HOB),21165.19,38024.0,16887.14,0,0,0,29,0,0,US,Club
Digable Planets,2026,2026-10-16,,FRANK PRODUCTIONS,64122.5,708161.97,99529.5,2,0,9,41,0,0,US,Theater
Dermot Kennedy,2026,2026-10-16,,LIVE NATION MUSIC,715573.15,0.0,19937522.59,6,39,56,61,10,4,US,Amphitheatre
J &amp; The Causeways,2026,2026-10-16,,LIVE NATION MUSIC,2003.0,0.0,0.0,0,0,0,2,0,0,US,Theater
K. Michelle,2026,2026-10-16,,LIVE NATION MUSIC,228547.0,59597.6,54315.0,2,2,18,12,0,1,US,Theater
Sleeping With Sirens,2026,2026-10-16,,LIVE NATION MUSIC,0.0,350306.75,319502.92,0,1,30,104,0,5,US,Arena
AR/CO,2026,2026-10-16,,LIVE NATION MUSIC,5750.0,0.0,0.0,0,0,0,2,0,0,US,Club
The Influence,2026,2026-10-16,,LIVE NATION MUSIC,0.0,0.0,0.0,0,0,0,1,0,0,US,Club
The Tallest Man On Earth,2026,2026-10-16,,LIVE NATION MUSIC,83293.33,0.0,291985.78,0,2,44,70,0,4,US,Club
Co &amp; Zo - De Podcast,2026,2026-10-16,,LIVE NATION MUSIC,3526.65,0.0,0.0,0,0,1,0,0,0,US,Theater
Neal Francis,2026,2026-10-16,,LIVE NATION MUSIC,148110.55000000002,66070.5,249109.5,0,0,5,30,0,0,US,Club
Bombargo,2026,2026-10-16,,LIVE NATION MUSIC,5398.0,2740.0,0.0,0,0,0,8,0,0,US,Club
Eddie 9V,2026,2026-10-16,,FRANK PRODUCTIONS,87159.23,73638.02,49374.0,0,0,5,63,0,1,US,Club
Miami Horror,2026,2026-10-16,,LIVE NATION MUSIC,105889.57,0.0,0.0,0,0,2,18,0,2,US,Club
Femme Fatale,2026,2026-10-16,,LIVE NATION MUSIC,0.0,0.0,0.0,0,0,0,1,0,0,US,Arena
"""98.1 The Bull - Red, White &amp; Boom!"", Sam Hunt",2026,2026-10-16,,FRANK PRODUCTIONS,0.0,0.0,0.0,0,0,0,0,1,0,US,Stadium
Paledusk,2026,2026-10-16,,HOUSE OF BLUES CONCERTS (HOB),0.0,3483.94,0.0,0,0,1,2,0,2,US,Club
Dermot Kennedy,2026,2026-10-16,,LIVE NATION MUSIC,715573.15,0.0,19937522.59,6,39,56,61,10,4,US,Amphitheatre
Sister Sadie,2026,2026-10-16,,LIVE NATION MUSIC,3508.83,7479.21,0.0,0,0,0,3,0,0,US,Club
Lamont Landers,2026,2026-10-16,,FRANK PRODUCTIONS,2920.0,3700.0,0.0,0,0,0,2,0,0,US,Theater
Flow,2026,2026-10-16,,LIVE NATION MUSIC,406551.66,631195.89,0.0,0,0,4,13,0,0,US,Club
ROA,2026,2026-10-16,,LIVE NATION MUSIC,76190.94,0.0,0.0,0,1,4,3,0,0,US,Theater
Femme Fatale,2026,2026-10-16,,LIVE NATION MUSIC,0.0,0.0,0.0,0,0,0,1,0,0,US,Arena
The Tallest Man On Earth,2026,2026-10-16,,LIVE NATION MUSIC,83293.33,0.0,291985.78,0,2,44,70,0,4,US,Club
Actress,2026,2026-10-16,,LIVE NATION MUSIC,0.0,0.0,0.0,0,0,0,1,0,0,US,Theater
Neal Francis,2026,2026-10-16,,LIVE NATION MUSIC,148110.55000000002,66070.5,249109.5,0,0,5,30,0,0,US,Club
Julia Cole,2026,2026-10-16,,LIVE NATION MUSIC,10552.5,0.0,0.0,0,0,1,0,0,0,US,Theater
Theo Katzman,2026,2026-10-16,,LIVE NATION MUSIC,0.0,0.0,187752.32,0,0,2,26,0,0,US,Club
Julia Cole,2026,2026-10-16,,LIVE NATION MUSIC,10552.5,0.0,0.0,0,0,1,0,0,0,US,Theater
Theo Katzman,2026,2026-10-16,,LIVE NATION MUSIC,0.0,0.0,187752.32,0,0,2,26,0,0,US,Club
Bombargo,2026,2026-10-16,,LIVE NATION MUSIC,5398.0,2740.0,0.0,0,0,0,8,0,0,US,Club
Renaissance,2026,2026-10-16,,LIVE NATION TENNESSEE,0.0,14720.0,4493.66,0,0,30,15,0,0,US,Theater
The Black Keys,2026,2026-10-16,,EVENKO CO-PRO WITH LIVE NATION,7622312.4,1632852.36,1779620.0299999998,53,157,26,25,4,7,International,Arena
The Jayhawks,2026,2026-10-16,,LIVE NATION CANADA (LN),33795.0,90651.0,83559.5,2,0,31,66,0,0,International,Theater
Carly Pearce,2026,2026-10-16,,LIVE NATION CANADA (LN),939850.93,0.0,316634.33999999997,1,0,20,8,0,0,International,Theater
Bruno Mars,2026,2026-10-16,,LIVE NATION CANADA (LN),42422958.0,280515343.74,87980695.9,12,221,88,9,45,8,International,Arena
Collective Soul,2026,2026-10-16,,LIVE NATION CANADA (LN),363658.5,151598.9,483005.2,15,3,53,43,0,13,International,Arena
Paul Cauthen,2026,2026-10-16,,LIVE NATION CANADA (LN),253411.02,213372.0,435342.0,0,0,2,58,0,3,International,Theater
Vengaboys,2026,2026-10-16,,LIVE NATION CANADA (LN),585713.9400000001,0.0,888672.54,0,1,10,4,0,5,International,Theater
"Headpins, The Holly Woods, Toronto",2026,2026-10-16,,LIVE NATION CANADA (LN),0.0,0.0,0.0,0,0,0,0,0,1,International,Other
AVELLO,2026,2026-10-16,,LIVE NATION CANADA (LN),0.0,0.0,0.0,0,0,0,2,0,0,International,Club
Brothers,2026,2026-10-16,,MCD PRODUCTIONS,0.0,0.0,0.0,0,0,1,3,0,0,International,Club
Michael McGovern,2026,2026-10-16,,MCD PRODUCTIONS,0.0,0.0,0.0,0,0,0,3,0,0,International,Club
Rob Lamberti,2026,2026-10-16,,MCD PRODUCTIONS,213811.81,130990.63999999998,92508.06,0,0,8,0,0,0,International,Theater
Warren Zeiders,2026,2026-10-16,,LIVE NATION MUSIC UK LTD,3456947.89,748458.81,989474.19,5,12,14,32,0,6,International,Club
Snow Patrol,2026,2026-10-16,,MCD PRODUCTIONS,11139731.38,1938880.38,0.0,1,36,57,23,6,4,International,Club
Panchiko,2026,2026-10-16,,DF CONCERTS,224375.73,130488.5,27372.7,0,0,5,12,0,0,International,Club
The Anniversary,2026,2026-10-16,,LIVE NATION MUSIC UK LTD,0.0,0.0,0.0,0,0,0,2,0,0,International,Arena
Heaven 17,2026,2026-10-16,,DF CONCERTS,84186.79,35142.99,51868.55,0,0,4,13,0,0,International,Club
Matilda Mann,2026,2026-10-16,,LIVE NATION MUSIC UK LTD,19702.73,0.0,3405.0,0,0,3,5,0,1,International,Club
Jackson &amp; The Roosters,2026,2026-10-16,,"LIVE NATION UK FOR ARTIST, TOUR, FESTIVAL AND PRESALE NEWS",0.0,0.0,0.0,0,0,0,4,0,0,International,Club
AIR,2026,2026-10-16,,"LIVE NATION UK FOR ARTIST, TOUR, FESTIVAL AND PRESALE NEWS",1629035.89,5729457.01,0.0,4,2,26,15,1,1,International,Theater
Mani,2026,2026-10-16,,"LIVE NATION UK FOR ARTIST, TOUR, FESTIVAL AND PRESALE NEWS",0.0,0.0,1536.94,0,0,1,0,0,0,International,Arena
Mani,2026,2026-10-16,,"LIVE NATION UK FOR ARTIST, TOUR, FESTIVAL AND PRESALE NEWS",0.0,0.0,1536.94,0,0,1,0,0,0,International,Arena
Guilt Trip,2026,2026-10-16,,LIVE NATION MUSIC UK LTD,0.0,17430.33,0.0,0,0,0,3,0,0,International,Club
"""Moo, Brew &amp; 'Que Fest""",2026,2026-10-16,,LIVE NATION AUSTRALIA,0.0,0.0,0.0,0,0,0,0,0,1,International,Arena
Two Door Cinema Club,2026,2026-10-16,,OCESA,0.0,2811716.67,777788.89,4,7,43,87,3,5,International,Arena
Caifanes,2026,2026-10-16,,OCESA,11228657.5,8803975.02,6125837.01,6,46,57,15,17,13,International,Theater
"Hombres G, Los Enanitos Verdes",2026,2026-10-16,,OCESA,3449213.65,0.0,0.0,0,5,1,0,0,0,International,Arena
Adéla,2026,2026-10-16,,OCESA,0.0,0.0,0.0,0,0,0,1,0,0,International,Club
Martin Garrix,2026,2026-10-16,,OCESA,3683750.61,4900464.97,0.0,2,11,4,3,0,0,International,Arena
Enrique,2026,2026-10-16,,OCESA,0.0,1229220.45,0.0,0,1,0,0,0,0,International,Arena
Racoon,2026,2026-10-16,,Live Nation Venues Netherlands BV Afas Live,0.0,35783.99,58955.01,0,0,2,1,0,2,International,Theater
Tou,2026,2026-10-16,,Live Nation Sp. z o.o.,0.0,348354.82999999996,0.0,0,0,0,1,0,1,International,Club
Olivia Rodrigo,2026,2026-10-17,,LIVE NATION MUSIC,23420107.2,169307085.8,0.0,0,68,10,2,5,1,US,Arena
"Chris Brown, Usher",2026,2026-10-17,,LIVE NATION MUSIC,0.0,0.0,0.0,0,0,0,0,18,0,US,Stadium
"Chris Brown, Usher",2026,2026-10-17,,LIVE NATION MUSIC,0.0,0.0,0.0,0,0,0,0,18,0,US,Stadium
Staind,2026,2026-10-17,,LIVE NATION MUSIC,1978997.55,2423123.19,729547.4,5,9,8,12,0,3,US,Amphitheatre
Little Big Town,2026,2026-10-17,,LIVE NATION MUSIC,2309214.5,13004819.31,2846985.5,23,68,94,16,1,12,US,Theater
Breaking Benjamin,2026,2026-10-17,,LIVE NATION MUSIC,14595872.13,3293577.11,1340194.0,52,42,34,40,2,3,US,Amphitheatre
$uicideboy$,2026,2026-10-17,,LIVE NATION MUSIC,37331236.09,56694497.44,43051497.75,83,110,35,33,2,11,US,Amphitheatre
Beck,2026,2026-10-17,,LIVE NATION MUSIC,1461640.71,626608.75,4873011.17,24,9,29,9,0,4,US,Club
Jonas Brothers,2026,2026-10-17,,LIVE NATION MUSIC,81959444.45,30144554.31,109403725.33,84,205,28,1,31,5,US,Arena
Ryan Beatty,2026,2026-10-17,,LIVE NATION MUSIC,0.0,164812.0,12100.0,0,1,3,17,0,0,US,Club
Dan + Shay,2026,2026-10-17,,LIVE NATION MUSIC,0.0,23220519.09,2076160.61,32,54,33,41,1,8,US,Amphitheatre
Ziggy Marley,2026,2026-10-17,,LIVE NATION MUSIC,678098.52,681037.0,171281.63,33,0,44,33,1,4,US,Amphitheatre
Five Finger Death Punch,2026,2026-10-17,,LIVE NATION MUSIC,485138.13,5167906.39,0.0,12,74,25,39,1,4,US,Amphitheatre
Bethel Music,2026,2026-10-17,,LIVE NATION MUSIC,972671.18,0.0,466550.0,0,6,66,4,0,6,US,Theater
Niko Moon,2026,2026-10-17,,LIVE NATION MUSIC,748025.72,907982.25,432708.0,3,0,16,65,0,1,US,Club
Buddy Guy,2026,2026-10-17,,LIVE NATION MUSIC,1069893.38,1872516.73,2376890.29,21,6,262,57,1,30,US,Theater
Cavetown,2026,2026-10-17,,HOUSE OF BLUES CONCERTS (HOB),0.0,444645.86,1226221.94,2,1,17,39,0,6,US,Club
Sanguisugabogg,2026,2026-10-17,,HOUSE OF BLUES CONCERTS (HOB),0.0,87000.54000000001,4360.0,0,0,3,14,0,0,US,Club
Sylvan Esso,2026,2026-10-17,,LIVE NATION MUSIC,0.0,0.0,2925511.35,17,0,29,64,0,8,US,Club
"""SummerStage"", Two Door Cinema Club, Friends",2026,2026-10-17,,LIVE NATION MUSIC,0.0,0.0,0.0,1,0,0,0,0,0,US,Theater
KNOX,2026,2026-10-17,,LIVE NATION MUSIC,60461.53,18594.0,0.0,0,0,0,9,0,0,US,Club
Club 90,2026,2026-10-17,,LIVE NATION MUSIC,0.0,0.0,15799.63,0,0,0,3,0,0,US,Club
Ecca Vandal,2026,2026-10-17,,LIVE NATION MUSIC,6991.92,0.0,0.0,0,0,0,2,0,0,US,Club
Basement,2026,2026-10-17,,LIVE NATION MUSIC,265803.7,42000.0,0.0,0,0,5,27,0,4,US,Amphitheatre
AFI,2026,2026-10-17,,LIVE NATION MUSIC,557304.37,0.0,1032877.0,0,1,14,54,0,0,US,Club
Slapshot,2026,2026-10-17,,LIVE NATION MUSIC,0.0,0.0,5950.530000000001,0,0,0,7,0,0,US,Club
"nothing,nowhere.",2026,2026-10-17,,LIVE NATION MUSIC,14119.95,0.0,0.0,0,0,3,18,0,0,US,Theater
Jamie Webster,2026,2026-10-17,,LIVE NATION MUSIC,32870.53,474602.13,0.0,0,2,5,6,0,2,US,Club
Clutch,2026,2026-10-17,,HOUSE OF BLUES CONCERTS (HOB),563483.87,483052.66,933623.86,4,1,39,168,0,7,US,Club
Chasing Abbey,2026,2026-10-17,,LIVE NATION MUSIC,0.0,53043.38,0.0,0,0,4,8,0,1,US,Club
The Story So Far,2026,2026-10-17,,LIVE NATION MUSIC,461364.5,311383.29,21725.0,0,0,10,57,1,5,US,Club
Gilla Band,2026,2026-10-17,,LIVE NATION MUSIC,0.0,0.0,12917.12,0,0,1,6,0,0,US,Theater
Toadies,2026,2026-10-17,,LIVE NATION MUSIC,25040.0,0.0,0.0,2,0,9,53,0,1,US,Club
Joy Oladokun,2026,2026-10-17,,LIVE NATION MUSIC,221534.01,52154.13,111946.52,1,0,2,21,0,1,US,Club
The Day Players,2026,2026-10-17,,LIVE NATION MUSIC,0.0,0.0,0.0,0,0,0,1,0,0,US,Club
All Them Witches,2026,2026-10-17,,LIVE NATION MUSIC,475851.11,77303.9,380277.5,1,0,12,55,0,2,US,Club
"The A, B, C &amp; D Of Boogie Woogie",2026,2026-10-17,,LIVE NATION MUSIC,0.0,0.0,0.0,0,0,0,1,0,0,US,Theater
Galantis,2026,2026-10-17,,LIVE NATION MUSIC,1177531.19,293946.2,456268.5,1,1,12,24,0,2,US,Club
Joe Grushecky,2026,2026-10-17,,LIVE NATION MUSIC,9060.0,7340.0,0.0,0,0,1,20,0,0,US,Club
Evan Honer,2026,2026-10-17,,LIVE NATION MUSIC,421443.22,508688.63,0.0,1,0,15,70,0,0,US,Amphitheatre
deadmau5,2026,2026-10-17,,LIVE NATION MUSIC,970582.75,1267254.0,1073552.55,9,24,46,42,5,37,US,Arena
Arty,2026,2026-10-17,,LIVE NATION MUSIC,0.0,4500.0,14060.0,0,0,1,13,0,0,US,Club
"In, Flew Ants",2026,2026-10-17,,LIVE NATION MUSIC,0.0,0.0,0.0,0,0,0,2,0,0,US,Arena
"The A, B, C &amp; D Of Boogie Woogie",2026,2026-10-17,,LIVE NATION MUSIC,0.0,0.0,0.0,0,0,0,1,0,0,US,Theater
Metallica,2026,2026-10-17,,LIVE NATION MUSIC,137107458.47,179373637.38,146435306.85,0,95,4,4,135,10,US,Stadium
Harry Styles,2026,2026-10-17,,LIVE NATION MUSIC,0.0,0.0,252490036.3,1,117,15,2,33,5,US,Arena
Charli xcx,2026,2026-10-17,,LIVE NATION MUSIC,18148835.74,3165588.7,198001.15,0,9,13,43,1,0,US,Club
The Gathering,2026,2026-10-17,,LIVE NATION MUSIC,0.0,0.0,0.0,0,0,2,0,0,0,US,Arena
Lil Wayne,2026,2026-10-17,,LIVE NATION MUSIC,14623973.69,7295726.66,6308307.5,12,96,7,4,0,2,US,Arena
Maná,2026,2026-10-17,,LIVE NATION MUSIC,0.0,0.0,0.0,0,1,0,0,0,0,US,Arena
Fuerza Regida,2026,2026-10-17,,LIVE NATION MUSIC,12582339.4,61688406.68,40356839.51,6,68,5,0,14,0,US,Amphitheatre
Young Miko,2026,2026-10-17,,LIVE NATION MUSIC,1819198.33,11120905.33,716909.22,7,8,21,5,0,2,US,Theater
"""Laughs, Music, &amp; Vibes""",2026,2026-10-17,,LIVE NATION MUSIC,0.0,0.0,0.0,0,0,0,1,0,0,US,Club
Rush,2026,2026-10-17,,LIVE NATION MUSIC,0.0,0.0,0.0,40,118,1,0,2,8,US,Arena
The Smashing Pumpkins,2026,2026-10-17,,LIVE NATION MUSIC,1932119.81,4451112.17,12656219.06,29,91,42,26,1,5,US,Arena
MONSTA X,2026,2026-10-17,,LIVE NATION MUSIC,0.0,0.0,0.0,0,6,19,2,0,0,US,Theater
Keith Urban,2026,2026-10-17,,LIVE NATION MUSIC,19504942.2,1509327.33,773525.0,109,194,16,3,4,8,US,Arena
Foster The People,2026,2026-10-17,,LIVE NATION MUSIC,1851580.29,0.0,0.0,17,7,38,56,2,7,US,Theater
Suki Waterhouse,2026,2026-10-17,,LIVE NATION MUSIC,63447.01,1845642.36,489285.46,1,0,11,37,0,0,US,Club
Chief Keef,2026,2026-10-17,,LIVE NATION MUSIC,0.0,366115.0,0.0,0,1,6,19,0,0,US,Theater
Beabadoobee,2026,2026-10-17,,LIVE NATION MUSIC,801797.5,2506361.44,323192.05,1,2,23,27,0,1,US,Amphitheatre
Grupo Duelo,2026,2026-10-17,,LIVE NATION MUSIC,0.0,49134.0,0.0,0,3,1,0,0,0,US,Theater
"Earth, Wind &amp; Fire",2026,2026-10-17,,LIVE NATION MUSIC,11282927.15,1131593.0,1437255.0,68,42,129,11,3,20,US,Theater
Sienna Spiro,2026,2026-10-17,,LIVE NATION MUSIC,24263.94,0.0,0.0,0,0,3,3,0,0,US,Club
"""Les Nits de Barcelona"", Sting",2026,2026-10-17,,LIVE NATION MUSIC,0.0,0.0,0.0,0,0,0,0,0,1,US,Theater
Nine Vicious,2026,2026-10-17,,LIVE NATION MUSIC,0.0,0.0,0.0,0,0,0,2,0,0,US,Club
Thee Sinseers,2026,2026-10-17,,LIVE NATION MUSIC,30027.5,63265.0,6350.0,1,0,0,12,0,0,US,Club
Rav,2026,2026-10-17,,LIVE NATION MUSIC,0.0,0.0,7775.0,0,0,0,4,0,0,US,Club
Olivia Rodrigo,2026,2026-10-17,,LIVE NATION MUSIC,23420107.2,169307085.8,0.0,0,68,10,2,5,1,US,Arena
Pretty Ricky,2026,2026-10-17,,LIVE NATION MUSIC,52230.0,0.0,0.0,0,0,0,2,0,1,US,Theater
Mastodon,2026,2026-10-17,,LIVE NATION MUSIC,0.0,178040.83000000002,1899213.01,3,6,42,78,0,1,US,Theater
Tedeschi Trucks Band,2026,2026-10-17,,LIVE NATION MUSIC,5978304.630000001,9551174.93,7870383.93,98,7,225,24,2,8,US,Theater
"Trombone Shorty &amp; Orleans Avenue, St. Paul &amp; The Broken Bones",2026,2026-10-17,,LIVE NATION MUSIC,0.0,0.0,0.0,4,0,0,1,0,0,US,Amphitheatre
"Melissa Etheridge, Wynonna Judd",2026,2026-10-17,,LIVE NATION MUSIC,0.0,0.0,0.0,3,0,0,0,0,0,US,Theater
Pedro Fernández,2026,2026-10-17,,LIVE NATION MUSIC,1779091.23,1070035.34,992662.55,2,12,11,0,0,0,US,Arena
Femme Fatale,2026,2026-10-17,,LIVE NATION MUSIC,0.0,0.0,0.0,0,0,0,1,0,0,US,Arena
Club 90,2026,2026-10-17,,LIVE NATION MUSIC,0.0,0.0,15799.63,0,0,0,3,0,0,US,Theater
Armnhmr,2026,2026-10-17,,LIVE NATION MUSIC,69079.8,90002.6,452773.8,0,0,4,12,0,0,US,Club
Waylon Wyatt,2026,2026-10-17,,LIVE NATION MUSIC,127869.14,0.0,0.0,0,0,2,8,0,0,US,Club
Marilyn Manson,2026,2026-10-17,,LIVE NATION MUSIC,8245313.02,117608.0,0.0,3,22,29,41,0,2,US,Theater
EsDeeKid,2026,2026-10-17,,LIVE NATION MUSIC,0.0,0.0,0.0,0,0,0,1,0,0,US,Club
Bronco,2026,2026-10-17,,LIVE NATION MUSIC,3757720.01,4199895.61,3332189.0300000003,2,27,36,12,0,14,US,Club
Ravyn Lenae,2026,2026-10-17,,LIVE NATION MUSIC,318280.19,84165.32,42115.0,0,0,1,15,0,0,US,Club
"""SummerStage"", Two Door Cinema Club, Friends",2026,2026-10-17,,LIVE NATION MUSIC,0.0,0.0,0.0,1,0,0,0,0,0,US,Theater
The Menzingers,2026,2026-10-17,,FRANK PRODUCTIONS,0.0,83860.93,175297.68,0,0,3,45,0,0,US,Club
Vulfpeck,2026,2026-10-17,,LIVE NATION MUSIC,1783499.85,240765.0,0.0,4,2,1,20,0,1,US,Amphitheatre
Chelsea Wolfe,2026,2026-10-17,,LIVE NATION MUSIC,97294.63,261345.05,0.0,0,0,2,49,0,0,US,Club
Black Jacket Symphony,2026,2026-10-17,,EMPORIUM PRESENTS,766104.4,782504.15,627644.4,0,0,136,38,0,1,US,Theater
Rise Against,2026,2026-10-17,,LIVE NATION MUSIC,4277860.61,678554.91,194297.26,27,65,68,73,4,10,US,Theater
R&amp;B Vibes Live,2026,2026-10-17,,LIVE NATION MUSIC,0.0,0.0,0.0,0,0,0,2,0,0,US,Club
Godsmack,2026,2026-10-17,,LIVE NATION MUSIC,3204398.91,9813515.82,4972649.24,11,71,49,13,0,5,US,Arena
Daniel Donato,2026,2026-10-17,,LIVE NATION MUSIC,235370.75,86368.5,58816.5,1,0,5,22,0,4,US,Theater
Godsmack,2026,2026-10-17,,LIVE NATION MUSIC,3204398.91,9813515.82,4972649.24,11,71,49,13,0,5,US,Arena
She Wants Revenge,2026,2026-10-17,,LIVE NATION MUSIC,79720.0,0.0,7566.52,0,1,5,27,0,1,US,Club
Running,2026,2026-10-17,,HOUSE OF BLUES CONCERTS (HOB),0.0,0.0,0.0,0,0,0,1,0,0,US,Club
Kevin Gates,2026,2026-10-17,,LIVE NATION MUSIC,1336127.59,2110229.19,2154711.88,11,40,66,80,0,3,US,Amphitheatre
The Wrecks,2026,2026-10-17,,LIVE NATION MUSIC,97000.68,0.0,0.0,0,0,1,12,0,0,US,Theater
Benise,2026,2026-10-17,,LIVE NATION MUSIC,42300.75,116339.06,259084.7,0,0,48,11,0,3,US,Arena
10 Years,2026,2026-10-17,,LIVE NATION MUSIC,35281.43,47010.25,6775.0,0,0,11,90,0,3,US,Club
Neurosis,2026,2026-10-17,,LIVE NATION MUSIC,0.0,0.0,0.0,0,0,1,22,0,0,US,Club
The Texas Gentlemen,2026,2026-10-17,,LIVE NATION MUSIC,1565.58,0.0,0.0,0,0,0,4,0,0,US,Arena
Rodrigo y Gabriela,2026,2026-10-17,,LIVE NATION MUSIC,68954.74,537959.35,1458366.69,33,3,134,58,0,10,US,Theater
Kenny Wayne Shepherd,2026,2026-10-17,,LIVE NATION MUSIC,861210.02,1084321.07,3587479.38,9,0,142,68,0,18,US,Theater
Digable Planets,2026,2026-10-17,,LIVE NATION MUSIC,64122.5,708161.97,99529.5,2,0,9,41,0,0,US,Club
Julia Wolf,2026,2026-10-17,,LIVE NATION MUSIC,22865.0,3291.0,51475.0,0,0,1,15,0,0,US,Club
Julia Wolf,2026,2026-10-17,,LIVE NATION MUSIC,22865.0,3291.0,51475.0,0,0,1,15,0,0,US,Club
K. Michelle,2026,2026-10-17,,HOUSE OF BLUES CONCERTS (HOB),228547.0,59597.6,54315.0,2,2,18,12,0,1,US,Theater
Modest Mouse,2026,2026-10-17,,LIVE NATION MUSIC,897255.2,1391230.25,494004.69,36,5,80,66,2,9,US,Arena
Skillet,2026,2026-10-17,,LIVE NATION MUSIC,2557214.15,260542.96,1377748.06,6,30,44,67,1,14,US,Club
Scene Queen,2026,2026-10-17,,LIVE NATION MUSIC,65472.39,49049.0,0.0,0,0,0,8,0,3,US,Club
Ups &amp; Downs,2026,2026-10-17,,LIVE NATION MUSIC,0.0,0.0,0.0,0,0,0,2,0,0,US,Club
"Mic Crenshaw, Special Guests",2026,2026-10-17,,LIVE NATION MUSIC,0.0,0.0,0.0,0,0,0,1,0,0,US,Theater
Charles Wesley Godwin,2026,2026-10-17,,LIVE NATION MUSIC,758444.48,1054854.04,609346.0,1,2,10,22,0,2,US,Arena
Tank and the Bangas,2026,2026-10-17,,LIVE NATION MUSIC,41522.0,99118.0,60860.0,1,0,6,42,0,1,US,Club
Screeching Weasel,2026,2026-10-17,,LIVE NATION MUSIC,0.0,0.0,0.0,0,0,2,9,0,0,US,Theater
Modest Mouse,2026,2026-10-17,,LIVE NATION MUSIC,897255.2,1391230.25,494004.69,36,5,80,66,2,9,US,Arena
The Chicks,2026,2026-10-17,,LIVE NATION MUSIC,0.0,0.0,21183223.21,39,69,4,0,3,0,US,Theater
Turnpike Troubadours,2026,2026-10-17,,LIVE NATION MUSIC,2346574.06,4318554.92,3521142.51,29,12,42,108,4,12,US,Amphitheatre
MC Magic,2026,2026-10-17,,LIVE NATION MUSIC,315230.85,28040.0,122861.48,0,2,4,12,0,1,US,Club
"""KPNT 105.7 The Point's Ho Ho Show"", Greek Fire",2026,2026-10-17,,LIVE NATION MUSIC,0.0,0.0,0.0,0,0,2,0,0,0,US,Theater
The Chicks,2026,2026-10-17,,LIVE NATION MUSIC,0.0,0.0,21183223.21,39,69,4,0,3,0,US,Theater
Medium Build,2026,2026-10-17,,FRANK PRODUCTIONS,81782.66,277378.99,6501.48,0,0,2,34,0,1,US,Theater
Alicia Villarreal,2026,2026-10-17,,LIVE NATION MUSIC,826817.98,1374508.36,306780.57999999996,1,4,29,4,0,0,US,Theater
Ultimate,2026,2026-10-17,,LIVE NATION MUSIC,0.0,0.0,0.0,0,0,0,1,0,0,US,Theater
Forever,2026,2026-10-17,,LIVE NATION MUSIC,70329.51,0.0,0.0,0,1,0,0,0,0,US,Arena
"Halloween, Alaska",2026,2026-10-17,,LIVE NATION MUSIC,0.0,0.0,0.0,0,0,0,5,0,0,US,Theater
"Bodie, gio.",2026,2026-10-17,,LIVE NATION MUSIC,0.0,11906.7,0.0,1,0,2,1,0,0,US,Theater
Lauren Alaina,2026,2026-10-17,,FRANK PRODUCTIONS,60964.85,0.0,0.0,0,0,6,10,0,1,US,Club
Maddie Zahm,2026,2026-10-17,,HOUSE OF BLUES CONCERTS (HOB),0.0,103535.0,47568.0,0,0,0,8,0,0,US,Club
Michigander,2026,2026-10-17,,LIVE NATION MUSIC,21165.19,38024.0,16887.14,0,0,0,29,0,0,US,Club
Dermot Kennedy,2026,2026-10-17,,LIVE NATION MUSIC,715573.15,0.0,19937522.59,6,39,56,61,10,4,US,Amphitheatre
The Rush Tribute Project,2026,2026-10-17,,EMPORIUM PRESENTS,548321.85,62212.5,173466.09,0,1,42,2,0,1,US,Theater
Murda,2026,2026-10-17,,LIVE NATION MUSIC,0.0,11865.0,0.0,0,0,0,1,0,0,US,Club
Hot Flash Heat Wave,2026,2026-10-17,,HOUSE OF BLUES CONCERTS (HOB),6310.0,0.0,0.0,0,0,0,6,0,0,US,Club
Berried Alive,2026,2026-10-17,,LIVE NATION MUSIC,0.0,0.0,0.0,0,0,0,1,0,0,US,Club
"Dream, Ivory",2026,2026-10-17,,FRANK PRODUCTIONS,0.0,0.0,3737.51,0,0,0,4,0,0,US,Club
Sueco,2026,2026-10-17,,LIVE NATION MUSIC,0.0,77100.38,70293.0,0,0,3,15,0,0,US,Club
Sueco,2026,2026-10-17,,LIVE NATION MUSIC,0.0,77100.38,70293.0,0,0,3,15,0,0,US,Club
Ber,2026,2026-10-17,,LIVE NATION MUSIC,0.0,856.05,5353.4400000000005,0,0,0,3,0,0,US,Club
House Party,2026,2026-10-17,,FRANK PRODUCTIONS,0.0,0.0,0.0,0,0,0,1,0,0,US,Club
Rain,2026,2026-10-17,,HOUSE OF BLUES CONCERTS (HOB),0.0,0.0,207956.5,1,1,4,0,0,1,US,Theater
Dermot Kennedy,2026,2026-10-17,,LIVE NATION MUSIC,715573.15,0.0,19937522.59,6,39,56,61,10,4,US,Amphitheatre
James,2026,2026-10-17,,LIVE NATION MUSIC,204585.33,867897.02,2276566.33,0,28,24,20,3,1,US,Arena
Don Daft,2026,2026-10-17,,LIVE NATION MUSIC,12260.0,5880.0,0.0,0,0,0,11,0,0,US,Club
"""Past, Present, Future: A Dance Gala""",2026,2026-10-17,,FRANK PRODUCTIONS,0.0,0.0,0.0,0,0,1,0,0,0,US,Theater
COSTA,2026,2026-10-17,,LIVE NATION MUSIC,211886.5,296956.25,311308.0,0,0,16,234,0,0,US,Club
Akeem Ali,2026,2026-10-17,,LIVE NATION MUSIC,6800.0,10982.0,0.0,0,0,0,3,0,1,US,Theater
Trap Karaoke,2026,2026-10-17,,LIVE NATION MUSIC,110964.0,234499.0,58736.0,0,0,1,6,0,0,US,Theater
Trap Karaoke,2026,2026-10-17,,LIVE NATION MUSIC,110964.0,234499.0,58736.0,0,0,1,6,0,0,US,Theater
Pete &amp; Bas,2026,2026-10-17,,LIVE NATION MUSIC,19756.22,54277.37,0.0,0,0,0,7,0,0,US,Club
IVE,2026,2026-10-17,,LIVE NATION MUSIC,3790215.44,12543199.86,3686900.39,0,21,0,0,0,0,US,Arena
Dueling Pianos,2026,2026-10-17,,C3 FESTIVALS,0.0,15135.45,0.0,0,0,2,0,0,0,US,Theater
Theo Katzman,2026,2026-10-17,,LIVE NATION MUSIC,0.0,0.0,187752.32,0,0,2,26,0,0,US,Club
Theo Katzman,2026,2026-10-17,,LIVE NATION MUSIC,0.0,0.0,187752.32,0,0,2,26,0,0,US,Club
The Black Keys,2026,2026-10-17,,LIVE NATION CANADA (LN),7622312.4,1632852.36,1779620.0299999998,53,157,26,25,4,7,International,Arena
The Beasts,2026,2026-10-17,,LIVE NATION CANADA (LN),12460.32,0.0,0.0,0,0,0,1,0,0,International,Club
Buena Vista Orchestra,2026,2026-10-17,,LIVE NATION CANADA (LN),231487.7,0.0,0.0,0,0,2,1,0,0,International,Theater
Tokyo Tea Room,2026,2026-10-17,,LIVE NATION CANADA (LN),0.0,0.0,0.0,0,0,0,9,0,0,International,Club
America,2026,2026-10-17,,LIVE NATION CANADA (LN),4786730.81,4477164.55,1750231.2,5,8,180,41,0,14,International,Theater
Bruno Mars,2026,2026-10-17,,LIVE NATION CANADA (LN),42422958.0,280515343.74,87980695.9,12,221,88,9,45,8,International,Arena
Sawyer Hill,2026,2026-10-17,,LIVE NATION MUSIC,37539.14,18871.47,0.0,0,0,1,10,0,0,International,Club
Paul Cauthen,2026,2026-10-17,,LIVE NATION MUSIC,253411.02,213372.0,435342.0,0,0,2,58,0,3,International,Club
Vengaboys,2026,2026-10-17,,LIVE NATION CANADA (LN),585713.9400000001,0.0,888672.54,0,1,10,4,0,5,International,Arena
UB40,2026,2026-10-17,,LIVE NATION CANADA (LN),1292055.05,5742450.69,2259277.81,10,34,54,23,0,4,International,Theater
Shaboozey,2026,2026-10-17,,LIVE NATION CANADA (LN),1427197.18,60000.0,0.0,0,1,4,9,0,1,International,Arena
"Headpins, The Holly Woods, Toronto",2026,2026-10-17,,LIVE NATION CANADA (LN),0.0,0.0,0.0,0,0,0,0,0,1,International,Other
"Tape B, Levity",2026,2026-10-17,,LIVE NATION CANADA (LN),0.0,0.0,0.0,5,0,1,0,0,0,International,Amphitheatre
SiM,2026,2026-10-17,,LIVE NATION CANADA (LN),0.0,78357.29000000001,0.0,0,0,0,4,0,0,International,Club
Moontricks,2026,2026-10-17,,LIVE NATION CANADA (LN),0.0,50729.03,3260.0,0,0,1,9,0,0,International,Theater
Winyah,2026,2026-10-17,,MCD PRODUCTIONS,12400.0,0.0,0.0,0,0,1,4,0,0,International,Club
Bronagh Gallagher,2026,2026-10-17,,MCD PRODUCTIONS,0.0,0.0,0.0,0,0,0,1,0,0,International,Theater
Arlo Parks,2026,2026-10-17,,MCD PRODUCTIONS,0.0,188443.48,348313.02999999997,0,0,6,22,0,0,International,Club
Tigercub,2026,2026-10-17,,MCD PRODUCTIONS,0.0,2370.0,6366.57,0,0,1,3,0,0,International,Club
Chris Watson,2026,2026-10-17,,MCD PRODUCTIONS,22962.01,0.0,0.0,0,0,0,3,0,0,International,Club
Rob Lamberti,2026,2026-10-17,,MCD PRODUCTIONS,213811.81,130990.63999999998,92508.06,0,0,8,0,0,0,International,Theater
Snow Patrol,2026,2026-10-17,,MCD PRODUCTIONS,11139731.38,1938880.38,0.0,1,36,57,23,6,4,International,Club
The Anniversary,2026,2026-10-17,,LIVE NATION MUSIC UK LTD,0.0,0.0,0.0,0,0,0,2,0,0,International,Arena
Foy Vance,2026,2026-10-17,,DF CONCERTS,0.0,67882.0,243802.99,0,0,20,42,0,6,International,Club
Starsailor,2026,2026-10-17,,DF CONCERTS,497193.91,85028.67,112855.67,0,0,8,17,0,1,International,Theater
Twin Atlantic,2026,2026-10-17,,LIVE NATION MUSIC UK LTD,162148.44,256108.37,26924.92,0,1,8,38,0,7,International,Club
The Reytons,2026,2026-10-17,,DF CONCERTS,529635.19,134075.77,547349.9199999999,0,2,8,23,0,5,International,Club
"Dimmu Borgir, Amorphis",2026,2026-10-17,,LIVE NATION MUSIC UK LTD,0.0,0.0,0.0,0,0,1,0,0,0,International,Theater
Fat Freddy's Drop,2026,2026-10-17,,LIVE NATION (MUSIC) UK LTD (VENUES),0.0,1146590.62,316025.35,4,4,23,33,3,6,International,Club
Gene,2026,2026-10-17,,OCESA,0.0,0.0,0.0,0,0,1,1,0,0,International,Club
Name,2026,2026-10-17,,OCESA,0.0,0.0,0.0,0,0,0,1,0,0,International,Club
IVE,2026,2026-10-17,,OCESA,3790215.44,12543199.86,3686900.39,0,21,0,0,0,0,International,Arena
Caifanes,2026,2026-10-17,,OCESA,11228657.5,8803975.02,6125837.01,6,46,57,15,17,13,International,Theater
Band-Maid,2026,2026-10-17,,OCESA,0.0,0.0,116315.42,0,1,0,3,0,0,International,Arena
Airbag,2026,2026-10-17,,OCESA,20513706.61,16449952.62,0.0,1,15,10,4,10,9,International,Arena
Bunbury,2026,2026-10-17,,OCESA,10097962.63,6664348.7700000005,489408.32,4,21,41,9,14,8,International,Theater
Martin Garrix,2026,2026-10-17,,OCESA,3683750.61,4900464.97,0.0,2,11,4,3,0,0,International,Arena
Yolanda Del Rio,2026,2026-10-17,,OCESA,253054.3,0.0,0.0,0,0,5,2,0,0,International,Theater
J. Cole,2026,2026-10-17,,Live Nation,0.0,2084747.68,0.0,25,121,50,39,2,2,International,Arena
Young Thug,2026,2026-10-17,,Live Nation GmbH,874047.0,0.0,0.0,1,5,10,18,0,0,International,Club
Gun,2026,2026-10-17,,Live Nation,99386.43,100794.15,101429.7,0,0,0,11,0,2,International,Club
Racoon,2026,2026-10-17,,Live Nation Venues Netherlands BV Afas Live,0.0,35783.99,58955.01,0,0,2,1,0,2,International,Theater
Simple Plan,2026,2026-10-17,,Live Nation Sp. z o.o.,1578010.89,11751607.05,757328.91,1,36,51,50,5,15,International,Theater
Berre,2026,2026-10-17,,Live Nation Sp. z o.o.,0.0,54020.57,4016.07,0,0,0,2,0,0,International,Club
Drink The Sea,2026,2026-10-17,,Live Nation Sp. z o.o.,0.0,0.0,0.0,0,0,2,5,0,0,International,Club
"Charlotte Brandi, Ment",2026,2026-10-17,,Live Nation sp. z o.o.,0.0,0.0,0.0,0,0,0,1,0,0,International,Arena
Tou,2026,2026-10-17,,Live Nation Sp. z o.o.,0.0,348354.82999999996,0.0,0,0,0,1,0,1,International,Club
Olivia Rodrigo,2026,2026-10-18,,LIVE NATION MUSIC,23420107.2,169307085.8,0.0,0,68,10,2,5,1,US,Arena
Steve Lacy,2026,2026-10-18,,LIVE NATION MUSIC,0.0,0.0,48400.0,1,2,2,7,0,0,US,Club
Little Big Town,2026,2026-10-18,,LIVE NATION MUSIC,2309214.5,13004819.31,2846985.5,23,68,94,16,1,12,US,Theater
JPEGMafia,2026,2026-10-18,,LIVE NATION MUSIC,557173.07,1250847.08,390783.87,1,0,19,57,0,1,US,Club
The Story So Far,2026,2026-10-18,,LIVE NATION MUSIC,461364.5,311383.29,21725.0,0,0,10,57,1,5,US,Club
$uicideboy$,2026,2026-10-18,,LIVE NATION MUSIC,37331236.09,56694497.44,43051497.75,83,110,35,33,2,11,US,Arena
Sienna Spiro,2026,2026-10-18,,LIVE NATION MUSIC,24263.94,0.0,0.0,0,0,3,3,0,0,US,Club
$uicideboy$,2026,2026-10-18,,LIVE NATION MUSIC,37331236.09,56694497.44,43051497.75,83,110,35,33,2,11,US,Arena
Candlebox,2026,2026-10-18,,LIVE NATION MUSIC,0.0,15636.21,95486.8,1,0,20,59,0,5,US,Club
America,2026,2026-10-18,,LIVE NATION MUSIC,4786730.81,4477164.55,1750231.2,5,8,180,41,0,14,US,Theater
Waylon Wyatt,2026,2026-10-18,,LIVE NATION MUSIC,127869.14,0.0,0.0,0,0,2,8,0,0,US,Club
Catch Your Breath,2026,2026-10-18,,LIVE NATION MUSIC,10444.0,0.0,0.0,0,0,0,6,0,0,US,Club
"""Southern Soul, Boots, Brunch &amp; Line Dance Party""",2026,2026-10-18,,LIVE NATION MUSIC,7285.0,0.0,0.0,0,0,0,2,0,0,US,Club
"""Southern Soul, Boots, Brunch &amp; Line Dance Party""",2026,2026-10-18,,LIVE NATION MUSIC,7285.0,0.0,0.0,0,0,0,2,0,0,US,Club
Nick &amp; Simon,2026,2026-10-18,,LIVE NATION MUSIC,0.0,0.0,0.0,0,2,2,0,0,0,US,Arena
Valories,2026,2026-10-18,,LIVE NATION MUSIC,0.0,0.0,0.0,0,0,0,1,0,0,US,Club
Earl Sweatshirt,2026,2026-10-18,,LIVE NATION MUSIC,145905.72999999998,0.0,304502.67,0,0,7,36,0,0,US,Theater
Buddy Guy,2026,2026-10-18,,LIVE NATION MUSIC,1069893.38,1872516.73,2376890.29,21,6,262,57,1,30,US,Arena
PeelingFlesh,2026,2026-10-18,,LIVE NATION MUSIC,0.0,10542.0,0.0,0,0,0,3,0,0,US,Club
Chad Gray,2026,2026-10-18,,LIVE NATION MUSIC,0.0,0.0,0.0,0,0,0,1,0,0,US,Club
Lauren Sanderson,2026,2026-10-18,,LIVE NATION MUSIC,0.0,20673.0,22912.57,0,0,1,13,0,0,US,Theater
Simrit,2026,2026-10-18,,LIVE NATION MUSIC,15390.0,0.0,10790.0,0,0,0,7,0,0,US,Theater
The Black Dahlia Murder,2026,2026-10-18,,LIVE NATION MUSIC,0.0,65614.66,163785.56,0,0,21,93,0,2,US,Club
Remi,2026,2026-10-18,,LIVE NATION MUSIC,0.0,0.0,0.0,0,0,0,9,0,0,US,Amphitheatre
Mastodon,2026,2026-10-18,,LIVE NATION MUSIC,0.0,178040.83000000002,1899213.01,3,6,42,78,0,1,US,Theater
Black Coffee,2026,2026-10-18,,LIVE NATION MUSIC,2308976.87,1550840.6,1588903.76,1,5,0,12,2,2,US,Club
Black Coffee,2026,2026-10-18,,LIVE NATION MUSIC,2308976.87,1550840.6,1588903.76,1,5,0,12,2,2,US,Club
Sandy &amp; Junior,2026,2026-10-18,,LIVE NATION MUSIC,0.0,0.0,0.0,0,8,0,0,8,0,US,Arena
Stephen Day,2026,2026-10-18,,LIVE NATION MUSIC,7947.0,0.0,0.0,0,0,0,11,0,0,US,Club
Charli xcx,2026,2026-10-18,,LIVE NATION MUSIC,18148835.74,3165588.7,198001.15,0,9,13,43,1,0,US,Club
The Smashing Pumpkins,2026,2026-10-18,,LIVE NATION MUSIC,1932119.81,4451112.17,12656219.06,29,91,42,26,1,5,US,Arena
The Gathering,2026,2026-10-18,,LIVE NATION MUSIC,0.0,0.0,0.0,0,0,2,0,0,0,US,Arena
Gorillaz,2026,2026-10-18,,LIVE NATION MUSIC,2844527.25,0.0,5075.0,8,77,15,1,3,1,US,Arena
Young Miko,2026,2026-10-18,,LIVE NATION MUSIC,1819198.33,11120905.33,716909.22,7,8,21,5,0,2,US,Arena
Shaboozey,2026,2026-10-18,,LIVE NATION MUSIC,1427197.18,60000.0,0.0,0,1,4,9,0,1,US,Theater
Beck,2026,2026-10-18,,LIVE NATION MUSIC,1461640.71,626608.75,4873011.17,24,9,29,9,0,4,US,Theater
"Santana, Doobie Brothers",2026,2026-10-18,,LIVE NATION MUSIC,0.0,0.0,0.0,0,4,0,0,0,0,US,Arena
Frank Carter &amp; The Rattlesnakes,2026,2026-10-18,,LIVE NATION MUSIC,0.0,641787.98,0.0,0,2,20,36,0,9,US,Club
Foster The People,2026,2026-10-18,,LIVE NATION MUSIC,1851580.29,0.0,0.0,17,7,38,56,2,7,US,Amphitheatre
"Earth, Wind &amp; Fire",2026,2026-10-18,,LIVE NATION MUSIC,11282927.15,1131593.0,1437255.0,68,42,129,11,3,20,US,Theater
G-Eazy,2026,2026-10-18,,LIVE NATION MUSIC,453863.88,166997.78,53337.0,33,23,54,102,1,4,US,Club
Rawayana,2026,2026-10-18,,LIVE NATION MUSIC,0.0,1859072.56,268722.57,0,16,7,9,1,1,US,Theater
Bryson Tiller,2026,2026-10-18,,LIVE NATION MUSIC,0.0,14396903.73,1952369.56,10,20,31,34,0,2,US,Amphitheatre
Personal &amp; The Pizzas,2026,2026-10-18,,LIVE NATION MUSIC,0.0,0.0,0.0,0,0,0,1,0,0,US,Theater
Forever,2026,2026-10-18,,LIVE NATION MUSIC,70329.51,0.0,0.0,0,1,0,0,0,0,US,Arena
Switchfoot,2026,2026-10-18,,LIVE NATION MUSIC,181031.87,600305.9299999999,763943.0,5,6,80,76,1,17,US,Club
Sleeping With Sirens,2026,2026-10-18,,LIVE NATION MUSIC,0.0,350306.75,319502.92,0,1,30,104,0,5,US,Club
David Rawlings,2026,2026-10-18,,LIVE NATION MUSIC,0.0,0.0,0.0,0,0,9,6,0,0,US,Theater
Cavetown,2026,2026-10-18,,LIVE NATION MUSIC,0.0,444645.86,1226221.94,2,1,17,39,0,6,US,Club
Nat &amp; Alex Wolff,2026,2026-10-18,,LIVE NATION MUSIC,0.0,5500.0,0.0,0,0,0,3,0,0,US,Club
Alvaro,2026,2026-10-18,,LIVE NATION MUSIC,0.0,0.0,0.0,0,0,0,1,0,0,US,Club
Rise Against,2026,2026-10-18,,LIVE NATION MUSIC,4277860.61,678554.91,194297.26,27,65,68,73,4,10,US,Club
Turnstile,2026,2026-10-18,,LIVE NATION MUSIC,3535380.32,739762.83,739153.98,3,7,40,34,0,3,US,Theater
EsDeeKid,2026,2026-10-18,,LIVE NATION MUSIC,0.0,0.0,0.0,0,0,0,1,0,0,US,Arena
Skillet,2026,2026-10-18,,LIVE NATION MUSIC,2557214.15,260542.96,1377748.06,6,30,44,67,1,14,US,Club
Marilyn Manson,2026,2026-10-18,,LIVE NATION MUSIC,8245313.02,117608.0,0.0,3,22,29,41,0,2,US,Theater
King Crimson,2026,2026-10-18,,LIVE NATION MUSIC,0.0,0.0,0.0,9,5,42,4,1,3,US,Theater
K. Michelle,2026,2026-10-18,,HOUSE OF BLUES CONCERTS (HOB),228547.0,59597.6,54315.0,2,2,18,12,0,1,US,Theater
The Wallflowers,2026,2026-10-18,,LIVE NATION MUSIC,730251.78,644538.0,432091.1,2,0,37,44,0,1,US,Club
Taking Back Sunday,2026,2026-10-18,,LIVE NATION MUSIC,0.0,1192562.18,59060.0,0,1,32,133,0,8,US,Theater
glaive,2026,2026-10-18,,LIVE NATION MUSIC,87140.09,0.0,70042.53,0,0,4,26,0,1,US,Club
The Living Tombstone,2026,2026-10-18,,FRANK PRODUCTIONS,1157002.59,58601.17,0.0,0,1,2,16,0,1,US,Theater
Yandel,2026,2026-10-18,,LIVE NATION MUSIC,5429413.42,695647.99,0.0,4,19,26,2,2,2,US,Arena
Akeem Ali,2026,2026-10-18,,LIVE NATION MUSIC,6800.0,10982.0,0.0,0,0,0,3,0,1,US,Club
Michael Franti &amp; Spearhead,2026,2026-10-18,,LIVE NATION MUSIC,877302.5,6993576.6,4151183.84,114,3,86,115,2,32,US,Club
The Suitcase Junket,2026,2026-10-18,,LIVE NATION MUSIC,3419.0,2490.75,4077.0,0,0,5,10,0,0,US,Club
Hermanos Gutiérrez,2026,2026-10-18,,LIVE NATION MUSIC,1475655.72,315848.47,75081.67,1,0,15,10,0,1,US,Amphitheatre
Here Come The Mummies,2026,2026-10-18,,FRANK PRODUCTIONS,325004.81,98506.61,161860.0,2,2,62,129,0,13,US,Club
The Chicks,2026,2026-10-18,,LIVE NATION MUSIC,0.0,0.0,21183223.21,39,69,4,0,3,0,US,Theater
The Chicks,2026,2026-10-18,,LIVE NATION MUSIC,0.0,0.0,21183223.21,39,69,4,0,3,0,US,Theater
"""Past, Present, Future: A Dance Gala""",2026,2026-10-18,,LIVE NATION MUSIC,0.0,0.0,0.0,0,0,1,0,0,0,US,Theater
Asha Banks,2026,2026-10-18,,LIVE NATION MUSIC,0.0,0.0,0.0,0,0,0,0,0,1,US,Other
BLÜ EYES,2026,2026-10-18,,LIVE NATION MUSIC,0.0,3956.0,13840.82,0,0,1,3,0,0,US,Club
Sophie,2026,2026-10-18,,LIVE NATION MUSIC,0.0,0.0,0.0,0,0,0,3,0,0,US,Club
"The A, B, C &amp; D Of Boogie Woogie",2026,2026-10-18,,FRANK PRODUCTIONS,0.0,0.0,0.0,0,0,0,1,0,0,US,Club
Orleans,2026,2026-10-18,,LIVE NATION MUSIC,50044.5,0.0,67892.65,1,0,5,3,0,0,US,Theater
Alana Springsteen,2026,2026-10-18,,LIVE NATION MUSIC,0.0,52860.5,44910.24,0,0,2,12,0,1,US,Club
Echos,2026,2026-10-18,,HOUSE OF BLUES CONCERTS (HOB),0.0,0.0,10167.9,0,0,0,2,0,0,US,Club
Back &amp; Forth - Foo Fighters Tribute,2026,2026-10-18,,LIVE NATION MUSIC,1985.0,3110.0,0.0,0,0,0,2,0,0,US,Theater
Sueco,2026,2026-10-18,,LIVE NATION MUSIC,0.0,77100.38,70293.0,0,0,3,15,0,0,US,Club
Rain,2026,2026-10-18,,HOUSE OF BLUES CONCERTS (HOB),0.0,0.0,207956.5,1,1,4,0,0,1,US,Theater
Sueco,2026,2026-10-18,,LIVE NATION MUSIC,0.0,77100.38,70293.0,0,0,3,15,0,0,US,Club
R&amp;B Vibes Live,2026,2026-10-18,,LIVE NATION TENNESSEE,0.0,0.0,0.0,0,0,0,2,0,0,US,Club
Thee Sinseers,2026,2026-10-18,,LIVE NATION MUSIC,30027.5,63265.0,6350.0,1,0,0,12,0,0,US,Club
Avery Anna,2026,2026-10-18,,LIVE NATION MUSIC,64422.0,18000.0,11491.0,0,0,3,10,0,0,US,Club
Avery Anna,2026,2026-10-18,,LIVE NATION MUSIC,64422.0,18000.0,11491.0,0,0,3,10,0,0,US,Club
Isaiah Falls,2026,2026-10-18,,LIVE NATION MUSIC,34588.22,0.0,0.0,0,0,1,2,0,0,US,Theater
The Black Keys,2026,2026-10-18,,LIVE NATION CANADA (LN),7622312.4,1632852.36,1779620.0299999998,53,157,26,25,4,7,International,Arena
Collective Soul,2026,2026-10-18,,LIVE NATION CANADA (LN),363658.5,151598.9,483005.2,15,3,53,43,0,13,International,Theater
Paris Paloma,2026,2026-10-18,,LIVE NATION CANADA (LN),182912.02,142732.72999999998,10609.18,0,0,6,10,0,0,International,Theater
"nothing,nowhere.",2026,2026-10-18,,LIVE NATION CANADA (LN),14119.95,0.0,0.0,0,0,3,18,0,0,International,Club
Vincent Neil Emerson,2026,2026-10-18,,LIVE NATION CANADA (LN),32285.09,10571.0,14619.0,0,0,0,17,0,0,International,Club
"Or, The Whale",2026,2026-10-18,,LIVE NATION CANADA (LN),0.0,0.0,0.0,0,0,0,3,0,0,International,Club
Malcolm Todd,2026,2026-10-18,,LIVE NATION MUSIC,207372.81,63535.0,0.0,0,0,5,8,0,0,International,Club
UB40,2026,2026-10-18,,LIVE NATION CANADA (LN),1292055.05,5742450.69,2259277.81,10,34,54,23,0,4,International,Theater
Owen Riegling,2026,2026-10-18,,LIVE NATION MUSIC,0.0,18187.81,0.0,0,0,1,1,0,0,International,Club
Melanie C,2026,2026-10-18,,MCD PRODUCTIONS,0.0,0.0,0.0,0,0,0,7,0,0,International,Theater
Dan Whitlam,2026,2026-10-18,,MCD PRODUCTIONS,7081.57,0.0,0.0,0,0,0,1,0,0,International,Club
Warren Zeiders,2026,2026-10-18,,LIVE NATION MUSIC UK LTD,3456947.89,748458.81,989474.19,5,12,14,32,0,6,International,Club
The Anniversary,2026,2026-10-18,,LIVE NATION MUSIC UK LTD,0.0,0.0,0.0,0,0,0,2,0,0,International,Arena
"The A, B, C &amp; D Of Boogie Woogie",2026,2026-10-18,,DF CONCERTS,0.0,0.0,0.0,0,0,0,1,0,0,International,Club
Foy Vance,2026,2026-10-18,,DF CONCERTS,0.0,67882.0,243802.99,0,0,20,42,0,6,International,Theater
Guilt Trip,2026,2026-10-18,,LIVE NATION MUSIC UK LTD,0.0,17430.33,0.0,0,0,0,3,0,0,International,Theater
Portugal. The Man,2026,2026-10-18,,LIVE NATION AUSTRALIA,268855.1,1792804.9,766356.87,17,2,53,100,1,7,International,Theater
Co &amp; Zo - De Podcast,2026,2026-10-18,,OCESA,3526.65,0.0,0.0,0,0,1,0,0,0,International,Theater
Om,2026,2026-10-18,,OCESA,0.0,0.0,0.0,0,0,1,19,0,0,International,Arena
"Hombres G, Los Enanitos Verdes",2026,2026-10-18,,OCESA,3449213.65,0.0,0.0,0,5,1,0,0,0,International,Arena
The Midnight,2026,2026-10-18,,OCESA,623554.29,301290.25,609328.26,1,0,26,53,0,2,International,Club
Blessd,2026,2026-10-18,,OCESA,2259306.0,2595505.14,409691.66,0,7,4,4,4,2,International,Arena
Myles Smith,2026,2026-10-18,,Live Nation,2236831.36,203426.73,0.0,0,0,12,24,0,0,International,Club
"""Cap Roig Festival"", Anastacia",2026,2026-10-18,,Live Nation,0.0,0.0,0.0,0,0,0,0,1,0,International,Stadium
"Dethklok, Amon Amarth",2026,2026-10-18,,Live Nation,0.0,0.0,0.0,0,0,1,0,0,0,International,Arena
Stevie Wonder,2026,2026-10-18,,Live Nation,5077947.359999999,8495068.84,0.0,1,43,5,1,1,0,International,Arena
European,2026,2026-10-18,,Live Nation,0.0,0.0,0.0,0,0,1,0,0,0,International,Theater
Orb,2026,2026-10-18,,Live Nation,32651.74,0.0,0.0,0,0,0,3,0,0,International,Club
EST Gee,2026,2026-10-18,,LIVE NATION CZECH REPUBLIC s.r.o.,44379.5,0.0,23035.0,0,0,0,4,0,0,International,Club
Staind,2026,2026-10-19,,LIVE NATION MUSIC,1978997.55,2423123.19,729547.4,5,9,8,12,0,3,US,Arena
Breaking Benjamin,2026,2026-10-19,,LIVE NATION MUSIC,14595872.13,3293577.11,1340194.0,52,42,34,40,2,3,US,Amphitheatre
Earl Sweatshirt,2026,2026-10-19,,LIVE NATION MUSIC,145905.72999999998,0.0,304502.67,0,0,7,36,0,0,US,Club
Five Finger Death Punch,2026,2026-10-19,,LIVE NATION MUSIC,485138.13,5167906.39,0.0,12,74,25,39,1,4,US,Arena
Taste,2026,2026-10-19,,LIVE NATION MUSIC,0.0,0.0,0.0,0,0,1,1,0,0,US,Theater
Jonas Brothers,2026,2026-10-19,,LIVE NATION MUSIC,81959444.45,30144554.31,109403725.33,84,205,28,1,31,5,US,Arena
David Rawlings,2026,2026-10-19,,LIVE NATION MUSIC,0.0,0.0,0.0,0,0,9,6,0,0,US,Theater
David Rawlings,2026,2026-10-19,,LIVE NATION MUSIC,0.0,0.0,0.0,0,0,9,6,0,0,US,Theater
Jonas Brothers,2026,2026-10-19,,LIVE NATION MUSIC,81959444.45,30144554.31,109403725.33,84,205,28,1,31,5,US,Arena
Chad Gray,2026,2026-10-19,,LIVE NATION MUSIC,0.0,0.0,0.0,0,0,0,1,0,0,US,Theater
Emei,2026,2026-10-19,,LIVE NATION MUSIC,147261.76,63873.5,0.0,0,0,0,17,0,1,US,Club
"Shore, Stein, Papier",2026,2026-10-19,,LIVE NATION MUSIC,0.0,0.0,0.0,0,0,0,2,0,0,US,Club
Lifehouse,2026,2026-10-19,,LIVE NATION MUSIC,0.0,0.0,0.0,1,0,10,18,0,2,US,Club
The Brook &amp; The Bluff,2026,2026-10-19,,HOUSE OF BLUES CONCERTS (HOB),13195.0,54224.59,250521.71,0,0,7,36,0,1,US,Club
David Rawlings,2026,2026-10-19,,LIVE NATION MUSIC,0.0,0.0,0.0,0,0,9,6,0,0,US,Theater
Rod Wave,2026,2026-10-19,,LIVE NATION MUSIC,21434081.53,44782080.52,58117202.64,1,85,1,0,0,0,US,Arena
Doja Cat,2026,2026-10-19,,LIVE NATION MUSIC,7384674.46,7298161.81,31988065.4,0,39,0,9,0,0,US,Arena
Sara Bareilles,2026,2026-10-19,,LIVE NATION MUSIC,0.0,0.0,0.0,12,6,27,45,0,1,US,Theater
Modest Mouse,2026,2026-10-19,,LIVE NATION MUSIC,897255.2,1391230.25,494004.69,36,5,80,66,2,9,US,Theater
Beabadoobee,2026,2026-10-19,,LIVE NATION MUSIC,801797.5,2506361.44,323192.05,1,2,23,27,0,1,US,Amphitheatre
"""Les Nits de Barcelona"", Sting",2026,2026-10-19,,LIVE NATION MUSIC,0.0,0.0,0.0,0,0,0,0,0,1,US,Other
Basement,2026,2026-10-19,,LIVE NATION MUSIC,265803.7,42000.0,0.0,0,0,5,27,0,4,US,Club
"""SummerStage"", Two Door Cinema Club, Friends",2026,2026-10-19,,LIVE NATION MUSIC,0.0,0.0,0.0,1,0,0,0,0,0,US,Theater
Dermot Kennedy,2026,2026-10-19,,LIVE NATION MUSIC,715573.15,0.0,19937522.59,6,39,56,61,10,4,US,Theater
Vince Staples,2026,2026-10-19,,LIVE NATION MUSIC,0.0,253029.0,0.0,0,0,7,36,0,0,US,Club
Cuco,2026,2026-10-19,,LIVE NATION MUSIC,581678.3200000001,398064.16,560948.03,0,1,17,44,0,5,US,Theater
Wheeler Walker Jr.,2026,2026-10-19,,FRANK PRODUCTIONS,0.0,131246.5,289839.0,0,0,4,27,0,0,US,Club
Free Throw,2026,2026-10-19,,HOUSE OF BLUES CONCERTS (HOB),16975.66,12411.08,41648.0,1,0,1,18,0,2,US,Club
Dope Lemon,2026,2026-10-19,,LIVE NATION MUSIC,655113.35,0.0,371359.73,0,0,7,35,0,1,US,Club
Jordan,2026,2026-10-19,,LIVE NATION MUSIC,0.0,12249.61,18252.05,0,0,1,1,0,0,US,Club
Running,2026,2026-10-19,,LIVE NATION MUSIC,0.0,0.0,0.0,0,0,0,1,0,0,US,Club
,2026,2026-10-19,,LIVE NATION MUSIC,0.0,0.0,0.0,0,0,0,0,0,0,US,Other
The Linda Lindas,2026,2026-10-19,,LIVE NATION TENNESSEE,108431.27,6550.0,0.0,0,0,1,5,0,0,US,Club
"Livingston Taylor, Tom Chapin, EVA",2026,2026-10-19,,LIVE NATION MUSIC,0.0,0.0,0.0,1,0,0,0,0,0,US,Amphitheatre
The Wldlfe,2026,2026-10-19,,HOUSE OF BLUES CONCERTS (HOB),22849.6,107014.44,4184.0,0,0,0,21,0,1,US,Club
"Dream, Ivory",2026,2026-10-19,,LIVE NATION MUSIC,0.0,0.0,3737.51,0,0,0,4,0,0,US,Club
Laura Veirs,2026,2026-10-19,,LIVE NATION MUSIC,4867.76,0.0,4172.65,0,0,0,24,0,2,US,Club
Actress,2026,2026-10-19,,LIVE NATION MUSIC,0.0,0.0,0.0,0,0,0,1,0,0,US,Club
Pete &amp; Bas,2026,2026-10-19,,LIVE NATION MUSIC,19756.22,54277.37,0.0,0,0,0,7,0,0,US,Club
Isabel LaRosa,2026,2026-10-19,,LIVE NATION MUSIC,84685.57,24182.31,0.0,0,0,2,5,0,0,US,Club
Ado,2026,2026-10-19,,LIVE NATION MUSIC,15963261.24,3901792.31,0.0,0,18,4,0,0,0,US,Arena
Ado,2026,2026-10-19,,LIVE NATION MUSIC,15963261.24,3901792.31,0.0,0,18,4,0,0,0,US,Arena
Chinchilla,2026,2026-10-19,,LIVE NATION MUSIC,0.0,0.0,0.0,0,0,0,1,0,1,US,Club
Malcolm Todd,2026,2026-10-19,,LIVE NATION MUSIC,207372.81,63535.0,0.0,0,0,5,8,0,0,US,Theater
Isabel LaRosa,2026,2026-10-19,,LIVE NATION MUSIC,84685.57,24182.31,0.0,0,0,2,5,0,0,US,Club
Gun,2026,2026-10-19,,LIVE NATION MUSIC,99386.43,100794.15,101429.7,0,0,0,11,0,2,US,Club
The Residents,2026,2026-10-19,,LIVE NATION MUSIC,0.0,0.0,7124.0,0,0,4,32,0,1,US,Club
Malcolm Todd,2026,2026-10-19,,LIVE NATION MUSIC,207372.81,63535.0,0.0,0,0,5,8,0,0,US,Theater
Lords of Acid,2026,2026-10-19,,LIVE NATION MUSIC,36755.0,116228.84,0.0,0,0,5,24,0,0,US,Club
Lords of Acid,2026,2026-10-19,,LIVE NATION MUSIC,36755.0,116228.84,0.0,0,0,5,24,0,0,US,Club
The Residents,2026,2026-10-19,,LIVE NATION MUSIC,0.0,0.0,7124.0,0,0,4,32,0,1,US,Club
AFI,2026,2026-10-19,,LIVE NATION CANADA (LN),557304.37,0.0,1032877.0,0,1,14,54,0,0,International,Theater
Vengaboys,2026,2026-10-19,,LIVE NATION CANADA (LN),585713.9400000001,0.0,888672.54,0,1,10,4,0,5,International,Arena
Sylvan Esso,2026,2026-10-19,,LIVE NATION CANADA (LN),0.0,0.0,2925511.35,17,0,29,64,0,8,International,Club
Vincent Neil Emerson,2026,2026-10-19,,LIVE NATION CANADA (LN),32285.09,10571.0,14619.0,0,0,0,17,0,0,International,Club
W.A.S.P.,2026,2026-10-19,,LIVE NATION CANADA (LN),1978037.07,334712.93,1072342.16,1,3,35,34,2,8,International,Theater
Owen Riegling,2026,2026-10-19,,LIVE NATION CANADA (LN),0.0,18187.81,0.0,0,0,1,1,0,0,International,Club
Father of Peace,2026,2026-10-19,,MCD PRODUCTIONS,0.0,0.0,0.0,0,0,0,1,0,0,International,Club
Talia,2026,2026-10-19,,MCD PRODUCTIONS,0.0,0.0,0.0,0,0,0,3,0,0,International,Club
J. Cole,2026,2026-10-19,,LIVE NATION MUSIC UK LTD,0.0,2084747.68,0.0,25,121,50,39,2,2,International,Arena
Stephen Wilson Jr.,2026,2026-10-19,,DF CONCERTS,786854.57,66436.31,0.0,2,0,10,13,0,1,International,Club
The Anniversary,2026,2026-10-19,,LIVE NATION MUSIC UK LTD,0.0,0.0,0.0,0,0,0,2,0,0,International,Arena
Def Leppard,2026,2026-10-19,,OCESA,5540546.04,3144981.0,0.0,74,123,18,5,1,0,International,Arena
Bunbury,2026,2026-10-19,,OCESA,10097962.63,6664348.7700000005,489408.32,4,21,41,9,14,8,International,Theater
Berre,2026,2026-10-19,,LIVE NATION CZECH REPUBLIC s.r.o.,0.0,54020.57,4016.07,0,0,0,2,0,0,International,Club
Jonas Brothers,2026,2026-10-20,,LIVE NATION MUSIC,81959444.45,30144554.31,109403725.33,84,205,28,1,31,5,US,Arena
Breaking Benjamin,2026,2026-10-20,,LIVE NATION MUSIC,14595872.13,3293577.11,1340194.0,52,42,34,40,2,3,US,Amphitheatre
Paris Paloma,2026,2026-10-20,,LIVE NATION MUSIC,182912.02,142732.72999999998,10609.18,0,0,6,10,0,0,US,Club
Destroy Lonely,2026,2026-10-20,,LIVE NATION MUSIC,777805.47,306949.51,142921.93,0,1,3,13,0,0,US,Amphitheatre
JPEGMafia,2026,2026-10-20,,LIVE NATION MUSIC,557173.07,1250847.08,390783.87,1,0,19,57,0,1,US,Club
Tedeschi Trucks Band,2026,2026-10-20,,LIVE NATION MUSIC,5978304.630000001,9551174.93,7870383.93,98,7,225,24,2,8,US,Theater
Candlebox,2026,2026-10-20,,LIVE NATION MUSIC,0.0,15636.21,95486.8,1,0,20,59,0,5,US,Club
Stryper,2026,2026-10-20,,HOUSE OF BLUES CONCERTS (HOB),98295.2,400760.5,162443.0,0,0,17,32,0,1,US,Club
Allison Russell,2026,2026-10-20,,LIVE NATION MUSIC,83000.15,59484.68,37732.0,0,0,4,8,0,0,US,Club
Hawthorne Heights,2026,2026-10-20,,HOUSE OF BLUES CONCERTS (HOB),10175.0,356921.46,49305.0,2,0,4,55,0,5,US,Club
Lexi Jayde,2026,2026-10-20,,LIVE NATION MUSIC,0.0,0.0,16656.699999999997,0,0,0,2,0,0,US,Club
Lifehouse,2026,2026-10-20,,LIVE NATION MUSIC,0.0,0.0,0.0,1,0,10,18,0,2,US,Theater
Will Varley,2026,2026-10-20,,LIVE NATION MUSIC,9252.46,0.0,0.0,0,0,0,6,0,1,US,Club
America,2026,2026-10-20,,LIVE NATION MUSIC,4786730.81,4477164.55,1750231.2,5,8,180,41,0,14,US,Club
"Cradle Of Filth, DevilDriver",2026,2026-10-20,,LIVE NATION MUSIC,0.0,0.0,29384.5,0,0,0,2,0,0,US,Club
David Rawlings,2026,2026-10-20,,LIVE NATION MUSIC,0.0,0.0,0.0,0,0,9,6,0,0,US,Arena
David Rawlings,2026,2026-10-20,,LIVE NATION MUSIC,0.0,0.0,0.0,0,0,9,6,0,0,US,Arena
"The A, B, C &amp; D Of Boogie Woogie",2026,2026-10-20,,LIVE NATION MUSIC,0.0,0.0,0.0,0,0,0,1,0,0,US,Club
"Mic Crenshaw, Special Guests",2026,2026-10-20,,LIVE NATION MUSIC,0.0,0.0,0.0,0,0,0,1,0,0,US,Theater
Clutch,2026,2026-10-20,,LIVE NATION MUSIC,563483.87,483052.66,933623.86,4,1,39,168,0,7,US,Club
Oh He Dead,2026,2026-10-20,,LIVE NATION MUSIC,54985.0,17016.0,39229.5,0,0,2,17,0,0,US,Theater
"The A, B, C &amp; D Of Boogie Woogie",2026,2026-10-20,,LIVE NATION MUSIC,0.0,0.0,0.0,0,0,0,1,0,0,US,Club
Rod Wave,2026,2026-10-20,,LIVE NATION MUSIC,21434081.53,44782080.52,58117202.64,1,85,1,0,0,0,US,Arena
MONSTA X,2026,2026-10-20,,LIVE NATION MUSIC,0.0,0.0,0.0,0,6,19,2,0,0,US,Arena
The Gathering,2026,2026-10-20,,LIVE NATION MUSIC,0.0,0.0,0.0,0,0,2,0,0,0,US,Arena
KATSEYE,2026,2026-10-20,,LIVE NATION MUSIC,3772036.89,0.0,0.0,0,1,5,2,0,0,US,Arena
Doja Cat,2026,2026-10-20,,LIVE NATION MUSIC,7384674.46,7298161.81,31988065.4,0,39,0,9,0,0,US,Arena
The Smashing Pumpkins,2026,2026-10-20,,LIVE NATION MUSIC,1932119.81,4451112.17,12656219.06,29,91,42,26,1,5,US,Arena
Shaboozey,2026,2026-10-20,,LIVE NATION MUSIC,1427197.18,60000.0,0.0,0,1,4,9,0,1,US,Arena
Sara Bareilles,2026,2026-10-20,,LIVE NATION MUSIC,0.0,0.0,0.0,12,6,27,45,0,1,US,Theater
Bryson Tiller,2026,2026-10-20,,LIVE NATION MUSIC,0.0,14396903.73,1952369.56,10,20,31,34,0,2,US,Amphitheatre
Modest Mouse,2026,2026-10-20,,LIVE NATION MUSIC,897255.2,1391230.25,494004.69,36,5,80,66,2,9,US,Theater
Rise Against,2026,2026-10-20,,LIVE NATION MUSIC,4277860.61,678554.91,194297.26,27,65,68,73,4,10,US,Theater
Cameron Whitcomb,2026,2026-10-20,,LIVE NATION MUSIC,169356.41999999998,20541.0,0.0,0,0,5,16,0,0,US,Club
Daughtry,2026,2026-10-20,,LIVE NATION MUSIC,0.0,248378.35,1728352.14,9,66,135,39,0,22,US,Theater
"""Les Nits de Barcelona"", Sting",2026,2026-10-20,,LIVE NATION MUSIC,0.0,0.0,0.0,0,0,0,0,0,1,US,Other
The Wrecks,2026,2026-10-20,,LIVE NATION MUSIC,97000.68,0.0,0.0,0,0,1,12,0,0,US,Club
CupcakKe,2026,2026-10-20,,HOUSE OF BLUES CONCERTS (HOB),101640.0,185280.07,588884.75,1,0,9,89,0,0,US,Club
Judah &amp; The Lion,2026,2026-10-20,,FRANK PRODUCTIONS,74475.0,108536.7,156098.0,1,0,33,100,0,3,US,Club
Benjamin Tod &amp; Lost Dog Street Band,2026,2026-10-20,,LIVE NATION MUSIC,0.0,179250.0,0.0,0,0,3,37,0,0,US,Club
Cuco,2026,2026-10-20,,LIVE NATION MUSIC,581678.3200000001,398064.16,560948.03,0,1,17,44,0,5,US,Club
Godsmack,2026,2026-10-20,,LIVE NATION MUSIC,3204398.91,9813515.82,4972649.24,11,71,49,13,0,5,US,Arena
Hermanos Gutiérrez,2026,2026-10-20,,LIVE NATION MUSIC,1475655.72,315848.47,75081.67,1,0,15,10,0,1,US,Theater
Jessie Ware,2026,2026-10-20,,LIVE NATION MUSIC,0.0,0.0,1453398.58,0,1,7,29,0,0,US,Theater
"Band Of Horses, Dinosaur Jr.",2026,2026-10-20,,LIVE NATION MUSIC,0.0,0.0,0.0,1,0,0,0,0,0,US,Amphitheatre
The Residents,2026,2026-10-20,,LIVE NATION MUSIC,0.0,0.0,7124.0,0,0,4,32,0,1,US,Theater
Femme Fatale,2026,2026-10-20,,LIVE NATION MUSIC,0.0,0.0,0.0,0,0,0,1,0,0,US,Amphitheatre
almost monday,2026,2026-10-20,,LIVE NATION MUSIC,58670.4,0.0,2884.0,0,0,0,9,0,1,US,Club
Julia Jacklin,2026,2026-10-20,,LIVE NATION MUSIC,0.0,141592.86,327508.12,0,0,13,47,0,7,US,Club
Boy Harsher,2026,2026-10-20,,HOUSE OF BLUES CONCERTS (HOB),0.0,0.0,0.0,0,0,1,14,0,1,US,Club
Chelsea Wolfe,2026,2026-10-20,,LIVE NATION MUSIC,97294.63,261345.05,0.0,0,0,2,49,0,0,US,Theater
Steve Lacy,2026,2026-10-20,,LIVE NATION MUSIC,0.0,0.0,48400.0,1,2,2,7,0,0,US,Club
Daði Freyr,2026,2026-10-20,,LIVE NATION MUSIC,107627.55,173924.05,220434.4,0,0,7,15,0,0,US,Theater
Iron &amp; Wine,2026,2026-10-20,,LIVE NATION MUSIC,234458.3,956492.07,19800.0,1,0,69,56,0,4,US,Theater
Chad Gray,2026,2026-10-20,,LIVE NATION MUSIC,0.0,0.0,0.0,0,0,0,1,0,0,US,Club
The Chicks,2026,2026-10-20,,LIVE NATION MUSIC,0.0,0.0,21183223.21,39,69,4,0,3,0,US,Theater
The Chicks,2026,2026-10-20,,LIVE NATION MUSIC,0.0,0.0,21183223.21,39,69,4,0,3,0,US,Theater
Gorillaz,2026,2026-10-20,,LIVE NATION MUSIC,2844527.25,0.0,5075.0,8,77,15,1,3,1,US,Arena
The Snuts,2026,2026-10-20,,LIVE NATION MUSIC,0.0,826646.8,475102.52,0,1,15,23,0,2,US,Club
Willow Avalon,2026,2026-10-20,,LIVE NATION MUSIC,86780.26999999999,0.0,0.0,0,0,2,9,0,0,US,Club
Scene Queen,2026,2026-10-20,,FRANK PRODUCTIONS,65472.39,49049.0,0.0,0,0,0,8,0,3,US,Club
Jenna Raine,2026,2026-10-20,,LIVE NATION MUSIC,0.0,0.0,0.0,0,0,0,1,0,0,US,Club
The Paradox,2026,2026-10-20,,LIVE NATION MUSIC,4780.0,0.0,0.0,0,0,1,0,0,0,US,Theater
"Livingston Taylor, Tom Chapin, EVA",2026,2026-10-20,,LIVE NATION MUSIC,0.0,0.0,0.0,1,0,0,0,0,0,US,Amphitheatre
This Wild Life,2026,2026-10-20,,LIVE NATION MUSIC,9810.0,0.0,7079.0,0,0,2,15,0,2,US,Club
Sun,2026,2026-10-20,,LIVE NATION MUSIC,2319.81,0.0,0.0,0,0,0,2,0,0,US,Theater
Tank and the Bangas,2026,2026-10-20,,FRANK PRODUCTIONS,41522.0,99118.0,60860.0,1,0,6,42,0,1,US,Theater
America,2026,2026-10-20,,LIVE NATION MUSIC,4786730.81,4477164.55,1750231.2,5,8,180,41,0,14,US,Theater
Joshua Burnside,2026,2026-10-20,,LIVE NATION MUSIC,9408.55,0.0,3511.48,0,0,0,5,0,3,US,Club
"The Army, The Navy",2026,2026-10-20,,FRANK PRODUCTIONS,33084.56,0.0,0.0,0,0,1,4,0,0,US,Club
America,2026,2026-10-20,,LIVE NATION MUSIC,4786730.81,4477164.55,1750231.2,5,8,180,41,0,14,US,Theater
Sons of Legion,2026,2026-10-20,,LIVE NATION MUSIC,0.0,0.0,0.0,0,0,12,29,0,0,US,Theater
glaive,2026,2026-10-20,,LIVE NATION MUSIC,87140.09,0.0,70042.53,0,0,4,26,0,1,US,Theater
MICO,2026,2026-10-20,,LIVE NATION MUSIC,239529.32,5000.0,0.0,0,0,5,13,0,0,US,Club
MICO,2026,2026-10-20,,LIVE NATION MUSIC,239529.32,5000.0,0.0,0,0,5,13,0,0,US,Club
The Brook &amp; The Bluff,2026,2026-10-20,,LIVE NATION MUSIC,13195.0,54224.59,250521.71,0,0,7,36,0,1,US,Club
Gorillaz,2026,2026-10-20,,LIVE NATION MUSIC,2844527.25,0.0,5075.0,8,77,15,1,3,1,US,Arena
Failure,2026,2026-10-20,,LIVE NATION MUSIC,0.0,0.0,0.0,0,0,3,26,0,0,US,Theater
Failure,2026,2026-10-20,,LIVE NATION MUSIC,0.0,0.0,0.0,0,0,3,26,0,0,US,Club
Sons of Legion,2026,2026-10-20,,LIVE NATION MUSIC,0.0,0.0,0.0,0,0,12,29,0,0,US,Theater
glaive,2026,2026-10-20,,LIVE NATION MUSIC,87140.09,0.0,70042.53,0,0,4,26,0,1,US,Theater
Eric Lindell,2026,2026-10-20,,LIVE NATION MUSIC,9920.0,5035.0,18347.0,0,0,4,33,0,1,US,Theater
The Brook &amp; The Bluff,2026,2026-10-20,,LIVE NATION MUSIC,13195.0,54224.59,250521.71,0,0,7,36,0,1,US,Club
Lauren Sanderson,2026,2026-10-20,,LIVE NATION CANADA (LN),0.0,20673.0,22912.57,0,0,1,13,0,0,International,Club
Sophie,2026,2026-10-20,,LIVE NATION CANADA (LN),0.0,0.0,0.0,0,0,0,3,0,0,International,Club
Mike D,2026,2026-10-20,,LIVE NATION CANADA (LN),0.0,0.0,0.0,0,0,0,1,0,0,International,Club
Bruno Mars,2026,2026-10-20,,LIVE NATION CANADA (LN),42422958.0,280515343.74,87980695.9,12,221,88,9,45,8,International,Arena
Paul Cauthen,2026,2026-10-20,,LIVE NATION MUSIC,253411.02,213372.0,435342.0,0,0,2,58,0,3,International,Theater
Demon Hunter,2026,2026-10-20,,LIVE NATION CANADA (LN),17480.0,15615.0,14215.0,0,0,1,17,0,0,International,Theater
Finn Wolfhard,2026,2026-10-20,,LIVE NATION CANADA (LN),55692.15,0.0,0.0,0,0,2,4,0,0,International,Club
Owen Riegling,2026,2026-10-20,,LIVE NATION MUSIC,0.0,18187.81,0.0,0,0,1,1,0,0,International,Arena
J. Cole,2026,2026-10-20,,LIVE NATION MUSIC UK LTD,0.0,2084747.68,0.0,25,121,50,39,2,2,International,Arena
Stephen Wilson Jr.,2026,2026-10-20,,DF CONCERTS,786854.57,66436.31,0.0,2,0,10,13,0,1,International,Club
Allie X,2026,2026-10-20,,LIVE NATION MUSIC UK LTD,107624.0,79993.31,0.0,0,0,2,12,0,2,International,Arena
The Anniversary,2026,2026-10-20,,LIVE NATION MUSIC UK LTD,0.0,0.0,0.0,0,0,0,2,0,0,International,Arena
Melanie C,2026,2026-10-20,,DF CONCERTS,0.0,0.0,0.0,0,0,0,7,0,0,International,Club
Courtney Barnett,2026,2026-10-20,,LIVE NATION MUSIC UK LTD,0.0,0.0,54000.0,0,0,26,52,0,2,International,Club
Ivers,2026,2026-10-20,,"LIVE NATION UK FOR ARTIST, TOUR, FESTIVAL AND PRESALE NEWS",0.0,0.0,7492.5,0,0,0,1,0,0,International,Club
Grace &amp; The Flat Boys,2026,2026-10-20,,LIVE NATION MUSIC UK LTD,0.0,1496.9,0.0,0,0,0,1,0,0,International,Club
"Oneida, IE, Matt Mehlan",2026,2026-10-20,,"LIVE NATION UK FOR ARTIST, TOUR, FESTIVAL AND PRESALE NEWS",0.0,0.0,0.0,0,0,0,1,0,0,International,Club
Aim,2026,2026-10-20,,"LIVE NATION UK FOR ARTIST, TOUR, FESTIVAL AND PRESALE NEWS",0.0,0.0,0.0,0,0,1,0,0,0,International,Theater
Hulvey,2026,2026-10-20,,LIVE NATION MUSIC UK LTD,779313.72,46460.0,95550.0,0,0,11,33,0,0,International,Club
Zara Larsson,2026,2026-10-20,,LIVE NATION AUSTRALIA,3822077.52,895136.14,0.0,0,5,10,10,1,0,International,Club
Hilary Duff,2026,2026-10-20,,LIVE NATION AUSTRALIA,0.0,0.0,0.0,22,2,1,0,0,0,International,Arena
"Hombres G, Los Enanitos Verdes",2026,2026-10-20,,OCESA,3449213.65,0.0,0.0,0,5,1,0,0,0,International,Arena
FKJ,2026,2026-10-20,,Live Nation / Vega,0.0,0.0,1086684.41,2,1,26,44,0,0,International,Club
The Strokes,2026,2026-10-20,,LIVE NATION ESPAÑA LOVE FANS SL,568539.0,0.0,0.0,2,7,4,4,1,1,International,Arena
Europe,2026,2026-10-20,,Live Nation Sp. z o.o.,105381.03,0.0,383950.78,0,2,8,2,3,2,International,Theater
"""Rocky Horror Picture Show"", Barry Bostwick",2026,2026-10-21,,LIVE NATION MUSIC,0.0,0.0,0.0,0,0,1,0,0,0,US,Arena
Five Finger Death Punch,2026,2026-10-21,,LIVE NATION MUSIC,485138.13,5167906.39,0.0,12,74,25,39,1,4,US,Arena
Sienna Spiro,2026,2026-10-21,,LIVE NATION MUSIC,24263.94,0.0,0.0,0,0,3,3,0,0,US,Club
Cavetown,2026,2026-10-21,,LIVE NATION MUSIC,0.0,444645.86,1226221.94,2,1,17,39,0,6,US,Club
The Black Dahlia Murder,2026,2026-10-21,,LIVE NATION MUSIC,0.0,65614.66,163785.56,0,0,21,93,0,2,US,Club
"Mic Crenshaw, Special Guests",2026,2026-10-21,,HOUSE OF BLUES CONCERTS (HOB),0.0,0.0,0.0,0,0,0,1,0,0,US,Club
Skilla Baby,2026,2026-10-21,,LIVE NATION MUSIC,0.0,32505.0,0.0,0,0,0,1,0,0,US,Club
R&amp;B Vibes Live,2026,2026-10-21,,LIVE NATION MUSIC,0.0,0.0,0.0,0,0,0,2,0,0,US,Club
Rain,2026,2026-10-21,,HOUSE OF BLUES CONCERTS (HOB),0.0,0.0,207956.5,1,1,4,0,0,1,US,Theater
Mastodon,2026,2026-10-21,,LIVE NATION MUSIC,0.0,178040.83000000002,1899213.01,3,6,42,78,0,1,US,Theater
"nothing,nowhere.",2026,2026-10-21,,LIVE NATION MUSIC,14119.95,0.0,0.0,0,0,3,18,0,0,US,Club
Carly Pearce,2026,2026-10-21,,LIVE NATION MUSIC,939850.93,0.0,316634.33999999997,1,0,20,8,0,0,US,Theater
"""Past, Present, Future: A Dance Gala""",2026,2026-10-21,,LIVE NATION MUSIC,0.0,0.0,0.0,0,0,1,0,0,0,US,Theater
Ecca Vandal,2026,2026-10-21,,LIVE NATION MUSIC,6991.92,0.0,0.0,0,0,0,2,0,0,US,Theater
PeelingFlesh,2026,2026-10-21,,LIVE NATION MUSIC,0.0,10542.0,0.0,0,0,0,3,0,0,US,Club
The Story So Far,2026,2026-10-21,,LIVE NATION MUSIC,461364.5,311383.29,21725.0,0,0,10,57,1,5,US,Club
"Good Morning, Elizabeth",2026,2026-10-21,,LIVE NATION MUSIC,0.0,0.0,0.0,0,0,0,1,0,0,US,Club
"Rave Culture in Concert, W&amp;W",2026,2026-10-21,,LIVE NATION MUSIC,0.0,0.0,0.0,0,1,0,0,0,0,US,Arena
Patrick Droney,2026,2026-10-21,,LIVE NATION MUSIC,0.0,4245.59,25810.0,0,0,0,10,0,0,US,Theater
Hermanos Gutiérrez,2026,2026-10-21,,LIVE NATION MUSIC,1475655.72,315848.47,75081.67,1,0,15,10,0,1,US,Theater
EsDeeKid,2026,2026-10-21,,LIVE NATION MUSIC,0.0,0.0,0.0,0,0,0,1,0,0,US,Club
"The A, B, C &amp; D Of Boogie Woogie",2026,2026-10-21,,LIVE NATION MUSIC,0.0,0.0,0.0,0,0,0,1,0,0,US,Arena
The Hip Abduction,2026,2026-10-21,,LIVE NATION MUSIC,234445.5,324658.0,117140.48,4,0,4,39,0,3,US,Amphitheatre
Beauty School Dropout,2026,2026-10-21,,LIVE NATION MUSIC,9831.2,0.0,5092.0,0,0,0,4,0,0,US,Club
"The Army, The Navy",2026,2026-10-21,,LIVE NATION MUSIC,33084.56,0.0,0.0,0,0,1,4,0,0,US,Club
"Cradle Of Filth, DevilDriver",2026,2026-10-21,,LIVE NATION MUSIC,0.0,0.0,29384.5,0,0,0,2,0,0,US,Club
"The A, B, C &amp; D Of Boogie Woogie",2026,2026-10-21,,LIVE NATION MUSIC,0.0,0.0,0.0,0,0,0,1,0,0,US,Arena
Harry Styles,2026,2026-10-21,,LIVE NATION MUSIC,0.0,0.0,252490036.3,1,117,15,2,33,5,US,Arena
Beabadoobee,2026,2026-10-21,,LIVE NATION MUSIC,801797.5,2506361.44,323192.05,1,2,23,27,0,1,US,Club
Charli xcx,2026,2026-10-21,,LIVE NATION MUSIC,18148835.74,3165588.7,198001.15,0,9,13,43,1,0,US,Arena
Rush,2026,2026-10-21,,LIVE NATION MUSIC,0.0,0.0,0.0,40,118,1,0,2,8,US,Arena
The Gathering,2026,2026-10-21,,LIVE NATION MUSIC,0.0,0.0,0.0,0,0,2,0,0,0,US,Arena
G-Eazy,2026,2026-10-21,,LIVE NATION MUSIC,453863.88,166997.78,53337.0,33,23,54,102,1,4,US,Theater
"Santana, Doobie Brothers",2026,2026-10-21,,LIVE NATION MUSIC,0.0,0.0,0.0,0,4,0,0,0,0,US,Arena
Femme Fatale,2026,2026-10-21,,LIVE NATION MUSIC,0.0,0.0,0.0,0,0,0,1,0,0,US,Amphitheatre
Dermot Kennedy,2026,2026-10-21,,LIVE NATION MUSIC,715573.15,0.0,19937522.59,6,39,56,61,10,4,US,Theater
Arcángel,2026,2026-10-21,,LIVE NATION MUSIC,0.0,5578759.22,9635530.99,2,31,6,0,4,1,US,Arena
Modest Mouse,2026,2026-10-21,,LIVE NATION MUSIC,897255.2,1391230.25,494004.69,36,5,80,66,2,9,US,Theater
Buena Vista Orchestra,2026,2026-10-21,,LIVE NATION MUSIC,231487.7,0.0,0.0,0,0,2,1,0,0,US,Arena
fakemink,2026,2026-10-21,,LIVE NATION MUSIC,0.0,0.0,0.0,0,0,4,12,0,0,US,Club
"Earth, Wind &amp; Fire",2026,2026-10-21,,LIVE NATION MUSIC,11282927.15,1131593.0,1437255.0,68,42,129,11,3,20,US,Theater
Foster The People,2026,2026-10-21,,LIVE NATION MUSIC,1851580.29,0.0,0.0,17,7,38,56,2,7,US,Club
Hermanos Gutiérrez,2026,2026-10-21,,LIVE NATION MUSIC,1475655.72,315848.47,75081.67,1,0,15,10,0,1,US,Theater
Forever,2026,2026-10-21,,LIVE NATION MUSIC,70329.51,0.0,0.0,0,1,0,0,0,0,US,Arena
Morrissey,2026,2026-10-21,,LIVE NATION MUSIC,8361407.86,1017799.69,2240888.39,6,44,99,19,0,9,US,Theater
Tedeschi Trucks Band,2026,2026-10-21,,LIVE NATION MUSIC,5978304.630000001,9551174.93,7870383.93,98,7,225,24,2,8,US,Theater
Boy Harsher,2026,2026-10-21,,LIVE NATION MUSIC,0.0,0.0,0.0,0,0,1,14,0,1,US,Club
Sleeping With Sirens,2026,2026-10-21,,FRANK PRODUCTIONS,0.0,350306.75,319502.92,0,1,30,104,0,5,US,Club
Marilyn Manson,2026,2026-10-21,,LIVE NATION MUSIC,8245313.02,117608.0,0.0,3,22,29,41,0,2,US,Club
Vince Staples,2026,2026-10-21,,LIVE NATION MUSIC,0.0,253029.0,0.0,0,0,7,36,0,0,US,Arena
Taste,2026,2026-10-21,,LIVE NATION MUSIC,0.0,0.0,0.0,0,0,1,1,0,0,US,Arena
Dope Lemon,2026,2026-10-21,,LIVE NATION MUSIC,655113.35,0.0,371359.73,0,0,7,35,0,1,US,Theater
Marilyn Manson,2026,2026-10-21,,LIVE NATION MUSIC,8245313.02,117608.0,0.0,3,22,29,41,0,2,US,Club
The Phil Collins Story,2026,2026-10-21,,LIVE NATION MUSIC,0.0,0.0,0.0,0,0,14,1,0,1,US,Theater
Moenia,2026,2026-10-21,,LIVE NATION MUSIC,755367.0800000001,887876.74,585685.95,1,3,21,5,1,1,US,Theater
Joy Oladokun,2026,2026-10-21,,LIVE NATION MUSIC,221534.01,52154.13,111946.52,1,0,2,21,0,1,US,Club
Pete &amp; Bas,2026,2026-10-21,,LIVE NATION MUSIC,19756.22,54277.37,0.0,0,0,0,7,0,0,US,Club
Cameron Whitcomb,2026,2026-10-21,,LIVE NATION MUSIC,169356.41999999998,20541.0,0.0,0,0,5,16,0,0,US,Theater
SUGAR,2026,2026-10-21,,LIVE NATION MUSIC,0.0,0.0,0.0,0,0,1,1,0,0,US,Club
Deltron 3030,2026,2026-10-21,,HOUSE OF BLUES CONCERTS (HOB),1276518.37,0.0,0.0,0,0,9,37,0,2,US,Club
KNOX,2026,2026-10-21,,LIVE NATION MUSIC,60461.53,18594.0,0.0,0,0,0,9,0,0,US,Club
Emei,2026,2026-10-21,,LIVE NATION MUSIC,147261.76,63873.5,0.0,0,0,0,17,0,1,US,Theater
Chelsea Wolfe,2026,2026-10-21,,LIVE NATION MUSIC,97294.63,261345.05,0.0,0,0,2,49,0,0,US,Club
Rawayana,2026,2026-10-21,,LIVE NATION MUSIC,0.0,1859072.56,268722.57,0,16,7,9,1,1,US,Arena
New Constellations,2026,2026-10-21,,LIVE NATION MUSIC,21655.48,0.0,0.0,0,0,1,4,0,0,US,Club
Chandler,2026,2026-10-21,,LIVE NATION MUSIC,8755.0,4601.0,0.0,0,0,1,7,0,0,US,Club
"Mic Crenshaw, Special Guests",2026,2026-10-21,,LIVE NATION MUSIC,0.0,0.0,0.0,0,0,0,1,0,0,US,Theater
Jenna Raine,2026,2026-10-21,,LIVE NATION MUSIC,0.0,0.0,0.0,0,0,0,1,0,0,US,Club
Hovvdy,2026,2026-10-21,,LIVE NATION MUSIC,21376.0,7625.83,0.0,0,0,0,9,0,0,US,Club
Aaron Lee Tasjan,2026,2026-10-21,,LIVE NATION TENNESSEE,7506.0,0.0,0.0,0,0,0,14,0,0,US,Club
CupcakKe,2026,2026-10-21,,HOUSE OF BLUES CONCERTS (HOB),101640.0,185280.07,588884.75,1,0,9,89,0,0,US,Club
Post Sex Nachos,2026,2026-10-21,,LIVE NATION MUSIC,53487.95,31918.0,18093.0,0,0,1,20,0,1,US,Club
T.3,2026,2026-10-21,,LIVE NATION MUSIC,2859.0,17899.19,19283.0,0,0,1,11,0,0,US,Theater
Sons of Legion,2026,2026-10-21,,LIVE NATION MUSIC,0.0,0.0,0.0,0,0,12,29,0,0,US,Theater
Alana Springsteen,2026,2026-10-21,,FRANK PRODUCTIONS,0.0,52860.5,44910.24,0,0,2,12,0,1,US,Club
Pup,2026,2026-10-21,,LIVE NATION MUSIC,324332.86,0.0,102842.49,0,0,16,93,0,7,US,Club
Artikal Sound System,2026,2026-10-21,,HOUSE OF BLUES CONCERTS (HOB),4810.0,1350.0,0.0,0,0,0,3,0,0,US,Club
Karina Rykman,2026,2026-10-21,,LIVE NATION MUSIC,27436.5,39462.0,7786.0,0,0,0,16,0,0,US,Club
Pup,2026,2026-10-21,,LIVE NATION MUSIC,324332.86,0.0,102842.49,0,0,16,93,0,7,US,Club
Sons of Legion,2026,2026-10-21,,LIVE NATION MUSIC,0.0,0.0,0.0,0,0,12,29,0,0,US,Theater
Karina Rykman,2026,2026-10-21,,LIVE NATION MUSIC,27436.5,39462.0,7786.0,0,0,0,16,0,0,US,Club
Olivia Rodrigo,2026,2026-10-21,,EVENKO CO-PRO WITH LIVE NATION,23420107.2,169307085.8,0.0,0,68,10,2,5,1,International,Arena
Rebecca Black,2026,2026-10-21,,LIVE NATION CANADA (LN),182900.41,0.0,36513.32,0,0,1,12,0,1,International,Theater
Reuben And The Dark,2026,2026-10-21,,LIVE NATION CANADA (LN),0.0,0.0,1786.61,0,0,0,13,0,0,International,Theater
Holywatr,2026,2026-10-21,,LIVE NATION CANADA (LN),10133.0,0.0,0.0,0,0,0,3,0,0,International,Club
Isabel Van Gelder,2026,2026-10-21,,LIVE NATION CANADA (LN),0.0,0.0,0.0,0,0,0,1,0,0,International,Club
OZ,2026,2026-10-21,,LIVE NATION CANADA (LN),0.0,0.0,0.0,0,0,1,5,0,5,International,Theater
Thundercat,2026,2026-10-21,,LIVE NATION CANADA (LN),166095.0,81082.15,903432.94,2,0,14,40,0,2,International,Club
Bruno Mars,2026,2026-10-21,,LIVE NATION CANADA (LN),42422958.0,280515343.74,87980695.9,12,221,88,9,45,8,International,Arena
W.A.S.P.,2026,2026-10-21,,LIVE NATION CANADA (LN),1978037.07,334712.93,1072342.16,1,3,35,34,2,8,International,Theater
Paul Cauthen,2026,2026-10-21,,LIVE NATION CANADA (LN),253411.02,213372.0,435342.0,0,0,2,58,0,3,International,Club
Flow,2026,2026-10-21,,LIVE NATION CANADA (LN),406551.66,631195.89,0.0,0,0,4,13,0,0,International,Club
Evidence,2026,2026-10-21,,LIVE NATION MUSIC,0.0,0.0,0.0,0,0,0,5,0,0,International,Theater
Jim Witter,2026,2026-10-21,,LIVE NATION CANADA (LN),0.0,0.0,0.0,0,0,3,0,0,0,International,Theater
Owen Riegling,2026,2026-10-21,,LIVE NATION CANADA (LN),0.0,18187.81,0.0,0,0,1,1,0,0,International,Theater
Deaf Havana,2026,2026-10-21,,MCD PRODUCTIONS,154280.41,61848.19,65458.98,0,0,25,51,0,10,International,Club
Manic Street Preachers,2026,2026-10-21,,MCD PRODUCTIONS,1615139.12,964993.56,0.0,0,15,28,16,2,0,International,Theater
Allie X,2026,2026-10-21,,LIVE NATION MUSIC UK LTD,107624.0,79993.31,0.0,0,0,2,12,0,2,International,Club
Enter Shikari,2026,2026-10-21,,"LIVE NATION UK FOR ARTIST, TOUR, FESTIVAL AND PRESALE NEWS",143338.19,1397539.45,140032.41,0,10,33,119,0,8,International,Club
Courtney Barnett,2026,2026-10-21,,LIVE NATION MUSIC UK LTD,0.0,0.0,54000.0,0,0,26,52,0,2,International,Club
Aim,2026,2026-10-21,,"LIVE NATION UK FOR ARTIST, TOUR, FESTIVAL AND PRESALE NEWS",0.0,0.0,0.0,0,0,1,0,0,0,International,Theater
Tom &amp; Collins,2026,2026-10-21,,DF CONCERTS,1970.0,0.0,0.0,0,0,0,1,0,0,International,Club
Def Leppard,2026,2026-10-21,,OCESA,5540546.04,3144981.0,0.0,74,123,18,5,1,0,International,Arena
Slayer,2026,2026-10-21,,OCESA,0.0,0.0,0.0,25,51,28,22,2,4,International,Arena
Bunbury,2026,2026-10-21,,OCESA,10097962.63,6664348.7700000005,489408.32,4,21,41,9,14,8,International,Theater
La Casetera,2026,2026-10-21,,OCESA,540185.4400000001,414300.43,340479.91,0,3,3,1,0,0,International,Arena
Andreas Gabalier,2026,2026-10-21,,Live Nation GmbH,6533472.3,5036718.25,11601676.81,9,28,1,0,12,4,International,Arena
Band Of Horses,2026,2026-10-21,,Live Nation España S.A.U.,442717.38,387852.65,434352.0,8,3,62,67,0,5,International,Club
Jean-Michel Jarre,2026,2026-10-21,,Live Nation Venues Netherlands BV Afas Live,0.0,0.0,0.0,1,32,9,0,0,0,International,Arena
Lady,2026,2026-10-21,,Live Nation sp. z o.o.,0.0,0.0,0.0,0,0,0,1,0,0,International,Club
Edward &amp; Graham,2026,2026-10-21,,Live Nation sp. z o.o.,0.0,0.0,0.0,0,0,0,1,0,0,International,Club
Young Thug,2026,2026-10-21,,Live Nation sp. z o.o.,874047.0,0.0,0.0,1,5,10,18,0,0,International,Arena
Little Big Town,2026,2026-10-22,,LIVE NATION MUSIC,2309214.5,13004819.31,2846985.5,23,68,94,16,1,12,US,Arena
Beck,2026,2026-10-22,,LIVE NATION MUSIC,1461640.71,626608.75,4873011.17,24,9,29,9,0,4,US,Theater
Skillet,2026,2026-10-22,,LIVE NATION MUSIC,2557214.15,260542.96,1377748.06,6,30,44,67,1,14,US,Theater
Periphery,2026,2026-10-22,,LIVE NATION MUSIC,0.0,508193.42,0.0,0,0,21,57,0,3,US,Club
Hawthorne Heights,2026,2026-10-22,,LIVE NATION MUSIC,10175.0,356921.46,49305.0,2,0,4,55,0,5,US,Club
Wheeler Walker Jr.,2026,2026-10-22,,LIVE NATION MUSIC,0.0,131246.5,289839.0,0,0,4,27,0,0,US,Club
The Black Dahlia Murder,2026,2026-10-22,,LIVE NATION MUSIC,0.0,65614.66,163785.56,0,0,21,93,0,2,US,Club
R&amp;B Vibes Live,2026,2026-10-22,,LIVE NATION MUSIC,0.0,0.0,0.0,0,0,0,2,0,0,US,Club
Sanguisugabogg,2026,2026-10-22,,LIVE NATION MUSIC,0.0,87000.54000000001,4360.0,0,0,3,14,0,0,US,Club
Candlebox,2026,2026-10-22,,LIVE NATION MUSIC,0.0,15636.21,95486.8,1,0,20,59,0,5,US,Theater
Carly Pearce,2026,2026-10-22,,LIVE NATION MUSIC,939850.93,0.0,316634.33999999997,1,0,20,8,0,0,US,Theater
Yung Gravy,2026,2026-10-22,,LIVE NATION MUSIC,206906.93,654682.31,71100.12,0,2,7,36,0,1,US,Club
Enter,2026,2026-10-22,,LIVE NATION MUSIC,28761.16,0.0,0.0,0,0,0,1,0,0,US,Club
The Wrecks,2026,2026-10-22,,LIVE NATION MUSIC,97000.68,0.0,0.0,0,0,1,12,0,0,US,Theater
"Cradle Of Filth, DevilDriver",2026,2026-10-22,,LIVE NATION MUSIC,0.0,0.0,29384.5,0,0,0,2,0,0,US,Club
Sophie,2026,2026-10-22,,LIVE NATION MUSIC,0.0,0.0,0.0,0,0,0,3,0,0,US,Theater
EsDeeKid,2026,2026-10-22,,LIVE NATION MUSIC,0.0,0.0,0.0,0,0,0,1,0,0,US,Club
We Came As Romans,2026,2026-10-22,,LIVE NATION MUSIC,318395.35000000003,0.0,303879.17,0,0,43,141,1,9,US,Club
Jake Owen,2026,2026-10-22,,LIVE NATION MUSIC,461796.78,529503.0,133595.0,21,28,26,21,0,6,US,Arena
Clutch,2026,2026-10-22,,HOUSE OF BLUES CONCERTS (HOB),563483.87,483052.66,933623.86,4,1,39,168,0,7,US,Club
Beauty School Dropout,2026,2026-10-22,,LIVE NATION MUSIC,9831.2,0.0,5092.0,0,0,0,4,0,0,US,Theater
Lakeview,2026,2026-10-22,,LIVE NATION MUSIC,21715.0,2531.02,3539.0,0,0,0,14,0,0,US,Theater
November,2026,2026-10-22,,LIVE NATION MUSIC,0.0,0.0,0.0,0,0,2,0,0,0,US,Theater
Metallica,2026,2026-10-22,,LIVE NATION MUSIC,137107458.47,179373637.38,146435306.85,0,95,4,4,135,10,US,Stadium
Metallica,2026,2026-10-22,,LIVE NATION MUSIC,137107458.47,179373637.38,146435306.85,0,95,4,4,135,10,US,Stadium
Doja Cat,2026,2026-10-22,,LIVE NATION MUSIC,7384674.46,7298161.81,31988065.4,0,39,0,9,0,0,US,Arena
Rod Wave,2026,2026-10-22,,LIVE NATION MUSIC,21434081.53,44782080.52,58117202.64,1,85,1,0,0,0,US,Arena
KATSEYE,2026,2026-10-22,,LIVE NATION MUSIC,3772036.89,0.0,0.0,0,1,5,2,0,0,US,Arena
Jonas Brothers,2026,2026-10-22,,LIVE NATION MUSIC,81959444.45,30144554.31,109403725.33,84,205,28,1,31,5,US,Arena
Bryson Tiller,2026,2026-10-22,,LIVE NATION MUSIC,0.0,14396903.73,1952369.56,10,20,31,34,0,2,US,Arena
"""Les Nits de Barcelona"", Sting",2026,2026-10-22,,LIVE NATION MUSIC,0.0,0.0,0.0,0,0,0,0,0,1,US,Arena
Dan + Shay,2026,2026-10-22,,LIVE NATION MUSIC,0.0,23220519.09,2076160.61,32,54,33,41,1,8,US,Amphitheatre
KWN,2026,2026-10-22,,LIVE NATION MUSIC,25196.11,0.0,0.0,0,0,1,4,0,0,US,Club
Thomas Rhett,2026,2026-10-22,,LIVE NATION MUSIC,2922641.5,68902.93,20832639.72,28,108,4,13,3,2,US,Arena
Thomas Rhett,2026,2026-10-22,,LIVE NATION MUSIC,2922641.5,68902.93,20832639.72,28,108,4,13,3,2,US,Arena
fakemink,2026,2026-10-22,,LIVE NATION MUSIC,0.0,0.0,0.0,0,0,4,12,0,0,US,Club
America,2026,2026-10-22,,LIVE NATION MUSIC,4786730.81,4477164.55,1750231.2,5,8,180,41,0,14,US,Theater
Julia Jacklin,2026,2026-10-22,,LIVE NATION MUSIC,0.0,141592.86,327508.12,0,0,13,47,0,7,US,Club
Moenia,2026,2026-10-22,,LIVE NATION MUSIC,755367.0800000001,887876.74,585685.95,1,3,21,5,1,1,US,Amphitheatre
Rise Against,2026,2026-10-22,,LIVE NATION MUSIC,4277860.61,678554.91,194297.26,27,65,68,73,4,10,US,Theater
Young Miko,2026,2026-10-22,,LIVE NATION MUSIC,1819198.33,11120905.33,716909.22,7,8,21,5,0,2,US,Arena
AFI,2026,2026-10-22,,LIVE NATION MUSIC,557304.37,0.0,1032877.0,0,1,14,54,0,0,US,Theater
Steve Lacy,2026,2026-10-22,,LIVE NATION MUSIC,0.0,0.0,48400.0,1,2,2,7,0,0,US,Amphitheatre
Arcángel,2026,2026-10-22,,LIVE NATION MUSIC,0.0,5578759.22,9635530.99,2,31,6,0,4,1,US,Theater
Thee Sinseers,2026,2026-10-22,,LIVE NATION MUSIC,30027.5,63265.0,6350.0,1,0,0,12,0,0,US,Club
Marilyn Manson,2026,2026-10-22,,LIVE NATION MUSIC,8245313.02,117608.0,0.0,3,22,29,41,0,2,US,Club
The Smashing Pumpkins,2026,2026-10-22,,LIVE NATION MUSIC,1932119.81,4451112.17,12656219.06,29,91,42,26,1,5,US,Arena
Jon B,2026,2026-10-22,,HOUSE OF BLUES CONCERTS (HOB),149874.51,211838.95,181255.45,0,0,2,37,0,0,US,Club
Anthony Hamilton,2026,2026-10-22,,LIVE NATION MUSIC,1043475.4,1758670.5,1836533.23,8,10,65,8,0,2,US,Theater
King Crimson,2026,2026-10-22,,FRANK PRODUCTIONS,0.0,0.0,0.0,9,5,42,4,1,3,US,Theater
Alvaro,2026,2026-10-22,,LIVE NATION MUSIC,0.0,0.0,0.0,0,0,0,1,0,0,US,Theater
Dermot Kennedy,2026,2026-10-22,,LIVE NATION MUSIC,715573.15,0.0,19937522.59,6,39,56,61,10,4,US,Theater
almost monday,2026,2026-10-22,,LIVE NATION MUSIC,58670.4,0.0,2884.0,0,0,0,9,0,1,US,Club
UB40,2026,2026-10-22,,LIVE NATION MUSIC,1292055.05,5742450.69,2259277.81,10,34,54,23,0,4,US,Theater
"The Selecter, The Beat",2026,2026-10-22,,LIVE NATION MUSIC,0.0,0.0,0.0,0,0,1,5,0,0,US,Arena
Forever,2026,2026-10-22,,LIVE NATION MUSIC,70329.51,0.0,0.0,0,1,0,0,0,0,US,Arena
Scene Queen,2026,2026-10-22,,LIVE NATION MUSIC,65472.39,49049.0,0.0,0,0,0,8,0,3,US,Club
Vince Staples,2026,2026-10-22,,LIVE NATION MUSIC,0.0,253029.0,0.0,0,0,7,36,0,0,US,Amphitheatre
Solid,2026,2026-10-22,,LIVE NATION MUSIC,0.0,0.0,0.0,0,0,0,1,0,0,US,Club
She Wants Revenge,2026,2026-10-22,,LIVE NATION MUSIC,79720.0,0.0,7566.52,0,1,5,27,0,1,US,Club
Protomartyr,2026,2026-10-22,,LIVE NATION MUSIC,37547.06,16935.12,72312.29000000001,0,0,1,32,0,3,US,Theater
Running,2026,2026-10-22,,LIVE NATION MUSIC,0.0,0.0,0.0,0,0,0,1,0,0,US,Theater
Tou,2026,2026-10-22,,LIVE NATION MUSIC,0.0,348354.82999999996,0.0,0,0,0,1,0,1,US,Club
Red Leather,2026,2026-10-22,,LIVE NATION MUSIC,13722.57,5670.0,0.0,0,0,0,10,0,0,US,Club
Skilla Baby,2026,2026-10-22,,LIVE NATION MUSIC,0.0,32505.0,0.0,0,0,0,1,0,0,US,Theater
Phillip Phillips,2026,2026-10-22,,LIVE NATION MUSIC,0.0,24750.0,12050.0,1,7,22,21,0,5,US,Theater
Cortex,2026,2026-10-22,,LIVE NATION MUSIC,0.0,390204.07,0.0,0,0,1,9,0,0,US,Club
Post Sex Nachos,2026,2026-10-22,,LIVE NATION MUSIC,53487.95,31918.0,18093.0,0,0,1,20,0,1,US,Club
Schizophonics,2026,2026-10-22,,LIVE NATION MUSIC,0.0,0.0,0.0,0,0,0,1,0,0,US,Club
The Jungle Giants,2026,2026-10-22,,LIVE NATION MUSIC,104499.01,8084.78,434845.65,2,1,8,35,0,1,US,Club
Shawn James,2026,2026-10-22,,LIVE NATION MUSIC,21974.33,6803.0,56299.0,0,0,3,30,0,0,US,Theater
"""98.1 The Bull - Red, White &amp; Boom!"", Sam Hunt",2026,2026-10-22,,FRANK PRODUCTIONS,0.0,0.0,0.0,0,0,0,0,1,0,US,Stadium
BLÜ EYES,2026,2026-10-22,,LIVE NATION MUSIC,0.0,3956.0,13840.82,0,0,1,3,0,0,US,Club
Ceremony,2026,2026-10-22,,LIVE NATION MUSIC,0.0,0.0,0.0,0,0,2,25,0,1,US,Club
Phillip Phillips,2026,2026-10-22,,LIVE NATION MUSIC,0.0,24750.0,12050.0,1,7,22,21,0,5,US,Theater
Slow Magic,2026,2026-10-22,,HOUSE OF BLUES CONCERTS (HOB),0.0,1247.0,0.0,1,0,1,22,0,2,US,Club
City of the Sun,2026,2026-10-22,,LIVE NATION MUSIC,0.0,3220.0,714.0,0,0,2,22,0,0,US,Club
High Step Society,2026,2026-10-22,,LIVE NATION MUSIC,0.0,0.0,0.0,0,0,0,2,0,0,US,Club
gnash,2026,2026-10-22,,LIVE NATION MUSIC,0.0,0.0,0.0,0,0,0,21,0,0,US,Club
Chasing Abbey,2026,2026-10-22,,LIVE NATION TENNESSEE,0.0,53043.38,0.0,0,0,4,8,0,1,US,Club
Olivia Rodrigo,2026,2026-10-22,,EVENKO CO-PRO WITH LIVE NATION,23420107.2,169307085.8,0.0,0,68,10,2,5,1,International,Arena
Greg Freeman,2026,2026-10-22,,LIVE NATION CANADA (LN),7366.860000000001,0.0,0.0,0,0,0,4,0,0,International,Club
America,2026,2026-10-22,,LIVE NATION CANADA (LN),4786730.81,4477164.55,1750231.2,5,8,180,41,0,14,International,Theater
mike.,2026,2026-10-22,,LIVE NATION CANADA (LN),336763.0,2004588.88,0.0,3,0,4,4,0,3,International,Club
Nick &amp; Simon,2026,2026-10-22,,LIVE NATION CANADA (LN),0.0,0.0,0.0,0,2,2,0,0,0,International,Arena
Brit Floyd,2026,2026-10-22,,LIVE NATION CANADA (LN),5204793.88,3935393.5,2580115.85,22,89,375,28,0,9,International,Theater
W.A.S.P.,2026,2026-10-22,,LIVE NATION CANADA (LN),1978037.07,334712.93,1072342.16,1,3,35,34,2,8,International,Theater
Violet Grohl,2026,2026-10-22,,LIVE NATION CANADA (LN),0.0,0.0,0.0,0,0,0,1,0,0,International,Theater
Allison Russell,2026,2026-10-22,,LIVE NATION CANADA (LN),83000.15,59484.68,37732.0,0,0,4,8,0,0,International,Theater
Manic Street Preachers,2026,2026-10-22,,MCD PRODUCTIONS,1615139.12,964993.56,0.0,0,15,28,16,2,0,International,Theater
Fortunes,2026,2026-10-22,,MCD PRODUCTIONS,0.0,0.0,0.0,0,0,0,1,0,0,International,Club
"Trombone Shorty &amp; Orleans Avenue, St. Paul &amp; The Broken Bones",2026,2026-10-22,,MCD PRODUCTIONS,0.0,0.0,0.0,4,0,0,1,0,0,International,Amphitheatre
"Girls, Guns and Glory",2026,2026-10-22,,MCD PRODUCTIONS,0.0,0.0,0.0,0,0,7,7,0,0,International,Club
Stephen Wilson Jr.,2026,2026-10-22,,LIVE NATION MUSIC UK LTD,786854.57,66436.31,0.0,2,0,10,13,0,1,International,Club
The Rock Orchestra,2026,2026-10-22,,LIVE NATION (MUSIC) UK LTD (VENUES),14122307.13,748084.85,131796.0,0,12,145,9,1,10,International,Arena
Enter Shikari,2026,2026-10-22,,LIVE NATION MUSIC UK LTD,143338.19,1397539.45,140032.41,0,10,33,119,0,8,International,Club
GoldFord,2026,2026-10-22,,"LIVE NATION UK FOR ARTIST, TOUR, FESTIVAL AND PRESALE NEWS",12781.82,5615.0,0.0,0,0,1,9,0,0,International,Club
Cat &amp; Nat,2026,2026-10-22,,LIVE NATION MUSIC UK LTD,0.0,66301.0,124942.6,0,0,44,10,0,1,International,Theater
D-Block Europe,2026,2026-10-22,,"LIVE NATION UK FOR ARTIST, TOUR, FESTIVAL AND PRESALE NEWS",4791928.09,1208414.02,33771.25,0,9,2,2,0,0,International,Arena
"Hombres G, Los Enanitos Verdes",2026,2026-10-22,,OCESA,3449213.65,0.0,0.0,0,5,1,0,0,0,International,Arena
Jessie Ware,2026,2026-10-22,,OCESA,0.0,0.0,1453398.58,0,1,7,29,0,0,International,Club
The Vaccines,2026,2026-10-22,,OCESA,53096.53,526431.98,0.0,0,4,15,58,0,3,International,Club
Coco,2026,2026-10-22,,OCESA,9800.75,4004.47,0.0,0,0,0,4,0,0,International,Club
Bad Gyal,2026,2026-10-22,,OCESA,0.0,1369372.12,1613122.36,0,8,1,1,1,1,International,Arena
"The A, B, C &amp; D Of Boogie Woogie",2026,2026-10-22,,Live Nation,0.0,0.0,0.0,0,0,0,1,0,0,International,Club
Andreas Gabalier,2026,2026-10-22,,Live Nation GmbH,6533472.3,5036718.25,11601676.81,9,28,1,0,12,4,International,Arena
Europe,2026,2026-10-22,,Live Nation,105381.03,0.0,383950.78,0,2,8,2,3,2,International,Theater
Fontaines D.C.,2026,2026-10-22,,Live Nation España Red Path SL,4807350.649999999,6675047.71,284569.66,2,14,11,29,3,5,International,Arena
Band Of Horses,2026,2026-10-22,,Live Nation España S.A.U.,442717.38,387852.65,434352.0,8,3,62,67,0,5,International,Club
Matt Hansen,2026,2026-10-22,,Live Nation Sp. z o.o.,167808.59,12300.0,0.0,0,0,0,11,0,3,International,Club
Edward &amp; Graham,2026,2026-10-22,,LIVE NATION CZECH REPUBLIC s.r.o.,0.0,0.0,0.0,0,0,0,1,0,0,International,Club
Breaking Benjamin,2026,2026-10-23,,LIVE NATION MUSIC,14595872.13,3293577.11,1340194.0,52,42,34,40,2,3,US,Amphitheatre
Rush,2026,2026-10-23,,LIVE NATION MUSIC,0.0,0.0,0.0,40,118,1,0,2,8,US,Arena
Beck,2026,2026-10-23,,LIVE NATION MUSIC,1461640.71,626608.75,4873011.17,24,9,29,9,0,4,US,Theater
Five Finger Death Punch,2026,2026-10-23,,LIVE NATION MUSIC,485138.13,5167906.39,0.0,12,74,25,39,1,4,US,Arena
Sanguisugabogg,2026,2026-10-23,,LIVE NATION MUSIC,0.0,87000.54000000001,4360.0,0,0,3,14,0,0,US,Club
Yung Gravy,2026,2026-10-23,,HOUSE OF BLUES CONCERTS (HOB),206906.93,654682.31,71100.12,0,2,7,36,0,1,US,Club
Quadeca,2026,2026-10-23,,LIVE NATION MUSIC,127634.26,0.0,7186.0,0,0,3,8,0,0,US,Club
"nothing,nowhere.",2026,2026-10-23,,LIVE NATION MUSIC,14119.95,0.0,0.0,0,0,3,18,0,0,US,Club
The Light,2026,2026-10-23,,LIVE NATION MUSIC,0.0,0.0,0.0,0,0,1,0,0,0,US,Theater
Stayin' Alive: One Night of the Bee Gees,2026,2026-10-23,,EMPORIUM PRESENTS,426408.41,252820.95,192930.21,0,0,21,6,0,0,US,Theater
ROA,2026,2026-10-23,,LIVE NATION MUSIC,76190.94,0.0,0.0,0,1,4,3,0,0,US,Theater
Brigid Dawson,2026,2026-10-23,,LIVE NATION MUSIC,0.0,0.0,0.0,0,0,0,1,0,0,US,Club
BE:FIRST,2026,2026-10-23,,LIVE NATION MUSIC,8906756.09,11418716.73,0.0,0,4,0,0,4,0,US,Theater
The Story So Far,2026,2026-10-23,,LIVE NATION MUSIC,461364.5,311383.29,21725.0,0,0,10,57,1,5,US,Theater
The Hip Abduction,2026,2026-10-23,,FRANK PRODUCTIONS,234445.5,324658.0,117140.48,4,0,4,39,0,3,US,Theater
Cameron Whitcomb,2026,2026-10-23,,LIVE NATION MUSIC,169356.41999999998,20541.0,0.0,0,0,5,16,0,0,US,Amphitheatre
"Ris, John Urbano",2026,2026-10-23,,LIVE NATION MUSIC,0.0,0.0,0.0,0,0,0,1,0,0,US,Club
All Them Witches,2026,2026-10-23,,LIVE NATION MUSIC,475851.11,77303.9,380277.5,1,0,12,55,0,2,US,Theater
Wheeler Walker Jr.,2026,2026-10-23,,LIVE NATION MUSIC,0.0,131246.5,289839.0,0,0,4,27,0,0,US,Club
Assembly Of Dust,2026,2026-10-23,,LIVE NATION MUSIC,0.0,25415.0,0.0,0,0,0,21,0,0,US,Theater
Lauren Alaina,2026,2026-10-23,,HOUSE OF BLUES CONCERTS (HOB),60964.85,0.0,0.0,0,0,6,10,0,1,US,Club
Hawthorne Heights,2026,2026-10-23,,LIVE NATION MUSIC,10175.0,356921.46,49305.0,2,0,4,55,0,5,US,Club
Scene Queen,2026,2026-10-23,,LIVE NATION MUSIC,65472.39,49049.0,0.0,0,0,0,8,0,3,US,Club
Arthur,2026,2026-10-23,,LIVE NATION MUSIC,0.0,0.0,0.0,0,1,0,1,0,0,US,Arena
Running,2026,2026-10-23,,LIVE NATION MUSIC,0.0,0.0,0.0,0,0,0,1,0,0,US,Club
Foreigner,2026,2026-10-23,,HOUSE OF BLUES CONCERTS (HOB),5067500.140000001,11875665.37,25312945.81,108,80,179,18,2,34,US,Theater
Earlybirds Club,2026,2026-10-23,,LIVE NATION MUSIC,18020.0,0.0,0.0,0,0,1,15,0,0,US,Theater
Judah &amp; The Lion,2026,2026-10-23,,LIVE NATION MUSIC,74475.0,108536.7,156098.0,1,0,33,100,0,3,US,Club
Judah &amp; The Lion,2026,2026-10-23,,LIVE NATION MUSIC,74475.0,108536.7,156098.0,1,0,33,100,0,3,US,Club
Turnpike Troubadours,2026,2026-10-23,,LIVE NATION MUSIC,2346574.06,4318554.92,3521142.51,29,12,42,108,4,12,US,Theater
Turnpike Troubadours,2026,2026-10-23,,LIVE NATION MUSIC,2346574.06,4318554.92,3521142.51,29,12,42,108,4,12,US,Theater
"And The Kids, The Harmaleighs",2026,2026-10-23,,LIVE NATION MUSIC,0.0,0.0,0.0,0,0,1,0,0,0,US,Theater
Rehash,2026,2026-10-23,,LIVE NATION MUSIC,0.0,0.0,0.0,0,0,1,0,0,0,US,Theater
PeelingFlesh,2026,2026-10-23,,HOUSE OF BLUES CONCERTS (HOB),0.0,10542.0,0.0,0,0,0,3,0,0,US,Club
We Came As Romans,2026,2026-10-23,,LIVE NATION MUSIC,318395.35000000003,0.0,303879.17,0,0,43,141,1,9,US,Theater
Jay,2026,2026-10-23,,LIVE NATION MUSIC,0.0,0.0,0.0,0,0,1,0,0,0,US,Stadium
Harry Styles,2026,2026-10-23,,LIVE NATION MUSIC,0.0,0.0,252490036.3,1,117,15,2,33,5,US,Arena
Rod Wave,2026,2026-10-23,,LIVE NATION MUSIC,21434081.53,44782080.52,58117202.64,1,85,1,0,0,0,US,Arena
Arcángel,2026,2026-10-23,,LIVE NATION MUSIC,0.0,5578759.22,9635530.99,2,31,6,0,4,1,US,Arena
Gorillaz,2026,2026-10-23,,LIVE NATION MUSIC,2844527.25,0.0,5075.0,8,77,15,1,3,1,US,Arena
Fuerza Regida,2026,2026-10-23,,LIVE NATION MUSIC,12582339.4,61688406.68,40356839.51,6,68,5,0,14,0,US,Arena
Tedeschi Trucks Band,2026,2026-10-23,,LIVE NATION MUSIC,5978304.630000001,9551174.93,7870383.93,98,7,225,24,2,8,US,Theater
"""Les Nits de Barcelona"", Sting",2026,2026-10-23,,LIVE NATION MUSIC,0.0,0.0,0.0,0,0,0,0,0,1,US,Arena
Charli xcx,2026,2026-10-23,,LIVE NATION MUSIC,18148835.74,3165588.7,198001.15,0,9,13,43,1,0,US,Arena
Lil Wayne,2026,2026-10-23,,LIVE NATION MUSIC,14623973.69,7295726.66,6308307.5,12,96,7,4,0,2,US,Arena
Charli xcx,2026,2026-10-23,,LIVE NATION MUSIC,18148835.74,3165588.7,198001.15,0,9,13,43,1,0,US,Arena
Thomas Rhett,2026,2026-10-23,,LIVE NATION MUSIC,2922641.5,68902.93,20832639.72,28,108,4,13,3,2,US,Amphitheatre
Jesse Welles,2026,2026-10-23,,LIVE NATION MUSIC,208646.39,0.0,0.0,1,0,4,14,0,0,US,Club
Godsmack,2026,2026-10-23,,LIVE NATION MUSIC,3204398.91,9813515.82,4972649.24,11,71,49,13,0,5,US,Arena
Two Friends,2026,2026-10-23,,LIVE NATION MUSIC,1519122.6,2266046.77,601149.51,3,2,7,26,0,1,US,Club
Eliza,2026,2026-10-23,,LIVE NATION MUSIC,0.0,0.0,3339.85,0,0,0,1,0,0,US,Theater
"Earth, Wind &amp; Fire",2026,2026-10-23,,LIVE NATION MUSIC,11282927.15,1131593.0,1437255.0,68,42,129,11,3,20,US,Theater
Saosin,2026,2026-10-23,,LIVE NATION MUSIC,0.0,43142.5,30500.0,0,0,3,12,0,0,US,Club
Julio Preciado,2026,2026-10-23,,LIVE NATION MUSIC,217165.71,0.0,0.0,0,0,3,0,0,0,US,Theater
Autumn,2026,2026-10-23,,LIVE NATION MUSIC,0.0,0.0,0.0,0,0,0,1,0,0,US,Club
Bronco,2026,2026-10-23,,LIVE NATION MUSIC,3757720.01,4199895.61,3332189.0300000003,2,27,36,12,0,14,US,Theater
The Gathering,2026,2026-10-23,,LIVE NATION MUSIC,0.0,0.0,0.0,0,0,2,0,0,0,US,Arena
Steve Lacy,2026,2026-10-23,,LIVE NATION MUSIC,0.0,0.0,48400.0,1,2,2,7,0,0,US,Amphitheatre
horse,2026,2026-10-23,,LIVE NATION MUSIC,23284.03,9332.88,29271.75,0,0,1,1,0,3,US,Other
Menudo,2026,2026-10-23,,LIVE NATION MUSIC,0.0,0.0,0.0,0,0,6,0,0,0,US,Theater
The Gathering,2026,2026-10-23,,LIVE NATION MUSIC,0.0,0.0,0.0,0,0,2,0,0,0,US,Arena
Alvaro,2026,2026-10-23,,LIVE NATION MUSIC,0.0,0.0,0.0,0,0,0,1,0,0,US,Club
Cavetown,2026,2026-10-23,,LIVE NATION MUSIC,0.0,444645.86,1226221.94,2,1,17,39,0,6,US,Club
Three Days Grace,2026,2026-10-23,,LIVE NATION MUSIC,2587583.58,0.0,514555.96,4,55,36,61,0,8,US,Arena
Shpongle,2026,2026-10-23,,LIVE NATION MUSIC,508493.6,0.0,0.0,2,1,22,75,0,2,US,Theater
"""HalLUDOween"", Ludo",2026,2026-10-23,,LIVE NATION MUSIC,0.0,0.0,0.0,0,0,1,0,0,0,US,Theater
almost monday,2026,2026-10-23,,LIVE NATION MUSIC,58670.4,0.0,2884.0,0,0,0,9,0,1,US,Club
Shpongle,2026,2026-10-23,,LIVE NATION MUSIC,508493.6,0.0,0.0,2,1,22,75,0,2,US,Theater
JPEGMafia,2026,2026-10-23,,LIVE NATION MUSIC,557173.07,1250847.08,390783.87,1,0,19,57,0,1,US,Club
Rise Against,2026,2026-10-23,,LIVE NATION MUSIC,4277860.61,678554.91,194297.26,27,65,68,73,4,10,US,Club
Shaboozey,2026,2026-10-23,,LIVE NATION MUSIC,1427197.18,60000.0,0.0,0,1,4,9,0,1,US,Club
glaive,2026,2026-10-23,,LIVE NATION MUSIC,87140.09,0.0,70042.53,0,0,4,26,0,1,US,Club
Skillet,2026,2026-10-23,,LIVE NATION MUSIC,2557214.15,260542.96,1377748.06,6,30,44,67,1,14,US,Club
Rawayana,2026,2026-10-23,,LIVE NATION MUSIC,0.0,1859072.56,268722.57,0,16,7,9,1,1,US,Amphitheatre
Everclear,2026,2026-10-23,,LIVE NATION MUSIC,566686.26,424897.62,173224.27,2,3,26,60,1,11,US,Club
Rebecca Black,2026,2026-10-23,,LIVE NATION MUSIC,182900.41,0.0,36513.32,0,0,1,12,0,1,US,Club
Vince Staples,2026,2026-10-23,,LIVE NATION MUSIC,0.0,253029.0,0.0,0,0,7,36,0,0,US,Club
Femme Fatale,2026,2026-10-23,,LIVE NATION MUSIC,0.0,0.0,0.0,0,0,0,1,0,0,US,Arena
Dogstar,2026,2026-10-23,,LIVE NATION MUSIC,87643.0,668636.35,244581.85,0,2,11,9,0,5,US,Theater
Moenia,2026,2026-10-23,,LIVE NATION MUSIC,755367.0800000001,887876.74,585685.95,1,3,21,5,1,1,US,Arena
ALLEYCVT,2026,2026-10-23,,FRANK PRODUCTIONS,329749.54000000004,89807.61,13471.0,1,0,1,11,0,1,US,Club
Skeleton Crewe,2026,2026-10-23,,LIVE NATION MUSIC,0.0,0.0,0.0,0,0,0,2,0,0,US,Theater
"Prof, Yelawolf, That Mexican Ot",2026,2026-10-23,,LIVE NATION MUSIC,0.0,0.0,0.0,0,0,0,1,0,0,US,Theater
ARTMS,2026,2026-10-23,,HOUSE OF BLUES CONCERTS (HOB),369351.4,1396931.49,0.0,0,0,16,3,0,0,US,Theater
Iron Maiden,2026,2026-10-23,,LIVE NATION MUSIC,101820128.39,66715059.9,43129700.35,63,249,3,2,90,7,US,Arena
Catch Your Breath,2026,2026-10-23,,LIVE NATION MUSIC,10444.0,0.0,0.0,0,0,0,6,0,0,US,Theater
Thriller,2026,2026-10-23,,LIVE NATION MUSIC,0.0,0.0,0.0,0,1,0,0,0,0,US,Arena
The Aquabats,2026,2026-10-23,,LIVE NATION MUSIC,41516.11,55590.0,70380.0,0,0,2,32,0,0,US,Club
Chase &amp; Status,2026,2026-10-23,,LIVE NATION MUSIC,5812704.180000001,1281856.26,35822.04,3,14,7,12,1,1,US,Arena
Black Jacket Symphony,2026,2026-10-23,,EMPORIUM PRESENTS,766104.4,782504.15,627644.4,0,0,136,38,0,1,US,Theater
Machine Girl,2026,2026-10-23,,LIVE NATION MUSIC,245123.68,616185.04,0.0,0,0,6,36,0,0,US,Club
The Phil Collins Story,2026,2026-10-23,,LIVE NATION MUSIC,0.0,0.0,0.0,0,0,14,1,0,1,US,Theater
Jon B,2026,2026-10-23,,HOUSE OF BLUES CONCERTS (HOB),149874.51,211838.95,181255.45,0,0,2,37,0,0,US,Club
Forever,2026,2026-10-23,,LIVE NATION MUSIC,70329.51,0.0,0.0,0,1,0,0,0,0,US,Arena
Amble,2026,2026-10-23,,LIVE NATION MUSIC,4723469.38,406488.11,0.0,0,5,9,43,2,5,US,Club
"Halloween, Alaska",2026,2026-10-23,,LIVE NATION MUSIC,0.0,0.0,0.0,0,0,0,5,0,0,US,Theater
"""Rock, Reggae &amp; Relief""",2026,2026-10-23,,LIVE NATION MUSIC,0.0,0.0,137000.0,0,0,0,0,0,1,US,Other
"Melissa Etheridge, Wynonna Judd",2026,2026-10-23,,LIVE NATION MUSIC,0.0,0.0,0.0,3,0,0,0,0,0,US,Theater
"Annika Wells, Rachel Bochner",2026,2026-10-23,,LIVE NATION MUSIC,0.0,0.0,0.0,0,0,0,1,0,0,US,Club
"Legendary Ladies of Country Music 'The 90's': Reba, Shania, Dolly",2026,2026-10-23,,LIVE NATION MUSIC,27660.0,0.0,0.0,0,0,1,0,0,0,US,Arena
Bingo Loco,2026,2026-10-23,,LIVE NATION MUSIC,518958.39,106119.48,0.0,0,0,1,77,0,0,US,Theater
Assembly Of Dust,2026,2026-10-23,,LIVE NATION MUSIC,0.0,25415.0,0.0,0,0,0,21,0,0,US,Theater
Fruit Bats,2026,2026-10-23,,FRANK PRODUCTIONS,0.0,160931.87,133000.0,0,0,2,51,0,1,US,Club
Dead Poet Society,2026,2026-10-23,,LIVE NATION MUSIC,0.0,95493.81,8199.75,0,0,0,18,0,1,US,Club
Tou,2026,2026-10-23,,LIVE NATION MUSIC,0.0,348354.82999999996,0.0,0,0,0,1,0,1,US,Club
Once &amp; Future Band,2026,2026-10-23,,LIVE NATION MUSIC,0.0,0.0,0.0,0,0,0,1,0,0,US,Theater
Evidence,2026,2026-10-23,,LIVE NATION MUSIC,0.0,0.0,0.0,0,0,0,5,0,0,US,Club
Richard Houghten,2026,2026-10-23,,LIVE NATION MUSIC,0.0,0.0,0.0,0,0,0,1,0,0,US,Theater
Michigander,2026,2026-10-23,,LIVE NATION TENNESSEE,21165.19,38024.0,16887.14,0,0,0,29,0,0,US,Club
Boy Harsher,2026,2026-10-23,,LIVE NATION MUSIC,0.0,0.0,0.0,0,0,1,14,0,1,US,Theater
Varsity,2026,2026-10-23,,LIVE NATION MUSIC,0.0,0.0,0.0,0,1,0,5,0,0,US,Theater
jigitz,2026,2026-10-23,,LIVE NATION MUSIC,23270.06,0.0,0.0,0,0,1,5,0,0,US,Theater
Riverside,2026,2026-10-23,,LIVE NATION MUSIC,0.0,9678.79,120593.9,0,0,5,10,0,1,US,Theater
City of the Sun,2026,2026-10-23,,LIVE NATION MUSIC,0.0,3220.0,714.0,0,0,2,22,0,0,US,Club
"The A, B, C &amp; D Of Boogie Woogie",2026,2026-10-23,,LIVE NATION MUSIC,0.0,0.0,0.0,0,0,0,1,0,0,US,Theater
Olivia Rodrigo,2026,2026-10-23,,LIVE NATION MUSIC,23420107.2,169307085.8,0.0,0,68,10,2,5,1,US,Arena
Post Sex Nachos,2026,2026-10-23,,HOUSE OF BLUES CONCERTS (HOB),53487.95,31918.0,18093.0,0,0,1,20,0,1,US,Club
Emmaline,2026,2026-10-23,,LIVE NATION MUSIC,17333.5,7520.0,15366.4,0,0,3,7,0,0,US,Club
DICE,2026,2026-10-23,,FRANK PRODUCTIONS,41239.44,3184.39,12274.39,0,0,0,9,0,0,US,Club
Smokey Robinson,2026,2026-10-23,,LIVE NATION MUSIC,1195087.89,1290018.0,1705509.54,13,5,75,7,0,8,US,Theater
Interstellar Overdrive,2026,2026-10-23,,FRANK PRODUCTIONS,0.0,0.0,0.0,0,1,0,4,0,0,US,Club
AZ,2026,2026-10-23,,LIVE NATION MUSIC,75395.0,0.0,0.0,0,0,0,6,0,0,US,Club
SLIFT,2026,2026-10-23,,LIVE NATION MUSIC,0.0,142707.13,6745.0,0,0,1,17,0,2,US,Theater
Wesley Joseph,2026,2026-10-23,,LIVE NATION MUSIC,0.0,0.0,0.0,0,0,0,1,0,0,US,Club
The Weight,2026,2026-10-23,,HOUSE OF BLUES CONCERTS (HOB),0.0,6092.0,0.0,0,0,0,2,0,0,US,Club
Fastball,2026,2026-10-23,,HOUSE OF BLUES CONCERTS (HOB),0.0,3430.0,0.0,0,0,1,11,0,1,US,Club
This Wild Life,2026,2026-10-23,,LIVE NATION MUSIC,9810.0,0.0,7079.0,0,0,2,15,0,2,US,Club
Cannibal Ox,2026,2026-10-23,,HOUSE OF BLUES CONCERTS (HOB),0.0,0.0,0.0,0,0,0,4,0,0,US,Club
Gasolina,2026,2026-10-23,,LIVE NATION MUSIC,0.0,62752.5,43876.0,0,0,1,7,0,0,US,Theater
Gasolina,2026,2026-10-23,,LIVE NATION MUSIC,0.0,62752.5,43876.0,0,0,1,7,0,0,US,Club
Benjamin Tod &amp; Lost Dog Street Band,2026,2026-10-23,,LIVE NATION MUSIC,0.0,179250.0,0.0,0,0,3,37,0,0,US,Club
Sunami,2026,2026-10-23,,LIVE NATION MUSIC,50001.29,20350.0,0.0,0,0,1,4,0,0,US,Club
Dead &amp; Company,2026,2026-10-23,,FRANK PRODUCTIONS,113479784.99,131449779.68,88601911.0,91,53,1,0,30,1,US,Theater
Sunami,2026,2026-10-23,,LIVE NATION MUSIC,50001.29,20350.0,0.0,0,0,1,4,0,0,US,Club
Sigala,2026,2026-10-23,,LIVE NATION MUSIC,18003.25,417224.54,151118.44,0,0,8,12,1,1,US,Club
Skilla Baby,2026,2026-10-23,,LIVE NATION MUSIC,0.0,32505.0,0.0,0,0,0,1,0,0,US,Theater
Shawn James,2026,2026-10-23,,LIVE NATION MUSIC,21974.33,6803.0,56299.0,0,0,3,30,0,0,US,Club
gnash,2026,2026-10-23,,LIVE NATION MUSIC,0.0,0.0,0.0,0,0,0,21,0,0,US,Club
SiM,2026,2026-10-23,,LIVE NATION MUSIC,0.0,78357.29000000001,0.0,0,0,0,4,0,0,US,Theater
SiM,2026,2026-10-23,,LIVE NATION MUSIC,0.0,78357.29000000001,0.0,0,0,0,4,0,0,US,Theater
Shawn James,2026,2026-10-23,,LIVE NATION MUSIC,21974.33,6803.0,56299.0,0,0,3,30,0,0,US,Club
Benjamin Tod &amp; Lost Dog Street Band,2026,2026-10-23,,LIVE NATION MUSIC,0.0,179250.0,0.0,0,0,3,37,0,0,US,Club
"""98.1 The Bull - Red, White &amp; Boom!"", Sam Hunt",2026,2026-10-23,,LIVE NATION MUSIC,0.0,0.0,0.0,0,0,0,0,1,0,US,Stadium
Caleb Hearon,2026,2026-10-23,,LIVE NATION MUSIC,556325.0,11250.0,8750.0,0,0,3,6,0,0,US,Theater
John Summit,2026,2026-10-23,,EVENKO CO-PRO WITH LIVE NATION,1618895.52,6378033.54,2121909.0,1,6,4,6,1,1,International,Arena
mike.,2026,2026-10-23,,LIVE NATION CANADA (LN),336763.0,2004588.88,0.0,3,0,4,4,0,3,International,Club
Bingo Loco,2026,2026-10-23,,LIVE NATION CANADA (LN),518958.39,106119.48,0.0,0,0,1,77,0,0,International,Theater
W.A.S.P.,2026,2026-10-23,,LIVE NATION CANADA (LN),1978037.07,334712.93,1072342.16,1,3,35,34,2,8,International,Theater
"Begonia, Sumer",2026,2026-10-23,,LIVE NATION CANADA (LN),0.0,0.0,1091.5,0,0,0,1,0,0,International,Club
Lo &amp; Leduc,2026,2026-10-23,,LIVE NATION CANADA (LN),0.0,0.0,0.0,0,0,0,1,2,0,International,Theater
Herb Alpert &amp; The Tijuana Brass,2026,2026-10-23,,LIVE NATION MUSIC,520286.0,0.0,0.0,0,0,11,0,0,0,International,Arena
Digable Planets,2026,2026-10-23,,LIVE NATION CANADA (LN),64122.5,708161.97,99529.5,2,0,9,41,0,0,International,Club
Young Franco,2026,2026-10-23,,LIVE NATION CANADA (LN),11101.67,8981.44,0.0,0,0,3,8,0,2,International,Club
Allie X,2026,2026-10-23,,MCD PRODUCTIONS,107624.0,79993.31,0.0,0,0,2,12,0,2,International,Theater
Schur,2026,2026-10-23,,MCD PRODUCTIONS,0.0,0.0,0.0,1,0,2,13,0,1,International,Club
Leisure,2026,2026-10-23,,MCD PRODUCTIONS,202402.5,8607.0,49153.0,0,1,1,12,0,0,International,Club
Ezhel,2026,2026-10-23,,MCD PRODUCTIONS,142339.76,0.0,0.0,0,0,2,0,0,0,International,Theater
Stephen Wilson Jr.,2026,2026-10-23,,LIVE NATION MUSIC UK LTD,786854.57,66436.31,0.0,2,0,10,13,0,1,International,Club
Brandon Flowers,2026,2026-10-23,,DF CONCERTS,0.0,0.0,0.0,0,0,11,30,0,0,International,Theater
The Proclaimers,2026,2026-10-23,,LIVE NATION (MUSIC) UK LTD (VENUES),0.0,0.0,1391350.8,0,5,27,9,1,13,International,Theater
Lucia &amp; The Best Boys,2026,2026-10-23,,DF CONCERTS,19628.76,0.0,17622.96,0,0,0,5,0,0,International,Club
Tom &amp; Collins,2026,2026-10-23,,"LIVE NATION UK FOR ARTIST, TOUR, FESTIVAL AND PRESALE NEWS",1970.0,0.0,0.0,0,0,0,1,0,0,International,Club
"Avenged Sevenfold, Good Charlotte",2026,2026-10-23,,LIVE NATION AUSTRALIA,0.0,0.0,0.0,13,3,0,0,0,0,International,Arena
Jessie Ware,2026,2026-10-23,,OCESA,0.0,0.0,1453398.58,0,1,7,29,0,0,International,Club
Belako,2026,2026-10-23,,OCESA,1129.48,0.0,0.0,0,0,0,1,0,0,International,Club
Bunbury,2026,2026-10-23,,OCESA,10097962.63,6664348.7700000005,489408.32,4,21,41,9,14,8,International,Theater
Fobia,2026,2026-10-23,,OCESA,0.0,0.0,0.0,0,3,11,9,0,1,International,Arena
Bad Gyal,2026,2026-10-23,,OCESA,0.0,1369372.12,1613122.36,0,8,1,1,1,1,International,Arena
Alizzz,2026,2026-10-23,,OCESA,0.0,0.0,41462.51,0,0,0,2,0,0,International,Club
R&amp;B Vibes Live,2026,2026-10-23,,OCESA,0.0,0.0,0.0,0,0,0,2,0,0,International,Club
Deep Purple,2026,2026-10-23,,Live Nation,0.0,6464659.54,1709824.57,10,77,41,4,5,16,International,Arena
Deep Purple,2026,2026-10-23,,Live Nation,0.0,6464659.54,1709824.57,10,77,41,4,5,16,International,Arena
Scream,2026,2026-10-23,,Live Nation Sp. z o.o.,0.0,0.0,0.0,0,0,0,1,0,0,International,Club
Cobrah,2026,2026-10-23,,LIVE NATION CZECH REPUBLIC s.r.o.,0.0,62851.1,0.0,0,0,0,5,0,0,International,Club
"Chris Brown, Usher",2026,2026-10-24,,LIVE NATION MUSIC,0.0,0.0,0.0,0,0,0,0,18,0,US,Stadium
RL,2026,2026-10-24,,LIVE NATION MUSIC,0.0,0.0,0.0,0,0,0,1,0,0,US,Club
Little Big Town,2026,2026-10-24,,LIVE NATION MUSIC,2309214.5,13004819.31,2846985.5,23,68,94,16,1,12,US,Theater
Breaking Benjamin,2026,2026-10-24,,LIVE NATION MUSIC,14595872.13,3293577.11,1340194.0,52,42,34,40,2,3,US,Amphitheatre
Tinashe,2026,2026-10-24,,LIVE NATION MUSIC,400288.01,528727.5,0.0,1,0,7,24,0,2,US,Club
Babyface,2026,2026-10-24,,LIVE NATION MUSIC,507673.76,960842.69,1226998.5,3,2,28,10,0,9,US,Amphitheatre
Lenny Pearce,2026,2026-10-24,,LIVE NATION MUSIC,1149576.75,11247.35,0.0,1,0,32,23,0,2,US,Theater
Turnpike Troubadours,2026,2026-10-24,,LIVE NATION MUSIC,2346574.06,4318554.92,3521142.51,29,12,42,108,4,12,US,Amphitheatre
Periphery,2026,2026-10-24,,LIVE NATION MUSIC,0.0,508193.42,0.0,0,0,21,57,0,3,US,Club
The Spill Canvas,2026,2026-10-24,,LIVE NATION MUSIC,0.0,82594.0,7060.0,0,0,4,64,0,0,US,Club
Brigid Dawson,2026,2026-10-24,,LIVE NATION MUSIC,0.0,0.0,0.0,0,0,0,1,0,0,US,Club
Sleeping With Sirens,2026,2026-10-24,,LIVE NATION MUSIC,0.0,350306.75,319502.92,0,1,30,104,0,5,US,Club
JPEGMafia,2026,2026-10-24,,LIVE NATION MUSIC,557173.07,1250847.08,390783.87,1,0,19,57,0,1,US,Club
Delta Rae,2026,2026-10-24,,LIVE NATION MUSIC,0.0,0.0,35412.0,1,0,17,84,0,0,US,Club
The Wrecks,2026,2026-10-24,,LIVE NATION MUSIC,97000.68,0.0,0.0,0,0,1,12,0,0,US,Club
The Light,2026,2026-10-24,,LIVE NATION MUSIC,0.0,0.0,0.0,0,0,1,0,0,0,US,Theater
Heart,2026,2026-10-24,,LIVE NATION MUSIC,31115225.93,9447900.91,2435268.5,80,108,128,17,0,46,US,Theater
Candlebox,2026,2026-10-24,,HOUSE OF BLUES CONCERTS (HOB),0.0,15636.21,95486.8,1,0,20,59,0,5,US,Club
The Brook &amp; The Bluff,2026,2026-10-24,,LIVE NATION MUSIC,13195.0,54224.59,250521.71,0,0,7,36,0,1,US,Club
America,2026,2026-10-24,,LIVE NATION MUSIC,4786730.81,4477164.55,1750231.2,5,8,180,41,0,14,US,Theater
"Ris, John Urbano",2026,2026-10-24,,LIVE NATION MUSIC,0.0,0.0,0.0,0,0,0,1,0,0,US,Club
"And The Kids, The Harmaleighs",2026,2026-10-24,,LIVE NATION MUSIC,0.0,0.0,0.0,0,0,1,0,0,0,US,Club
Assembly Of Dust,2026,2026-10-24,,LIVE NATION MUSIC,0.0,25415.0,0.0,0,0,0,21,0,0,US,Theater
Scene Queen,2026,2026-10-24,,LIVE NATION MUSIC,65472.39,49049.0,0.0,0,0,0,8,0,3,US,Club
Phillip Phillips,2026,2026-10-24,,LIVE NATION MUSIC,0.0,24750.0,12050.0,1,7,22,21,0,5,US,Theater
"The A, B, C &amp; D Of Boogie Woogie",2026,2026-10-24,,LIVE NATION MUSIC,0.0,0.0,0.0,0,0,0,1,0,0,US,Theater
Soccer Mommy,2026,2026-10-24,,LIVE NATION MUSIC,257014.8,4765.9,92616.97,0,0,7,45,0,1,US,Amphitheatre
Turnpike Troubadours,2026,2026-10-24,,LIVE NATION MUSIC,2346574.06,4318554.92,3521142.51,29,12,42,108,4,12,US,Amphitheatre
Phish,2026,2026-10-24,,LIVE NATION MUSIC,58851317.48,51805142.03,60505793.5,160,101,10,0,26,5,US,Theater
"The A, B, C &amp; D Of Boogie Woogie",2026,2026-10-24,,LIVE NATION MUSIC,0.0,0.0,0.0,0,0,0,1,0,0,US,Club
Alit,2026,2026-10-24,,LIVE NATION MUSIC,0.0,0.0,0.0,0,0,0,1,0,0,US,Club
Bingo Loco,2026,2026-10-24,,LIVE NATION - NO LN CONCERTS BRANDING,518958.39,106119.48,0.0,0,0,1,77,0,0,US,Club
Phillip Phillips,2026,2026-10-24,,LIVE NATION MUSIC,0.0,24750.0,12050.0,1,7,22,21,0,5,US,Theater
We Came As Romans,2026,2026-10-24,,HOUSE OF BLUES CONCERTS (HOB),318395.35000000003,0.0,303879.17,0,0,43,141,1,9,US,Club
Tou,2026,2026-10-24,,LIVE NATION MUSIC,0.0,348354.82999999996,0.0,0,0,0,1,0,1,US,Arena
Millington,2026,2026-10-24,,LIVE NATION MUSIC,3635.0,1205.0,0.0,0,0,0,5,0,3,US,Club
Steve Aoki,2026,2026-10-24,,LIVE NATION MUSIC,1015049.0,331427.0,851696.9,2,21,85,201,6,145,US,Club
"Mic Crenshaw, Special Guests",2026,2026-10-24,,LIVE NATION MUSIC,0.0,0.0,0.0,0,0,0,1,0,0,US,Club
Steve Aoki,2026,2026-10-24,,LIVE NATION MUSIC,1015049.0,331427.0,851696.9,2,21,85,201,6,145,US,Club
"Cradle Of Filth, DevilDriver",2026,2026-10-24,,LIVE NATION MUSIC,0.0,0.0,29384.5,0,0,0,2,0,0,US,Theater
"The A, B, C &amp; D Of Boogie Woogie",2026,2026-10-24,,LIVE NATION MUSIC,0.0,0.0,0.0,0,0,0,1,0,0,US,Theater
Jay,2026,2026-10-24,,LIVE NATION MUSIC,0.0,0.0,0.0,0,0,1,0,0,0,US,Stadium
Metallica,2026,2026-10-24,,LIVE NATION MUSIC,137107458.47,179373637.38,146435306.85,0,95,4,4,135,10,US,Stadium
Harry Styles,2026,2026-10-24,,LIVE NATION MUSIC,0.0,0.0,252490036.3,1,117,15,2,33,5,US,Arena
Gorillaz,2026,2026-10-24,,LIVE NATION MUSIC,2844527.25,0.0,5075.0,8,77,15,1,3,1,US,Arena
KATSEYE,2026,2026-10-24,,LIVE NATION MUSIC,3772036.89,0.0,0.0,0,1,5,2,0,0,US,Arena
The Gathering,2026,2026-10-24,,LIVE NATION MUSIC,0.0,0.0,0.0,0,0,2,0,0,0,US,Arena
Tedeschi Trucks Band,2026,2026-10-24,,LIVE NATION MUSIC,5978304.630000001,9551174.93,7870383.93,98,7,225,24,2,8,US,Theater
Fuerza Regida,2026,2026-10-24,,LIVE NATION MUSIC,12582339.4,61688406.68,40356839.51,6,68,5,0,14,0,US,Arena
The Smashing Pumpkins,2026,2026-10-24,,LIVE NATION MUSIC,1932119.81,4451112.17,12656219.06,29,91,42,26,1,5,US,Arena
Julio Preciado,2026,2026-10-24,,LIVE NATION MUSIC,217165.71,0.0,0.0,0,0,3,0,0,0,US,Arena
Bryson Tiller,2026,2026-10-24,,LIVE NATION MUSIC,0.0,14396903.73,1952369.56,10,20,31,34,0,2,US,Amphitheatre
Thomas Rhett,2026,2026-10-24,,LIVE NATION MUSIC,2922641.5,68902.93,20832639.72,28,108,4,13,3,2,US,Arena
Lil Wayne,2026,2026-10-24,,LIVE NATION MUSIC,14623973.69,7295726.66,6308307.5,12,96,7,4,0,2,US,Arena
Fuerza Regida,2026,2026-10-24,,LIVE NATION MUSIC,12582339.4,61688406.68,40356839.51,6,68,5,0,14,0,US,Arena
Malcolm Todd,2026,2026-10-24,,LIVE NATION MUSIC,207372.81,63535.0,0.0,0,0,5,8,0,0,US,Club
Femme Fatale,2026,2026-10-24,,LIVE NATION MUSIC,0.0,0.0,0.0,0,0,0,1,0,0,US,Theater
Arcángel,2026,2026-10-24,,LIVE NATION MUSIC,0.0,5578759.22,9635530.99,2,31,6,0,4,1,US,Arena
MONSTA X,2026,2026-10-24,,LIVE NATION MUSIC,0.0,0.0,0.0,0,6,19,2,0,0,US,Theater
Nite,2026,2026-10-24,,LIVE NATION MUSIC,0.0,0.0,0.0,0,0,0,1,0,0,US,Arena
Beabadoobee,2026,2026-10-24,,LIVE NATION MUSIC,801797.5,2506361.44,323192.05,1,2,23,27,0,1,US,Arena
Two Friends,2026,2026-10-24,,LIVE NATION MUSIC,1519122.6,2266046.77,601149.51,3,2,7,26,0,1,US,Club
Wheeler Walker Jr.,2026,2026-10-24,,LIVE NATION MUSIC,0.0,131246.5,289839.0,0,0,4,27,0,0,US,Arena
Demola,2026,2026-10-24,,LIVE NATION MUSIC,116962.8,159513.73,38705.0,0,0,2,30,0,0,US,Theater
"Earth, Wind &amp; Fire",2026,2026-10-24,,LIVE NATION MUSIC,11282927.15,1131593.0,1437255.0,68,42,129,11,3,20,US,Theater
Cavetown,2026,2026-10-24,,LIVE NATION MUSIC,0.0,444645.86,1226221.94,2,1,17,39,0,6,US,Club
Dan + Shay,2026,2026-10-24,,LIVE NATION MUSIC,0.0,23220519.09,2076160.61,32,54,33,41,1,8,US,Amphitheatre
The Aquabats,2026,2026-10-24,,LIVE NATION MUSIC,41516.11,55590.0,70380.0,0,0,2,32,0,0,US,Club
Casey Donahew,2026,2026-10-24,,LIVE NATION MUSIC,49468.5,37620.5,95248.0,4,0,5,63,0,0,US,Amphitheatre
EsDeeKid,2026,2026-10-24,,LIVE NATION MUSIC,0.0,0.0,0.0,0,0,0,1,0,0,US,Club
Shpongle,2026,2026-10-24,,LIVE NATION MUSIC,508493.6,0.0,0.0,2,1,22,75,0,2,US,Theater
"""HalLUDOween"", Ludo",2026,2026-10-24,,LIVE NATION MUSIC,0.0,0.0,0.0,0,0,1,0,0,0,US,Theater
Culture Wars,2026,2026-10-24,,LIVE NATION MUSIC,0.0,0.0,0.0,0,0,0,12,0,0,US,Club
Sammy Rae &amp; The Friends,2026,2026-10-24,,FRANK PRODUCTIONS,365473.19,765933.13,407010.69,0,0,11,33,0,1,US,Club
Forever,2026,2026-10-24,,LIVE NATION MUSIC,70329.51,0.0,0.0,0,1,0,0,0,0,US,Arena
"Prof, Yelawolf, That Mexican Ot",2026,2026-10-24,,HOUSE OF BLUES CONCERTS (HOB),0.0,0.0,0.0,0,0,0,1,0,0,US,Club
Thriller,2026,2026-10-24,,LIVE NATION MUSIC,0.0,0.0,0.0,0,1,0,0,0,0,US,Arena
"Trombone Shorty &amp; Orleans Avenue, St. Paul &amp; The Broken Bones",2026,2026-10-24,,LIVE NATION MUSIC,0.0,0.0,0.0,4,0,0,1,0,0,US,Theater
Rawayana,2026,2026-10-24,,LIVE NATION MUSIC,0.0,1859072.56,268722.57,0,16,7,9,1,1,US,Amphitheatre
Emei,2026,2026-10-24,,LIVE NATION MUSIC,147261.76,63873.5,0.0,0,0,0,17,0,1,US,Theater
"Kansas, 38 Special",2026,2026-10-24,,LIVE NATION MUSIC,1562870.23,0.0,0.0,5,1,0,0,0,0,US,Theater
Mariachi Los Camperos,2026,2026-10-24,,LIVE NATION MUSIC,27314.0,60514.0,145896.0,0,2,7,1,0,0,US,Arena
Kevin Gates,2026,2026-10-24,,LIVE NATION MUSIC,1336127.59,2110229.19,2154711.88,11,40,66,80,0,3,US,Club
Rawayana,2026,2026-10-24,,LIVE NATION MUSIC,0.0,1859072.56,268722.57,0,16,7,9,1,1,US,Amphitheatre
Oscar,2026,2026-10-24,,HOUSE OF BLUES CONCERTS (HOB),0.0,0.0,0.0,0,0,1,1,0,0,US,Club
Cameron Whitcomb,2026,2026-10-24,,LIVE NATION MUSIC,169356.41999999998,20541.0,0.0,0,0,5,16,0,0,US,Theater
This Is Lorelei,2026,2026-10-24,,LIVE NATION MUSIC,0.0,0.0,0.0,0,0,1,1,0,0,US,Theater
"A, Monkey Kong",2026,2026-10-24,,LIVE NATION MUSIC,0.0,0.0,0.0,0,0,0,1,0,0,US,Club
"""Past, Present, Future: A Dance Gala""",2026,2026-10-24,,LIVE NATION MUSIC,0.0,0.0,0.0,0,0,1,0,0,0,US,Theater
Buena Vista Orchestra,2026,2026-10-24,,LIVE NATION MUSIC,231487.7,0.0,0.0,0,0,2,1,0,0,US,Theater
Olivia Rodrigo,2026,2026-10-24,,LIVE NATION MUSIC,23420107.2,169307085.8,0.0,0,68,10,2,5,1,US,Arena
Dead Poet Society,2026,2026-10-24,,HOUSE OF BLUES CONCERTS (HOB),0.0,95493.81,8199.75,0,0,0,18,0,1,US,Club
10 Years,2026,2026-10-24,,LIVE NATION MUSIC,35281.43,47010.25,6775.0,0,0,11,90,0,3,US,Club
Electric Feel,2026,2026-10-24,,LIVE NATION MUSIC,0.0,0.0,0.0,0,0,0,5,0,0,US,Club
Amble,2026,2026-10-24,,LIVE NATION MUSIC,4723469.38,406488.11,0.0,0,5,9,43,2,5,US,Club
NOTD,2026,2026-10-24,,LIVE NATION MUSIC,35985.0,23830.0,99679.6,0,0,0,9,0,1,US,Club
Stephen Day,2026,2026-10-24,,LIVE NATION MUSIC,7947.0,0.0,0.0,0,0,0,11,0,0,US,Club
Michael &amp; Michelle,2026,2026-10-24,,LIVE NATION MUSIC,0.0,14070.3,0.0,0,0,1,2,0,0,US,Club
Blonde Otter,2026,2026-10-24,,LIVE NATION MUSIC,0.0,0.0,0.0,0,0,0,1,0,0,US,Club
Young Miko,2026,2026-10-24,,LIVE NATION MUSIC,1819198.33,11120905.33,716909.22,7,8,21,5,0,2,US,Arena
Catch Your Breath,2026,2026-10-24,,LIVE NATION MUSIC,10444.0,0.0,0.0,0,0,0,6,0,0,US,Club
Rebecca Black,2026,2026-10-24,,LIVE NATION MUSIC,182900.41,0.0,36513.32,0,0,1,12,0,1,US,Theater
"""98.1 The Bull - Red, White &amp; Boom!"", Sam Hunt",2026,2026-10-24,,LIVE NATION MUSIC,0.0,0.0,0.0,0,0,0,0,1,0,US,Stadium
"""SummerStage"", Two Door Cinema Club, Friends",2026,2026-10-24,,LIVE NATION MUSIC,0.0,0.0,0.0,1,0,0,0,0,0,US,Theater
"nothing,nowhere.",2026,2026-10-24,,LIVE NATION MUSIC,14119.95,0.0,0.0,0,0,3,18,0,0,US,Theater
Gasolina,2026,2026-10-24,,LIVE NATION MUSIC,0.0,62752.5,43876.0,0,0,1,7,0,0,US,Club
"Halloween, Alaska",2026,2026-10-24,,FRANK PRODUCTIONS,0.0,0.0,0.0,0,0,0,5,0,0,US,Club
Rocket From The Crypt,2026,2026-10-24,,LIVE NATION MUSIC,0.0,0.0,0.0,0,0,0,3,0,0,US,Club
glaive,2026,2026-10-24,,LIVE NATION MUSIC,87140.09,0.0,70042.53,0,0,4,26,0,1,US,Theater
RL,2026,2026-10-24,,FRANK PRODUCTIONS,0.0,0.0,0.0,0,0,0,1,0,0,US,Theater
Friko,2026,2026-10-24,,LIVE NATION MUSIC,73360.55,55101.68,0.0,0,0,1,27,0,0,US,Club
The Fab Four - The Ultimate Tribute,2026,2026-10-24,,LIVE NATION MUSIC,758572.55,1063618.43,664507.07,11,3,200,75,0,21,US,Arena
"Halloween, Alaska",2026,2026-10-24,,HOUSE OF BLUES CONCERTS (HOB),0.0,0.0,0.0,0,0,0,5,0,0,US,Club
The Dip,2026,2026-10-24,,LIVE NATION MUSIC,15366.0,215733.0,100141.0,0,0,4,33,0,0,US,Theater
Young Miko,2026,2026-10-24,,LIVE NATION MUSIC,1819198.33,11120905.33,716909.22,7,8,21,5,0,2,US,Arena
"Burn, Fast Fashion - The Depeche Mode Experience",2026,2026-10-24,,LIVE NATION MUSIC,0.0,0.0,0.0,0,0,0,1,0,0,US,Club
The Wldlfe,2026,2026-10-24,,LIVE NATION MUSIC,22849.6,107014.44,4184.0,0,0,0,21,0,1,US,Club
zzzahara,2026,2026-10-24,,LIVE NATION MUSIC,4805.82,502.5,0.0,0,0,0,5,0,0,US,Club
Taylor &amp; The Wild Now,2026,2026-10-24,,FRANK PRODUCTIONS,0.0,0.0,0.0,0,0,0,3,0,0,US,Club
Mia Asano,2026,2026-10-24,,HOUSE OF BLUES CONCERTS (HOB),0.0,0.0,0.0,0,0,0,2,0,0,US,Club
Eliza,2026,2026-10-24,,LIVE NATION MUSIC,0.0,0.0,3339.85,0,0,0,1,0,0,US,Theater
The Subliminal Verses - A Midwest Tribute To Slipknot,2026,2026-10-24,,LIVE NATION MUSIC,2050.0,10670.0,0.0,0,0,0,2,0,0,US,Club
Tou,2026,2026-10-24,,LIVE NATION MUSIC,0.0,348354.82999999996,0.0,0,0,0,1,0,1,US,Theater
Dylan LeBlanc,2026,2026-10-24,,LIVE NATION TENNESSEE,0.0,0.0,2925.72,0,0,0,22,0,0,US,Club
Protomartyr,2026,2026-10-24,,LIVE NATION MUSIC,37547.06,16935.12,72312.29000000001,0,0,1,32,0,3,US,Theater
SLIFT,2026,2026-10-24,,LIVE NATION MUSIC,0.0,142707.13,6745.0,0,0,1,17,0,2,US,Club
Niko Moon,2026,2026-10-24,,LIVE NATION MUSIC,748025.72,907982.25,432708.0,3,0,16,65,0,1,US,Theater
Niko Moon,2026,2026-10-24,,LIVE NATION MUSIC,748025.72,907982.25,432708.0,3,0,16,65,0,1,US,Theater
"Halloween, Alaska",2026,2026-10-24,,LIVE NATION TENNESSEE,0.0,0.0,0.0,0,0,0,5,0,0,US,Club
Prince Daddy &amp; the Hyena,2026,2026-10-24,,LIVE NATION MUSIC,14330.0,23187.85,10500.0,0,0,0,16,0,2,US,Club
R&amp;B Vibes Live,2026,2026-10-24,,LIVE NATION MUSIC,0.0,0.0,0.0,0,0,0,2,0,0,US,Club
Benjamin Tod &amp; Lost Dog Street Band,2026,2026-10-24,,LIVE NATION MUSIC,0.0,179250.0,0.0,0,0,3,37,0,0,US,Club
Pol,2026,2026-10-24,,FRANK PRODUCTIONS,6311.03,20388.51,0.0,0,0,1,8,0,0,US,Theater
Daryus Costa,2026,2026-10-24,,LIVE NATION MUSIC,26865.0,0.0,0.0,0,0,0,12,0,0,US,Club
T.3,2026,2026-10-24,,HOUSE OF BLUES CONCERTS (HOB),2859.0,17899.19,19283.0,0,0,1,11,0,0,US,Club
Prince Daddy &amp; the Hyena,2026,2026-10-24,,LIVE NATION MUSIC,14330.0,23187.85,10500.0,0,0,0,16,0,2,US,Club
Rain,2026,2026-10-24,,LIVE NATION MUSIC,0.0,0.0,207956.5,1,1,4,0,0,1,US,Theater
Benjamin Tod &amp; Lost Dog Street Band,2026,2026-10-24,,LIVE NATION MUSIC,0.0,179250.0,0.0,0,0,3,37,0,0,US,Club
Jonas Brothers,2026,2026-10-24,,LIVE NATION CANADA (LN),81959444.45,30144554.31,109403725.33,84,205,28,1,31,5,International,Arena
John Summit,2026,2026-10-24,,LIVE NATION CANADA (LN),1618895.52,6378033.54,2121909.0,1,6,4,6,1,1,International,Arena
Marianas Trench,2026,2026-10-24,,LIVE NATION CANADA (LN),521250.96,502970.06,0.0,3,42,24,47,0,1,International,Club
Judah &amp; The Lion,2026,2026-10-24,,LIVE NATION CANADA (LN),74475.0,108536.7,156098.0,1,0,33,100,0,3,International,Theater
YEBBA,2026,2026-10-24,,LIVE NATION CANADA (LN),0.0,0.0,0.0,0,0,0,4,0,0,International,Club
Isabel LaRosa,2026,2026-10-24,,LIVE NATION CANADA (LN),84685.57,24182.31,0.0,0,0,2,5,0,0,International,Club
Fantasy,2026,2026-10-24,,LIVE NATION CANADA (LN),0.0,0.0,0.0,1,26,26,4,0,15,International,Arena
W.A.S.P.,2026,2026-10-24,,LIVE NATION CANADA (LN),1978037.07,334712.93,1072342.16,1,3,35,34,2,8,International,Theater
Sunset Rollercoaster,2026,2026-10-24,,LIVE NATION CANADA (LN),0.0,0.0,5500.0,0,0,2,12,0,1,International,Arena
Darcy Oake,2026,2026-10-24,,LIVE NATION MUSIC,0.0,0.0,0.0,0,1,6,1,0,0,International,Theater
Charles Wesley Godwin,2026,2026-10-24,,LIVE NATION CANADA (LN),758444.48,1054854.04,609346.0,1,2,10,22,0,2,International,Theater
"Kolby Cooper, Austin Snell",2026,2026-10-24,,LIVE NATION MUSIC,0.0,0.0,0.0,0,0,0,6,0,0,International,Theater
Whipped Cream,2026,2026-10-24,,LIVE NATION CANADA (LN),0.0,6807.820000000001,15620.0,0,0,0,4,0,0,International,Club
America,2026,2026-10-24,,LIVE NATION MUSIC,4786730.81,4477164.55,1750231.2,5,8,180,41,0,14,International,Theater
Moontricks,2026,2026-10-24,,LIVE NATION CANADA (LN),0.0,50729.03,3260.0,0,0,1,9,0,0,International,Club
Jon and Roy,2026,2026-10-24,,LIVE NATION CANADA (LN),0.0,12648.47,0.0,0,0,2,9,0,0,International,Theater
Owen Riegling,2026,2026-10-24,,LIVE NATION CANADA (LN),0.0,18187.81,0.0,0,0,1,1,0,0,International,Theater
Fya Fox,2026,2026-10-24,,MCD PRODUCTIONS,0.0,0.0,0.0,0,0,0,1,0,0,International,Club
Overpass,2026,2026-10-24,,MCD PRODUCTIONS,41579.36,3838.95,0.0,0,0,1,6,0,1,International,Club
Cody Johnson,2026,2026-10-24,,LIVE NATION MUSIC UK LTD,25487191.65,34328002.77,19725004.14,65,193,43,164,24,54,International,Arena
Brandon Flowers,2026,2026-10-24,,LIVE NATION MUSIC UK LTD,0.0,0.0,0.0,0,0,11,30,0,0,International,Club
The Devil Wears Prada,2026,2026-10-24,,LIVE NATION MUSIC UK LTD,69084.62,113857.0,39223.0,0,1,27,84,0,2,International,Theater
Tigercub,2026,2026-10-24,,DF CONCERTS,0.0,2370.0,6366.57,0,0,1,3,0,0,International,Club
Keo,2026,2026-10-24,,LIVE NATION MUSIC (VENUES) LTD (NEW),16500.84,0.0,0.0,0,0,2,6,0,0,International,Theater
5 Seconds Of Summer,2026,2026-10-24,,LIVE NATION AUSTRALIA,0.0,0.0,17154005.1,87,164,38,10,3,13,International,Arena
Everything,2026,2026-10-24,,OCESA,0.0,0.0,0.0,0,0,0,1,0,0,International,Club
Abel Pintos,2026,2026-10-24,,OCESA,0.0,0.0,72934.29,1,4,1,6,3,13,International,Other
Fobia,2026,2026-10-24,,OCESA,0.0,0.0,0.0,0,3,11,9,0,1,International,Arena
Niels Destadsbader,2026,2026-10-24,,Live Nation,0.0,0.0,0.0,0,1,4,0,0,0,International,Theater
Stevie Wonder,2026,2026-10-24,,Live Nation GmbH,5077947.359999999,8495068.84,0.0,1,43,5,1,1,0,International,Arena
Andreas Gabalier,2026,2026-10-24,,Live Nation GmbH,6533472.3,5036718.25,11601676.81,9,28,1,0,12,4,International,Arena
Fontaines D.C.,2026,2026-10-24,,Live Nation España Red Path SL,4807350.649999999,6675047.71,284569.66,2,14,11,29,3,5,International,Club
Declan Welsh &amp; The Decadent West,2026,2026-10-24,,Live Nation España Red Path SL,2988.67,0.0,35404.17,0,0,0,16,0,5,International,Club
"""Cap Roig Festival"", Anastacia",2026,2026-10-24,,Live Nation España S.A.U.,0.0,0.0,0.0,0,0,0,0,1,0,International,Arena
"""Cap Roig Festival"", Anastacia",2026,2026-10-24,,Live Nation España S.A.U.,0.0,0.0,0.0,0,0,0,0,1,0,International,Arena
Slayyyter,2026,2026-10-24,,Live Nation Sp. z o.o.,0.0,185129.1,100397.58,0,0,4,16,0,1,International,Club
Tou,2026,2026-10-24,,Live Nation Sp. z o.o.,0.0,348354.82999999996,0.0,0,0,0,1,0,1,International,Club
Scream,2026,2026-10-24,,LIVE NATION CZECH REPUBLIC s.r.o.,0.0,0.0,0.0,0,0,0,1,0,0,International,Club
Jonas Brothers,2026,2026-10-25,,LIVE NATION MUSIC,81959444.45,30144554.31,109403725.33,84,205,28,1,31,5,US,Arena
Rush,2026,2026-10-25,,LIVE NATION MUSIC,0.0,0.0,0.0,40,118,1,0,2,8,US,Arena
Beck,2026,2026-10-25,,LIVE NATION MUSIC,1461640.71,626608.75,4873011.17,24,9,29,9,0,4,US,Theater
Cavetown,2026,2026-10-25,,LIVE NATION MUSIC,0.0,444645.86,1226221.94,2,1,17,39,0,6,US,Club
Little Big Town,2026,2026-10-25,,LIVE NATION MUSIC,2309214.5,13004819.31,2846985.5,23,68,94,16,1,12,US,Theater
"Joey Fatone, AJ McLean",2026,2026-10-25,,LIVE NATION MUSIC,0.0,1007339.51,0.0,1,0,6,2,0,0,US,Theater
The Black Dahlia Murder,2026,2026-10-25,,LIVE NATION MUSIC,0.0,65614.66,163785.56,0,0,21,93,0,2,US,Club
Jeans,2026,2026-10-25,,LIVE NATION MUSIC,0.0,0.0,0.0,0,1,4,0,0,0,US,Theater
Wage War,2026,2026-10-25,,LIVE NATION MUSIC,0.0,250965.5,163464.08000000002,0,1,4,25,0,1,US,Theater
Vince Staples,2026,2026-10-25,,LIVE NATION MUSIC,0.0,253029.0,0.0,0,0,7,36,0,0,US,Club
Rumours of Fleetwood Mac,2026,2026-10-25,,LIVE NATION MUSIC,2015307.52,1062389.97,1428407.85,3,12,88,29,0,7,US,Theater
Murda,2026,2026-10-25,,LIVE NATION MUSIC,0.0,11865.0,0.0,0,0,0,1,0,0,US,Club
"God Forbid, Ninth Circle",2026,2026-10-25,,LIVE NATION MUSIC,0.0,0.0,0.0,0,0,0,1,0,0,US,Club
Judah &amp; The Lion,2026,2026-10-25,,LIVE NATION MUSIC,74475.0,108536.7,156098.0,1,0,33,100,0,3,US,Theater
"Mic Crenshaw, Special Guests",2026,2026-10-25,,LIVE NATION MUSIC,0.0,0.0,0.0,0,0,0,1,0,0,US,Theater
Yung Gravy,2026,2026-10-25,,LIVE NATION MUSIC,206906.93,654682.31,71100.12,0,2,7,36,0,1,US,Club
Atlanta Rhythm Section,2026,2026-10-25,,LIVE NATION MUSIC,50898.0,17941.0,157363.0,1,0,13,9,0,1,US,Arena
Holywatr,2026,2026-10-25,,LIVE NATION MUSIC,10133.0,0.0,0.0,0,0,0,3,0,0,US,Club
Sophie,2026,2026-10-25,,LIVE NATION MUSIC,0.0,0.0,0.0,0,0,0,3,0,0,US,Theater
"Ris, John Urbano",2026,2026-10-25,,LIVE NATION MUSIC,0.0,0.0,0.0,0,0,0,1,0,0,US,Theater
"Cradle Of Filth, DevilDriver",2026,2026-10-25,,HOUSE OF BLUES CONCERTS (HOB),0.0,0.0,29384.5,0,0,0,2,0,0,US,Club
Pete Yorn,2026,2026-10-25,,LIVE NATION MUSIC,68102.5,68702.5,0.0,0,0,10,62,0,2,US,Club
Abbie Gamboa,2026,2026-10-25,,LIVE NATION MUSIC,0.0,43390.0,0.0,0,0,1,3,0,0,US,Club
SiM,2026,2026-10-25,,LIVE NATION MUSIC,0.0,78357.29000000001,0.0,0,0,0,4,0,0,US,Theater
Turnpike Troubadours,2026,2026-10-25,,LIVE NATION MUSIC,2346574.06,4318554.92,3521142.51,29,12,42,108,4,12,US,Club
Melvin Seals &amp; JGB,2026,2026-10-25,,LIVE NATION MUSIC,75940.0,123566.0,114236.5,1,0,18,46,1,4,US,Club
"Future Islands, Oh, Rose",2026,2026-10-25,,FRANK PRODUCTIONS,0.0,0.0,0.0,0,0,0,1,0,0,US,Theater
Spite,2026,2026-10-25,,LIVE NATION MUSIC,0.0,37029.77,0.0,0,0,9,33,0,1,US,Club
Spite,2026,2026-10-25,,LIVE NATION MUSIC,0.0,37029.77,0.0,0,0,9,33,0,1,US,Club
Rod Wave,2026,2026-10-25,,LIVE NATION MUSIC,21434081.53,44782080.52,58117202.64,1,85,1,0,0,0,US,Arena
The Smashing Pumpkins,2026,2026-10-25,,LIVE NATION MUSIC,1932119.81,4451112.17,12656219.06,29,91,42,26,1,5,US,Arena
KATSEYE,2026,2026-10-25,,LIVE NATION MUSIC,3772036.89,0.0,0.0,0,1,5,2,0,0,US,Arena
Bryson Tiller,2026,2026-10-25,,LIVE NATION MUSIC,0.0,14396903.73,1952369.56,10,20,31,34,0,2,US,Club
G-Eazy,2026,2026-10-25,,LIVE NATION MUSIC,453863.88,166997.78,53337.0,33,23,54,102,1,4,US,Arena
Three Days Grace,2026,2026-10-25,,LIVE NATION MUSIC,2587583.58,0.0,514555.96,4,55,36,61,0,8,US,Amphitheatre
Fuerza Regida,2026,2026-10-25,,LIVE NATION MUSIC,12582339.4,61688406.68,40356839.51,6,68,5,0,14,0,US,Arena
Fuerza Regida,2026,2026-10-25,,LIVE NATION MUSIC,12582339.4,61688406.68,40356839.51,6,68,5,0,14,0,US,Arena
Malcolm Todd,2026,2026-10-25,,LIVE NATION MUSIC,207372.81,63535.0,0.0,0,0,5,8,0,0,US,Theater
Forever,2026,2026-10-25,,LIVE NATION MUSIC,70329.51,0.0,0.0,0,1,0,0,0,0,US,Theater
Switchfoot,2026,2026-10-25,,LIVE NATION MUSIC,181031.87,600305.9299999999,763943.0,5,6,80,76,1,17,US,Theater
Xavier Wulf,2026,2026-10-25,,LIVE NATION MUSIC,37425.0,959758.4,0.0,1,0,14,55,0,0,US,Theater
Sin Bandera,2026,2026-10-25,,LIVE NATION MUSIC,0.0,429183.87,5207476.83,2,28,22,2,2,1,US,Amphitheatre
Michael Franti &amp; Spearhead,2026,2026-10-25,,LIVE NATION MUSIC,877302.5,6993576.6,4151183.84,114,3,86,115,2,32,US,Club
Postmodern Jukebox,2026,2026-10-25,,LIVE NATION MUSIC,3423282.53,2913423.2,3309873.83,0,9,407,107,0,34,US,Theater
The Gentlemen's Club,2026,2026-10-25,,LIVE NATION MUSIC,6190.0,0.0,11045.89,0,0,0,3,0,0,US,Arena
"""HalLUDOween"", Ludo",2026,2026-10-25,,LIVE NATION MUSIC,0.0,0.0,0.0,0,0,1,0,0,0,US,Theater
Gorillaz,2026,2026-10-25,,LIVE NATION MUSIC,2844527.25,0.0,5075.0,8,77,15,1,3,1,US,Arena
Bethel Music,2026,2026-10-25,,LIVE NATION MUSIC,972671.18,0.0,466550.0,0,6,66,4,0,6,US,Theater
Streetlight Manifesto,2026,2026-10-25,,LIVE NATION MUSIC,229029.92,312027.99,0.0,0,0,24,141,0,1,US,Club
The Chicks,2026,2026-10-25,,LIVE NATION MUSIC,0.0,0.0,21183223.21,39,69,4,0,3,0,US,Theater
The Texas Gentlemen,2026,2026-10-25,,LIVE NATION MUSIC,1565.58,0.0,0.0,0,0,0,4,0,0,US,Club
Kishi Bashi,2026,2026-10-25,,LIVE NATION MUSIC,132205.3,43192.54,171528.1,0,0,19,103,0,0,US,Theater
Ben Folds,2026,2026-10-25,,FRANK PRODUCTIONS,1052153.4,1391762.24,1781133.29,15,1,116,52,0,1,US,Theater
Sueco,2026,2026-10-25,,LIVE NATION MUSIC,0.0,77100.38,70293.0,0,0,3,15,0,0,US,Club
Tou,2026,2026-10-25,,LIVE NATION MUSIC,0.0,348354.82999999996,0.0,0,0,0,1,0,1,US,Theater
Barrington Levy,2026,2026-10-25,,HOUSE OF BLUES CONCERTS (HOB),434908.0,0.0,0.0,0,0,3,27,0,1,US,Club
Vega,2026,2026-10-25,,LIVE NATION MUSIC,122401.53,0.0,0.0,0,0,4,4,0,8,US,Other
ASAVA,2026,2026-10-25,,LIVE NATION MUSIC,0.0,0.0,2120.0,0,0,0,5,0,1,US,Club
Maddie Zahm,2026,2026-10-25,,LIVE NATION MUSIC,0.0,103535.0,47568.0,0,0,0,8,0,0,US,Club
Peaches,2026,2026-10-25,,LIVE NATION MUSIC,0.0,0.0,0.0,0,0,6,30,0,0,US,Club
edgehill,2026,2026-10-25,,LIVE NATION TENNESSEE,0.0,0.0,0.0,0,0,0,1,0,0,US,Club
Prince Daddy &amp; the Hyena,2026,2026-10-25,,FRANK PRODUCTIONS,14330.0,23187.85,10500.0,0,0,0,16,0,2,US,Club
Scream,2026,2026-10-25,,LIVE NATION MUSIC,0.0,0.0,0.0,0,0,0,1,0,0,US,Club
Moenia,2026,2026-10-25,,LIVE NATION MUSIC,755367.0800000001,887876.74,585685.95,1,3,21,5,1,1,US,Theater
Enter,2026,2026-10-25,,HOUSE OF BLUES CONCERTS (HOB),28761.16,0.0,0.0,0,0,0,1,0,0,US,Club
Melvins,2026,2026-10-25,,HOUSE OF BLUES CONCERTS (HOB),73616.36,0.0,79681.69,0,0,5,107,0,2,US,Club
Gannon Fremin &amp; CCREV,2026,2026-10-25,,LIVE NATION MUSIC,825.0,0.0,0.0,0,0,0,1,0,0,US,Club
Blu DeTiger,2026,2026-10-25,,LIVE NATION MUSIC,0.0,43773.75,0.0,0,0,0,10,0,0,US,Club
Greg Freeman,2026,2026-10-25,,FRANK PRODUCTIONS,7366.860000000001,0.0,0.0,0,0,0,4,0,0,US,Club
Daley,2026,2026-10-25,,LIVE NATION MUSIC,0.0,94731.0,0.0,0,0,2,43,0,0,US,Club
David Aguilar,2026,2026-10-25,,LIVE NATION MUSIC,0.0,0.0,0.0,0,0,1,2,0,0,US,Club
Patrick Droney,2026,2026-10-25,,LIVE NATION MUSIC,0.0,4245.59,25810.0,0,0,0,10,0,0,US,Theater
The Click Five,2026,2026-10-25,,HOUSE OF BLUES CONCERTS (HOB),0.0,0.0,0.0,0,0,1,2,0,0,US,Club
EsDeeKid,2026,2026-10-25,,LIVE NATION MUSIC,0.0,0.0,0.0,0,0,0,1,0,0,US,Club
Pete &amp; Bas,2026,2026-10-25,,LIVE NATION MUSIC,19756.22,54277.37,0.0,0,0,0,7,0,0,US,Theater
R&amp;B Vibes Live,2026,2026-10-25,,FRANK PRODUCTIONS,0.0,0.0,0.0,0,0,0,2,0,0,US,Theater
Patrick Droney,2026,2026-10-25,,LIVE NATION MUSIC,0.0,4245.59,25810.0,0,0,0,10,0,0,US,Theater
Benjamin Tod &amp; Lost Dog Street Band,2026,2026-10-25,,LIVE NATION MUSIC,0.0,179250.0,0.0,0,0,3,37,0,0,US,Club
John Summit,2026,2026-10-25,,LIVE NATION CANADA (LN),1618895.52,6378033.54,2121909.0,1,6,4,6,1,1,International,Arena
America,2026,2026-10-25,,LIVE NATION CANADA (LN),4786730.81,4477164.55,1750231.2,5,8,180,41,0,14,International,Theater
"The Army, The Navy",2026,2026-10-25,,LIVE NATION CANADA (LN),33084.56,0.0,0.0,0,0,1,4,0,0,International,Club
Sienna Spiro,2026,2026-10-25,,LIVE NATION CANADA (LN),24263.94,0.0,0.0,0,0,3,3,0,0,International,Club
Buena Vista Orchestra,2026,2026-10-25,,LIVE NATION CANADA (LN),231487.7,0.0,0.0,0,0,2,1,0,0,International,Theater
Ryan Beatty,2026,2026-10-25,,MCD PRODUCTIONS,0.0,164812.0,12100.0,0,1,3,17,0,0,International,Club
THUMPER,2026,2026-10-25,,MCD PRODUCTIONS,0.0,11301.63,10261.34,0,0,2,10,0,0,International,Club
Girl In The Year Above,2026,2026-10-25,,MCD PRODUCTIONS,0.0,0.0,0.0,0,0,0,2,0,0,International,Club
Freya Skye,2026,2026-10-25,,MCD PRODUCTIONS,0.0,0.0,0.0,0,0,6,2,0,0,International,Theater
J. Cole,2026,2026-10-25,,LIVE NATION MUSIC UK LTD,0.0,2084747.68,0.0,25,121,50,39,2,2,International,Arena
Stephen Wilson Jr.,2026,2026-10-25,,LIVE NATION MUSIC UK LTD,786854.57,66436.31,0.0,2,0,10,13,0,1,International,Club
The Strokes,2026,2026-10-25,,LIVE NATION MUSIC UK LTD,568539.0,0.0,0.0,2,7,4,4,1,1,International,Arena
Keo,2026,2026-10-25,,"LIVE NATION UK FOR ARTIST, TOUR, FESTIVAL AND PRESALE NEWS",16500.84,0.0,0.0,0,0,2,6,0,0,International,Club
D-Block Europe,2026,2026-10-25,,LIVE NATION MUSIC UK LTD,4791928.09,1208414.02,33771.25,0,9,2,2,0,0,International,Arena
D-Block Europe,2026,2026-10-25,,LIVE NATION MUSIC UK LTD,4791928.09,1208414.02,33771.25,0,9,2,2,0,0,International,Arena
La Dispute,2026,2026-10-25,,LIVE NATION AUSTRALIA,108447.85,62510.54000000001,474343.77,0,0,10,87,0,8,International,Club
Zara Larsson,2026,2026-10-25,,LIVE NATION AUSTRALIA,3822077.52,895136.14,0.0,0,5,10,10,1,0,International,Arena
"Romeo Santos, Prince Royce",2026,2026-10-25,,OCESA,0.0,0.0,0.0,0,30,0,0,0,0,International,Arena
"""SummerStage"", Two Door Cinema Club, Friends",2026,2026-10-25,,OCESA,0.0,0.0,0.0,1,0,0,0,0,0,International,Amphitheatre
Bad Gyal,2026,2026-10-25,,OCESA,0.0,1369372.12,1613122.36,0,8,1,1,1,1,International,Arena
"The A, B, C &amp; D Of Boogie Woogie",2026,2026-10-25,,Live Nation GmbH,0.0,0.0,0.0,0,0,0,1,0,0,International,Club
Andreas Gabalier,2026,2026-10-25,,Live Nation GmbH,6533472.3,5036718.25,11601676.81,9,28,1,0,12,4,International,Arena
Deep Purple,2026,2026-10-25,,Live Nation,0.0,6464659.54,1709824.57,10,77,41,4,5,16,International,Arena
Niall Horan,2026,2026-10-25,,"Live Nation España Blue Lane, SL",0.0,68141223.9,0.0,58,70,28,3,1,4,International,Arena
Declan Welsh &amp; The Decadent West,2026,2026-10-25,,Live Nation España Red Path SL,2988.67,0.0,35404.17,0,0,0,16,0,5,International,Club
"Daniel, Me Estás Matando",2026,2026-10-25,,Live Nation Sp. z o.o.,475718.03,16960.0,442118.48,0,0,5,1,0,0,International,Theater
Pluko,2026,2026-10-25,,LIVE NATION CZECH REPUBLIC s.r.o.,0.0,0.0,0.0,0,0,0,1,0,0,International,Club
Jonas Brothers,2026,2026-10-26,,LIVE NATION MUSIC,81959444.45,30144554.31,109403725.33,84,205,28,1,31,5,US,Arena
Hawthorne Heights,2026,2026-10-26,,LIVE NATION MUSIC,10175.0,356921.46,49305.0,2,0,4,55,0,5,US,Club
Candlebox,2026,2026-10-26,,LIVE NATION MUSIC,0.0,15636.21,95486.8,1,0,20,59,0,5,US,Club
Isabel Van Gelder,2026,2026-10-26,,LIVE NATION MUSIC,0.0,0.0,0.0,0,0,0,1,0,0,US,Club
The Black Dahlia Murder,2026,2026-10-26,,LIVE NATION MUSIC,0.0,65614.66,163785.56,0,0,21,93,0,2,US,Theater
"God Forbid, Ninth Circle",2026,2026-10-26,,LIVE NATION MUSIC,0.0,0.0,0.0,0,0,0,1,0,0,US,Theater
"Cradle Of Filth, DevilDriver",2026,2026-10-26,,LIVE NATION MUSIC,0.0,0.0,29384.5,0,0,0,2,0,0,US,Club
J &amp; The Causeways,2026,2026-10-26,,LIVE NATION MUSIC,2003.0,0.0,0.0,0,0,0,2,0,0,US,Theater
"Mic Crenshaw, Special Guests",2026,2026-10-26,,HOUSE OF BLUES CONCERTS (HOB),0.0,0.0,0.0,0,0,0,1,0,0,US,Club
Emei,2026,2026-10-26,,LIVE NATION MUSIC,147261.76,63873.5,0.0,0,0,0,17,0,1,US,Club
The Longest Johns,2026,2026-10-26,,LIVE NATION MUSIC,145256.26,132222.35,26181.48,0,0,7,30,0,4,US,Theater
Isabel LaRosa,2026,2026-10-26,,LIVE NATION MUSIC,84685.57,24182.31,0.0,0,0,2,5,0,0,US,Club
Isabel LaRosa,2026,2026-10-26,,LIVE NATION MUSIC,84685.57,24182.31,0.0,0,0,2,5,0,0,US,Club
"Rave Culture in Concert, W&amp;W",2026,2026-10-26,,HOUSE OF BLUES CONCERTS (HOB),0.0,0.0,0.0,0,1,0,0,0,0,US,Arena
"""Rocky Horror Picture Show"", Barry Bostwick",2026,2026-10-26,,LIVE NATION MUSIC,0.0,0.0,0.0,0,0,1,0,0,0,US,Theater
Beabadoobee,2026,2026-10-26,,LIVE NATION MUSIC,801797.5,2506361.44,323192.05,1,2,23,27,0,1,US,Arena
Three Days Grace,2026,2026-10-26,,LIVE NATION MUSIC,2587583.58,0.0,514555.96,4,55,36,61,0,8,US,Arena
Tedeschi Trucks Band,2026,2026-10-26,,LIVE NATION MUSIC,5978304.630000001,9551174.93,7870383.93,98,7,225,24,2,8,US,Theater
Dermot Kennedy,2026,2026-10-26,,LIVE NATION MUSIC,715573.15,0.0,19937522.59,6,39,56,61,10,4,US,Theater
Chief Keef,2026,2026-10-26,,LIVE NATION MUSIC,0.0,366115.0,0.0,0,1,6,19,0,0,US,Theater
Taste,2026,2026-10-26,,LIVE NATION MUSIC,0.0,0.0,0.0,0,0,1,1,0,0,US,Club
Sammy Rae &amp; The Friends,2026,2026-10-26,,LIVE NATION MUSIC,365473.19,765933.13,407010.69,0,0,11,33,0,1,US,Club
"""Lucca Summer Festival"", Tom Jones",2026,2026-10-26,,LIVE NATION MUSIC,0.0,0.0,0.0,0,0,0,0,0,1,US,Theater
"Joey Fatone, AJ McLean",2026,2026-10-26,,LIVE NATION MUSIC,0.0,1007339.51,0.0,1,0,6,2,0,0,US,Theater
"DJ Moma, Showcase, Flygerian",2026,2026-10-26,,LIVE NATION MUSIC,0.0,0.0,0.0,0,0,0,1,0,0,US,Club
Steve Lacy,2026,2026-10-26,,LIVE NATION MUSIC,0.0,0.0,48400.0,1,2,2,7,0,0,US,Amphitheatre
Hurricane Wisdom,2026,2026-10-26,,LIVE NATION MUSIC,11250.0,0.0,0.0,0,0,0,1,0,0,US,Club
She Wants Revenge,2026,2026-10-26,,LIVE NATION MUSIC,79720.0,0.0,7566.52,0,1,5,27,0,1,US,Club
"The A, B, C &amp; D Of Boogie Woogie",2026,2026-10-26,,HOUSE OF BLUES CONCERTS (HOB),0.0,0.0,0.0,0,0,0,1,0,0,US,Club
The Chicks,2026,2026-10-26,,LIVE NATION MUSIC,0.0,0.0,21183223.21,39,69,4,0,3,0,US,Theater
Running,2026,2026-10-26,,LIVE NATION MUSIC,0.0,0.0,0.0,0,0,0,1,0,0,US,Club
Thieves,2026,2026-10-26,,LIVE NATION MUSIC,0.0,0.0,0.0,0,0,0,1,0,0,US,Club
Skilla Baby,2026,2026-10-26,,LIVE NATION MUSIC,0.0,32505.0,0.0,0,0,0,1,0,0,US,Club
Strawberry Fuzz,2026,2026-10-26,,LIVE NATION MUSIC,0.0,0.0,3762.0,0,0,0,1,0,0,US,Theater
R&amp;B Vibes Live,2026,2026-10-26,,LIVE NATION MUSIC,0.0,0.0,0.0,0,0,0,2,0,0,US,Club
Evanescence,2026,2026-10-26,,LIVE NATION MUSIC,703642.09,4856543.49,10086732.76,30,48,41,16,3,2,US,Amphitheatre
Evanescence,2026,2026-10-26,,LIVE NATION MUSIC,703642.09,4856543.49,10086732.76,30,48,41,16,3,2,US,Amphitheatre
Skillet,2026,2026-10-26,,LIVE NATION MUSIC,2557214.15,260542.96,1377748.06,6,30,44,67,1,14,US,Club
Skillet,2026,2026-10-26,,LIVE NATION MUSIC,2557214.15,260542.96,1377748.06,6,30,44,67,1,14,US,Club
Dead On A Sunday,2026,2026-10-26,,LIVE NATION TENNESSEE,36183.0,72724.54,4785.0,0,0,1,30,0,0,US,Club
American Aquarium,2026,2026-10-26,,FRANK PRODUCTIONS,34488.979999999996,89127.5,30249.0,1,0,7,67,0,0,US,Club
Pain Of Truth,2026,2026-10-26,,LIVE NATION MUSIC,29220.0,0.0,0.0,0,0,0,2,0,0,US,Club
Blessing Offor,2026,2026-10-26,,LIVE NATION MUSIC,0.0,0.0,0.0,0,0,0,1,0,0,US,Club
Forbidden,2026,2026-10-26,,LIVE NATION MUSIC,12780.0,0.0,0.0,0,0,0,5,0,0,US,Theater
Perfect,2026,2026-10-26,,LIVE NATION MUSIC,0.0,0.0,0.0,0,0,0,1,0,0,US,Club
Pete &amp; Bas,2026,2026-10-26,,LIVE NATION MUSIC,19756.22,54277.37,0.0,0,0,0,7,0,0,US,Theater
Olivia Rodrigo,2026,2026-10-26,,LIVE NATION CANADA (LN),23420107.2,169307085.8,0.0,0,68,10,2,5,1,International,Arena
Periphery,2026,2026-10-26,,LIVE NATION CANADA (LN),0.0,508193.42,0.0,0,0,21,57,0,3,International,Club
Lexi Jayde,2026,2026-10-26,,LIVE NATION CANADA (LN),0.0,0.0,16656.699999999997,0,0,0,2,0,0,International,Club
Chinchilla,2026,2026-10-26,,LIVE NATION CANADA (LN),0.0,0.0,0.0,0,0,0,1,0,1,International,Club
Waylon Wyatt,2026,2026-10-26,,LIVE NATION CANADA (LN),127869.14,0.0,0.0,0,0,2,8,0,0,International,Club
Quadeca,2026,2026-10-26,,LIVE NATION CANADA (LN),127634.26,0.0,7186.0,0,0,3,8,0,0,International,Theater
"""Les Nits de Barcelona"", Sting",2026,2026-10-26,,LIVE NATION MUSIC,0.0,0.0,0.0,0,0,0,0,0,1,International,Other
"""Les Nits de Barcelona"", Sting",2026,2026-10-26,,EVENKO CO-PRO WITH LIVE NATION,0.0,0.0,0.0,0,0,0,0,0,1,International,Other
Dillinger Escape Plan,2026,2026-10-26,,LIVE NATION CANADA (LN),0.0,225010.0,0.0,0,0,9,67,0,2,International,Club
Freya Skye,2026,2026-10-26,,MCD PRODUCTIONS,0.0,0.0,0.0,0,0,6,2,0,0,International,Theater
Grace &amp; The Flat Boys,2026,2026-10-26,,MCD PRODUCTIONS,0.0,1496.9,0.0,0,0,0,1,0,0,International,Club
Korn,2026,2026-10-26,,LIVE NATION MUSIC UK LTD,7267179.31,12956787.2,0.0,43,43,20,32,5,8,International,Arena
Korn,2026,2026-10-26,,LIVE NATION MUSIC UK LTD,7267179.31,12956787.2,0.0,43,43,20,32,5,8,International,Arena
J. Cole,2026,2026-10-26,,DF CONCERTS,0.0,2084747.68,0.0,25,121,50,39,2,2,International,Arena
Allie X,2026,2026-10-26,,LIVE NATION MUSIC UK LTD,107624.0,79993.31,0.0,0,0,2,12,0,2,International,Club
Runa,2026,2026-10-26,,LIVE NATION MUSIC UK LTD,10313.8,0.0,10083.2,0,0,6,1,0,0,International,Theater
Cat &amp; Nat,2026,2026-10-26,,LIVE NATION MUSIC UK LTD,0.0,66301.0,124942.6,0,0,44,10,0,1,International,Theater
Decade,2026,2026-10-26,,LIVE NATION MUSIC UK LTD,14257.28,0.0,0.0,0,0,0,2,0,0,International,Club
"Gloryhammer, Beast In Black",2026,2026-10-26,,LIVE NATION MUSIC UK LTD,0.0,1858410.27,0.0,0,3,6,9,0,1,International,Theater
Hits,2026,2026-10-26,,"LIVE NATION UK FOR ARTIST, TOUR, FESTIVAL AND PRESALE NEWS",0.0,0.0,0.0,0,0,0,1,0,0,International,Club
K-Trap,2026,2026-10-26,,LIVE NATION MUSIC UK LTD,0.0,74397.37,0.0,0,0,1,1,0,0,International,Club
J. Cole,2026,2026-10-26,,DF CONCERTS,0.0,2084747.68,0.0,25,121,50,39,2,2,International,Arena
Zara Larsson,2026,2026-10-26,,LIVE NATION AUSTRALIA,3822077.52,895136.14,0.0,0,5,10,10,1,0,International,Arena
"Romeo Santos, Prince Royce",2026,2026-10-26,,OCESA,0.0,0.0,0.0,0,30,0,0,0,0,International,Arena
Stevie Wonder,2026,2026-10-26,,Live Nation GmbH,5077947.359999999,8495068.84,0.0,1,43,5,1,1,0,International,Arena
EST Gee,2026,2026-10-26,,Live Nation / Vega,44379.5,0.0,23035.0,0,0,0,4,0,0,International,Club
Rush,2026,2026-10-27,,LIVE NATION MUSIC,0.0,0.0,0.0,40,118,1,0,2,8,US,Arena
The Story So Far,2026,2026-10-27,,LIVE NATION MUSIC,461364.5,311383.29,21725.0,0,0,10,57,1,5,US,Club
EsDeeKid,2026,2026-10-27,,LIVE NATION MUSIC,0.0,0.0,0.0,0,0,0,1,0,0,US,Club
Rodrigo y Gabriela,2026,2026-10-27,,LIVE NATION MUSIC,68954.74,537959.35,1458366.69,33,3,134,58,0,10,US,Theater
Sammy Rae &amp; The Friends,2026,2026-10-27,,LIVE NATION MUSIC,365473.19,765933.13,407010.69,0,0,11,33,0,1,US,Club
Daniela Spalla,2026,2026-10-27,,LIVE NATION MUSIC,630994.95,526043.9299999999,123566.22,1,2,6,0,0,0,US,Theater
Hawthorne Heights,2026,2026-10-27,,LIVE NATION MUSIC,10175.0,356921.46,49305.0,2,0,4,55,0,5,US,Club
Dead Poet Society,2026,2026-10-27,,HOUSE OF BLUES CONCERTS (HOB),0.0,95493.81,8199.75,0,0,0,18,0,1,US,Club
SiM,2026,2026-10-27,,LIVE NATION MUSIC,0.0,78357.29000000001,0.0,0,0,0,4,0,0,US,Club
The Wrecks,2026,2026-10-27,,HOUSE OF BLUES CONCERTS (HOB),97000.68,0.0,0.0,0,0,1,12,0,0,US,Club
Bentley Robles,2026,2026-10-27,,LIVE NATION MUSIC,0.0,1305.0,0.0,0,0,0,1,0,0,US,Club
Evidence,2026,2026-10-27,,LIVE NATION MUSIC,0.0,0.0,0.0,0,0,0,5,0,0,US,Theater
Machine Girl,2026,2026-10-27,,LIVE NATION MUSIC,245123.68,616185.04,0.0,0,0,6,36,0,0,US,Theater
"The Army, The Navy",2026,2026-10-27,,LIVE NATION MUSIC,33084.56,0.0,0.0,0,0,1,4,0,0,US,Club
Maddie Zahm,2026,2026-10-27,,LIVE NATION MUSIC,0.0,103535.0,47568.0,0,0,0,8,0,0,US,Theater
Indigo Girls,2026,2026-10-27,,LIVE NATION MUSIC,327018.75,953813.05,1415498.26,20,0,194,53,0,8,US,Theater
Sawyer Hill,2026,2026-10-27,,LIVE NATION MUSIC,37539.14,18871.47,0.0,0,0,1,10,0,0,US,Club
Genitorturers,2026,2026-10-27,,LIVE NATION MUSIC,0.0,0.0,0.0,0,0,0,8,0,0,US,Club
Genitorturers,2026,2026-10-27,,LIVE NATION MUSIC,0.0,0.0,0.0,0,0,0,8,0,0,US,Club
Rod Wave,2026,2026-10-27,,LIVE NATION MUSIC,21434081.53,44782080.52,58117202.64,1,85,1,0,0,0,US,Arena
The Smashing Pumpkins,2026,2026-10-27,,LIVE NATION MUSIC,1932119.81,4451112.17,12656219.06,29,91,42,26,1,5,US,Arena
Dermot Kennedy,2026,2026-10-27,,LIVE NATION MUSIC,715573.15,0.0,19937522.59,6,39,56,61,10,4,US,Arena
Fuerza Regida,2026,2026-10-27,,LIVE NATION MUSIC,12582339.4,61688406.68,40356839.51,6,68,5,0,14,0,US,Arena
Tedeschi Trucks Band,2026,2026-10-27,,LIVE NATION MUSIC,5978304.630000001,9551174.93,7870383.93,98,7,225,24,2,8,US,Theater
Doja Cat,2026,2026-10-27,,LIVE NATION MUSIC,7384674.46,7298161.81,31988065.4,0,39,0,9,0,0,US,Arena
Beck,2026,2026-10-27,,LIVE NATION MUSIC,1461640.71,626608.75,4873011.17,24,9,29,9,0,4,US,Theater
Chief Keef,2026,2026-10-27,,LIVE NATION MUSIC,0.0,366115.0,0.0,0,1,6,19,0,0,US,Club
Bryson Tiller,2026,2026-10-27,,LIVE NATION MUSIC,0.0,14396903.73,1952369.56,10,20,31,34,0,2,US,Amphitheatre
Skillet,2026,2026-10-27,,LIVE NATION MUSIC,2557214.15,260542.96,1377748.06,6,30,44,67,1,14,US,Theater
"""Lucca Summer Festival"", Tom Jones",2026,2026-10-27,,LIVE NATION MUSIC,0.0,0.0,0.0,0,0,0,0,0,1,US,Other
Forever,2026,2026-10-27,,LIVE NATION MUSIC,70329.51,0.0,0.0,0,1,0,0,0,0,US,Arena
Victor &amp; Leo,2026,2026-10-27,,LIVE NATION MUSIC,0.0,0.0,0.0,0,0,24,1,0,0,US,Amphitheatre
Livingston Taylor,2026,2026-10-27,,LIVE NATION MUSIC,0.0,18016.0,38921.0,0,0,18,32,0,1,US,Theater
Alvaro,2026,2026-10-27,,LIVE NATION MUSIC,0.0,0.0,0.0,0,0,0,1,0,0,US,Club
10 Years,2026,2026-10-27,,LIVE NATION MUSIC,35281.43,47010.25,6775.0,0,0,11,90,0,3,US,Club
Slow Pulp,2026,2026-10-27,,LIVE NATION MUSIC,0.0,106046.0,34083.07,0,0,1,10,0,0,US,Club
KNOX,2026,2026-10-27,,LIVE NATION MUSIC,60461.53,18594.0,0.0,0,0,0,9,0,0,US,Club
Skilla Baby,2026,2026-10-27,,LIVE NATION MUSIC,0.0,32505.0,0.0,0,0,0,1,0,0,US,Theater
Epik High,2026,2026-10-27,,HOUSE OF BLUES CONCERTS (HOB),0.0,184487.78,400979.87,0,0,5,15,0,0,US,Club
R&amp;B Vibes Live,2026,2026-10-27,,LIVE NATION MUSIC,0.0,0.0,0.0,0,0,0,2,0,0,US,Club
Thundercat,2026,2026-10-27,,LIVE NATION MUSIC,166095.0,81082.15,903432.94,2,0,14,40,0,2,US,Club
Sueco,2026,2026-10-27,,LIVE NATION MUSIC,0.0,77100.38,70293.0,0,0,3,15,0,0,US,Club
The Tallest Man On Earth,2026,2026-10-27,,FRANK PRODUCTIONS,83293.33,0.0,291985.78,0,2,44,70,0,4,US,Theater
Emei,2026,2026-10-27,,LIVE NATION MUSIC,147261.76,63873.5,0.0,0,0,0,17,0,1,US,Theater
Cameron Whitcomb,2026,2026-10-27,,LIVE NATION MUSIC,169356.41999999998,20541.0,0.0,0,0,5,16,0,0,US,Club
The Paradox,2026,2026-10-27,,LIVE NATION MUSIC,4780.0,0.0,0.0,0,0,1,0,0,0,US,Theater
Sun,2026,2026-10-27,,LIVE NATION MUSIC,2319.81,0.0,0.0,0,0,0,2,0,0,US,Club
Mad,2026,2026-10-27,,LIVE NATION MUSIC,0.0,0.0,0.0,0,0,0,1,0,0,US,Theater
Hotel Fiction,2026,2026-10-27,,LIVE NATION TENNESSEE,0.0,1781.0,1943.0,0,0,0,2,0,0,US,Club
Iron &amp; Wine,2026,2026-10-27,,LIVE NATION MUSIC,234458.3,956492.07,19800.0,1,0,69,56,0,4,US,Theater
New Constellations,2026,2026-10-27,,LIVE NATION MUSIC,21655.48,0.0,0.0,0,0,1,4,0,0,US,Club
Brigid Dawson,2026,2026-10-27,,LIVE NATION MUSIC,0.0,0.0,0.0,0,0,0,1,0,0,US,Club
SIX60,2026,2026-10-27,,LIVE NATION MUSIC,277181.35,709762.33,0.0,1,3,12,30,11,21,US,Club
The Living Tombstone,2026,2026-10-27,,LIVE NATION MUSIC,1157002.59,58601.17,0.0,0,1,2,16,0,1,US,Club
New Constellations,2026,2026-10-27,,LIVE NATION MUSIC,21655.48,0.0,0.0,0,0,1,4,0,0,US,Club
Femme Fatale,2026,2026-10-27,,LIVE NATION MUSIC,0.0,0.0,0.0,0,0,0,1,0,0,US,Theater
ASAVA,2026,2026-10-27,,LIVE NATION MUSIC,0.0,0.0,2120.0,0,0,0,5,0,1,US,Club
Grace &amp; The Flat Boys,2026,2026-10-27,,LIVE NATION MUSIC,0.0,1496.9,0.0,0,0,0,1,0,0,US,Theater
Forever,2026,2026-10-27,,LIVE NATION MUSIC,70329.51,0.0,0.0,0,1,0,0,0,0,US,Theater
Brother Ali,2026,2026-10-27,,FRANK PRODUCTIONS,5334.0,27864.3,0.0,0,0,5,64,0,1,US,Theater
Ramirez,2026,2026-10-27,,LIVE NATION MUSIC,30732.5,0.0,4832.26,0,0,0,7,0,0,US,Club
Femme Fatale,2026,2026-10-27,,LIVE NATION MUSIC,0.0,0.0,0.0,0,0,0,1,0,0,US,Theater
Brigid Dawson,2026,2026-10-27,,LIVE NATION MUSIC,0.0,0.0,0.0,0,0,0,1,0,0,US,Club
Evan Honer,2026,2026-10-27,,LIVE NATION MUSIC,421443.22,508688.63,0.0,1,0,15,70,0,0,US,Club
Evan Honer,2026,2026-10-27,,LIVE NATION MUSIC,421443.22,508688.63,0.0,1,0,15,70,0,0,US,Club
M,2026,2026-10-27,,LIVE NATION MUSIC,0.0,0.0,286459.73,0,0,2,0,0,0,US,Theater
M,2026,2026-10-27,,LIVE NATION MUSIC,0.0,0.0,286459.73,0,0,2,0,0,0,US,Theater
Olivia Rodrigo,2026,2026-10-27,,LIVE NATION CANADA (LN),23420107.2,169307085.8,0.0,0,68,10,2,5,1,International,Arena
Baby Bugs,2026,2026-10-27,,LIVE NATION CANADA (LN),4665.0,78649.0,0.0,1,0,1,20,0,0,International,Club
Periphery,2026,2026-10-27,,EVENKO CO-PRO WITH LIVE NATION,0.0,508193.42,0.0,0,0,21,57,0,3,International,Club
Waylon Wyatt,2026,2026-10-27,,LIVE NATION CANADA (LN),127869.14,0.0,0.0,0,0,2,8,0,0,International,Theater
Tyler Braden,2026,2026-10-27,,LIVE NATION CANADA (LN),24451.73,11568.0,0.0,0,0,2,6,0,0,International,Club
horse,2026,2026-10-27,,LIVE NATION CANADA (LN),23284.03,9332.88,29271.75,0,0,1,1,0,3,International,Other
"""Les Nits de Barcelona"", Sting",2026,2026-10-27,,LIVE NATION MUSIC,0.0,0.0,0.0,0,0,0,0,0,1,International,Other
"""Les Nits de Barcelona"", Sting",2026,2026-10-27,,EVENKO CO-PRO WITH LIVE NATION,0.0,0.0,0.0,0,0,0,0,0,1,International,Other
Rawayana,2026,2026-10-27,,LIVE NATION CANADA (LN),0.0,1859072.56,268722.57,0,16,7,9,1,1,International,Theater
ARTMS,2026,2026-10-27,,LIVE NATION MUSIC,369351.4,1396931.49,0.0,0,0,16,3,0,0,International,Theater
Julia Jacklin,2026,2026-10-27,,LIVE NATION CANADA (LN),0.0,141592.86,327508.12,0,0,13,47,0,7,International,Club
Buena Vista Orchestra,2026,2026-10-27,,LIVE NATION MUSIC,231487.7,0.0,0.0,0,0,2,1,0,0,International,Theater
Amble,2026,2026-10-27,,LIVE NATION CANADA (LN),4723469.38,406488.11,0.0,0,5,9,43,2,5,International,Theater
Digable Planets,2026,2026-10-27,,LIVE NATION CANADA (LN),64122.5,708161.97,99529.5,2,0,9,41,0,0,International,Theater
Owen Riegling,2026,2026-10-27,,LIVE NATION CANADA (LN),0.0,18187.81,0.0,0,0,1,1,0,0,International,Theater
Brandon Flowers,2026,2026-10-27,,MCD PRODUCTIONS,0.0,0.0,0.0,0,0,11,30,0,0,International,Theater
Dizzee Rascal,2026,2026-10-27,,MCD PRODUCTIONS,734263.18,558902.65,1192351.83,0,5,7,8,0,1,International,Stadium
Cody Johnson,2026,2026-10-27,,LIVE NATION MUSIC UK LTD,25487191.65,34328002.77,19725004.14,65,193,43,164,24,54,International,Arena
The Kid LAROI,2026,2026-10-27,,LIVE NATION MUSIC UK LTD,0.0,8502598.75,2968556.88,2,32,8,9,1,3,International,Arena
Deaf Havana,2026,2026-10-27,,LIVE NATION MUSIC (VENUES) LTD (NEW),154280.41,61848.19,65458.98,0,0,25,51,0,10,International,Theater
Beaux,2026,2026-10-27,,"LIVE NATION UK FOR ARTIST, TOUR, FESTIVAL AND PRESALE NEWS",0.0,0.0,0.0,0,0,0,1,0,0,International,Club
,2026,2026-10-27,,"LIVE NATION UK FOR ARTIST, TOUR, FESTIVAL AND PRESALE NEWS",0.0,0.0,0.0,0,0,0,0,0,0,International,Other
Owen,2026,2026-10-27,,"LIVE NATION UK FOR ARTIST, TOUR, FESTIVAL AND PRESALE NEWS",0.0,0.0,0.0,0,0,0,15,0,0,International,Club
Charlie &amp; Lucy,2026,2026-10-27,,"LIVE NATION UK FOR ARTIST, TOUR, FESTIVAL AND PRESALE NEWS",0.0,0.0,0.0,0,0,0,1,0,0,International,Club
Cat &amp; Nat,2026,2026-10-27,,LIVE NATION MUSIC UK LTD,0.0,66301.0,124942.6,0,0,44,10,0,1,International,Theater
Hits,2026,2026-10-27,,"LIVE NATION UK FOR ARTIST, TOUR, FESTIVAL AND PRESALE NEWS",0.0,0.0,0.0,0,0,0,1,0,0,International,Club
Tom &amp; Collins,2026,2026-10-27,,LIVE NATION MUSIC UK LTD,1970.0,0.0,0.0,0,0,0,1,0,0,International,Club
Triggerfinger,2026,2026-10-27,,LIVE NATION CZECH REPUBLIC s.r.o.,0.0,0.0,131870.47999999998,0,1,2,10,0,0,International,Club
Movements,2026,2026-10-28,,LIVE NATION MUSIC,308781.6,267276.63,140008.0,0,0,1,23,0,1,US,Club
Candlebox,2026,2026-10-28,,LIVE NATION MUSIC,0.0,15636.21,95486.8,1,0,20,59,0,5,US,Club
Dead Poet Society,2026,2026-10-28,,HOUSE OF BLUES CONCERTS (HOB),0.0,95493.81,8199.75,0,0,0,18,0,1,US,Club
Saosin,2026,2026-10-28,,HOUSE OF BLUES CONCERTS (HOB),0.0,43142.5,30500.0,0,0,3,12,0,0,US,Club
Harbour,2026,2026-10-28,,LIVE NATION MUSIC,55592.03,0.0,104133.0,0,0,2,44,0,0,US,Club
"The Army, The Navy",2026,2026-10-28,,LIVE NATION MUSIC,33084.56,0.0,0.0,0,0,1,4,0,0,US,Club
Abel,2026,2026-10-28,,LIVE NATION MUSIC,0.0,435.0,0.0,0,0,0,1,0,0,US,Club
R&amp;B Vibes Live,2026,2026-10-28,,LIVE NATION MUSIC,0.0,0.0,0.0,0,0,0,2,0,0,US,Theater
Quadeca,2026,2026-10-28,,LIVE NATION MUSIC,127634.26,0.0,7186.0,0,0,3,8,0,0,US,Theater
Chris Webby,2026,2026-10-28,,HOUSE OF BLUES CONCERTS (HOB),21780.0,0.0,25360.0,0,0,12,63,1,2,US,Club
almost monday,2026,2026-10-28,,LIVE NATION MUSIC,58670.4,0.0,2884.0,0,0,0,9,0,1,US,Club
"Mic Crenshaw, Special Guests",2026,2026-10-28,,LIVE NATION MUSIC,0.0,0.0,0.0,0,0,0,1,0,0,US,Club
Hudson Westbrook,2026,2026-10-28,,LIVE NATION MUSIC,602736.6,16045.0,0.0,1,1,1,7,0,1,US,Club
Machine Girl,2026,2026-10-28,,LIVE NATION MUSIC,245123.68,616185.04,0.0,0,0,6,36,0,0,US,Club
Machine Girl,2026,2026-10-28,,LIVE NATION MUSIC,245123.68,616185.04,0.0,0,0,6,36,0,0,US,Club
"Or, The Whale",2026,2026-10-28,,LIVE NATION MUSIC,0.0,0.0,0.0,0,0,0,3,0,0,US,Club
Harry Styles,2026,2026-10-28,,LIVE NATION MUSIC,0.0,0.0,252490036.3,1,117,15,2,33,5,US,Arena
Rod Wave,2026,2026-10-28,,LIVE NATION MUSIC,21434081.53,44782080.52,58117202.64,1,85,1,0,0,0,US,Arena
KATSEYE,2026,2026-10-28,,LIVE NATION MUSIC,3772036.89,0.0,0.0,0,1,5,2,0,0,US,Arena
Young Miko,2026,2026-10-28,,LIVE NATION MUSIC,1819198.33,11120905.33,716909.22,7,8,21,5,0,2,US,Arena
Reason,2026,2026-10-28,,LIVE NATION MUSIC,0.0,3617.6,1440.0,0,0,1,1,0,0,US,Arena
Gorillaz,2026,2026-10-28,,LIVE NATION MUSIC,2844527.25,0.0,5075.0,8,77,15,1,3,1,US,Arena
Fuerza Regida,2026,2026-10-28,,LIVE NATION MUSIC,12582339.4,61688406.68,40356839.51,6,68,5,0,14,0,US,Arena
Arcángel,2026,2026-10-28,,LIVE NATION MUSIC,0.0,5578759.22,9635530.99,2,31,6,0,4,1,US,Theater
Gentleman,2026,2026-10-28,,LIVE NATION MUSIC,558990.57,322521.05,108704.44,0,4,3,8,7,13,US,Arena
G-Eazy,2026,2026-10-28,,LIVE NATION MUSIC,453863.88,166997.78,53337.0,33,23,54,102,1,4,US,Amphitheatre
"Earth, Wind &amp; Fire",2026,2026-10-28,,LIVE NATION MUSIC,11282927.15,1131593.0,1437255.0,68,42,129,11,3,20,US,Theater
Lenny Pearce,2026,2026-10-28,,LIVE NATION MUSIC,1149576.75,11247.35,0.0,1,0,32,23,0,2,US,Theater
Malcolm Todd,2026,2026-10-28,,LIVE NATION MUSIC,207372.81,63535.0,0.0,0,0,5,8,0,0,US,Theater
UB40,2026,2026-10-28,,LIVE NATION MUSIC,1292055.05,5742450.69,2259277.81,10,34,54,23,0,4,US,Theater
Steve Lacy,2026,2026-10-28,,LIVE NATION MUSIC,0.0,0.0,48400.0,1,2,2,7,0,0,US,Arena
Beck,2026,2026-10-28,,LIVE NATION MUSIC,1461640.71,626608.75,4873011.17,24,9,29,9,0,4,US,Arena
Montell Fish,2026,2026-10-28,,LIVE NATION MUSIC,850372.49,98486.05,0.0,0,0,3,6,0,0,US,Club
Michael Franti &amp; Spearhead,2026,2026-10-28,,LIVE NATION MUSIC,877302.5,6993576.6,4151183.84,114,3,86,115,2,32,US,Club
glaive,2026,2026-10-28,,LIVE NATION MUSIC,87140.09,0.0,70042.53,0,0,4,26,0,1,US,Club
Slow Pulp,2026,2026-10-28,,LIVE NATION MUSIC,0.0,106046.0,34083.07,0,0,1,10,0,0,US,Club
Jeans,2026,2026-10-28,,LIVE NATION MUSIC,0.0,0.0,0.0,0,1,4,0,0,0,US,Theater
Victor &amp; Leo,2026,2026-10-28,,LIVE NATION MUSIC,0.0,0.0,0.0,0,0,24,1,0,0,US,Amphitheatre
Bad Gyal,2026,2026-10-28,,LIVE NATION MUSIC,0.0,1369372.12,1613122.36,0,8,1,1,1,1,US,Theater
George Clanton,2026,2026-10-28,,LIVE NATION MUSIC,51207.5,17007.0,60284.82,0,0,1,9,0,1,US,Club
Back &amp; Forth - Foo Fighters Tribute,2026,2026-10-28,,LIVE NATION MUSIC,1985.0,3110.0,0.0,0,0,0,2,0,0,US,Theater
"Dilated Peoples, Souls Of Mischief",2026,2026-10-28,,LIVE NATION MUSIC,82893.5,0.0,0.0,0,0,0,1,0,0,US,Club
Tou,2026,2026-10-28,,HOUSE OF BLUES CONCERTS (HOB),0.0,348354.82999999996,0.0,0,0,0,1,0,1,US,Club
Griffin William Sherry,2026,2026-10-28,,LIVE NATION MUSIC,0.0,2048.0,7500.0,0,0,0,3,0,0,US,Club
The Brook &amp; The Bluff,2026,2026-10-28,,FRANK PRODUCTIONS,13195.0,54224.59,250521.71,0,0,7,36,0,1,US,Club
"Dream, Ivory",2026,2026-10-28,,LIVE NATION MUSIC,0.0,0.0,3737.51,0,0,0,4,0,0,US,Club
Stop Light Observations,2026,2026-10-28,,LIVE NATION MUSIC,8030.0,24239.15,16072.0,0,0,3,21,0,0,US,Club
"Havok, Toxic Holocaust",2026,2026-10-28,,LIVE NATION MUSIC,0.0,0.0,9568.5,0,0,0,1,0,0,US,Theater
iO,2026,2026-10-28,,LIVE NATION MUSIC,0.0,0.0,0.0,0,0,1,0,0,0,US,Theater
Peppermint,2026,2026-10-28,,LIVE NATION MUSIC,0.0,0.0,0.0,0,0,0,3,0,0,US,Club
Zebra,2026,2026-10-28,,LIVE NATION MUSIC,11838.0,83347.25,77559.75,0,0,8,11,0,0,US,Club
Cameron Whitcomb,2026,2026-10-28,,HOUSE OF BLUES CONCERTS (HOB),169356.41999999998,20541.0,0.0,0,0,5,16,0,0,US,Club
Ax and the Hatchetmen,2026,2026-10-28,,LIVE NATION MUSIC,167304.38,10365.0,2059.0,0,0,2,28,0,0,US,Theater
Tern,2026,2026-10-28,,LIVE NATION MUSIC,0.0,0.0,1547.29,0,0,0,1,0,0,US,Theater
"Son, You Silence I Bird",2026,2026-10-28,,LIVE NATION MUSIC,0.0,0.0,0.0,0,0,1,1,0,2,US,Other
Lauren Sanderson,2026,2026-10-28,,LIVE NATION MUSIC,0.0,20673.0,22912.57,0,0,1,13,0,0,US,Club
Boy Harsher,2026,2026-10-28,,LIVE NATION MUSIC,0.0,0.0,0.0,0,0,1,14,0,1,US,Club
Lauren Sanderson,2026,2026-10-28,,LIVE NATION MUSIC,0.0,20673.0,22912.57,0,0,1,13,0,0,US,Club
Boy Harsher,2026,2026-10-28,,LIVE NATION MUSIC,0.0,0.0,0.0,0,0,1,14,0,1,US,Club
The Story So Far,2026,2026-10-28,,LIVE NATION CANADA (LN),461364.5,311383.29,21725.0,0,0,10,57,1,5,International,Club
She Wants Revenge,2026,2026-10-28,,LIVE NATION CANADA (LN),79720.0,0.0,7566.52,0,1,5,27,0,1,International,Club
"Ris, John Urbano",2026,2026-10-28,,LIVE NATION CANADA (LN),0.0,0.0,0.0,0,0,0,1,0,0,International,Club
Waylon Wyatt,2026,2026-10-28,,LIVE NATION CANADA (LN),127869.14,0.0,0.0,0,0,2,8,0,0,International,Theater
Beabadoobee,2026,2026-10-28,,LIVE NATION CANADA (LN),801797.5,2506361.44,323192.05,1,2,23,27,0,1,International,Arena
"Begonia, Sumer",2026,2026-10-28,,LIVE NATION CANADA (LN),0.0,0.0,1091.5,0,0,0,1,0,0,International,Theater
Chris &amp; Rich Robinson,2026,2026-10-28,,LIVE NATION CANADA (LN),0.0,0.0,0.0,0,0,0,2,0,0,International,Club
Buena Vista Orchestra,2026,2026-10-28,,LIVE NATION CANADA (LN),231487.7,0.0,0.0,0,0,2,1,0,0,International,Theater
Dizzee Rascal,2026,2026-10-28,,MCD PRODUCTIONS,734263.18,558902.65,1192351.83,0,5,7,8,0,1,International,Theater
Korn,2026,2026-10-28,,LIVE NATION MUSIC UK LTD,7267179.31,12956787.2,0.0,43,43,20,32,5,8,International,Arena
Mora,2026,2026-10-28,,LIVE NATION MUSIC UK LTD,16630361.64,0.0,11841095.3,1,20,6,2,3,3,International,Arena
Allie X,2026,2026-10-28,,LIVE NATION MUSIC UK LTD,107624.0,79993.31,0.0,0,0,2,12,0,2,International,Club
Runa,2026,2026-10-28,,LIVE NATION MUSIC UK LTD,10313.8,0.0,10083.2,0,0,6,1,0,0,International,Theater
Shay O'Dowd,2026,2026-10-28,,"LIVE NATION UK FOR ARTIST, TOUR, FESTIVAL AND PRESALE NEWS",14690.490000000002,0.0,0.0,0,0,1,1,0,1,International,Club
Manic Street Preachers,2026,2026-10-28,,DF CONCERTS,1615139.12,964993.56,0.0,0,15,28,16,2,0,International,Theater
Ruby,2026,2026-10-28,,"LIVE NATION UK FOR ARTIST, TOUR, FESTIVAL AND PRESALE NEWS",0.0,0.0,606.0,0,0,0,1,0,0,International,Club
Berre,2026,2026-10-28,,LIVE NATION MUSIC UK LTD,0.0,54020.57,4016.07,0,0,0,2,0,0,International,Club
Beaux,2026,2026-10-28,,"LIVE NATION UK FOR ARTIST, TOUR, FESTIVAL AND PRESALE NEWS",0.0,0.0,0.0,0,0,0,1,0,0,International,Club
Rikas,2026,2026-10-28,,"LIVE NATION UK FOR ARTIST, TOUR, FESTIVAL AND PRESALE NEWS",0.0,4248.02,0.0,0,0,1,4,0,1,International,Club
Decade,2026,2026-10-28,,"LIVE NATION UK FOR ARTIST, TOUR, FESTIVAL AND PRESALE NEWS",14257.28,0.0,0.0,0,0,0,2,0,0,International,Club
Lucia &amp; The Best Boys,2026,2026-10-28,,LIVE NATION MUSIC UK LTD,19628.76,0.0,17622.96,0,0,0,5,0,0,International,Theater
D-Block Europe,2026,2026-10-28,,"LIVE NATION UK FOR ARTIST, TOUR, FESTIVAL AND PRESALE NEWS",4791928.09,1208414.02,33771.25,0,9,2,2,0,0,International,Arena
MT Jones,2026,2026-10-28,,DF CONCERTS,2543.46,0.0,0.0,0,0,0,2,0,0,International,Club
STVW,2026,2026-10-28,,LIVE NATION MUSIC UK LTD,0.0,0.0,0.0,0,0,0,3,0,0,International,Club
Tom &amp; Collins,2026,2026-10-28,,LIVE NATION MUSIC UK LTD,1970.0,0.0,0.0,0,0,0,1,0,0,International,Club
"I, Colossus",2026,2026-10-28,,"LIVE NATION UK FOR ARTIST, TOUR, FESTIVAL AND PRESALE NEWS",0.0,0.0,0.0,0,0,0,1,0,0,International,Club
Manic Street Preachers,2026,2026-10-28,,DF CONCERTS,1615139.12,964993.56,0.0,0,15,28,16,2,0,International,Theater
5 Seconds Of Summer,2026,2026-10-28,,LIVE NATION AUSTRALIA,0.0,0.0,17154005.1,87,164,38,10,3,13,International,Arena
Jimmy Sea,2026,2026-10-28,,OCESA,0.0,107720.83,0.0,0,0,1,0,0,0,International,Theater
Aitana,2026,2026-10-28,,OCESA,10022719.03,1046744.51,9033891.4,8,27,6,0,22,8,International,Arena
Omar Courtz,2026,2026-10-28,,OCESA,8215574.29,0.0,0.0,0,22,2,1,2,1,International,Arena
Andreas Gabalier,2026,2026-10-28,,Live Nation GmbH,6533472.3,5036718.25,11601676.81,9,28,1,0,12,4,International,Arena
Puscifer,2026,2026-10-28,,Live Nation Sp. z o.o.,0.0,0.0,418228.45,5,4,88,17,0,0,International,Theater
Pluko,2026,2026-10-28,,Live Nation sp. z o.o.,0.0,0.0,0.0,0,0,0,1,0,0,International,Club
John Summit,2026,2026-10-29,,LIVE NATION MUSIC,1618895.52,6378033.54,2121909.0,1,6,4,6,1,1,US,Arena
"Chris Brown, Usher",2026,2026-10-29,,LIVE NATION MUSIC,0.0,0.0,0.0,0,0,0,0,18,0,US,Stadium
Rock,2026,2026-10-29,,LIVE NATION MUSIC,0.0,0.0,0.0,0,0,0,1,0,0,US,Arena
Olivia Rodrigo,2026,2026-10-29,,LIVE NATION MUSIC,23420107.2,169307085.8,0.0,0,68,10,2,5,1,US,Arena
Lawrence,2026,2026-10-29,,LIVE NATION MUSIC,465747.33,875113.88,58367.52,0,0,8,43,0,4,US,Club
Rodrigo y Gabriela,2026,2026-10-29,,LIVE NATION MUSIC,68954.74,537959.35,1458366.69,33,3,134,58,0,10,US,Club
Saosin,2026,2026-10-29,,HOUSE OF BLUES CONCERTS (HOB),0.0,43142.5,30500.0,0,0,3,12,0,0,US,Club
Daughtry,2026,2026-10-29,,LIVE NATION MUSIC,0.0,248378.35,1728352.14,9,66,135,39,0,22,US,Arena
Blue October,2026,2026-10-29,,LIVE NATION MUSIC,380805.29,725828.84,1268376.38,4,2,79,177,1,3,US,Club
Daniela Spalla,2026,2026-10-29,,HOUSE OF BLUES CONCERTS (HOB),630994.95,526043.9299999999,123566.22,1,2,6,0,0,0,US,Theater
Grahame Lesh,2026,2026-10-29,,LIVE NATION MUSIC,0.0,6920.0,0.0,0,0,0,1,0,0,US,Club
Periphery,2026,2026-10-29,,LIVE NATION MUSIC,0.0,508193.42,0.0,0,0,21,57,0,3,US,Theater
Harbour,2026,2026-10-29,,LIVE NATION MUSIC,55592.03,0.0,104133.0,0,0,2,44,0,0,US,Theater
Gun,2026,2026-10-29,,LIVE NATION MUSIC,99386.43,100794.15,101429.7,0,0,0,11,0,2,US,Club
Paige Fish,2026,2026-10-29,,LIVE NATION MUSIC,9092.75,0.0,0.0,0,0,0,2,0,0,US,Club
SiM,2026,2026-10-29,,LIVE NATION MUSIC,0.0,78357.29000000001,0.0,0,0,0,4,0,0,US,Theater
"Halloween, Alaska",2026,2026-10-29,,LIVE NATION MUSIC,0.0,0.0,0.0,0,0,0,5,0,0,US,Theater
Dillinger Escape Plan,2026,2026-10-29,,LIVE NATION MUSIC,0.0,225010.0,0.0,0,0,9,67,0,2,US,Club
"Prof, Yelawolf, That Mexican Ot",2026,2026-10-29,,LIVE NATION MUSIC,0.0,0.0,0.0,0,0,0,1,0,0,US,Club
"Mic Crenshaw, Special Guests",2026,2026-10-29,,LIVE NATION MUSIC,0.0,0.0,0.0,0,0,0,1,0,0,US,Club
Black Label Society,2026,2026-10-29,,LIVE NATION MUSIC,0.0,0.0,0.0,0,4,34,65,0,2,US,Theater
Black Label Society,2026,2026-10-29,,LIVE NATION MUSIC,0.0,0.0,0.0,0,4,34,65,0,2,US,Theater
Metallica,2026,2026-10-29,,LIVE NATION MUSIC,137107458.47,179373637.38,146435306.85,0,95,4,4,135,10,US,Stadium
Metallica,2026,2026-10-29,,LIVE NATION MUSIC,137107458.47,179373637.38,146435306.85,0,95,4,4,135,10,US,Stadium
Doja Cat,2026,2026-10-29,,LIVE NATION MUSIC,7384674.46,7298161.81,31988065.4,0,39,0,9,0,0,US,Arena
Dan + Shay,2026,2026-10-29,,LIVE NATION MUSIC,0.0,23220519.09,2076160.61,32,54,33,41,1,8,US,Arena
Young Miko,2026,2026-10-29,,LIVE NATION MUSIC,1819198.33,11120905.33,716909.22,7,8,21,5,0,2,US,Arena
Rock,2026,2026-10-29,,FRANK PRODUCTIONS,0.0,0.0,0.0,0,0,0,1,0,0,US,Club
Morrissey,2026,2026-10-29,,LIVE NATION MUSIC,8361407.86,1017799.69,2240888.39,6,44,99,19,0,9,US,Arena
Beabadoobee,2026,2026-10-29,,LIVE NATION MUSIC,801797.5,2506361.44,323192.05,1,2,23,27,0,1,US,Arena
Lawrence,2026,2026-10-29,,LIVE NATION MUSIC,465747.33,875113.88,58367.52,0,0,8,43,0,4,US,Club
Moenia,2026,2026-10-29,,LIVE NATION MUSIC,755367.0800000001,887876.74,585685.95,1,3,21,5,1,1,US,Theater
Orville Peck,2026,2026-10-29,,LIVE NATION MUSIC,0.0,1089190.07,122699.0,2,0,10,21,0,3,US,Club
Tina,2026,2026-10-29,,LIVE NATION MUSIC,0.0,0.0,0.0,0,0,2,0,0,0,US,Arena
Bryson Tiller,2026,2026-10-29,,LIVE NATION MUSIC,0.0,14396903.73,1952369.56,10,20,31,34,0,2,US,Arena
Alvaro,2026,2026-10-29,,LIVE NATION MUSIC,0.0,0.0,0.0,0,0,0,1,0,0,US,Amphitheatre
Slow Pulp,2026,2026-10-29,,LIVE NATION MUSIC,0.0,106046.0,34083.07,0,0,1,10,0,0,US,Club
Little Big Town,2026,2026-10-29,,LIVE NATION MUSIC,2309214.5,13004819.31,2846985.5,23,68,94,16,1,12,US,Theater
Little Big Town,2026,2026-10-29,,LIVE NATION MUSIC,2309214.5,13004819.31,2846985.5,23,68,94,16,1,12,US,Theater
The Chicks,2026,2026-10-29,,LIVE NATION MUSIC,0.0,0.0,21183223.21,39,69,4,0,3,0,US,Arena
Malcolm Todd,2026,2026-10-29,,LIVE NATION MUSIC,207372.81,63535.0,0.0,0,0,5,8,0,0,US,Theater
Chief Keef,2026,2026-10-29,,LIVE NATION MUSIC,0.0,366115.0,0.0,0,1,6,19,0,0,US,Club
Candlebox,2026,2026-10-29,,LIVE NATION MUSIC,0.0,15636.21,95486.8,1,0,20,59,0,5,US,Club
VOILÀ,2026,2026-10-29,,LIVE NATION MUSIC,10579.34,0.0,0.0,0,0,0,6,0,0,US,Club
Earl Sweatshirt,2026,2026-10-29,,LIVE NATION MUSIC,145905.72999999998,0.0,304502.67,0,0,7,36,0,0,US,Club
Vince Staples,2026,2026-10-29,,LIVE NATION MUSIC,0.0,253029.0,0.0,0,0,7,36,0,0,US,Club
Victory,2026,2026-10-29,,LIVE NATION MUSIC,0.0,0.0,0.0,0,0,0,2,0,0,US,Club
Rumours of Fleetwood Mac,2026,2026-10-29,,LIVE NATION MUSIC,2015307.52,1062389.97,1428407.85,3,12,88,29,0,7,US,Theater
Justin Moore,2026,2026-10-29,,LIVE NATION MUSIC,693745.45,247408.35,1753135.12,19,59,26,21,0,11,US,Arena
The Used,2026,2026-10-29,,LIVE NATION MUSIC,1894094.94,611524.01,1524313.71,4,2,49,91,0,3,US,Theater
Wage War,2026,2026-10-29,,HOUSE OF BLUES CONCERTS (HOB),0.0,250965.5,163464.08000000002,0,1,4,25,0,1,US,Club
Xavier Wulf,2026,2026-10-29,,LIVE NATION MUSIC,37425.0,959758.4,0.0,1,0,14,55,0,0,US,Club
The Barr Brothers,2026,2026-10-29,,LIVE NATION MUSIC,0.0,0.0,0.0,0,0,2,28,0,0,US,Club
The Smashing Pumpkins,2026,2026-10-29,,LIVE NATION MUSIC,1932119.81,4451112.17,12656219.06,29,91,42,26,1,5,US,Arena
Epik High,2026,2026-10-29,,LIVE NATION MUSIC,0.0,184487.78,400979.87,0,0,5,15,0,0,US,Club
"Halloween, Alaska",2026,2026-10-29,,LIVE NATION MUSIC,0.0,0.0,0.0,0,0,0,5,0,0,US,Club
Demon Hunter,2026,2026-10-29,,LIVE NATION MUSIC,17480.0,15615.0,14215.0,0,0,1,17,0,0,US,Club
Tou,2026,2026-10-29,,LIVE NATION MUSIC,0.0,348354.82999999996,0.0,0,0,0,1,0,1,US,Club
The Selfless Lovers,2026,2026-10-29,,LIVE NATION MUSIC,0.0,0.0,0.0,0,0,0,1,0,0,US,Club
"Dilated Peoples, Souls Of Mischief",2026,2026-10-29,,LIVE NATION MUSIC,82893.5,0.0,0.0,0,0,0,1,0,0,US,Club
Ray and Paul,2026,2026-10-29,,LIVE NATION MUSIC,11625.0,10875.0,0.0,0,0,0,6,0,0,US,Club
Forever,2026,2026-10-29,,LIVE NATION MUSIC,70329.51,0.0,0.0,0,1,0,0,0,0,US,Arena
The Smashing Pumpkins,2026,2026-10-29,,LIVE NATION MUSIC,1932119.81,4451112.17,12656219.06,29,91,42,26,1,5,US,Arena
Mochakk,2026,2026-10-29,,LIVE NATION MUSIC,2356638.57,99480.7,475576.08,0,0,1,15,1,8,US,Club
Phillip Phillips,2026,2026-10-29,,FRANK PRODUCTIONS,0.0,24750.0,12050.0,1,7,22,21,0,5,US,Theater
The Brook &amp; The Bluff,2026,2026-10-29,,LIVE NATION MUSIC,13195.0,54224.59,250521.71,0,0,7,36,0,1,US,Theater
Sawyer Hill,2026,2026-10-29,,LIVE NATION MUSIC,37539.14,18871.47,0.0,0,0,1,10,0,0,US,Theater
Violet Grohl,2026,2026-10-29,,LIVE NATION MUSIC,0.0,0.0,0.0,0,0,0,1,0,0,US,Club
"The Army, The Navy",2026,2026-10-29,,LIVE NATION MUSIC,33084.56,0.0,0.0,0,0,1,4,0,0,US,Club
John Scofield,2026,2026-10-29,,LIVE NATION MUSIC,16899.5,15825.0,22622.75,0,0,4,16,0,1,US,Theater
Hurricane Wisdom,2026,2026-10-29,,LIVE NATION MUSIC,11250.0,0.0,0.0,0,0,0,1,0,0,US,Club
"""Past, Present, Future: A Dance Gala""",2026,2026-10-29,,LIVE NATION MUSIC,0.0,0.0,0.0,0,0,1,0,0,0,US,Theater
Grace &amp; The Flat Boys,2026,2026-10-29,,LIVE NATION MUSIC,0.0,1496.9,0.0,0,0,0,1,0,0,US,Club
Bloom,2026,2026-10-29,,LIVE NATION MUSIC,0.0,0.0,0.0,0,0,0,6,0,1,US,Club
"Halloween, Alaska",2026,2026-10-29,,LIVE NATION MUSIC,0.0,0.0,0.0,0,0,0,5,0,0,US,Club
Femme Fatale,2026,2026-10-29,,LIVE NATION MUSIC,0.0,0.0,0.0,0,0,0,1,0,0,US,Theater
Donny Benét,2026,2026-10-29,,LIVE NATION TENNESSEE,46746.33,31580.03,62690.01,0,0,2,19,0,1,US,Club
Skaiwater,2026,2026-10-29,,LIVE NATION MUSIC,0.0,0.0,0.0,0,0,0,2,0,0,US,Club
The Sword,2026,2026-10-29,,LIVE NATION MUSIC,48904.0,0.0,42516.399999999994,0,0,11,102,0,6,US,Club
Buddy Guy,2026,2026-10-29,,LIVE NATION MUSIC,1069893.38,1872516.73,2376890.29,21,6,262,57,1,30,US,Theater
Bruce Cockburn,2026,2026-10-29,,LIVE NATION MUSIC,88765.0,99304.0,222261.52,0,0,35,67,0,3,US,Theater
Buddy Guy,2026,2026-10-29,,LIVE NATION MUSIC,1069893.38,1872516.73,2376890.29,21,6,262,57,1,30,US,Theater
AZ,2026,2026-10-29,,LIVE NATION MUSIC,75395.0,0.0,0.0,0,0,0,6,0,0,US,Club
Waterparks,2026,2026-10-29,,LIVE NATION MUSIC,117382.5,400433.43,506216.67,0,0,9,35,0,1,US,Theater
One Night Only,2026,2026-10-29,,LIVE NATION MUSIC,0.0,0.0,0.0,0,0,1,6,0,1,US,Theater
Jan &amp; Henry,2026,2026-10-29,,HOUSE OF BLUES CONCERTS (HOB),0.0,16605.16,0.0,0,0,0,1,0,0,US,Club
Feet,2026,2026-10-29,,LIVE NATION MUSIC,0.0,10531.8,0.0,0,0,1,2,0,0,US,Theater
Chasing Abbey,2026,2026-10-29,,HOUSE OF BLUES CONCERTS (HOB),0.0,53043.38,0.0,0,0,4,8,0,1,US,Club
Remi,2026,2026-10-29,,FRANK PRODUCTIONS,0.0,0.0,0.0,0,0,0,9,0,0,US,Club
Skilla Baby,2026,2026-10-29,,LIVE NATION MUSIC,0.0,32505.0,0.0,0,0,0,1,0,0,US,Club
Waterparks,2026,2026-10-29,,LIVE NATION MUSIC,117382.5,400433.43,506216.67,0,0,9,35,0,1,US,Theater
Skilla Baby,2026,2026-10-29,,LIVE NATION MUSIC,0.0,32505.0,0.0,0,0,0,1,0,0,US,Club
Bruce Cockburn,2026,2026-10-29,,LIVE NATION MUSIC,88765.0,99304.0,222261.52,0,0,35,67,0,3,US,Theater
One Night Only,2026,2026-10-29,,LIVE NATION MUSIC,0.0,0.0,0.0,0,0,1,6,0,1,US,Theater
Tou,2026,2026-10-29,,LIVE NATION CANADA (LN),0.0,348354.82999999996,0.0,0,0,0,1,0,1,International,Theater
Lennon Stella,2026,2026-10-29,,LIVE NATION CANADA (LN),0.0,0.0,0.0,0,0,2,9,0,0,International,Theater
Rain,2026,2026-10-29,,LIVE NATION CANADA (LN),0.0,0.0,207956.5,1,1,4,0,0,1,International,Club
KWN,2026,2026-10-29,,LIVE NATION CANADA (LN),25196.11,0.0,0.0,0,0,1,4,0,0,International,Club
"Headpins, The Holly Woods, Toronto",2026,2026-10-29,,LIVE NATION CANADA (LN),0.0,0.0,0.0,0,0,0,0,0,1,International,Other
"""Les Nits de Barcelona"", Sting",2026,2026-10-29,,LIVE NATION MUSIC,0.0,0.0,0.0,0,0,0,0,0,1,International,Other
"""Les Nits de Barcelona"", Sting",2026,2026-10-29,,EVENKO CO-PRO WITH LIVE NATION,0.0,0.0,0.0,0,0,0,0,0,1,International,Other
Dermot Kennedy,2026,2026-10-29,,LIVE NATION CANADA (LN),715573.15,0.0,19937522.59,6,39,56,61,10,4,International,Arena
Joy Oladokun,2026,2026-10-29,,LIVE NATION CANADA (LN),221534.01,52154.13,111946.52,1,0,2,21,0,1,International,Theater
Big Wreck,2026,2026-10-29,,LIVE NATION CANADA (LN),203303.58,0.0,105615.03,0,0,26,40,0,16,International,Arena
Buena Vista Orchestra,2026,2026-10-29,,LIVE NATION MUSIC,231487.7,0.0,0.0,0,0,2,1,0,0,International,Theater
DJ Shadow,2026,2026-10-29,,LIVE NATION CANADA (LN),159098.87,521575.89,66263.78,0,2,9,67,0,3,International,Club
Tyler Braden,2026,2026-10-29,,EVENKO CO-PRO WITH LIVE NATION,24451.73,11568.0,0.0,0,0,2,6,0,0,International,Club
Foy Vance,2026,2026-10-29,,MCD PRODUCTIONS,0.0,67882.0,243802.99,0,0,20,42,0,6,International,Theater
"""Festival International de Jazz De Montreal"", Saint Levant",2026,2026-10-29,,MCD PRODUCTIONS,0.0,0.0,0.0,0,0,0,1,0,0,International,Stadium
Archspire,2026,2026-10-29,,MCD PRODUCTIONS,0.0,47848.6,20915.61,0,0,2,8,0,2,International,Club
The Kid LAROI,2026,2026-10-29,,LIVE NATION MUSIC UK LTD,0.0,8502598.75,2968556.88,2,32,8,9,1,3,International,Arena
Allie X,2026,2026-10-29,,LIVE NATION MUSIC UK LTD,107624.0,79993.31,0.0,0,0,2,12,0,2,International,Club
Hits,2026,2026-10-29,,"LIVE NATION UK FOR ARTIST, TOUR, FESTIVAL AND PRESALE NEWS",0.0,0.0,0.0,0,0,0,1,0,0,International,Club
Runa,2026,2026-10-29,,LIVE NATION MUSIC UK LTD,10313.8,0.0,10083.2,0,0,6,1,0,0,International,Theater
Shay O'Dowd,2026,2026-10-29,,"LIVE NATION UK FOR ARTIST, TOUR, FESTIVAL AND PRESALE NEWS",14690.490000000002,0.0,0.0,0,0,1,1,0,1,International,Club
BRAT,2026,2026-10-29,,LIVE NATION (MUSIC) UK LTD (VENUES),0.0,22448.23,0.0,0,0,1,3,0,0,International,Theater
Keo,2026,2026-10-29,,"LIVE NATION UK FOR ARTIST, TOUR, FESTIVAL AND PRESALE NEWS",16500.84,0.0,0.0,0,0,2,6,0,0,International,Club
Decade,2026,2026-10-29,,LIVE NATION MUSIC UK LTD,14257.28,0.0,0.0,0,0,0,2,0,0,International,Club
Rikas,2026,2026-10-29,,"LIVE NATION UK FOR ARTIST, TOUR, FESTIVAL AND PRESALE NEWS",0.0,4248.02,0.0,0,0,1,4,0,1,International,Club
Overpass,2026,2026-10-29,,LIVE NATION MUSIC UK LTD,41579.36,3838.95,0.0,0,0,1,6,0,1,International,Club
Tom &amp; Collins,2026,2026-10-29,,"LIVE NATION UK FOR ARTIST, TOUR, FESTIVAL AND PRESALE NEWS",1970.0,0.0,0.0,0,0,0,1,0,0,International,Club
STVW,2026,2026-10-29,,LIVE NATION MUSIC UK LTD,0.0,0.0,0.0,0,0,0,3,0,0,International,Club
M,2026,2026-10-29,,OCESA,0.0,0.0,286459.73,0,0,2,0,0,0,International,Arena
Los Pericos,2026,2026-10-29,,OCESA,245857.0,69345.24,174757.27000000002,0,3,9,7,0,1,International,Theater
Omar Courtz,2026,2026-10-29,,OCESA,8215574.29,0.0,0.0,0,22,2,1,2,1,International,Arena
Adora,2026,2026-10-29,,OCESA,0.0,0.0,0.0,0,0,0,1,0,0,International,Club
Nas,2026,2026-10-29,,OCESA,411962.6,1911410.15,1663718.0,1,2,20,7,0,1,International,Theater
Ghinzu,2026,2026-10-29,,Live Nation,0.0,0.0,0.0,0,1,0,0,0,0,International,Arena
Don Toliver,2026,2026-10-29,,Live Nation GmbH,9032674.43,8111510.19,3222824.84,1,61,12,7,0,2,International,Theater
John Summit,2026,2026-10-30,,LIVE NATION MUSIC,1618895.52,6378033.54,2121909.0,1,6,4,6,1,1,US,Arena
Olivia Rodrigo,2026,2026-10-30,,LIVE NATION MUSIC,23420107.2,169307085.8,0.0,0,68,10,2,5,1,US,Arena
Lawrence,2026,2026-10-30,,LIVE NATION MUSIC,465747.33,875113.88,58367.52,0,0,8,43,0,4,US,Club
Beck,2026,2026-10-30,,LIVE NATION MUSIC,1461640.71,626608.75,4873011.17,24,9,29,9,0,4,US,Theater
Motionless In White,2026,2026-10-30,,LIVE NATION MUSIC,131287.04,0.0,1810722.63,7,19,22,41,0,2,US,Arena
Blue October,2026,2026-10-30,,LIVE NATION MUSIC,380805.29,725828.84,1268376.38,4,2,79,177,1,3,US,Club
The String Cheese Incident,2026,2026-10-30,,LIVE NATION MUSIC,1786812.0,1997311.65,1388387.48,31,7,38,22,0,3,US,Theater
Earlybirds Club,2026,2026-10-30,,LIVE NATION MUSIC,18020.0,0.0,0.0,0,0,1,15,0,0,US,Club
IVE,2026,2026-10-30,,LIVE NATION MUSIC,3790215.44,12543199.86,3686900.39,0,21,0,0,0,0,US,Amphitheatre
Earl Sweatshirt,2026,2026-10-30,,LIVE NATION MUSIC,145905.72999999998,0.0,304502.67,0,0,7,36,0,0,US,Club
"""Spring Fever"" Sacramento, CA",2026,2026-10-30,,LIVE NATION MUSIC,0.0,0.0,0.0,0,0,0,1,0,0,US,Arena
Neurosis,2026,2026-10-30,,LIVE NATION MUSIC,0.0,0.0,0.0,0,0,1,22,0,0,US,Club
God Street Wine,2026,2026-10-30,,LIVE NATION MUSIC,14525.0,0.0,0.0,0,0,0,4,0,0,US,Theater
Edward &amp; Graham,2026,2026-10-30,,LIVE NATION MUSIC,0.0,0.0,0.0,0,0,0,1,0,0,US,Club
Twiztid,2026,2026-10-30,,LIVE NATION MUSIC,92425.5,11779.0,49417.0,0,0,17,113,0,3,US,Theater
All Them Witches,2026,2026-10-30,,LIVE NATION MUSIC,475851.11,77303.9,380277.5,1,0,12,55,0,2,US,Club
"Mic Crenshaw, Special Guests",2026,2026-10-30,,LIVE NATION MUSIC,0.0,0.0,0.0,0,0,0,1,0,0,US,Club
The Longest Johns,2026,2026-10-30,,HOUSE OF BLUES CONCERTS (HOB),145256.26,132222.35,26181.48,0,0,7,30,0,4,US,Club
Dead Poet Society,2026,2026-10-30,,LIVE NATION MUSIC,0.0,95493.81,8199.75,0,0,0,18,0,1,US,Club
J &amp; The Causeways,2026,2026-10-30,,LIVE NATION MUSIC,2003.0,0.0,0.0,0,0,0,2,0,0,US,Theater
The Robert Cray Band,2026,2026-10-30,,FRANK PRODUCTIONS,700360.73,517852.71,632814.87,6,1,150,77,0,9,US,Theater
Saosin,2026,2026-10-30,,HOUSE OF BLUES CONCERTS (HOB),0.0,43142.5,30500.0,0,0,3,12,0,0,US,Club
The War and Treaty,2026,2026-10-30,,LIVE NATION MUSIC,259653.86,53398.5,166337.76,0,0,12,33,0,2,US,Club
The War and Treaty,2026,2026-10-30,,LIVE NATION MUSIC,259653.86,53398.5,166337.76,0,0,12,33,0,2,US,Club
Dom Dolla,2026,2026-10-30,,LIVE NATION MUSIC,8082021.23,15452893.68,1530500.58,5,3,1,9,5,3,US,Club
Mannequin Pussy,2026,2026-10-30,,LIVE NATION MUSIC,186240.58,293493.84,5220.0,0,0,4,31,0,0,US,Club
Dom Dolla,2026,2026-10-30,,LIVE NATION MUSIC,8082021.23,15452893.68,1530500.58,5,3,1,9,5,3,US,Club
Periphery,2026,2026-10-30,,LIVE NATION MUSIC,0.0,508193.42,0.0,0,0,21,57,0,3,US,Theater
Boy Harsher,2026,2026-10-30,,LIVE NATION MUSIC,0.0,0.0,0.0,0,0,1,14,0,1,US,Theater
Mannequin Pussy,2026,2026-10-30,,LIVE NATION MUSIC,186240.58,293493.84,5220.0,0,0,4,31,0,0,US,Club
Periphery,2026,2026-10-30,,LIVE NATION MUSIC,0.0,508193.42,0.0,0,0,21,57,0,3,US,Theater
Harry Styles,2026,2026-10-30,,LIVE NATION MUSIC,0.0,0.0,252490036.3,1,117,15,2,33,5,US,Arena
Maná,2026,2026-10-30,,LIVE NATION MUSIC,0.0,0.0,0.0,0,1,0,0,0,0,US,Arena
Gorillaz,2026,2026-10-30,,LIVE NATION MUSIC,2844527.25,0.0,5075.0,8,77,15,1,3,1,US,Arena
Reason,2026,2026-10-30,,LIVE NATION MUSIC,0.0,3617.6,1440.0,0,0,1,1,0,0,US,Arena
Rawayana,2026,2026-10-30,,LIVE NATION MUSIC,0.0,1859072.56,268722.57,0,16,7,9,1,1,US,Theater
Bronco,2026,2026-10-30,,LIVE NATION MUSIC,3757720.01,4199895.61,3332189.0300000003,2,27,36,12,0,14,US,Theater
"Evolution, The Ultimate Tribute to Journey!",2026,2026-10-30,,LIVE NATION MUSIC,0.0,0.0,0.0,0,0,0,1,0,0,US,Amphitheatre
Shakey Graves,2026,2026-10-30,,LIVE NATION MUSIC,530628.21,401599.02,1244604.5,18,0,48,154,2,15,US,Arena
Forever,2026,2026-10-30,,LIVE NATION MUSIC,70329.51,0.0,0.0,0,1,0,0,0,0,US,Theater
Knocked Loose,2026,2026-10-30,,LIVE NATION MUSIC,511899.01,1019550.49,0.0,0,0,14,49,0,1,US,Club
Little Big Town,2026,2026-10-30,,LIVE NATION MUSIC,2309214.5,13004819.31,2846985.5,23,68,94,16,1,12,US,Arena
Charlie Wilson,2026,2026-10-30,,LIVE NATION MUSIC,2655640.4499999997,2305167.83,1497136.0,18,93,79,3,0,7,US,Theater
Tina,2026,2026-10-30,,LIVE NATION MUSIC,0.0,0.0,0.0,0,0,2,0,0,0,US,Arena
"Earth, Wind &amp; Fire",2026,2026-10-30,,LIVE NATION MUSIC,11282927.15,1131593.0,1437255.0,68,42,129,11,3,20,US,Theater
Alvaro,2026,2026-10-30,,LIVE NATION MUSIC,0.0,0.0,0.0,0,0,0,1,0,0,US,Theater
The Living Tombstone,2026,2026-10-30,,LIVE NATION MUSIC,1157002.59,58601.17,0.0,0,1,2,16,0,1,US,Club
Eliza,2026,2026-10-30,,LIVE NATION MUSIC,0.0,0.0,3339.85,0,0,0,1,0,0,US,Amphitheatre
YEBBA,2026,2026-10-30,,LIVE NATION MUSIC,0.0,0.0,0.0,0,0,0,4,0,0,US,Club
Daði Freyr,2026,2026-10-30,,LIVE NATION MUSIC,107627.55,173924.05,220434.4,0,0,7,15,0,0,US,Club
Orville Peck,2026,2026-10-30,,LIVE NATION MUSIC,0.0,1089190.07,122699.0,2,0,10,21,0,3,US,Club
Malcolm Todd,2026,2026-10-30,,LIVE NATION MUSIC,207372.81,63535.0,0.0,0,0,5,8,0,0,US,Theater
The Chicks,2026,2026-10-30,,LIVE NATION MUSIC,0.0,0.0,21183223.21,39,69,4,0,3,0,US,Arena
Electric Feel,2026,2026-10-30,,LIVE NATION MUSIC,0.0,0.0,0.0,0,0,0,5,0,0,US,Club
Ricky Martin,2026,2026-10-30,,LIVE NATION MUSIC,8687103.030000001,3503459.54,6317685.38,4,85,26,0,22,5,US,Arena
Yandel,2026,2026-10-30,,LIVE NATION MUSIC,5429413.42,695647.99,0.0,4,19,26,2,2,2,US,Arena
Dan + Shay,2026,2026-10-30,,LIVE NATION MUSIC,0.0,23220519.09,2076160.61,32,54,33,41,1,8,US,Arena
Loud Luxury,2026,2026-10-30,,LIVE NATION MUSIC,213706.55,586835.45,399088.5,0,0,6,34,0,0,US,Theater
The Texas Gentlemen,2026,2026-10-30,,LIVE NATION MUSIC,1565.58,0.0,0.0,0,0,0,4,0,0,US,Club
She Wants Revenge,2026,2026-10-30,,LIVE NATION MUSIC,79720.0,0.0,7566.52,0,1,5,27,0,1,US,Club
Musiq Soulchild,2026,2026-10-30,,LIVE NATION MUSIC,167579.5,1853606.62,875939.85,1,2,18,89,0,0,US,Theater
Dan + Shay,2026,2026-10-30,,LIVE NATION MUSIC,0.0,23220519.09,2076160.61,32,54,33,41,1,8,US,Arena
Thriller,2026,2026-10-30,,LIVE NATION MUSIC,0.0,0.0,0.0,0,1,0,0,0,0,US,Arena
Skillet,2026,2026-10-30,,LIVE NATION MUSIC,2557214.15,260542.96,1377748.06,6,30,44,67,1,14,US,Club
Moenia,2026,2026-10-30,,LIVE NATION MUSIC,755367.0800000001,887876.74,585685.95,1,3,21,5,1,1,US,Theater
Victory,2026,2026-10-30,,HOUSE OF BLUES CONCERTS (HOB),0.0,0.0,0.0,0,0,0,2,0,0,US,Club
"Halloween, Alaska",2026,2026-10-30,,LIVE NATION MUSIC,0.0,0.0,0.0,0,0,0,5,0,0,US,Club
The String Cheese Incident,2026,2026-10-30,,LIVE NATION MUSIC,1786812.0,1997311.65,1388387.48,31,7,38,22,0,3,US,Theater
PJ Morton,2026,2026-10-30,,LIVE NATION MUSIC,46060.5,822365.48,0.0,1,0,40,52,1,1,US,Arena
Xperience,2026,2026-10-30,,LIVE NATION MUSIC,0.0,0.0,0.0,0,0,0,2,0,0,US,Club
"""Past, Present, Future: A Dance Gala""",2026,2026-10-30,,HOUSE OF BLUES CONCERTS (HOB),0.0,0.0,0.0,0,0,1,0,0,0,US,Theater
Widespread Panic,2026,2026-10-30,,LIVE NATION MUSIC,9653571.5,2825134.0,6328087.49,96,32,157,20,4,8,US,Arena
Steve Lacy,2026,2026-10-30,,LIVE NATION MUSIC,0.0,0.0,48400.0,1,2,2,7,0,0,US,Amphitheatre
Caifanes,2026,2026-10-30,,LIVE NATION MUSIC,11228657.5,8803975.02,6125837.01,6,46,57,15,17,13,US,Theater
Winyah,2026,2026-10-30,,LIVE NATION MUSIC,12400.0,0.0,0.0,0,0,1,4,0,0,US,Club
Rumours of Fleetwood Mac,2026,2026-10-30,,LIVE NATION MUSIC,2015307.52,1062389.97,1428407.85,3,12,88,29,0,7,US,Arena
The Black Angels,2026,2026-10-30,,LIVE NATION MUSIC,0.0,18493.85,128084.29,1,0,16,79,0,0,US,Club
Jeans,2026,2026-10-30,,LIVE NATION MUSIC,0.0,0.0,0.0,0,1,4,0,0,0,US,Theater
Waylon Wyatt,2026,2026-10-30,,LIVE NATION MUSIC,127869.14,0.0,0.0,0,0,2,8,0,0,US,Club
W.A.S.P.,2026,2026-10-30,,HOUSE OF BLUES CONCERTS (HOB),1978037.07,334712.93,1072342.16,1,3,35,34,2,8,US,Theater
Galactic,2026,2026-10-30,,LIVE NATION MUSIC,122270.0,342113.0,213815.0,5,0,56,212,1,3,US,Theater
The Rising,2026,2026-10-30,,LIVE NATION MUSIC,0.0,0.0,0.0,0,0,0,3,0,0,US,Club
"Halloween, Alaska",2026,2026-10-30,,LIVE NATION MUSIC,0.0,0.0,0.0,0,0,0,5,0,0,US,Club
Island,2026,2026-10-30,,LIVE NATION MUSIC,0.0,0.0,0.0,0,0,0,5,0,0,US,Club
Cameron Whitcomb,2026,2026-10-30,,HOUSE OF BLUES CONCERTS (HOB),169356.41999999998,20541.0,0.0,0,0,5,16,0,0,US,Club
Nightly,2026,2026-10-30,,LIVE NATION MUSIC,84176.93,0.0,43096.5,0,0,2,17,0,0,US,Club
"Kip Moore, Jackson Dean",2026,2026-10-30,,LIVE NATION MUSIC,0.0,0.0,0.0,0,0,1,0,0,0,US,Theater
10 Years,2026,2026-10-30,,LIVE NATION MUSIC,35281.43,47010.25,6775.0,0,0,11,90,0,3,US,Club
"Halloween, Alaska",2026,2026-10-30,,LIVE NATION MUSIC,0.0,0.0,0.0,0,0,0,5,0,0,US,Club
Gasolina Party,2026,2026-10-30,,LIVE NATION MUSIC,71311.0,0.0,0.0,0,0,2,3,0,0,US,Theater
The Smashing Pumpkins,2026,2026-10-30,,LIVE NATION MUSIC,1932119.81,4451112.17,12656219.06,29,91,42,26,1,5,US,Arena
Nite,2026,2026-10-30,,HOUSE OF BLUES CONCERTS (HOB),0.0,0.0,0.0,0,0,0,1,0,0,US,Club
Charles Wesley Godwin,2026,2026-10-30,,LIVE NATION MUSIC,758444.48,1054854.04,609346.0,1,2,10,22,0,2,US,Club
The Gringos,2026,2026-10-30,,LIVE NATION MUSIC,0.0,0.0,0.0,0,0,0,1,0,0,US,Club
"Halloween, Alaska",2026,2026-10-30,,LIVE NATION MUSIC,0.0,0.0,0.0,0,0,0,5,0,0,US,Club
R&amp;B Vibes Live,2026,2026-10-30,,LIVE NATION MUSIC,0.0,0.0,0.0,0,0,0,2,0,0,US,Club
"Halloween, Alaska",2026,2026-10-30,,LIVE NATION MUSIC,0.0,0.0,0.0,0,0,0,5,0,0,US,Club
"""Past, Present, Future: A Dance Gala""",2026,2026-10-30,,LIVE NATION MUSIC,0.0,0.0,0.0,0,0,1,0,0,0,US,Theater
Itchy-O,2026,2026-10-30,,LIVE NATION MUSIC,0.0,0.0,0.0,0,0,0,6,0,0,US,Theater
Richard Marx,2026,2026-10-30,,LIVE NATION MUSIC,0.0,299398.92000000004,1079196.6,3,3,69,36,0,6,US,Theater
Itchy-O,2026,2026-10-30,,LIVE NATION MUSIC,0.0,0.0,0.0,0,0,0,6,0,0,US,Theater
"""Past, Present, Future: A Dance Gala""",2026,2026-10-30,,LIVE NATION MUSIC,0.0,0.0,0.0,0,0,1,0,0,0,US,Theater
America,2026,2026-10-30,,LIVE NATION MUSIC,4786730.81,4477164.55,1750231.2,5,8,180,41,0,14,US,Theater
The Smashing Pumpkins,2026,2026-10-30,,LIVE NATION MUSIC,1932119.81,4451112.17,12656219.06,29,91,42,26,1,5,US,Arena
Lenny Pearce,2026,2026-10-30,,LIVE NATION MUSIC,1149576.75,11247.35,0.0,1,0,32,23,0,2,US,Theater
"""Past, Present, Future: A Dance Gala""",2026,2026-10-30,,LIVE NATION MUSIC,0.0,0.0,0.0,0,0,1,0,0,0,US,Theater
Pop &amp; Poesie,2026,2026-10-30,,LIVE NATION MUSIC,0.0,123508.86,0.0,0,0,3,0,0,0,US,Theater
"Halloween, Alaska",2026,2026-10-30,,LIVE NATION MUSIC,0.0,0.0,0.0,0,0,0,5,0,0,US,Club
Patrick Droney,2026,2026-10-30,,LIVE NATION MUSIC,0.0,4245.59,25810.0,0,0,0,10,0,0,US,Club
"""Room, Room, Room""",2026,2026-10-30,,LIVE NATION MUSIC,0.0,2670.0,0.0,0,0,0,1,0,0,US,Theater
Femme Fatale,2026,2026-10-30,,LIVE NATION MUSIC,0.0,0.0,0.0,0,0,0,1,0,0,US,Theater
The Paranoyds,2026,2026-10-30,,LIVE NATION MUSIC,0.0,0.0,2520.0,0,0,0,5,0,0,US,Theater
The Paranoyds,2026,2026-10-30,,LIVE NATION MUSIC,0.0,0.0,2520.0,0,0,0,5,0,0,US,Theater
KNOX,2026,2026-10-30,,LIVE NATION MUSIC,60461.53,18594.0,0.0,0,0,0,9,0,0,US,Club
Three Days Grace,2026,2026-10-30,,LIVE NATION MUSIC,2587583.58,0.0,514555.96,4,55,36,61,0,8,US,Amphitheatre
Cirith Ungol,2026,2026-10-30,,LIVE NATION MUSIC,0.0,21278.11,0.0,0,0,0,2,0,0,US,Club
Victor &amp; Leo,2026,2026-10-30,,LIVE NATION MUSIC,0.0,0.0,0.0,0,0,24,1,0,0,US,Theater
Three Days Grace,2026,2026-10-30,,LIVE NATION MUSIC,2587583.58,0.0,514555.96,4,55,36,61,0,8,US,Amphitheatre
Greg Freeman,2026,2026-10-30,,LIVE NATION MUSIC,7366.860000000001,0.0,0.0,0,0,0,4,0,0,US,Club
Mitchell Ferguson,2026,2026-10-30,,HOUSE OF BLUES CONCERTS (HOB),1505.0,0.0,0.0,0,0,0,1,0,0,US,Club
"""98.1 The Bull - Red, White &amp; Boom!"", Sam Hunt",2026,2026-10-30,,LIVE NATION MUSIC,0.0,0.0,0.0,0,0,0,0,1,0,US,Stadium
Missio,2026,2026-10-30,,LIVE NATION MUSIC,0.0,21443.08,0.0,0,0,2,28,0,2,US,Club
"""Past, Present, Future: A Dance Gala""",2026,2026-10-30,,FRANK PRODUCTIONS,0.0,0.0,0.0,0,0,1,0,0,0,US,Theater
Donny Benét,2026,2026-10-30,,LIVE NATION MUSIC,46746.33,31580.03,62690.01,0,0,2,19,0,1,US,Theater
Francis Of Delirium,2026,2026-10-30,,LIVE NATION MUSIC,0.0,1340.85,0.0,0,0,0,1,0,0,US,Club
Ra,2026,2026-10-30,,LIVE NATION MUSIC,910.56,0.0,0.0,0,0,0,2,0,0,US,Club
Jon B,2026,2026-10-30,,LIVE NATION MUSIC,149874.51,211838.95,181255.45,0,0,2,37,0,0,US,Club
Neko Case,2026,2026-10-30,,LIVE NATION MUSIC,1192136.63,1182287.61,59248.25,6,0,115,61,2,3,US,Theater
"The Dead &amp; Down, Desperate Electric",2026,2026-10-30,,FRANK PRODUCTIONS,0.0,8940.0,0.0,0,0,1,0,0,0,US,Theater
Ra,2026,2026-10-30,,LIVE NATION MUSIC,910.56,0.0,0.0,0,0,0,2,0,0,US,Club
Dia De Los Muertos,2026,2026-10-30,,FRANK PRODUCTIONS,0.0,2872.0,0.0,0,0,1,0,0,0,US,Theater
Carter Faith,2026,2026-10-30,,LIVE NATION MUSIC,0.0,0.0,0.0,0,0,0,3,0,0,US,Club
"The Porch Flowers, One Beer Please",2026,2026-10-30,,FRANK PRODUCTIONS,0.0,1850.0,0.0,0,0,0,1,0,0,US,Club
Ween,2026,2026-10-30,,LIVE NATION MUSIC,0.0,755057.0,1663979.41,15,3,29,17,0,6,US,Theater
It's a 2000s (Halloween) Party,2026,2026-10-30,,FRANK PRODUCTIONS,18710.0,0.0,0.0,0,0,0,1,0,0,US,Club
George Clanton,2026,2026-10-30,,LIVE NATION MUSIC,51207.5,17007.0,60284.82,0,0,1,9,0,1,US,Club
Post Animal,2026,2026-10-30,,LIVE NATION MUSIC,26230.0,0.0,1824.0,0,0,0,18,0,1,US,Club
Juice,2026,2026-10-30,,LIVE NATION MUSIC,0.0,28340.0,1830.0,0,0,1,5,0,0,US,Club
Icon For Hire,2026,2026-10-30,,LIVE NATION MUSIC,0.0,40157.21,23502.5,1,0,8,58,0,2,US,Theater
Jay Webb,2026,2026-10-30,,HOUSE OF BLUES CONCERTS (HOB),9625.0,0.0,0.0,0,0,0,4,0,0,US,Club
Gasolina,2026,2026-10-30,,LIVE NATION MUSIC,0.0,62752.5,43876.0,0,0,1,7,0,0,US,Theater
Parra For Cuva,2026,2026-10-30,,LIVE NATION MUSIC,19882.18,92340.33,0.0,0,0,1,5,0,0,US,Theater
COSTA,2026,2026-10-30,,LIVE NATION MUSIC,211886.5,296956.25,311308.0,0,0,16,234,0,0,US,Club
Neko Case,2026,2026-10-30,,LIVE NATION MUSIC,1192136.63,1182287.61,59248.25,6,0,115,61,2,3,US,Theater
Arizona,2026,2026-10-30,,LIVE NATION MUSIC,0.0,0.0,0.0,0,0,0,7,0,1,US,Club
Juice,2026,2026-10-30,,LIVE NATION MUSIC,0.0,28340.0,1830.0,0,0,1,5,0,0,US,Club
George Clanton,2026,2026-10-30,,LIVE NATION MUSIC,51207.5,17007.0,60284.82,0,0,1,9,0,1,US,Club
Beyond,2026,2026-10-30,,LIVE NATION MUSIC,0.0,0.0,0.0,0,0,1,0,0,0,US,Theater
Icon For Hire,2026,2026-10-30,,LIVE NATION MUSIC,0.0,40157.21,23502.5,1,0,8,58,0,2,US,Theater
Post Animal,2026,2026-10-30,,LIVE NATION MUSIC,26230.0,0.0,1824.0,0,0,0,18,0,1,US,Club
Beyond,2026,2026-10-30,,LIVE NATION MUSIC,0.0,0.0,0.0,0,0,1,0,0,0,US,Theater
Ben &amp; Rose,2026,2026-10-30,,LIVE NATION TENNESSEE,0.0,0.0,0.0,0,0,1,0,0,0,US,Theater
The Wrecks,2026,2026-10-30,,LIVE NATION CANADA (LN),97000.68,0.0,0.0,0,0,1,12,0,0,International,Club
Big Wreck,2026,2026-10-30,,LIVE NATION CANADA (LN),203303.58,0.0,105615.03,0,0,26,40,0,16,International,Club
Hot Mulligan,2026,2026-10-30,,LIVE NATION CANADA (LN),556359.5,349447.57,159797.75,0,0,9,20,0,3,International,Theater
Maddie Zahm,2026,2026-10-30,,LIVE NATION CANADA (LN),0.0,103535.0,47568.0,0,0,0,8,0,0,International,Club
This Is Lorelei,2026,2026-10-30,,LIVE NATION CANADA (LN),0.0,0.0,0.0,0,0,1,1,0,0,International,Theater
SiM,2026,2026-10-30,,LIVE NATION CANADA (LN),0.0,78357.29000000001,0.0,0,0,0,4,0,0,International,Theater
Tyler Braden,2026,2026-10-30,,LIVE NATION CANADA (LN),24451.73,11568.0,0.0,0,0,2,6,0,0,International,Club
Dwayne Gretzky,2026,2026-10-30,,LIVE NATION CANADA (LN),0.0,0.0,0.0,0,0,1,2,0,0,International,Club
"""Les Nits de Barcelona"", Sting",2026,2026-10-30,,LIVE NATION MUSIC,0.0,0.0,0.0,0,0,0,0,0,1,International,Other
"""Les Nits de Barcelona"", Sting",2026,2026-10-30,,EVENKO CO-PRO WITH LIVE NATION,0.0,0.0,0.0,0,0,0,0,0,1,International,Other
Bryson Tiller,2026,2026-10-30,,LIVE NATION CANADA (LN),0.0,14396903.73,1952369.56,10,20,31,34,0,2,International,Arena
KATSEYE,2026,2026-10-30,,EVENKO CO-PRO WITH LIVE NATION,3772036.89,0.0,0.0,0,1,5,2,0,0,International,Arena
Buena Vista Orchestra,2026,2026-10-30,,LIVE NATION MUSIC,231487.7,0.0,0.0,0,0,2,1,0,0,International,Theater
DJ Shadow,2026,2026-10-30,,LIVE NATION CANADA (LN),159098.87,521575.89,66263.78,0,2,9,67,0,3,International,Club
AM &amp; Shawn Lee,2026,2026-10-30,,LIVE NATION CANADA (LN),0.0,0.0,0.0,0,0,0,7,0,0,International,Club
Owen Riegling,2026,2026-10-30,,LIVE NATION MUSIC,0.0,18187.81,0.0,0,0,1,1,0,0,International,Theater
Smash,2026,2026-10-30,,MCD PRODUCTIONS,0.0,0.0,0.0,0,0,1,0,0,0,International,Theater
Beaux,2026,2026-10-30,,MCD PRODUCTIONS,0.0,0.0,0.0,0,0,0,1,0,0,International,Club
Keane,2026,2026-10-30,,MCD PRODUCTIONS,659227.98,15370009.88,0.0,4,19,37,14,2,3,International,Theater
Korn,2026,2026-10-30,,LIVE NATION MUSIC UK LTD,7267179.31,12956787.2,0.0,43,43,20,32,5,8,International,Arena
Korn,2026,2026-10-30,,LIVE NATION MUSIC UK LTD,7267179.31,12956787.2,0.0,43,43,20,32,5,8,International,Arena
The Kid LAROI,2026,2026-10-30,,LIVE NATION MUSIC UK LTD,0.0,8502598.75,2968556.88,2,32,8,9,1,3,International,Arena
Shay O'Dowd,2026,2026-10-30,,"LIVE NATION UK FOR ARTIST, TOUR, FESTIVAL AND PRESALE NEWS",14690.490000000002,0.0,0.0,0,0,1,1,0,1,International,Club
Runa,2026,2026-10-30,,LIVE NATION MUSIC UK LTD,10313.8,0.0,10083.2,0,0,6,1,0,0,International,Theater
Slayyyter,2026,2026-10-30,,LIVE NATION MUSIC UK LTD,0.0,185129.1,100397.58,0,0,4,16,0,1,International,Theater
Keo,2026,2026-10-30,,"LIVE NATION UK FOR ARTIST, TOUR, FESTIVAL AND PRESALE NEWS",16500.84,0.0,0.0,0,0,2,6,0,0,International,Club
Rikas,2026,2026-10-30,,"LIVE NATION UK FOR ARTIST, TOUR, FESTIVAL AND PRESALE NEWS",0.0,4248.02,0.0,0,0,1,4,0,1,International,Club
Macklemore,2026,2026-10-30,,"LIVE NATION UK FOR ARTIST, TOUR, FESTIVAL AND PRESALE NEWS",2112280.41,2626999.84,10005607.44,1,32,16,17,2,2,International,Arena
Macklemore,2026,2026-10-30,,"LIVE NATION UK FOR ARTIST, TOUR, FESTIVAL AND PRESALE NEWS",2112280.41,2626999.84,10005607.44,1,32,16,17,2,2,International,Arena
Skindred,2026,2026-10-30,,LIVE NATION MUSIC UK LTD,66144.98,0.0,72648.37,0,0,4,39,0,3,International,Club
"I, Colossus",2026,2026-10-30,,"LIVE NATION UK FOR ARTIST, TOUR, FESTIVAL AND PRESALE NEWS",0.0,0.0,0.0,0,0,0,1,0,0,International,Club
One Night In Nashville,2026,2026-10-30,,DF CONCERTS,84906.76,13159.03,0.0,0,0,0,5,0,1,International,Club
STVW,2026,2026-10-30,,LIVE NATION MUSIC UK LTD,0.0,0.0,0.0,0,0,0,3,0,0,International,Club
Blackgold,2026,2026-10-30,,"LIVE NATION UK FOR ARTIST, TOUR, FESTIVAL AND PRESALE NEWS",0.0,0.0,0.0,0,0,0,1,0,0,International,Club
Sofi Tukker,2026,2026-10-30,,OCESA,90900.0,1935568.01,632857.29,4,1,13,35,0,3,International,Club
Kevin Kaarl,2026,2026-10-30,,OCESA,3180800.37,0.0,1953727.11,0,1,25,20,0,1,International,Theater
Aitana,2026,2026-10-30,,OCESA,10022719.03,1046744.51,9033891.4,8,27,6,0,22,8,International,Arena
La Tremenda Korte,2026,2026-10-30,,OCESA,38877.91,0.0,0.0,0,0,2,1,0,0,International,Theater
,2026,2026-10-30,,OCESA,0.0,0.0,0.0,0,0,0,0,0,0,International,Arena
Stephen Wilson Jr.,2026,2026-10-30,,Live Nation GmbH,786854.57,66436.31,0.0,2,0,10,13,0,1,International,Theater
Salo,2026,2026-10-30,,Live Nation,0.0,24682.49,29639.69,0,0,0,2,0,2,International,Club
D-Block Europe,2026,2026-10-30,,Live Nation Venues Netherlands BV Afas Live,4791928.09,1208414.02,33771.25,0,9,2,2,0,0,International,Arena
"Daniel, Me Estás Matando",2026,2026-10-30,,Live Nation Sp. z o.o.,475718.03,16960.0,442118.48,0,0,5,1,0,0,International,Theater
"Charlotte Brandi, Ment",2026,2026-10-30,,Live Nation sp. z o.o.,0.0,0.0,0.0,0,0,0,1,0,0,International,Arena
Kate Ryan,2026,2026-10-30,,Live Nation Sp. z o.o.,0.0,0.0,0.0,0,0,6,0,0,0,International,Theater
Don Toliver,2026,2026-10-30,,LIVE NATION CZECH REPUBLIC s.r.o.,9032674.43,8111510.19,3222824.84,1,61,12,7,0,2,International,Arena
"Chris Brown, Usher",2026,2026-10-31,,LIVE NATION MUSIC,0.0,0.0,0.0,0,0,0,0,18,0,US,Stadium
John Summit,2026,2026-10-31,,LIVE NATION MUSIC,1618895.52,6378033.54,2121909.0,1,6,4,6,1,1,US,Arena
Motionless In White,2026,2026-10-31,,LIVE NATION MUSIC,131287.04,0.0,1810722.63,7,19,22,41,0,2,US,Arena
Lawrence,2026,2026-10-31,,LIVE NATION MUSIC,465747.33,875113.88,58367.52,0,0,8,43,0,4,US,Club
"""Past, Present, Future: A Dance Gala""",2026,2026-10-31,,LIVE NATION MUSIC,0.0,0.0,0.0,0,0,1,0,0,0,US,Amphitheatre
"Halloween, Alaska",2026,2026-10-31,,LIVE NATION MUSIC,0.0,0.0,0.0,0,0,0,5,0,0,US,Club
Judah &amp; The Lion,2026,2026-10-31,,LIVE NATION MUSIC,74475.0,108536.7,156098.0,1,0,33,100,0,3,US,Club
Celebration,2026,2026-10-31,,LIVE NATION MUSIC,0.0,0.0,0.0,0,0,0,1,0,0,US,Club
The String Cheese Incident,2026,2026-10-31,,LIVE NATION MUSIC,1786812.0,1997311.65,1388387.48,31,7,38,22,0,3,US,Theater
Cypress Hill,2026,2026-10-31,,LIVE NATION MUSIC,6284002.34,1483751.0,399206.85,1,6,17,29,0,2,US,Club
Clara La San,2026,2026-10-31,,LIVE NATION MUSIC,2553.98,0.0,0.0,0,0,0,6,0,0,US,Club
Magnolia Park,2026,2026-10-31,,HOUSE OF BLUES CONCERTS (HOB),42438.0,5285.0,19186.52,0,0,2,8,0,0,US,Club
Hawthorne Heights,2026,2026-10-31,,LIVE NATION MUSIC,10175.0,356921.46,49305.0,2,0,4,55,0,5,US,Club
"""Past, Present, Future: A Dance Gala""",2026,2026-10-31,,HOUSE OF BLUES CONCERTS (HOB),0.0,0.0,0.0,0,0,1,0,0,0,US,Theater
Heavens,2026,2026-10-31,,LIVE NATION MUSIC,0.0,0.0,0.0,0,0,0,2,0,0,US,Club
Periphery,2026,2026-10-31,,LIVE NATION MUSIC,0.0,508193.42,0.0,0,0,21,57,0,3,US,Club
"""Spring Fever"" Sacramento, CA",2026,2026-10-31,,LIVE NATION MUSIC,0.0,0.0,0.0,0,0,0,1,0,0,US,Arena
Dweezil Zappa,2026,2026-10-31,,LIVE NATION MUSIC,1060154.55,1718199.74,0.0,0,0,69,53,0,3,US,Theater
Lenny Pearce,2026,2026-10-31,,LIVE NATION MUSIC,1149576.75,11247.35,0.0,1,0,32,23,0,2,US,Theater
Sueco,2026,2026-10-31,,LIVE NATION MUSIC,0.0,77100.38,70293.0,0,0,3,15,0,0,US,Club
Tou,2026,2026-10-31,,LIVE NATION MUSIC,0.0,348354.82999999996,0.0,0,0,0,1,0,1,US,Theater
Silly Goose,2026,2026-10-31,,LIVE NATION MUSIC,5327.52,0.0,0.0,0,0,0,2,0,0,US,Club
Neurosis,2026,2026-10-31,,LIVE NATION MUSIC,0.0,0.0,0.0,0,0,1,22,0,0,US,Club
"August Burns Red, The Amity Affliction",2026,2026-10-31,,LIVE NATION MUSIC,0.0,0.0,0.0,0,0,0,1,0,0,US,Club
"Andy Frasco &amp; The U.N., Kitchen Dwellers",2026,2026-10-31,,HOUSE OF BLUES CONCERTS (HOB),0.0,0.0,0.0,0,0,0,1,0,0,US,Club
Earl Sweatshirt,2026,2026-10-31,,HOUSE OF BLUES CONCERTS (HOB),145905.72999999998,0.0,304502.67,0,0,7,36,0,0,US,Club
Fantasy,2026,2026-10-31,,LIVE NATION MUSIC,0.0,0.0,0.0,1,26,26,4,0,15,US,Arena
Splintered Sunlight,2026,2026-10-31,,LIVE NATION MUSIC,6655.0,2530.0,15610.0,0,0,6,30,0,0,US,Club
Harbour,2026,2026-10-31,,LIVE NATION MUSIC,55592.03,0.0,104133.0,0,0,2,44,0,0,US,Club
Dom Dolla,2026,2026-10-31,,LIVE NATION MUSIC,8082021.23,15452893.68,1530500.58,5,3,1,9,5,3,US,Club
Dom Dolla,2026,2026-10-31,,LIVE NATION MUSIC,8082021.23,15452893.68,1530500.58,5,3,1,9,5,3,US,Club
"Halloween, Alaska",2026,2026-10-31,,LIVE NATION MUSIC,0.0,0.0,0.0,0,0,0,5,0,0,US,Club
"Halloween, Alaska",2026,2026-10-31,,LIVE NATION MUSIC,0.0,0.0,0.0,0,0,0,5,0,0,US,Club
Metallica,2026,2026-10-31,,LIVE NATION MUSIC,137107458.47,179373637.38,146435306.85,0,95,4,4,135,10,US,Stadium
Harry Styles,2026,2026-10-31,,LIVE NATION MUSIC,0.0,0.0,252490036.3,1,117,15,2,33,5,US,Arena
Rod Wave,2026,2026-10-31,,LIVE NATION MUSIC,21434081.53,44782080.52,58117202.64,1,85,1,0,0,0,US,Arena
Origin,2026,2026-10-31,,LIVE NATION MUSIC,0.0,0.0,0.0,0,0,0,9,0,2,US,Theater
Rawayana,2026,2026-10-31,,LIVE NATION MUSIC,0.0,1859072.56,268722.57,0,16,7,9,1,1,US,Arena
Young Miko,2026,2026-10-31,,LIVE NATION MUSIC,1819198.33,11120905.33,716909.22,7,8,21,5,0,2,US,Arena
Gorillaz,2026,2026-10-31,,LIVE NATION MUSIC,2844527.25,0.0,5075.0,8,77,15,1,3,1,US,Arena
Jeremy Camp,2026,2026-10-31,,LIVE NATION MUSIC,0.0,992889.65,784737.11,2,6,124,1,0,25,US,Amphitheatre
The Gentlemen's Club,2026,2026-10-31,,LIVE NATION MUSIC,6190.0,0.0,11045.89,0,0,0,3,0,0,US,Arena
Fuerza Regida,2026,2026-10-31,,LIVE NATION MUSIC,12582339.4,61688406.68,40356839.51,6,68,5,0,14,0,US,Arena
"Evolution, The Ultimate Tribute to Journey!",2026,2026-10-31,,LIVE NATION MUSIC,0.0,0.0,0.0,0,0,0,1,0,0,US,Arena
Skillet,2026,2026-10-31,,LIVE NATION MUSIC,2557214.15,260542.96,1377748.06,6,30,44,67,1,14,US,Theater
Third Eye Blind,2026,2026-10-31,,LIVE NATION MUSIC,150770.0,3404176.86,601482.25,45,4,37,52,1,8,US,Club
Little Big Town,2026,2026-10-31,,LIVE NATION MUSIC,2309214.5,13004819.31,2846985.5,23,68,94,16,1,12,US,Theater
Marilyn Manson,2026,2026-10-31,,LIVE NATION MUSIC,8245313.02,117608.0,0.0,3,22,29,41,0,2,US,Club
The Living Tombstone,2026,2026-10-31,,LIVE NATION MUSIC,1157002.59,58601.17,0.0,0,1,2,16,0,1,US,Arena
Arcángel,2026,2026-10-31,,LIVE NATION MUSIC,0.0,5578759.22,9635530.99,2,31,6,0,4,1,US,Theater
Reason,2026,2026-10-31,,LIVE NATION MUSIC,0.0,3617.6,1440.0,0,0,1,1,0,0,US,Arena
Arizona,2026,2026-10-31,,LIVE NATION MUSIC,0.0,0.0,0.0,0,0,0,7,0,1,US,Theater
"Halloween, Alaska",2026,2026-10-31,,LIVE NATION MUSIC,0.0,0.0,0.0,0,0,0,5,0,0,US,Arena
"Earth, Wind &amp; Fire",2026,2026-10-31,,LIVE NATION MUSIC,11282927.15,1131593.0,1437255.0,68,42,129,11,3,20,US,Theater
Victor &amp; Leo,2026,2026-10-31,,LIVE NATION MUSIC,0.0,0.0,0.0,0,0,24,1,0,0,US,Theater
Coal Chamber,2026,2026-10-31,,LIVE NATION MUSIC,0.0,0.0,0.0,0,0,2,19,0,0,US,Club
Jorge Medina,2026,2026-10-31,,LIVE NATION MUSIC,0.0,0.0,0.0,0,0,1,0,0,0,US,Theater
Sammy Rae &amp; The Friends,2026,2026-10-31,,LIVE NATION MUSIC,365473.19,765933.13,407010.69,0,0,11,33,0,1,US,Club
Ra,2026,2026-10-31,,LIVE NATION MUSIC,910.56,0.0,0.0,0,0,0,2,0,0,US,Club
Ricky Martin,2026,2026-10-31,,LIVE NATION MUSIC,8687103.030000001,3503459.54,6317685.38,4,85,26,0,22,5,US,Arena
"""Lucca Summer Festival"", Tom Jones",2026,2026-10-31,,LIVE NATION MUSIC,0.0,0.0,0.0,0,0,0,0,0,1,US,Other
Young Nudy,2026,2026-10-31,,LIVE NATION MUSIC,0.0,0.0,61411.5,0,0,0,4,0,0,US,Theater
KNOX,2026,2026-10-31,,LIVE NATION MUSIC,60461.53,18594.0,0.0,0,0,0,9,0,0,US,Club
Haunted House,2026,2026-10-31,,LIVE NATION MUSIC,0.0,0.0,0.0,0,0,1,0,0,0,US,Theater
Widespread Panic,2026,2026-10-31,,LIVE NATION MUSIC,9653571.5,2825134.0,6328087.49,96,32,157,20,4,8,US,Arena
Yung Gravy,2026,2026-10-31,,LIVE NATION MUSIC,206906.93,654682.31,71100.12,0,2,7,36,0,1,US,Theater
Widespread Panic,2026,2026-10-31,,LIVE NATION MUSIC,9653571.5,2825134.0,6328087.49,96,32,157,20,4,8,US,Arena
Cameron Whitcomb,2026,2026-10-31,,HOUSE OF BLUES CONCERTS (HOB),169356.41999999998,20541.0,0.0,0,0,5,16,0,0,US,Club
Alvaro,2026,2026-10-31,,LIVE NATION MUSIC,0.0,0.0,0.0,0,0,0,1,0,0,US,Theater
Catch Your Breath,2026,2026-10-31,,LIVE NATION MUSIC,10444.0,0.0,0.0,0,0,0,6,0,0,US,Club
Pigeons Playing Ping Pong,2026,2026-10-31,,LIVE NATION MUSIC,446438.84,1120502.27,597257.17,4,0,20,142,2,3,US,Club
Akeem Ali,2026,2026-10-31,,LIVE NATION MUSIC,6800.0,10982.0,0.0,0,0,0,3,0,1,US,Club
Galactic,2026,2026-10-31,,LIVE NATION MUSIC,122270.0,342113.0,213815.0,5,0,56,212,1,3,US,Theater
PJ Morton,2026,2026-10-31,,LIVE NATION MUSIC,46060.5,822365.48,0.0,1,0,40,52,1,1,US,Theater
"Halloween, Alaska",2026,2026-10-31,,LIVE NATION MUSIC,0.0,0.0,0.0,0,0,0,5,0,0,US,Club
Beck,2026,2026-10-31,,LIVE NATION MUSIC,1461640.71,626608.75,4873011.17,24,9,29,9,0,4,US,Theater
DJ Pauly D,2026,2026-10-31,,LIVE NATION MUSIC,179775.0,398746.0,426207.0,1,0,6,49,0,9,US,Club
Itchy-O,2026,2026-10-31,,LIVE NATION MUSIC,0.0,0.0,0.0,0,0,0,6,0,0,US,Theater
"DJ Moma, Showcase, Flygerian",2026,2026-10-31,,LIVE NATION MUSIC,0.0,0.0,0.0,0,0,0,1,0,0,US,Theater
Steve Lacy,2026,2026-10-31,,LIVE NATION MUSIC,0.0,0.0,48400.0,1,2,2,7,0,0,US,Amphitheatre
Wage War,2026,2026-10-31,,LIVE NATION MUSIC,0.0,250965.5,163464.08000000002,0,1,4,25,0,1,US,Theater
"""SummerStage"", Two Door Cinema Club, Friends",2026,2026-10-31,,EMPORIUM PRESENTS,0.0,0.0,0.0,1,0,0,0,0,0,US,Theater
She Wants Revenge,2026,2026-10-31,,LIVE NATION MUSIC,79720.0,0.0,7566.52,0,1,5,27,0,1,US,Club
Jodeci,2026,2026-10-31,,LIVE NATION MUSIC,294881.0,646339.4,2517203.13,2,4,11,3,0,0,US,Theater
UB40,2026,2026-10-31,,LIVE NATION MUSIC,1292055.05,5742450.69,2259277.81,10,34,54,23,0,4,US,Theater
"Halloween, Alaska",2026,2026-10-31,,LIVE NATION MUSIC,0.0,0.0,0.0,0,0,0,5,0,0,US,Club
"Halloween, Alaska",2026,2026-10-31,,LIVE NATION MUSIC,0.0,0.0,0.0,0,0,0,5,0,0,US,Club
Post Sex Nachos,2026,2026-10-31,,LIVE NATION MUSIC,53487.95,31918.0,18093.0,0,0,1,20,0,1,US,Theater
"Halloween, Alaska",2026,2026-10-31,,LIVE NATION MUSIC,0.0,0.0,0.0,0,0,0,5,0,0,US,Club
Broadway,2026,2026-10-31,,LIVE NATION MUSIC,0.0,0.0,0.0,0,0,0,2,0,0,US,Theater
Porch Light,2026,2026-10-31,,LIVE NATION MUSIC,45484.0,0.0,0.0,0,0,1,9,0,0,US,Club
Moenia,2026,2026-10-31,,LIVE NATION MUSIC,755367.0800000001,887876.74,585685.95,1,3,21,5,1,1,US,Theater
Forever,2026,2026-10-31,,LIVE NATION MUSIC,70329.51,0.0,0.0,0,1,0,0,0,0,US,Arena
The Tubs,2026,2026-10-31,,LIVE NATION MUSIC,6769.33,3691.53,0.0,1,0,1,3,0,1,US,Club
So Good! The Neil Diamond Experience,2026,2026-10-31,,EMPORIUM PRESENTS,300399.7,188655.75,242471.0,2,0,19,4,0,1,US,Theater
Quadeca,2026,2026-10-31,,LIVE NATION MUSIC,127634.26,0.0,7186.0,0,0,3,8,0,0,US,Theater
"The A, B, C &amp; D Of Boogie Woogie",2026,2026-10-31,,LIVE NATION MUSIC,0.0,0.0,0.0,0,0,0,1,0,0,US,Club
Weatherday,2026,2026-10-31,,LIVE NATION MUSIC,6080.0,0.0,0.0,0,0,0,1,0,0,US,Club
Babyface,2026,2026-10-31,,LIVE NATION MUSIC,507673.76,960842.69,1226998.5,3,2,28,10,0,9,US,Theater
Evan Honer,2026,2026-10-31,,FRANK PRODUCTIONS,421443.22,508688.63,0.0,1,0,15,70,0,0,US,Club
Rav,2026,2026-10-31,,LIVE NATION MUSIC,0.0,0.0,7775.0,0,0,0,4,0,0,US,Theater
"Halloween, Alaska",2026,2026-10-31,,FRANK PRODUCTIONS,0.0,0.0,0.0,0,0,0,5,0,0,US,Club
"Halloween, Alaska",2026,2026-10-31,,FRANK PRODUCTIONS,0.0,0.0,0.0,0,0,0,5,0,0,US,Club
"Halloween, Alaska",2026,2026-10-31,,FRANK PRODUCTIONS,0.0,0.0,0.0,0,0,0,5,0,0,US,Club
It's a 2000s (Halloween) Party,2026,2026-10-31,,FRANK PRODUCTIONS,18710.0,0.0,0.0,0,0,0,1,0,0,US,Club
The Toxhards,2026,2026-10-31,,HOUSE OF BLUES CONCERTS (HOB),1892.0,0.0,0.0,0,0,0,1,0,0,US,Club
Carter Faith,2026,2026-10-31,,LIVE NATION MUSIC,0.0,0.0,0.0,0,0,0,3,0,0,US,Club
The Aces,2026,2026-10-31,,LIVE NATION MUSIC,77981.0,11799.0,190498.62,0,0,3,24,0,2,US,Theater
Doja Cat,2026,2026-10-31,,LIVE NATION MUSIC,7384674.46,7298161.81,31988065.4,0,39,0,9,0,0,US,Arena
The Faint,2026,2026-10-31,,FRANK PRODUCTIONS,44212.0,0.0,0.0,0,0,2,46,0,0,US,Theater
Jan &amp; Henry,2026,2026-10-31,,HOUSE OF BLUES CONCERTS (HOB),0.0,16605.16,0.0,0,0,0,1,0,0,US,Club
SoDown,2026,2026-10-31,,LIVE NATION MUSIC,41675.9,0.0,112658.0,2,0,2,36,1,2,US,Club
Kennedy,2026,2026-10-31,,LIVE NATION MUSIC,0.0,0.0,35165.0,0,0,0,1,0,0,US,Club
gavn!,2026,2026-10-31,,LIVE NATION MUSIC,0.0,8873.0,0.0,0,0,0,5,0,0,US,Club
Wednesday,2026,2026-10-31,,LIVE NATION MUSIC,209202.99,131087.0,44733.0,0,0,3,16,0,0,US,Club
R&amp;B Vibes Live,2026,2026-10-31,,LIVE NATION MUSIC,0.0,0.0,0.0,0,0,0,2,0,0,US,Club
Rav,2026,2026-10-31,,LIVE NATION MUSIC,0.0,0.0,7775.0,0,0,0,4,0,0,US,Club
Arty,2026,2026-10-31,,LIVE NATION MUSIC,0.0,4500.0,14060.0,0,0,1,13,0,0,US,Theater
The Longest Johns,2026,2026-10-31,,LIVE NATION MUSIC,145256.26,132222.35,26181.48,0,0,7,30,0,4,US,Club
Wednesday,2026,2026-10-31,,LIVE NATION MUSIC,209202.99,131087.0,44733.0,0,0,3,16,0,0,US,Club
"Kip Moore, Jackson Dean",2026,2026-10-31,,LIVE NATION MUSIC,0.0,0.0,0.0,0,0,1,0,0,0,US,Theater
Arizona,2026,2026-10-31,,LIVE NATION MUSIC,0.0,0.0,0.0,0,0,0,7,0,1,US,Club
"Baroness, Graveyard",2026,2026-10-31,,LIVE NATION MUSIC,0.0,149122.75,0.0,0,0,2,2,0,0,US,Club
The Longest Johns,2026,2026-10-31,,LIVE NATION MUSIC,145256.26,132222.35,26181.48,0,0,7,30,0,4,US,Theater
gavn!,2026,2026-10-31,,LIVE NATION MUSIC,0.0,8873.0,0.0,0,0,0,5,0,0,US,Club
"Kip Moore, Jackson Dean",2026,2026-10-31,,LIVE NATION MUSIC,0.0,0.0,0.0,0,0,1,0,0,0,US,Theater
Blue October,2026,2026-10-31,,LIVE NATION CANADA (LN),380805.29,725828.84,1268376.38,4,2,79,177,1,3,International,Theater
Sleeping With Sirens,2026,2026-10-31,,LIVE NATION CANADA (LN),0.0,350306.75,319502.92,0,1,30,104,0,5,International,Club
Grateful Shred,2026,2026-10-31,,LIVE NATION CANADA (LN),232878.42,122314.0,61533.77,1,0,8,54,0,0,International,Club
AM &amp; Shawn Lee,2026,2026-10-31,,LIVE NATION CANADA (LN),0.0,0.0,0.0,0,0,0,7,0,0,International,Club
Owen Riegling,2026,2026-10-31,,LIVE NATION MUSIC,0.0,18187.81,0.0,0,0,1,1,0,0,International,Arena
"Halloween, Alaska",2026,2026-10-31,,LIVE NATION CANADA (LN),0.0,0.0,0.0,0,0,0,5,0,0,International,Club
"Halloween, Alaska",2026,2026-10-31,,LIVE NATION CANADA (LN),0.0,0.0,0.0,0,0,0,5,0,0,International,Theater
Josiah and The Bonnevilles,2026,2026-10-31,,MCD PRODUCTIONS,69515.98999999999,42216.0,0.0,0,0,1,10,0,1,International,Club
Transvision Vamp,2026,2026-10-31,,MCD PRODUCTIONS,0.0,0.0,0.0,0,0,2,6,0,2,International,Club
Kerbdog,2026,2026-10-31,,MCD PRODUCTIONS,0.0,26230.63,0.0,0,0,2,0,0,0,International,Theater
Matthew Mole,2026,2026-10-31,,MCD PRODUCTIONS,0.0,4188.06,0.0,0,0,0,4,0,0,International,Club
Korn,2026,2026-10-31,,LIVE NATION MUSIC UK LTD,7267179.31,12956787.2,0.0,43,43,20,32,5,8,International,Arena
Korn,2026,2026-10-31,,LIVE NATION MUSIC UK LTD,7267179.31,12956787.2,0.0,43,43,20,32,5,8,International,Arena
J. Cole,2026,2026-10-31,,LIVE NATION MUSIC UK LTD,0.0,2084747.68,0.0,25,121,50,39,2,2,International,Arena
Runa,2026,2026-10-31,,LIVE NATION MUSIC UK LTD,10313.8,0.0,10083.2,0,0,6,1,0,0,International,Theater
Slayyyter,2026,2026-10-31,,LIVE NATION MUSIC UK LTD,0.0,185129.1,100397.58,0,0,4,16,0,1,International,Club
Jack Savoretti,2026,2026-10-31,,DF CONCERTS,603229.64,706366.89,751075.38,3,2,28,6,1,6,International,Theater
Overpass,2026,2026-10-31,,LIVE NATION MUSIC UK LTD,41579.36,3838.95,0.0,0,0,1,6,0,1,International,Club
Skindred,2026,2026-10-31,,LIVE NATION MUSIC UK LTD,66144.98,0.0,72648.37,0,0,4,39,0,3,International,Club
STVW,2026,2026-10-31,,LIVE NATION MUSIC UK LTD,0.0,0.0,0.0,0,0,0,3,0,0,International,Club
"""Moo, Brew &amp; 'Que Fest""",2026,2026-10-31,,LIVE NATION AUSTRALIA,0.0,0.0,0.0,0,0,0,0,0,1,International,Theater
Sofi Tukker,2026,2026-10-31,,OCESA,90900.0,1935568.01,632857.29,4,1,13,35,0,3,International,Arena
Coco,2026,2026-10-31,,OCESA,9800.75,4004.47,0.0,0,0,0,4,0,0,International,Club
José María Napoleón,2026,2026-10-31,,OCESA,859454.6799999999,0.0,0.0,1,3,10,1,0,0,International,Theater
Nand,2026,2026-10-31,,OCESA,0.0,2263.97,0.0,0,0,0,1,0,0,International,Club
Omar Courtz,2026,2026-10-31,,OCESA,8215574.29,0.0,0.0,0,22,2,1,2,1,International,Arena
Jungle,2026,2026-10-31,,Live Nation,0.0,2146255.19,2124887.82,3,9,22,57,1,4,International,Club
Don Toliver,2026,2026-10-31,,Live Nation GmbH,9032674.43,8111510.19,3222824.84,1,61,12,7,0,2,International,Arena
Niall Horan,2026,2026-10-31,,Live Nation GmbH,0.0,68141223.9,0.0,58,70,28,3,1,4,International,Theater
TREASURE,2026,2026-10-31,,Live Nation Venues Netherlands BV Afas Live,5577713.25,2968814.89,0.0,0,10,3,0,0,0,International,Arena
Lady,2026,2026-10-31,,Live Nation sp. z o.o.,0.0,0.0,0.0,0,0,0,1,0,0,International,Club
"Oneida, IE, Matt Mehlan",2026,2026-10-31,,Live Nation Sp. z o.o.,0.0,0.0,0.0,0,0,0,1,0,0,International,Club
Soft Loft,2026,2026-10-31,,LIVE NATION CZECH REPUBLIC s.r.o.,3282.2,1114.92,0.0,0,0,0,2,0,1,International,Club
Dallas,2026,2026-11-01,,LIVE NATION MUSIC,0.0,0.0,0.0,0,0,0,1,0,0,US,Amphitheatre
Lenny Pearce,2026,2026-11-01,,LIVE NATION MUSIC,1149576.75,11247.35,0.0,1,0,32,23,0,2,US,Theater
Saosin,2026,2026-11-01,,HOUSE OF BLUES CONCERTS (HOB),0.0,43142.5,30500.0,0,0,3,12,0,0,US,Club
Cypress Hill,2026,2026-11-01,,LIVE NATION MUSIC,6284002.34,1483751.0,399206.85,1,6,17,29,0,2,US,Club
"August Burns Red, The Amity Affliction",2026,2026-11-01,,HOUSE OF BLUES CONCERTS (HOB),0.0,0.0,0.0,0,0,0,1,0,0,US,Club
Zauntee,2026,2026-11-01,,LIVE NATION MUSIC,0.0,954.0,0.0,0,0,0,1,0,0,US,Club
"Halloween, Alaska",2026,2026-11-01,,FRANK PRODUCTIONS,0.0,0.0,0.0,0,0,0,5,0,0,US,Club
"Halloween, Alaska",2026,2026-11-01,,FRANK PRODUCTIONS,0.0,0.0,0.0,0,0,0,5,0,0,US,Club
Rod Wave,2026,2026-11-01,,LIVE NATION MUSIC,21434081.53,44782080.52,58117202.64,1,85,1,0,0,0,US,Arena
Maná,2026,2026-11-01,,LIVE NATION MUSIC,0.0,0.0,0.0,0,1,0,0,0,0,US,Arena
Three Days Grace,2026,2026-11-01,,LIVE NATION MUSIC,2587583.58,0.0,514555.96,4,55,36,61,0,8,US,Arena
Rock,2026,2026-11-01,,LIVE NATION MUSIC,0.0,0.0,0.0,0,0,0,1,0,0,US,Theater
Young Miko,2026,2026-11-01,,LIVE NATION MUSIC,1819198.33,11120905.33,716909.22,7,8,21,5,0,2,US,Arena
Bryson Tiller,2026,2026-11-01,,LIVE NATION MUSIC,0.0,14396903.73,1952369.56,10,20,31,34,0,2,US,Arena
The Smashing Pumpkins,2026,2026-11-01,,LIVE NATION MUSIC,1932119.81,4451112.17,12656219.06,29,91,42,26,1,5,US,Arena
Jonas Brothers,2026,2026-11-01,,FRANK PRODUCTIONS,81959444.45,30144554.31,109403725.33,84,205,28,1,31,5,US,Arena
Morrissey,2026,2026-11-01,,LIVE NATION MUSIC,8361407.86,1017799.69,2240888.39,6,44,99,19,0,9,US,Theater
Rawayana,2026,2026-11-01,,LIVE NATION MUSIC,0.0,1859072.56,268722.57,0,16,7,9,1,1,US,Arena
Celebration,2026,2026-11-01,,LIVE NATION MUSIC,0.0,0.0,0.0,0,0,0,1,0,0,US,Club
Marilyn Manson,2026,2026-11-01,,LIVE NATION MUSIC,8245313.02,117608.0,0.0,3,22,29,41,0,2,US,Club
The Phil Collins Story,2026,2026-11-01,,LIVE NATION MUSIC,0.0,0.0,0.0,0,0,14,1,0,1,US,Arena
Femme Fatale,2026,2026-11-01,,LIVE NATION MUSIC,0.0,0.0,0.0,0,0,0,1,0,0,US,Theater
"""Les Nits de Barcelona"", Sting",2026,2026-11-01,,LIVE NATION MUSIC,0.0,0.0,0.0,0,0,0,0,0,1,US,Theater
Caifanes,2026,2026-11-01,,LIVE NATION MUSIC,11228657.5,8803975.02,6125837.01,6,46,57,15,17,13,US,Arena
Reason,2026,2026-11-01,,LIVE NATION,0.0,3617.6,1440.0,0,0,1,1,0,0,US,Arena
Skillet,2026,2026-11-01,,LIVE NATION MUSIC,2557214.15,260542.96,1377748.06,6,30,44,67,1,14,US,Club
10 Years,2026,2026-11-01,,LIVE NATION MUSIC,35281.43,47010.25,6775.0,0,0,11,90,0,3,US,Club
The Chicks,2026,2026-11-01,,LIVE NATION MUSIC,0.0,0.0,21183223.21,39,69,4,0,3,0,US,Theater
"""Lucca Summer Festival"", Tom Jones",2026,2026-11-01,,LIVE NATION MUSIC,0.0,0.0,0.0,0,0,0,0,0,1,US,Other
Moha,2026,2026-11-01,,LIVE NATION MUSIC,0.0,0.0,0.0,0,0,0,1,0,0,US,Theater
Sammy Rae &amp; The Friends,2026,2026-11-01,,LIVE NATION MUSIC,365473.19,765933.13,407010.69,0,0,11,33,0,1,US,Club
Rodrigo y Gabriela,2026,2026-11-01,,FRANK PRODUCTIONS,68954.74,537959.35,1458366.69,33,3,134,58,0,10,US,Club
Black Flag,2026,2026-11-01,,HOUSE OF BLUES CONCERTS (HOB),26598.0,72604.0,86045.82,0,0,3,30,0,1,US,Club
Hawthorne Heights,2026,2026-11-01,,FRANK PRODUCTIONS,10175.0,356921.46,49305.0,2,0,4,55,0,5,US,Theater
The Gentlemen's Club,2026,2026-11-01,,LIVE NATION MUSIC,6190.0,0.0,11045.89,0,0,0,3,0,0,US,Arena
Jorge Medina,2026,2026-11-01,,LIVE NATION MUSIC,0.0,0.0,0.0,0,0,1,0,0,0,US,Theater
UB40,2026,2026-11-01,,LIVE NATION MUSIC,1292055.05,5742450.69,2259277.81,10,34,54,23,0,4,US,Theater
The Feeling,2026,2026-11-01,,LIVE NATION MUSIC,0.0,297272.37,0.0,0,0,9,10,0,0,US,Club
The Black Angels,2026,2026-11-01,,LIVE NATION MUSIC,0.0,18493.85,128084.29,1,0,16,79,0,0,US,Club
almost monday,2026,2026-11-01,,LIVE NATION MUSIC,58670.4,0.0,2884.0,0,0,0,9,0,1,US,Club
Eivør,2026,2026-11-01,,LIVE NATION MUSIC,218847.32,523530.58,0.0,0,0,9,23,0,15,US,Club
Daniela Spalla,2026,2026-11-01,,HOUSE OF BLUES CONCERTS (HOB),630994.95,526043.9299999999,123566.22,1,2,6,0,0,0,US,Theater
Tou,2026,2026-11-01,,LIVE NATION MUSIC,0.0,348354.82999999996,0.0,0,0,0,1,0,1,US,Club
The Happy,2026,2026-11-01,,LIVE NATION MUSIC,0.0,0.0,0.0,0,0,0,1,0,0,US,Club
R&amp;B Vibes Live,2026,2026-11-01,,LIVE NATION MUSIC,0.0,0.0,0.0,0,0,0,2,0,0,US,Theater
Free Throw,2026,2026-11-01,,LIVE NATION MUSIC,16975.66,12411.08,41648.0,1,0,1,18,0,2,US,Theater
Amble,2026,2026-11-01,,LIVE NATION MUSIC,4723469.38,406488.11,0.0,0,5,9,43,2,5,US,Theater
The Longest Johns,2026,2026-11-01,,LIVE NATION MUSIC,145256.26,132222.35,26181.48,0,0,7,30,0,4,US,Club
Blu DeTiger,2026,2026-11-01,,LIVE NATION MUSIC,0.0,43773.75,0.0,0,0,0,10,0,0,US,Theater
Montell Fish,2026,2026-11-01,,LIVE NATION MUSIC,850372.49,98486.05,0.0,0,0,3,6,0,0,US,Club
Winyah,2026,2026-11-01,,FRANK PRODUCTIONS,12400.0,0.0,0.0,0,0,1,4,0,0,US,Theater
Moenia,2026,2026-11-01,,LIVE NATION MUSIC,755367.0800000001,887876.74,585685.95,1,3,21,5,1,1,US,Theater
American Aquarium,2026,2026-11-01,,LIVE NATION MUSIC,34488.979999999996,89127.5,30249.0,1,0,7,67,0,0,US,Club
So Good! The Neil Diamond Experience,2026,2026-11-01,,EMPORIUM PRESENTS,300399.7,188655.75,242471.0,2,0,19,4,0,1,US,Theater
"""SummerStage"", Two Door Cinema Club, Friends",2026,2026-11-01,,LIVE NATION MUSIC,0.0,0.0,0.0,1,0,0,0,0,0,US,Theater
Pradabagshawty,2026,2026-11-01,,LIVE NATION MUSIC,0.0,0.0,0.0,0,0,0,2,0,0,US,Theater
SiM,2026,2026-11-01,,LIVE NATION MUSIC,0.0,78357.29000000001,0.0,0,0,0,4,0,0,US,Club
Catch Your Breath,2026,2026-11-01,,LIVE NATION MUSIC,10444.0,0.0,0.0,0,0,0,6,0,0,US,Theater
Ethan Regan,2026,2026-11-01,,LIVE NATION MUSIC,39313.28,2015.0,0.0,0,0,0,7,0,0,US,Club
AZ,2026,2026-11-01,,LIVE NATION MUSIC,75395.0,0.0,0.0,0,0,0,6,0,0,US,Club
Yandel,2026,2026-11-01,,LIVE NATION MUSIC,5429413.42,695647.99,0.0,4,19,26,2,2,2,US,Amphitheatre
The Living Tombstone,2026,2026-11-01,,LIVE NATION MUSIC,1157002.59,58601.17,0.0,0,1,2,16,0,1,US,Club
"""SummerStage"", Two Door Cinema Club, Friends",2026,2026-11-01,,LIVE NATION MUSIC,0.0,0.0,0.0,1,0,0,0,0,0,US,Theater
Lilyisthatyou,2026,2026-11-01,,LIVE NATION MUSIC,2952.21,0.0,0.0,0,0,1,0,0,0,US,Theater
Skilla Baby,2026,2026-11-01,,HOUSE OF BLUES CONCERTS (HOB),0.0,32505.0,0.0,0,0,0,1,0,0,US,Club
Fear Factory,2026,2026-11-01,,LIVE NATION MUSIC,16874.93,0.0,424894.07,0,0,19,49,0,2,US,Club
Sophie,2026,2026-11-01,,LIVE NATION MUSIC,0.0,0.0,0.0,0,0,0,3,0,0,US,Club
Sophie,2026,2026-11-01,,LIVE NATION MUSIC,0.0,0.0,0.0,0,0,0,3,0,0,US,Club
Yandel,2026,2026-11-01,,LIVE NATION MUSIC,5429413.42,695647.99,0.0,4,19,26,2,2,2,US,Amphitheatre
SunSquabi,2026,2026-11-01,,FRANK PRODUCTIONS,20763.55,38234.79,6400.0,2,0,4,56,0,0,US,Club
Baby Smoove,2026,2026-11-01,,LIVE NATION MUSIC,0.0,0.0,29610.0,0,0,0,1,0,0,US,Theater
Fear Factory,2026,2026-11-01,,LIVE NATION MUSIC,16874.93,0.0,424894.07,0,0,19,49,0,2,US,Theater
Vincent Neil Emerson,2026,2026-11-01,,LIVE NATION MUSIC,32285.09,10571.0,14619.0,0,0,0,17,0,0,US,Club
Rain,2026,2026-11-01,,LIVE NATION MUSIC,0.0,0.0,207956.5,1,1,4,0,0,1,US,Theater
Sleeping With Sirens,2026,2026-11-01,,LIVE NATION CANADA (LN),0.0,350306.75,319502.92,0,1,30,104,0,5,International,Club
The Wrecks,2026,2026-11-01,,LIVE NATION CANADA (LN),97000.68,0.0,0.0,0,0,1,12,0,0,International,Club
Hot Mulligan,2026,2026-11-01,,LIVE NATION CANADA (LN),556359.5,349447.57,159797.75,0,0,9,20,0,3,International,Club
The Black Dahlia Murder,2026,2026-11-01,,LIVE NATION CANADA (LN),0.0,65614.66,163785.56,0,0,21,93,0,2,International,Theater
"Mic Crenshaw, Special Guests",2026,2026-11-01,,LIVE NATION CANADA (LN),0.0,0.0,0.0,0,0,0,1,0,0,International,Club
King Crimson,2026,2026-11-01,,LIVE NATION CANADA (LN),0.0,0.0,0.0,9,5,42,4,1,3,International,Theater
KATSEYE,2026,2026-11-01,,LIVE NATION CANADA (LN),3772036.89,0.0,0.0,0,1,5,2,0,0,International,Arena
R&amp;B Vibes Live,2026,2026-11-01,,LIVE NATION CANADA (LN),0.0,0.0,0.0,0,0,0,2,0,0,International,Club
Parra For Cuva,2026,2026-11-01,,LIVE NATION CANADA (LN),19882.18,92340.33,0.0,0,0,1,5,0,0,International,Club
Tenille Townes,2026,2026-11-01,,LIVE NATION MUSIC,0.0,146604.66,26508.27,0,0,7,8,0,1,International,Theater
Owen Riegling,2026,2026-11-01,,LIVE NATION CANADA (LN),0.0,18187.81,0.0,0,0,1,1,0,0,International,Theater
Jake Vaadeland,2026,2026-11-01,,LIVE NATION CANADA (LN),650.0,877.21,8248.61,0,0,0,2,0,1,International,Club
Gurriers,2026,2026-11-01,,MCD PRODUCTIONS,0.0,20875.08,0.0,0,0,0,6,0,0,International,Theater
Moon Walker,2026,2026-11-01,,MCD PRODUCTIONS,3085.0,3345.0,48175.3,0,0,1,26,0,0,International,Club
Cody Johnson,2026,2026-11-01,,LIVE NATION MUSIC UK LTD,25487191.65,34328002.77,19725004.14,65,193,43,164,24,54,International,Arena
The Kid LAROI,2026,2026-11-01,,LIVE NATION MUSIC UK LTD,0.0,8502598.75,2968556.88,2,32,8,9,1,3,International,Arena
Trace,2026,2026-11-01,,"LIVE NATION UK FOR ARTIST, TOUR, FESTIVAL AND PRESALE NEWS",0.0,0.0,0.0,0,0,0,1,0,0,International,Club
Slayyyter,2026,2026-11-01,,DF CONCERTS,0.0,185129.1,100397.58,0,0,4,16,0,1,International,Club
Decade,2026,2026-11-01,,"LIVE NATION UK FOR ARTIST, TOUR, FESTIVAL AND PRESALE NEWS",14257.28,0.0,0.0,0,0,0,2,0,0,International,Club
Overmono,2026,2026-11-01,,DF CONCERTS,449797.32,177144.3,145574.35,0,1,1,8,0,0,International,Club
Yaelokre,2026,2026-11-01,,DF CONCERTS,68700.65,0.0,0.0,0,0,1,4,0,0,International,Theater
"I, Colossus",2026,2026-11-01,,"LIVE NATION UK FOR ARTIST, TOUR, FESTIVAL AND PRESALE NEWS",0.0,0.0,0.0,0,0,0,1,0,0,International,Club
Akira Yamaoka,2026,2026-11-01,,OCESA,0.0,0.0,0.0,0,0,1,8,0,0,International,Club
"""Festival International de Jazz De Montreal"", Lila Downs",2026,2026-11-01,,OCESA,0.0,0.0,0.0,0,0,0,1,0,0,International,Club
Placebo,2026,2026-11-01,,Live Nation,0.0,2551043.1,2841620.27,0,46,25,17,2,5,International,Arena
Movements,2026,2026-11-02,,LIVE NATION MUSIC,308781.6,267276.63,140008.0,0,0,1,23,0,1,US,Club
Lily &amp; Madeleine,2026,2026-11-02,,LIVE NATION MUSIC,0.0,2007.0,584.0,0,0,0,32,0,2,US,Club
Jonas Brothers,2026,2026-11-02,,LIVE NATION MUSIC,81959444.45,30144554.31,109403725.33,84,205,28,1,31,5,US,Arena
Fuerza Regida,2026,2026-11-02,,LIVE NATION MUSIC,12582339.4,61688406.68,40356839.51,6,68,5,0,14,0,US,Amphitheatre
Fuerza Regida,2026,2026-11-02,,LIVE NATION MUSIC,12582339.4,61688406.68,40356839.51,6,68,5,0,14,0,US,Amphitheatre
YEBBA,2026,2026-11-02,,LIVE NATION MUSIC,0.0,0.0,0.0,0,0,0,4,0,0,US,Club
Todd Rundgren,2026,2026-11-02,,LIVE NATION MUSIC,395733.39,858401.29,0.0,0,0,92,81,0,3,US,Theater
"""Les Nits de Barcelona"", Sting",2026,2026-11-02,,LIVE NATION MUSIC,0.0,0.0,0.0,0,0,0,0,0,1,US,Theater
Jonas Brothers,2026,2026-11-02,,LIVE NATION MUSIC,81959444.45,30144554.31,109403725.33,84,205,28,1,31,5,US,Arena
The Chicks,2026,2026-11-02,,LIVE NATION MUSIC,0.0,0.0,21183223.21,39,69,4,0,3,0,US,Theater
Periphery,2026,2026-11-02,,LIVE NATION MUSIC,0.0,508193.42,0.0,0,0,21,57,0,3,US,Theater
Trippie Redd,2026,2026-11-02,,LIVE NATION MUSIC,177248.89,171012.5,592049.0,4,5,6,7,0,1,US,Club
Knocked Loose,2026,2026-11-02,,LIVE NATION MUSIC,511899.01,1019550.49,0.0,0,0,14,49,0,1,US,Club
Alvaro,2026,2026-11-02,,LIVE NATION MUSIC,0.0,0.0,0.0,0,0,0,1,0,0,US,Club
Victor &amp; Leo,2026,2026-11-02,,LIVE NATION MUSIC,0.0,0.0,0.0,0,0,24,1,0,0,US,Theater
Holywatr,2026,2026-11-02,,LIVE NATION MUSIC,10133.0,0.0,0.0,0,0,0,3,0,0,US,Club
Skilla Baby,2026,2026-11-02,,HOUSE OF BLUES CONCERTS (HOB),0.0,32505.0,0.0,0,0,0,1,0,0,US,Club
Steve Lacy,2026,2026-11-02,,LIVE NATION MUSIC,0.0,0.0,48400.0,1,2,2,7,0,0,US,Theater
Jake Shimabukuro,2026,2026-11-02,,FRANK PRODUCTIONS,51837.5,221827.8,179733.7,2,1,138,102,0,15,US,Theater
Medium Build,2026,2026-11-02,,LIVE NATION MUSIC,81782.66,277378.99,6501.48,0,0,2,34,0,1,US,Club
KNOX,2026,2026-11-02,,HOUSE OF BLUES CONCERTS (HOB),60461.53,18594.0,0.0,0,0,0,9,0,0,US,Club
"""Past, Present, Future: A Dance Gala""",2026,2026-11-02,,LIVE NATION MUSIC,0.0,0.0,0.0,0,0,1,0,0,0,US,Theater
Running,2026,2026-11-02,,LIVE NATION MUSIC,0.0,0.0,0.0,0,0,0,1,0,0,US,Club
"""98.1 The Bull - Red, White &amp; Boom!"", Sam Hunt",2026,2026-11-02,,LIVE NATION MUSIC,0.0,0.0,0.0,0,0,0,0,1,0,US,Stadium
GloRilla,2026,2026-11-02,,LIVE NATION MUSIC,9099378.02,0.0,229811.0,0,8,12,5,0,0,US,Theater
Waterparks,2026,2026-11-02,,LIVE NATION MUSIC,117382.5,400433.43,506216.67,0,0,9,35,0,1,US,Theater
Quadeca,2026,2026-11-02,,LIVE NATION MUSIC,127634.26,0.0,7186.0,0,0,3,8,0,0,US,Theater
Hunxho,2026,2026-11-02,,LIVE NATION MUSIC,78330.0,70430.0,0.0,0,0,0,2,0,0,US,Theater
Jan &amp; Henry,2026,2026-11-02,,LIVE NATION MUSIC,0.0,16605.16,0.0,0,0,0,1,0,0,US,Theater
The Longest Johns,2026,2026-11-02,,LIVE NATION MUSIC,145256.26,132222.35,26181.48,0,0,7,30,0,4,US,Club
Madds Buckley,2026,2026-11-02,,LIVE NATION MUSIC,0.0,3020.0,0.0,0,0,1,0,0,0,US,Theater
The Living Tombstone,2026,2026-11-02,,LIVE NATION MUSIC,1157002.59,58601.17,0.0,0,1,2,16,0,1,US,Club
Pretty Sick,2026,2026-11-02,,LIVE NATION MUSIC,0.0,0.0,0.0,0,0,0,3,0,0,US,Club
Maddie Zahm,2026,2026-11-02,,LIVE NATION TENNESSEE,0.0,103535.0,47568.0,0,0,0,8,0,0,US,Club
The Haunt,2026,2026-11-02,,LIVE NATION MUSIC,21115.76,0.0,0.0,0,0,0,10,0,0,US,Club
Noah Gundersen,2026,2026-11-02,,FRANK PRODUCTIONS,15074.13,12635.0,24703.0,0,0,5,77,0,2,US,Club
Mannequin Pussy,2026,2026-11-02,,LIVE NATION MUSIC,186240.58,293493.84,5220.0,0,0,4,31,0,0,US,Club
IANA,2026,2026-11-02,,LIVE NATION MUSIC,0.0,0.0,0.0,0,0,0,1,0,0,US,Club
Olivia O'Brien,2026,2026-11-02,,LIVE NATION MUSIC,0.0,0.0,0.0,0,0,0,8,0,0,US,Club
Grateful Shred,2026,2026-11-02,,LIVE NATION MUSIC,232878.42,122314.0,61533.77,1,0,8,54,0,0,US,Club
Grateful Shred,2026,2026-11-02,,LIVE NATION MUSIC,232878.42,122314.0,61533.77,1,0,8,54,0,0,US,Club
Sueco,2026,2026-11-02,,LIVE NATION CANADA (LN),0.0,77100.38,70293.0,0,0,3,15,0,0,International,Club
Amble,2026,2026-11-02,,LIVE NATION CANADA (LN),4723469.38,406488.11,0.0,0,5,9,43,2,5,International,Club
"""Kew The Music"", Alison Moyet",2026,2026-11-02,,MCD PRODUCTIONS,547542.7,0.0,0.0,0,0,0,0,0,1,International,Theater
Cody Johnson,2026,2026-11-02,,DF CONCERTS,25487191.65,34328002.77,19725004.14,65,193,43,164,24,54,International,Arena
Cody Johnson,2026,2026-11-02,,DF CONCERTS,25487191.65,34328002.77,19725004.14,65,193,43,164,24,54,International,Arena
J. Cole,2026,2026-11-02,,LIVE NATION MUSIC UK LTD,0.0,2084747.68,0.0,25,121,50,39,2,2,International,Arena
The Kid LAROI,2026,2026-11-02,,LIVE NATION MUSIC UK LTD,0.0,8502598.75,2968556.88,2,32,8,9,1,3,International,Arena
The Anniversary,2026,2026-11-02,,LIVE NATION MUSIC UK LTD,0.0,0.0,0.0,0,0,0,2,0,0,International,Arena
Josiah,2026,2026-11-02,,LIVE NATION MUSIC UK LTD,0.0,24000.0,0.0,0,0,0,1,0,0,International,Club
LP,2026,2026-11-02,,LIVE NATION MUSIC UK LTD,0.0,1924602.25,997128.67,4,11,25,57,2,21,International,Club
Swervedriver,2026,2026-11-02,,DF CONCERTS,17939.0,0.0,0.0,0,0,2,33,0,0,International,Club
LEA,2026,2026-11-02,,"LIVE NATION UK FOR ARTIST, TOUR, FESTIVAL AND PRESALE NEWS",0.0,861301.89,201318.3,0,2,1,0,1,2,International,Arena
Chloe Slater,2026,2026-11-02,,"LIVE NATION UK FOR ARTIST, TOUR, FESTIVAL AND PRESALE NEWS",9538.91,0.0,0.0,0,0,0,3,0,0,International,Club
Al &amp; Rob Of Moe,2026,2026-11-02,,DF CONCERTS,0.0,0.0,0.0,0,0,0,2,0,0,International,Club
Westlife,2026,2026-11-02,,LIVE NATION MUSIC UK LTD,0.0,4814001.32,298555.76,1,42,6,1,5,9,International,Arena
Don Toliver,2026,2026-11-02,,Live Nation GmbH,9032674.43,8111510.19,3222824.84,1,61,12,7,0,2,International,Arena
Andreas Gabalier,2026,2026-11-02,,Live Nation GmbH,6533472.3,5036718.25,11601676.81,9,28,1,0,12,4,International,Arena
ElGrandeToto,2026,2026-11-02,,Live Nation España Red Path SL,108850.93,0.0,113186.65,0,0,0,2,0,0,International,Club
"I, Colossus",2026,2026-11-02,,Live Nation sp. z o.o.,0.0,0.0,0.0,0,0,0,1,0,0,International,Club
D-Block Europe,2026,2026-11-02,,Live Nation sp. z o.o.,4791928.09,1208414.02,33771.25,0,9,2,2,0,0,International,Arena
Motionless In White,2026,2026-11-03,,LIVE NATION MUSIC,131287.04,0.0,1810722.63,7,19,22,41,0,2,US,Arena
SiM,2026,2026-11-03,,LIVE NATION MUSIC,0.0,78357.29000000001,0.0,0,0,0,4,0,0,US,Club
Turnover,2026,2026-11-03,,LIVE NATION MUSIC,1497016.17,34201.28,13530.0,2,1,7,38,0,2,US,Club
"Mic Crenshaw, Special Guests",2026,2026-11-03,,LIVE NATION MUSIC,0.0,0.0,0.0,0,0,0,1,0,0,US,Theater
Rod Wave,2026,2026-11-03,,LIVE NATION MUSIC,21434081.53,44782080.52,58117202.64,1,85,1,0,0,0,US,Arena
KATSEYE,2026,2026-11-03,,LIVE NATION MUSIC,3772036.89,0.0,0.0,0,1,5,2,0,0,US,Arena
Doja Cat,2026,2026-11-03,,LIVE NATION MUSIC,7384674.46,7298161.81,31988065.4,0,39,0,9,0,0,US,Arena
Fuerza Regida,2026,2026-11-03,,LIVE NATION MUSIC,12582339.4,61688406.68,40356839.51,6,68,5,0,14,0,US,Amphitheatre
Reason,2026,2026-11-03,,FRANK PRODUCTIONS,0.0,3617.6,1440.0,0,0,1,1,0,0,US,Club
Fuerza Regida,2026,2026-11-03,,LIVE NATION MUSIC,12582339.4,61688406.68,40356839.51,6,68,5,0,14,0,US,Amphitheatre
Jonas Brothers,2026,2026-11-03,,LIVE NATION MUSIC,81959444.45,30144554.31,109403725.33,84,205,28,1,31,5,US,Arena
YEBBA,2026,2026-11-03,,LIVE NATION MUSIC,0.0,0.0,0.0,0,0,0,4,0,0,US,Club
Knocked Loose,2026,2026-11-03,,LIVE NATION MUSIC,511899.01,1019550.49,0.0,0,0,14,49,0,1,US,Theater
Earl Sweatshirt,2026,2026-11-03,,LIVE NATION MUSIC,145905.72999999998,0.0,304502.67,0,0,7,36,0,0,US,Arena
Jessie Reyez,2026,2026-11-03,,LIVE NATION MUSIC,1791362.54,0.0,120873.09,0,0,14,18,0,0,US,Theater
Orville Peck,2026,2026-11-03,,LIVE NATION MUSIC,0.0,1089190.07,122699.0,2,0,10,21,0,3,US,Club
10 Years,2026,2026-11-03,,LIVE NATION MUSIC,35281.43,47010.25,6775.0,0,0,11,90,0,3,US,Club
Tou,2026,2026-11-03,,LIVE NATION MUSIC,0.0,348354.82999999996,0.0,0,0,0,1,0,1,US,Club
Sleeping With Sirens,2026,2026-11-03,,LIVE NATION MUSIC,0.0,350306.75,319502.92,0,1,30,104,0,5,US,Club
The Chicks,2026,2026-11-03,,LIVE NATION MUSIC,0.0,0.0,21183223.21,39,69,4,0,3,0,US,Theater
Three Days Grace,2026,2026-11-03,,LIVE NATION MUSIC,2587583.58,0.0,514555.96,4,55,36,61,0,8,US,Arena
Trippie Redd,2026,2026-11-03,,FRANK PRODUCTIONS,177248.89,171012.5,592049.0,4,5,6,7,0,1,US,Club
Montell Fish,2026,2026-11-03,,LIVE NATION MUSIC,850372.49,98486.05,0.0,0,0,3,6,0,0,US,Club
The Story So Far,2026,2026-11-03,,LIVE NATION MUSIC,461364.5,311383.29,21725.0,0,0,10,57,1,5,US,Theater
"August Burns Red, The Amity Affliction",2026,2026-11-03,,LIVE NATION MUSIC,0.0,0.0,0.0,0,0,0,1,0,0,US,Club
"DJ Moma, Showcase, Flygerian",2026,2026-11-03,,LIVE NATION MUSIC,0.0,0.0,0.0,0,0,0,1,0,0,US,Theater
Daniela Spalla,2026,2026-11-03,,HOUSE OF BLUES CONCERTS (HOB),630994.95,526043.9299999999,123566.22,1,2,6,0,0,0,US,Theater
KNOX,2026,2026-11-03,,LIVE NATION MUSIC,60461.53,18594.0,0.0,0,0,0,9,0,0,US,Club
Twisted,2026,2026-11-03,,LIVE NATION MUSIC,0.0,0.0,0.0,0,0,0,2,0,0,US,Club
Forever,2026,2026-11-03,,LIVE NATION MUSIC,70329.51,0.0,0.0,0,1,0,0,0,0,US,Arena
Ax and the Hatchetmen,2026,2026-11-03,,LIVE NATION MUSIC,167304.38,10365.0,2059.0,0,0,2,28,0,0,US,Theater
Saosin,2026,2026-11-03,,LIVE NATION MUSIC,0.0,43142.5,30500.0,0,0,3,12,0,0,US,Club
Periphery,2026,2026-11-03,,LIVE NATION MUSIC,0.0,508193.42,0.0,0,0,21,57,0,3,US,Club
Halocene,2026,2026-11-03,,LIVE NATION MUSIC,3737.42,0.0,39462.55,0,0,1,28,0,0,US,Club
Rain,2026,2026-11-03,,LIVE NATION MUSIC,0.0,0.0,207956.5,1,1,4,0,0,1,US,Club
gavn!,2026,2026-11-03,,LIVE NATION MUSIC,0.0,8873.0,0.0,0,0,0,5,0,0,US,Theater
Quadeca,2026,2026-11-03,,LIVE NATION MUSIC,127634.26,0.0,7186.0,0,0,3,8,0,0,US,Club
Slow Pulp,2026,2026-11-03,,LIVE NATION MUSIC,0.0,106046.0,34083.07,0,0,1,10,0,0,US,Theater
Hawthorne Heights,2026,2026-11-03,,LIVE NATION MUSIC,10175.0,356921.46,49305.0,2,0,4,55,0,5,US,Club
The Wldlfe,2026,2026-11-03,,LIVE NATION MUSIC,22849.6,107014.44,4184.0,0,0,0,21,0,1,US,Club
Freak Slug,2026,2026-11-03,,LIVE NATION MUSIC,21329.0,0.0,0.0,0,0,0,3,0,1,US,Club
Donny Benét,2026,2026-11-03,,FRANK PRODUCTIONS,46746.33,31580.03,62690.01,0,0,2,19,0,1,US,Club
the olllam,2026,2026-11-03,,LIVE NATION TENNESSEE,0.0,0.0,0.0,0,0,1,2,0,0,US,Club
Clara La San,2026,2026-11-03,,LIVE NATION MUSIC,2553.98,0.0,0.0,0,0,0,6,0,0,US,Club
Hawthorne Heights,2026,2026-11-03,,LIVE NATION MUSIC,10175.0,356921.46,49305.0,2,0,4,55,0,5,US,Club
The Linda Lindas,2026,2026-11-03,,LIVE NATION MUSIC,108431.27,6550.0,0.0,0,0,1,5,0,0,US,Club
Olivia O'Brien,2026,2026-11-03,,LIVE NATION MUSIC,0.0,0.0,0.0,0,0,0,8,0,0,US,Theater
Lennon Stella,2026,2026-11-03,,LIVE NATION MUSIC,0.0,0.0,0.0,0,0,2,9,0,0,US,Club
David Aguilar,2026,2026-11-03,,LIVE NATION MUSIC,0.0,0.0,0.0,0,0,1,2,0,0,US,Club
The Linda Lindas,2026,2026-11-03,,LIVE NATION MUSIC,108431.27,6550.0,0.0,0,0,1,5,0,0,US,Club
Clara La San,2026,2026-11-03,,LIVE NATION MUSIC,2553.98,0.0,0.0,0,0,0,6,0,0,US,Club
The Smashing Pumpkins,2026,2026-11-03,,LIVE NATION CANADA (LN),1932119.81,4451112.17,12656219.06,29,91,42,26,1,5,International,Arena
New Constellations,2026,2026-11-03,,LIVE NATION CANADA (LN),21655.48,0.0,0.0,0,0,1,4,0,0,International,Club
Allison Russell,2026,2026-11-03,,LIVE NATION CANADA (LN),83000.15,59484.68,37732.0,0,0,4,8,0,0,International,Theater
Geese,2026,2026-11-03,,LIVE NATION CANADA (LN),156640.0,29014.0,20820.18,0,0,1,30,0,2,International,Club
America,2026,2026-11-03,,LIVE NATION CANADA (LN),4786730.81,4477164.55,1750231.2,5,8,180,41,0,14,International,Theater
Dev Lemons,2026,2026-11-03,,LIVE NATION CANADA (LN),0.0,0.0,5193.0,0,0,0,6,0,0,International,Theater
Amble,2026,2026-11-03,,LIVE NATION CANADA (LN),4723469.38,406488.11,0.0,0,5,9,43,2,5,International,Club
Tyler Braden,2026,2026-11-03,,LIVE NATION CANADA (LN),24451.73,11568.0,0.0,0,0,2,6,0,0,International,Theater
Marsden &amp; Richardson,2026,2026-11-03,,LIVE NATION CANADA (LN),0.0,0.0,0.0,0,0,0,0,0,2,International,Club
Owen Riegling,2026,2026-11-03,,LIVE NATION CANADA (LN),0.0,18187.81,0.0,0,0,1,1,0,0,International,Arena
Sons of Legion,2026,2026-11-03,,MCD PRODUCTIONS,0.0,0.0,0.0,0,0,12,29,0,0,International,Club
Jack Savoretti,2026,2026-11-03,,MCD PRODUCTIONS,603229.64,706366.89,751075.38,3,2,28,6,1,6,International,Theater
Yaelokre,2026,2026-11-03,,MCD PRODUCTIONS,68700.65,0.0,0.0,0,0,1,4,0,0,International,Club
Stevie Wonder,2026,2026-11-03,,"LIVE NATION UK FOR ARTIST, TOUR, FESTIVAL AND PRESALE NEWS",5077947.359999999,8495068.84,0.0,1,43,5,1,1,0,International,Arena
The Anniversary,2026,2026-11-03,,LIVE NATION MUSIC UK LTD,0.0,0.0,0.0,0,0,0,2,0,0,International,Club
Westlife,2026,2026-11-03,,LIVE NATION MUSIC UK LTD,0.0,4814001.32,298555.76,1,42,6,1,5,9,International,Arena
LP,2026,2026-11-03,,LIVE NATION MUSIC UK LTD,0.0,1924602.25,997128.67,4,11,25,57,2,21,International,Club
Boy &amp; Bear,2026,2026-11-03,,LIVE NATION MUSIC UK LTD,0.0,328069.51,71728.6,0,1,14,58,0,1,International,Club
Tou,2026,2026-11-03,,LIVE NATION MUSIC UK LTD,0.0,348354.82999999996,0.0,0,0,0,1,0,1,International,Club
"""Kew The Music"", Alison Moyet",2026,2026-11-03,,MCD PRODUCTIONS,547542.7,0.0,0.0,0,0,0,0,0,1,International,Theater
Rikas,2026,2026-11-03,,"LIVE NATION UK FOR ARTIST, TOUR, FESTIVAL AND PRESALE NEWS",0.0,4248.02,0.0,0,0,1,4,0,1,International,Theater
Leire Martínez,2026,2026-11-03,,OCESA,0.0,0.0,0.0,0,0,0,1,0,0,International,Club
Liana Flores,2026,2026-11-03,,OCESA,0.0,26934.07,0.0,0,0,0,4,0,0,International,Club
Omar Courtz,2026,2026-11-03,,OCESA,8215574.29,0.0,0.0,0,22,2,1,2,1,International,Arena
Arlo Parks,2026,2026-11-03,,Live Nation,0.0,188443.48,348313.02999999997,0,0,6,22,0,0,International,Club
Stephen Wilson Jr.,2026,2026-11-03,,Live Nation / Vega,786854.57,66436.31,0.0,2,0,10,13,0,1,International,Club
PRESIDENT,2026,2026-11-03,,Live Nation,0.0,0.0,0.0,0,0,1,2,0,0,International,Club
ElGrandeToto,2026,2026-11-03,,Live Nation España Red Path SL,108850.93,0.0,113186.65,0,0,0,2,0,0,International,Club
Don Toliver,2026,2026-11-03,,Live Nation sp. z o.o.,9032674.43,8111510.19,3222824.84,1,61,12,7,0,2,International,Arena
Niall Horan,2026,2026-11-03,,Live Nation sp. z o.o.,0.0,68141223.9,0.0,58,70,28,3,1,4,International,Arena
Razorlight,2026,2026-11-03,,LIVE NATION CZECH REPUBLIC s.r.o.,636211.96,20388.7,1240940.96,0,1,19,15,0,2,International,Theater
Switchfoot,2026,2026-11-04,,HOUSE OF BLUES CONCERTS (HOB),181031.87,600305.9299999999,763943.0,5,6,80,76,1,17,US,Theater
Saosin,2026,2026-11-04,,LIVE NATION MUSIC,0.0,43142.5,30500.0,0,0,3,12,0,0,US,Club
"August Burns Red, The Amity Affliction",2026,2026-11-04,,LIVE NATION MUSIC,0.0,0.0,0.0,0,0,0,1,0,0,US,Club
The String Cheese Incident,2026,2026-11-04,,LIVE NATION MUSIC,1786812.0,1997311.65,1388387.48,31,7,38,22,0,3,US,Theater
Free Throw,2026,2026-11-04,,LIVE NATION MUSIC,16975.66,12411.08,41648.0,1,0,1,18,0,2,US,Theater
gavn!,2026,2026-11-04,,LIVE NATION MUSIC,0.0,8873.0,0.0,0,0,0,5,0,0,US,Club
Abbie Gamboa,2026,2026-11-04,,LIVE NATION MUSIC,0.0,43390.0,0.0,0,0,1,3,0,0,US,Club
Motionless In White,2026,2026-11-04,,LIVE NATION MUSIC,131287.04,0.0,1810722.63,7,19,22,41,0,2,US,Amphitheatre
SiM,2026,2026-11-04,,LIVE NATION MUSIC,0.0,78357.29000000001,0.0,0,0,0,4,0,0,US,Club
"Mic Crenshaw, Special Guests",2026,2026-11-04,,HOUSE OF BLUES CONCERTS (HOB),0.0,0.0,0.0,0,0,0,1,0,0,US,Club
GWAR,2026,2026-11-04,,LIVE NATION MUSIC,232622.19,250475.13,96717.0,0,3,30,172,0,3,US,Theater
Static Dress,2026,2026-11-04,,LIVE NATION MUSIC,0.0,0.0,0.0,0,0,0,1,0,0,US,Club
Reason,2026,2026-11-04,,LIVE NATION MUSIC,0.0,3617.6,1440.0,0,0,1,1,0,0,US,Arena
Doja Cat,2026,2026-11-04,,LIVE NATION MUSIC,7384674.46,7298161.81,31988065.4,0,39,0,9,0,0,US,Arena
Young Miko,2026,2026-11-04,,LIVE NATION MUSIC,1819198.33,11120905.33,716909.22,7,8,21,5,0,2,US,Arena
Three Days Grace,2026,2026-11-04,,LIVE NATION MUSIC,2587583.58,0.0,514555.96,4,55,36,61,0,8,US,Club
Dave Matthews Band,2026,2026-11-04,,LIVE NATION MUSIC,43805123.36,52998276.22,63274603.4,396,117,17,4,16,6,US,Arena
Dave Matthews Band,2026,2026-11-04,,LIVE NATION MUSIC,43805123.36,52998276.22,63274603.4,396,117,17,4,16,6,US,Arena
Palace,2026,2026-11-04,,LIVE NATION MUSIC,216325.96,176855.55,138298.91,0,0,7,19,0,1,US,Club
Santana,2026,2026-11-04,,HOUSE OF BLUES CONCERTS (HOB),10372269.62,0.0,3349278.95,59,103,47,16,7,8,US,Arena
Hunxho,2026,2026-11-04,,LIVE NATION MUSIC,78330.0,70430.0,0.0,0,0,0,2,0,0,US,Arena
Rawayana,2026,2026-11-04,,LIVE NATION MUSIC,0.0,1859072.56,268722.57,0,16,7,9,1,1,US,Theater
King Crimson,2026,2026-11-04,,LIVE NATION MUSIC,0.0,0.0,0.0,9,5,42,4,1,3,US,Theater
Joy Oladokun,2026,2026-11-04,,LIVE NATION MUSIC,221534.01,52154.13,111946.52,1,0,2,21,0,1,US,Theater
Pedro Fernández,2026,2026-11-04,,LIVE NATION MUSIC,1779091.23,1070035.34,992662.55,2,12,11,0,0,0,US,Arena
Orville Peck,2026,2026-11-04,,FRANK PRODUCTIONS,0.0,1089190.07,122699.0,2,0,10,21,0,3,US,Club
"""Past, Present, Future: A Dance Gala""",2026,2026-11-04,,LIVE NATION MUSIC,0.0,0.0,0.0,0,0,1,0,0,0,US,Theater
almost monday,2026,2026-11-04,,LIVE NATION MUSIC,58670.4,0.0,2884.0,0,0,0,9,0,1,US,Club
Turnover,2026,2026-11-04,,LIVE NATION MUSIC,1497016.17,34201.28,13530.0,2,1,7,38,0,2,US,Club
"Band Of Horses, Dinosaur Jr.",2026,2026-11-04,,HOUSE OF BLUES CONCERTS (HOB),0.0,0.0,0.0,1,0,0,0,0,0,US,Amphitheatre
Slow Pulp,2026,2026-11-04,,LIVE NATION MUSIC,0.0,106046.0,34083.07,0,0,1,10,0,0,US,Club
Rival Sons,2026,2026-11-04,,LIVE NATION MUSIC,174160.14,116553.8,395290.35,0,2,30,81,0,1,US,Club
GloRilla,2026,2026-11-04,,LIVE NATION MUSIC,9099378.02,0.0,229811.0,0,8,12,5,0,0,US,Theater
Forever,2026,2026-11-04,,LIVE NATION MUSIC,70329.51,0.0,0.0,0,1,0,0,0,0,US,Theater
Victory,2026,2026-11-04,,LIVE NATION MUSIC,0.0,0.0,0.0,0,0,0,2,0,0,US,Club
Skilla Baby,2026,2026-11-04,,HOUSE OF BLUES CONCERTS (HOB),0.0,32505.0,0.0,0,0,0,1,0,0,US,Club
Mountain Grass Unit,2026,2026-11-04,,FRANK PRODUCTIONS,30000.0,7592.0,684.0,1,0,1,7,0,1,US,Theater
Hawthorne Heights,2026,2026-11-04,,LIVE NATION MUSIC,10175.0,356921.46,49305.0,2,0,4,55,0,5,US,Club
Hurricane Wisdom,2026,2026-11-04,,LIVE NATION MUSIC,11250.0,0.0,0.0,0,0,0,1,0,0,US,Theater
Trev,2026,2026-11-04,,LIVE NATION MUSIC,0.0,0.0,0.0,0,0,0,1,0,0,US,Club
Pretty Sick,2026,2026-11-04,,LIVE NATION MUSIC,0.0,0.0,0.0,0,0,0,3,0,0,US,Theater
Russian Circles,2026,2026-11-04,,LIVE NATION MUSIC,50599.0,0.0,0.0,0,0,3,53,0,0,US,Theater
She Wants Revenge,2026,2026-11-04,,LIVE NATION MUSIC,79720.0,0.0,7566.52,0,1,5,27,0,1,US,Club
Suzanne Vega,2026,2026-11-04,,LIVE NATION MUSIC,1455292.08,108796.53,1178457.02,4,2,76,66,0,7,US,Theater
Madds Buckley,2026,2026-11-04,,LIVE NATION MUSIC,0.0,3020.0,0.0,0,0,1,0,0,0,US,Theater
R&amp;B Vibes Live,2026,2026-11-04,,LIVE NATION MUSIC,0.0,0.0,0.0,0,0,0,2,0,0,US,Club
2slimey,2026,2026-11-04,,LIVE NATION MUSIC,0.0,0.0,0.0,0,0,0,1,0,0,US,Theater
Sparta,2026,2026-11-04,,LIVE NATION MUSIC,0.0,4412.0,43409.68,0,0,2,13,0,0,US,Club
"Zo!, Tall Black Guy",2026,2026-11-04,,LIVE NATION MUSIC,0.0,3614.0,0.0,0,0,0,1,0,0,US,Theater
Man/Woman/Chainsaw,2026,2026-11-04,,LIVE NATION MUSIC,3462.46,0.0,422.46,0,0,0,2,0,0,US,Club
The Living Tombstone,2026,2026-11-04,,HOUSE OF BLUES CONCERTS (HOB),1157002.59,58601.17,0.0,0,1,2,16,0,1,US,Club
Peppermint,2026,2026-11-04,,LIVE NATION MUSIC,0.0,0.0,0.0,0,0,0,3,0,0,US,Club
"""Past, Present, Future: A Dance Gala""",2026,2026-11-04,,FRANK PRODUCTIONS,0.0,0.0,0.0,0,0,1,0,0,0,US,Theater
"Prof, Yelawolf, That Mexican Ot",2026,2026-11-04,,LIVE NATION MUSIC,0.0,0.0,0.0,0,0,0,1,0,0,US,Theater
Shadowgrass,2026,2026-11-04,,LIVE NATION MUSIC,60303.0,9069.0,1132.5,1,0,2,8,0,0,US,Club
Victor &amp; Leo,2026,2026-11-04,,LIVE NATION MUSIC,0.0,0.0,0.0,0,0,24,1,0,0,US,Theater
Josh Garrels,2026,2026-11-04,,LIVE NATION MUSIC,0.0,12960.5,0.0,0,0,8,29,0,6,US,Theater
Victor &amp; Leo,2026,2026-11-04,,LIVE NATION MUSIC,0.0,0.0,0.0,0,0,24,1,0,0,US,Theater
Isaiah Rashad,2026,2026-11-04,,LIVE NATION MUSIC,0.0,274022.0,388038.79,0,1,16,46,0,0,US,Club
J &amp; The Causeways,2026,2026-11-04,,LIVE NATION MUSIC,2003.0,0.0,0.0,0,0,0,2,0,0,US,Club
Weston Estate,2026,2026-11-04,,LIVE NATION CANADA (LN),0.0,0.0,89662.0,0,0,0,4,0,0,International,Club
Geese,2026,2026-11-04,,LIVE NATION CANADA (LN),156640.0,29014.0,20820.18,0,0,1,30,0,2,International,Club
Sienna Spiro,2026,2026-11-04,,LIVE NATION MUSIC,24263.94,0.0,0.0,0,0,3,3,0,0,International,Theater
In Real Life,2026,2026-11-04,,LIVE NATION CANADA (LN),0.0,0.0,0.0,0,0,0,4,0,0,International,Club
Fally Ipupa,2026,2026-11-04,,EVENKO CO-PRO WITH LIVE NATION,0.0,1403434.42,3954999.6,0,6,3,1,0,1,International,Arena
Barrington Levy,2026,2026-11-04,,LIVE NATION CANADA (LN),434908.0,0.0,0.0,0,0,3,27,0,1,International,Theater
The East Pointers,2026,2026-11-04,,LIVE NATION CANADA (LN),14014.51,13120.22,0.0,0,0,1,10,0,2,International,Theater
Owen Riegling,2026,2026-11-04,,LIVE NATION CANADA (LN),0.0,18187.81,0.0,0,0,1,1,0,0,International,Club
Hail The Sun,2026,2026-11-04,,MCD PRODUCTIONS,0.0,49117.84,17424.0,0,0,1,20,0,0,International,Club
Dexys,2026,2026-11-04,,MCD PRODUCTIONS,0.0,0.0,100224.81,0,0,3,0,0,0,International,Theater
Sons of Legion,2026,2026-11-04,,MCD PRODUCTIONS,0.0,0.0,0.0,0,0,12,29,0,0,International,Club
Korn,2026,2026-11-04,,LIVE NATION MUSIC UK LTD,7267179.31,12956787.2,0.0,43,43,20,32,5,8,International,Arena
Macy Gray,2026,2026-11-04,,LIVE NATION MUSIC UK LTD,285508.42,27492.0,286517.02,0,1,33,47,1,2,International,Theater
Henry &amp; The Invisibles,2026,2026-11-04,,"LIVE NATION UK FOR ARTIST, TOUR, FESTIVAL AND PRESALE NEWS",0.0,0.0,0.0,0,0,0,3,0,0,International,Theater
Decade,2026,2026-11-04,,LIVE NATION MUSIC UK LTD,14257.28,0.0,0.0,0,0,0,2,0,0,International,Club
LEA,2026,2026-11-04,,"LIVE NATION UK FOR ARTIST, TOUR, FESTIVAL AND PRESALE NEWS",0.0,861301.89,201318.3,0,2,1,0,1,2,International,Arena
Carpenter Brut,2026,2026-11-04,,LIVE NATION MUSIC UK LTD,0.0,0.0,0.0,0,0,2,14,0,1,International,Club
Buffalo Traffic Jam,2026,2026-11-04,,LIVE NATION AUSTRALIA,0.0,0.0,0.0,0,0,1,7,0,0,International,Theater
The Kid LAROI,2026,2026-11-04,,Live Nation,0.0,8502598.75,2968556.88,2,32,8,9,1,3,International,Arena
The Kid LAROI,2026,2026-11-04,,Live Nation,0.0,8502598.75,2968556.88,2,32,8,9,1,3,International,Arena
Pitbull,2026,2026-11-04,,Live Nation España Silver Tours SL,16938177.86,38572623.0,4171765.41,116,90,54,7,17,12,International,Amphitheatre
Tokio Hotel,2026,2026-11-04,,Live Nation Venues Netherlands BV Afas Live,1151097.22,79209.35,350341.62,0,18,14,14,1,1,International,Arena
CL,2026,2026-11-04,,Live Nation sp. z o.o.,0.0,0.0,0.0,0,0,3,1,0,1,International,Theater
Motionless In White,2026,2026-11-05,,LIVE NATION MUSIC,131287.04,0.0,1810722.63,7,19,22,41,0,2,US,Arena
The String Cheese Incident,2026,2026-11-05,,LIVE NATION MUSIC,1786812.0,1997311.65,1388387.48,31,7,38,22,0,3,US,Theater
Trivium,2026,2026-11-05,,LIVE NATION MUSIC,398903.12,0.0,378436.41,0,3,22,57,0,1,US,Club
S Club,2026,2026-11-05,,LIVE NATION MUSIC,0.0,132701.0,6657813.3100000005,0,23,2,0,0,0,US,Arena
Dead Poet Society,2026,2026-11-05,,LIVE NATION MUSIC,0.0,95493.81,8199.75,0,0,0,18,0,1,US,Club
State Champs,2026,2026-11-05,,LIVE NATION MUSIC,202412.59,75375.0,0.0,0,0,9,29,0,0,US,Theater
Metallica,2026,2026-11-05,,LIVE NATION MUSIC,137107458.47,179373637.38,146435306.85,0,95,4,4,135,10,US,Stadium
Metallica,2026,2026-11-05,,LIVE NATION MUSIC,137107458.47,179373637.38,146435306.85,0,95,4,4,135,10,US,Stadium
KATSEYE,2026,2026-11-05,,LIVE NATION MUSIC,3772036.89,0.0,0.0,0,1,5,2,0,0,US,Arena
"Chris Brown, Usher",2026,2026-11-05,,LIVE NATION MUSIC,0.0,0.0,0.0,0,0,0,0,18,0,US,Stadium
Young Miko,2026,2026-11-05,,LIVE NATION MUSIC,1819198.33,11120905.33,716909.22,7,8,21,5,0,2,US,Arena
Jonas Brothers,2026,2026-11-05,,LIVE NATION MUSIC,81959444.45,30144554.31,109403725.33,84,205,28,1,31,5,US,Arena
Pentatonix,2026,2026-11-05,,LIVE NATION MUSIC,10014000.83,20747784.25,16735657.71,59,174,94,50,3,9,US,Arena
Alanis Morissette,2026,2026-11-05,,LIVE NATION MUSIC,6880538.55,30678064.16,699424.9,59,22,19,14,4,3,US,Theater
Gavin Adcock,2026,2026-11-05,,LIVE NATION MUSIC,1721187.77,823287.0,64130.0,3,1,9,38,0,1,US,Theater
Dan + Shay,2026,2026-11-05,,LIVE NATION MUSIC,0.0,23220519.09,2076160.61,32,54,33,41,1,8,US,Amphitheatre
311,2026,2026-11-05,,LIVE NATION MUSIC,1002243.75,4911719.08,177512.0,40,6,46,54,0,11,US,Theater
Michelle Branch,2026,2026-11-05,,LIVE NATION MUSIC,0.0,0.0,0.0,0,0,2,13,0,0,US,Theater
Sammy Rae &amp; The Friends,2026,2026-11-05,,LIVE NATION MUSIC,365473.19,765933.13,407010.69,0,0,11,33,0,1,US,Club
Steve Lacy,2026,2026-11-05,,LIVE NATION MUSIC,0.0,0.0,48400.0,1,2,2,7,0,0,US,Amphitheatre
Santana,2026,2026-11-05,,HOUSE OF BLUES CONCERTS (HOB),10372269.62,0.0,3349278.95,59,103,47,16,7,8,US,Arena
Zack Fox,2026,2026-11-05,,LIVE NATION MUSIC,730584.1799999999,153619.24,94077.0,0,0,7,21,0,1,US,Arena
Trippie Redd,2026,2026-11-05,,LIVE NATION MUSIC,177248.89,171012.5,592049.0,4,5,6,7,0,1,US,Club
Arcángel,2026,2026-11-05,,LIVE NATION MUSIC,0.0,5578759.22,9635530.99,2,31,6,0,4,1,US,Theater
"Mic Crenshaw, Special Guests",2026,2026-11-05,,LIVE NATION MUSIC,0.0,0.0,0.0,0,0,0,1,0,0,US,Arena
Little Big Town,2026,2026-11-05,,LIVE NATION MUSIC,2309214.5,13004819.31,2846985.5,23,68,94,16,1,12,US,Theater
Alvaro,2026,2026-11-05,,LIVE NATION MUSIC,0.0,0.0,0.0,0,0,0,1,0,0,US,Club
Underoath,2026,2026-11-05,,LIVE NATION MUSIC,0.0,418700.1,308406.2,0,2,22,75,0,4,US,Theater
Switchfoot,2026,2026-11-05,,LIVE NATION MUSIC,181031.87,600305.9299999999,763943.0,5,6,80,76,1,17,US,Theater
Dweezil Zappa,2026,2026-11-05,,LIVE NATION MUSIC,1060154.55,1718199.74,0.0,0,0,69,53,0,3,US,Theater
"Prof, Yelawolf, That Mexican Ot",2026,2026-11-05,,LIVE NATION MUSIC,0.0,0.0,0.0,0,0,0,1,0,0,US,Club
Palace,2026,2026-11-05,,LIVE NATION MUSIC,216325.96,176855.55,138298.91,0,0,7,19,0,1,US,Club
Bowling For Soup,2026,2026-11-05,,HOUSE OF BLUES CONCERTS (HOB),1051669.3,850443.56,141147.11,0,4,24,50,0,2,US,Club
TUL8TE,2026,2026-11-05,,LIVE NATION MUSIC,0.0,0.0,0.0,0,0,0,1,0,0,US,Club
Skillet,2026,2026-11-05,,HOUSE OF BLUES CONCERTS (HOB),2557214.15,260542.96,1377748.06,6,30,44,67,1,14,US,Club
Paul Anka,2026,2026-11-05,,LIVE NATION MUSIC,1081980.03,1742187.49,1467619.8,1,13,135,8,0,2,US,Theater
John Summit,2026,2026-11-05,,LIVE NATION MUSIC,1618895.52,6378033.54,2121909.0,1,6,4,6,1,1,US,Arena
10 Years,2026,2026-11-05,,LIVE NATION MUSIC,35281.43,47010.25,6775.0,0,0,11,90,0,3,US,Club
Knocked Loose,2026,2026-11-05,,LIVE NATION MUSIC,511899.01,1019550.49,0.0,0,0,14,49,0,1,US,Amphitheatre
Meredith Marks,2026,2026-11-05,,LIVE NATION MUSIC,0.0,0.0,0.0,0,0,0,1,0,0,US,Club
Once &amp; Future Band,2026,2026-11-05,,LIVE NATION MUSIC,0.0,0.0,0.0,0,0,0,1,0,0,US,Club
Sugarland,2026,2026-11-05,,LIVE NATION MUSIC,0.0,0.0,0.0,71,60,8,1,4,4,US,Arena
Yung Gravy,2026,2026-11-05,,LIVE NATION MUSIC,206906.93,654682.31,71100.12,0,2,7,36,0,1,US,Club
Ashley Cooke,2026,2026-11-05,,LIVE NATION MUSIC,27885.0,19297.0,26529.0,0,0,0,9,0,1,US,Club
John Summit,2026,2026-11-05,,LIVE NATION MUSIC,1618895.52,6378033.54,2121909.0,1,6,4,6,1,1,US,Arena
Akeem Ali,2026,2026-11-05,,LIVE NATION MUSIC,6800.0,10982.0,0.0,0,0,0,3,0,1,US,Club
America,2026,2026-11-05,,LIVE NATION MUSIC,4786730.81,4477164.55,1750231.2,5,8,180,41,0,14,US,Theater
Mannequin Pussy,2026,2026-11-05,,FRANK PRODUCTIONS,186240.58,293493.84,5220.0,0,0,4,31,0,0,US,Theater
Abbie Gamboa,2026,2026-11-05,,LIVE NATION MUSIC,0.0,43390.0,0.0,0,0,1,3,0,0,US,Club
Lenny Pearce,2026,2026-11-05,,LIVE NATION MUSIC,1149576.75,11247.35,0.0,1,0,32,23,0,2,US,Theater
"Band Of Horses, Dinosaur Jr.",2026,2026-11-05,,LIVE NATION MUSIC,0.0,0.0,0.0,1,0,0,0,0,0,US,Amphitheatre
"The A, B, C &amp; D Of Boogie Woogie",2026,2026-11-05,,LIVE NATION MUSIC,0.0,0.0,0.0,0,0,0,1,0,0,US,Club
"Kip Moore, Jackson Dean",2026,2026-11-05,,HOUSE OF BLUES CONCERTS (HOB),0.0,0.0,0.0,0,0,1,0,0,0,US,Theater
Daniela Spalla,2026,2026-11-05,,LIVE NATION MUSIC,630994.95,526043.9299999999,123566.22,1,2,6,0,0,0,US,Theater
Tou,2026,2026-11-05,,LIVE NATION MUSIC,0.0,348354.82999999996,0.0,0,0,0,1,0,1,US,Club
Gus Dapperton,2026,2026-11-05,,LIVE NATION MUSIC,0.0,0.0,301209.13,0,0,8,34,1,1,US,Club
Kem,2026,2026-11-05,,LIVE NATION MUSIC,831025.5,1671400.29,1522783.05,10,15,69,4,0,0,US,Arena
Louie TheSinger,2026,2026-11-05,,LIVE NATION MUSIC,0.0,0.0,0.0,0,0,0,1,0,0,US,Theater
Matt Quinn,2026,2026-11-05,,LIVE NATION MUSIC,0.0,0.0,0.0,0,0,0,1,0,0,US,Theater
Better Than Ezra,2026,2026-11-05,,LIVE NATION MUSIC,67594.0,69299.9,77840.0,1,0,16,20,0,2,US,Theater
Ethan Regan,2026,2026-11-05,,LIVE NATION MUSIC,39313.28,2015.0,0.0,0,0,0,7,0,0,US,Club
Lauren Alaina,2026,2026-11-05,,LIVE NATION MUSIC,60964.85,0.0,0.0,0,0,6,10,0,1,US,Theater
Femme Fatale,2026,2026-11-05,,LIVE NATION MUSIC,0.0,0.0,0.0,0,0,0,1,0,0,US,Theater
Orville Peck,2026,2026-11-05,,LIVE NATION MUSIC,0.0,1089190.07,122699.0,2,0,10,21,0,3,US,Club
Jon B,2026,2026-11-05,,LIVE NATION MUSIC,149874.51,211838.95,181255.45,0,0,2,37,0,0,US,Club
Postmodern Jukebox,2026,2026-11-05,,FRANK PRODUCTIONS,3423282.53,2913423.2,3309873.83,0,9,407,107,0,34,US,Theater
Die Spitz,2026,2026-11-05,,FRANK PRODUCTIONS,19774.52,3750.0,0.0,0,0,0,10,0,1,US,Theater
The Knocks,2026,2026-11-05,,LIVE NATION MUSIC,0.0,0.0,40225.0,0,0,5,46,0,1,US,Club
Emancipator,2026,2026-11-05,,LIVE NATION MUSIC,56566.0,28350.0,131285.0,2,0,8,102,0,10,US,Theater
Knocked Loose,2026,2026-11-05,,LIVE NATION MUSIC,511899.01,1019550.49,0.0,0,0,14,49,0,1,US,Amphitheatre
"The Hails, Never Ending Fall",2026,2026-11-05,,LIVE NATION MUSIC,32786.0,0.0,0.0,0,0,0,4,0,0,US,Club
Kylie Morgan,2026,2026-11-05,,LIVE NATION MUSIC,652.06,3245.0,1334.0,0,0,1,3,0,0,US,Theater
Pain Of Truth,2026,2026-11-05,,LIVE NATION MUSIC,29220.0,0.0,0.0,0,0,0,2,0,0,US,Theater
Slum Village,2026,2026-11-05,,LIVE NATION MUSIC,0.0,0.0,0.0,0,0,0,9,0,0,US,Club
Prince Daddy &amp; the Hyena,2026,2026-11-05,,LIVE NATION MUSIC,14330.0,23187.85,10500.0,0,0,0,16,0,2,US,Club
West 22nd,2026,2026-11-05,,LIVE NATION MUSIC,16408.0,7821.0,0.0,0,0,2,7,0,0,US,Theater
Rain,2026,2026-11-05,,LIVE NATION MUSIC,0.0,0.0,207956.5,1,1,4,0,0,1,US,Theater
Isabel Van Gelder,2026,2026-11-05,,LIVE NATION MUSIC,0.0,0.0,0.0,0,0,0,1,0,0,US,Club
Lily Rose,2026,2026-11-05,,LIVE NATION MUSIC,41111.119999999995,66679.0,69355.0,0,0,1,18,0,1,US,Club
Thundercat,2026,2026-11-05,,LIVE NATION MUSIC,166095.0,81082.15,903432.94,2,0,14,40,0,2,US,Club
J &amp; The Causeways,2026,2026-11-05,,LIVE NATION MUSIC,2003.0,0.0,0.0,0,0,0,2,0,0,US,Club
Isaiah Rashad,2026,2026-11-05,,LIVE NATION MUSIC,0.0,274022.0,388038.79,0,1,16,46,0,0,US,Club
Deer Tick,2026,2026-11-05,,LIVE NATION TENNESSEE,29783.0,4612.5,128819.5,1,0,8,93,0,1,US,Club
Ben &amp; Rose,2026,2026-11-05,,FRANK PRODUCTIONS,0.0,0.0,0.0,0,0,1,0,0,0,US,Theater
Armand Hammer,2026,2026-11-05,,LIVE NATION MUSIC,0.0,0.0,28931.78,0,0,0,6,0,0,US,Club
Allan Rayman,2026,2026-11-05,,LIVE NATION MUSIC,9388.09,20033.0,21458.28,1,0,3,31,0,0,US,Theater
The Linda Lindas,2026,2026-11-05,,LIVE NATION MUSIC,108431.27,6550.0,0.0,0,0,1,5,0,0,US,Club
Joe Jordan,2026,2026-11-05,,LIVE NATION MUSIC,5540.0,0.0,0.0,0,0,0,4,0,0,US,Club
Periphery,2026,2026-11-05,,LIVE NATION MUSIC,0.0,508193.42,0.0,0,0,21,57,0,3,US,Theater
Joe Jordan,2026,2026-11-05,,LIVE NATION MUSIC,5540.0,0.0,0.0,0,0,0,4,0,0,US,Club
Chris Webby,2026,2026-11-05,,LIVE NATION MUSIC,21780.0,0.0,25360.0,0,0,12,63,1,2,US,Theater
The Jack Wharff Band,2026,2026-11-05,,LIVE NATION MUSIC,0.0,0.0,0.0,0,0,0,1,0,0,US,Club
"Christone ""Kingfish"" Ingram",2026,2026-11-05,,LIVE NATION MUSIC,637854.38,67004.39,183047.21,0,0,45,35,0,6,US,Theater
Periphery,2026,2026-11-05,,LIVE NATION MUSIC,0.0,508193.42,0.0,0,0,21,57,0,3,US,Theater
honestav,2026,2026-11-05,,LIVE NATION MUSIC,76832.0,0.0,0.0,0,0,0,5,0,0,US,Club
Allan Rayman,2026,2026-11-05,,LIVE NATION MUSIC,9388.09,20033.0,21458.28,1,0,3,31,0,0,US,Theater
Wim Tapley &amp; The Cannons,2026,2026-11-05,,LIVE NATION MUSIC,0.0,0.0,0.0,0,0,0,2,0,0,US,Club
The Linda Lindas,2026,2026-11-05,,LIVE NATION MUSIC,108431.27,6550.0,0.0,0,0,1,5,0,0,US,Club
Wim Tapley &amp; The Cannons,2026,2026-11-05,,LIVE NATION MUSIC,0.0,0.0,0.0,0,0,0,2,0,0,US,Club
honestav,2026,2026-11-05,,LIVE NATION MUSIC,76832.0,0.0,0.0,0,0,0,5,0,0,US,Club
Cade Thompson,2026,2026-11-05,,LIVE NATION CANADA (LN),0.0,0.0,7360.0,0,0,0,0,0,1,International,Other
The Smashing Pumpkins,2026,2026-11-05,,LIVE NATION CANADA (LN),1932119.81,4451112.17,12656219.06,29,91,42,26,1,5,International,Arena
Geoff Tate's Operation: Mindcrime,2026,2026-11-05,,LIVE NATION CANADA (LN),283320.71,0.0,0.0,0,0,19,36,0,1,International,Theater
Weston Estate,2026,2026-11-05,,LIVE NATION CANADA (LN),0.0,0.0,89662.0,0,0,0,4,0,0,International,Club
Arkells,2026,2026-11-05,,LIVE NATION CANADA (LN),512843.52,911391.9,30606.5,0,22,9,64,0,6,International,Club
"Begonia, Sumer",2026,2026-11-05,,LIVE NATION CANADA (LN),0.0,0.0,1091.5,0,0,0,1,0,0,International,Club
Angine de Poitrine,2026,2026-11-05,,LIVE NATION CANADA (LN),0.0,0.0,0.0,0,0,1,1,0,0,International,Club
Allison Russell,2026,2026-11-05,,LIVE NATION MUSIC,83000.15,59484.68,37732.0,0,0,4,8,0,0,International,Arena
SYML,2026,2026-11-05,,LIVE NATION CANADA (LN),368644.28,0.0,235701.94,0,1,15,40,0,6,International,Club
Sienna Spiro,2026,2026-11-05,,LIVE NATION MUSIC,24263.94,0.0,0.0,0,0,3,3,0,0,International,Theater
Tyler Braden,2026,2026-11-05,,LIVE NATION CANADA (LN),24451.73,11568.0,0.0,0,0,2,6,0,0,International,Arena
Quadeca,2026,2026-11-05,,LIVE NATION CANADA (LN),127634.26,0.0,7186.0,0,0,3,8,0,0,International,Theater
Owen Riegling,2026,2026-11-05,,EVENKO CO-PRO WITH LIVE NATION,0.0,18187.81,0.0,0,0,1,1,0,0,International,Club
The Weight,2026,2026-11-05,,LIVE NATION CANADA (LN),0.0,6092.0,0.0,0,0,0,2,0,0,International,Club
"""98.1 The Bull - Red, White &amp; Boom!"", Sam Hunt",2026,2026-11-05,,LIVE NATION CANADA (LN),0.0,0.0,0.0,0,0,0,0,1,0,International,Stadium
The Reklaws,2026,2026-11-05,,LIVE NATION CANADA (LN),0.0,156027.85,0.0,0,0,1,0,0,0,International,Theater
"Four By Four - Tribute to The Beach Boys, Beatles, Bee Gees &amp; Motown",2026,2026-11-05,,MCD PRODUCTIONS,0.0,36110.45,63630.0,0,0,3,1,0,0,International,Theater
All Tvvins,2026,2026-11-05,,MCD PRODUCTIONS,0.0,0.0,0.0,0,0,3,12,1,1,International,Theater
Swervedriver,2026,2026-11-05,,MCD PRODUCTIONS,17939.0,0.0,0.0,0,0,2,33,0,0,International,Club
Rock,2026,2026-11-05,,MCD PRODUCTIONS,0.0,0.0,0.0,0,0,0,1,0,0,International,Theater
SSIO,2026,2026-11-05,,MCD PRODUCTIONS,492428.05,0.0,0.0,0,1,2,0,1,0,International,Theater
The Great Divide,2026,2026-11-05,,DF CONCERTS,0.0,2247.0,0.0,0,0,0,2,0,1,International,Club
Stevie Wonder,2026,2026-11-05,,"LIVE NATION UK FOR ARTIST, TOUR, FESTIVAL AND PRESALE NEWS",5077947.359999999,8495068.84,0.0,1,43,5,1,1,0,International,Arena
The Great Divide,2026,2026-11-05,,DF CONCERTS,0.0,2247.0,0.0,0,0,0,2,0,1,International,Club
Macy Gray,2026,2026-11-05,,"LIVE NATION UK FOR ARTIST, TOUR, FESTIVAL AND PRESALE NEWS",285508.42,27492.0,286517.02,0,1,33,47,1,2,International,Club
Josiah and The Bonnevilles,2026,2026-11-05,,LIVE NATION MUSIC UK LTD,69515.98999999999,42216.0,0.0,0,0,1,10,0,1,International,Club
Slayyyter,2026,2026-11-05,,LIVE NATION MUSIC UK LTD,0.0,185129.1,100397.58,0,0,4,16,0,1,International,Club
Shad,2026,2026-11-05,,"LIVE NATION UK FOR ARTIST, TOUR, FESTIVAL AND PRESALE NEWS",0.0,0.0,0.0,0,0,2,15,0,1,International,Club
Undeath,2026,2026-11-05,,"LIVE NATION UK FOR ARTIST, TOUR, FESTIVAL AND PRESALE NEWS",0.0,28164.15,0.0,0,0,0,9,0,1,International,Club
Carpenter Brut,2026,2026-11-05,,LIVE NATION MUSIC UK LTD,0.0,0.0,0.0,0,0,2,14,0,1,International,Club
Matt Lang,2026,2026-11-05,,"LIVE NATION UK FOR ARTIST, TOUR, FESTIVAL AND PRESALE NEWS",44573.26,49366.32,61307.58,0,0,3,8,0,2,International,Club
Charlie Puth,2026,2026-11-05,,LIVE NATION AUSTRALIA,0.0,2549512.67,3412978.27,29,15,15,12,0,1,International,Arena
Puma Blue,2026,2026-11-05,,OCESA,5450.0,0.0,33951.42,0,0,1,13,0,0,International,Club
Aitana,2026,2026-11-05,,OCESA,10022719.03,1046744.51,9033891.4,8,27,6,0,22,8,International,Theater
Emjay,2026,2026-11-05,,OCESA,27110.83,0.0,0.0,0,0,0,1,0,0,International,Club
Peces Raros,2026,2026-11-05,,OCESA,23348.44,0.0,0.0,0,0,0,2,0,0,International,Club
Dillom,2026,2026-11-05,,OCESA,222521.52,87915.85,26216.33,0,1,3,2,0,1,International,Theater
Niall Horan,2026,2026-11-05,,Live Nation,0.0,68141223.9,0.0,58,70,28,3,1,4,International,Arena
"""Festival International de Jazz De Montreal"", Saint Levant",2026,2026-11-05,,Live Nation,0.0,0.0,0.0,0,0,0,1,0,0,International,Club
Pitbull,2026,2026-11-05,,Live Nation España Silver Tours SL,16938177.86,38572623.0,4171765.41,116,90,54,7,17,12,International,Arena
The Kid LAROI,2026,2026-11-05,,Live Nation Venues Netherlands BV Afas Live,0.0,8502598.75,2968556.88,2,32,8,9,1,3,International,Arena
Zimmer90,2026,2026-11-05,,Live Nation Sp. z o.o.,169207.99,15899.83,24960.89,0,0,0,14,0,1,International,Club
IOWA,2026,2026-11-05,,Live Nation Sp. z o.o.,0.0,0.0,0.0,0,0,0,2,0,0,International,Club
"Daniel, Me Estás Matando",2026,2026-11-05,,Live Nation Sp. z o.o.,475718.03,16960.0,442118.48,0,0,5,1,0,0,International,Theater
Altin Gün,2026,2026-11-05,,LIVE NATION CZECH REPUBLIC s.r.o.,40201.26,59295.5,156342.24,1,0,1,21,0,1,International,Club
Lenny Pearce,2026,2026-11-06,,LIVE NATION MUSIC,1149576.75,11247.35,0.0,1,0,32,23,0,2,US,Amphitheatre
GWAR,2026,2026-11-06,,HOUSE OF BLUES CONCERTS (HOB),232622.19,250475.13,96717.0,0,3,30,172,0,3,US,Club
Late Night Thoughts,2026,2026-11-06,,LIVE NATION MUSIC,2154.0,0.0,0.0,0,0,0,1,0,0,US,Club
Greensky Bluegrass,2026,2026-11-06,,LIVE NATION MUSIC,1226840.85,2468957.58,2965831.09,37,0,87,191,1,12,US,Club
"Chris Brown, Usher",2026,2026-11-06,,LIVE NATION MUSIC,0.0,0.0,0.0,0,0,0,0,18,0,US,Stadium
Dave Matthews Band,2026,2026-11-06,,LIVE NATION MUSIC,43805123.36,52998276.22,63274603.4,396,117,17,4,16,6,US,Arena
Rod Wave,2026,2026-11-06,,LIVE NATION MUSIC,21434081.53,44782080.52,58117202.64,1,85,1,0,0,0,US,Arena
John Summit,2026,2026-11-06,,LIVE NATION MUSIC,1618895.52,6378033.54,2121909.0,1,6,4,6,1,1,US,Arena
Doja Cat,2026,2026-11-06,,LIVE NATION MUSIC,7384674.46,7298161.81,31988065.4,0,39,0,9,0,0,US,Arena
The Smashing Pumpkins,2026,2026-11-06,,LIVE NATION MUSIC,1932119.81,4451112.17,12656219.06,29,91,42,26,1,5,US,Arena
Dan + Shay,2026,2026-11-06,,LIVE NATION MUSIC,0.0,23220519.09,2076160.61,32,54,33,41,1,8,US,Arena
Alanis Morissette,2026,2026-11-06,,LIVE NATION MUSIC,6880538.55,30678064.16,699424.9,59,22,19,14,4,3,US,Theater
Little Big Town,2026,2026-11-06,,LIVE NATION MUSIC,2309214.5,13004819.31,2846985.5,23,68,94,16,1,12,US,Theater
Reason,2026,2026-11-06,,LIVE NATION MUSIC,0.0,3617.6,1440.0,0,0,1,1,0,0,US,Club
Gavin Adcock,2026,2026-11-06,,LIVE NATION MUSIC,1721187.77,823287.0,64130.0,3,1,9,38,0,1,US,Theater
Femme Fatale,2026,2026-11-06,,LIVE NATION MUSIC,0.0,0.0,0.0,0,0,0,1,0,0,US,Arena
"Chicago, Styx",2026,2026-11-06,,LIVE NATION MUSIC,0.0,0.0,0.0,0,0,1,0,0,0,US,Arena
Forever,2026,2026-11-06,,LIVE NATION MUSIC,70329.51,0.0,0.0,0,1,0,0,0,0,US,Theater
Sammy Rae &amp; The Friends,2026,2026-11-06,,LIVE NATION MUSIC,365473.19,765933.13,407010.69,0,0,11,33,0,1,US,Club
Three Days Grace,2026,2026-11-06,,LIVE NATION MUSIC,2587583.58,0.0,514555.96,4,55,36,61,0,8,US,Arena
The Maine,2026,2026-11-06,,LIVE NATION MUSIC,498528.95,203532.82,259817.8,1,0,27,94,0,2,US,Arena
Arcángel,2026,2026-11-06,,LIVE NATION MUSIC,0.0,5578759.22,9635530.99,2,31,6,0,4,1,US,Amphitheatre
"""Elemental Cali"", Carl Cox",2026,2026-11-06,,LIVE NATION MUSIC,275175.2,0.0,0.0,0,1,0,0,0,0,US,Arena
Sleeping With Sirens,2026,2026-11-06,,LIVE NATION MUSIC,0.0,350306.75,319502.92,0,1,30,104,0,5,US,Club
Fetty Wap,2026,2026-11-06,,LIVE NATION MUSIC,0.0,0.0,0.0,0,2,6,13,0,0,US,Club
Bad Gyal,2026,2026-11-06,,LIVE NATION MUSIC,0.0,1369372.12,1613122.36,0,8,1,1,1,1,US,Arena
Alvaro,2026,2026-11-06,,LIVE NATION MUSIC,0.0,0.0,0.0,0,0,0,1,0,0,US,Club
Grupo Duelo,2026,2026-11-06,,LIVE NATION MUSIC,0.0,49134.0,0.0,0,3,1,0,0,0,US,Theater
Pedro Fernández,2026,2026-11-06,,LIVE NATION MUSIC,1779091.23,1070035.34,992662.55,2,12,11,0,0,0,US,Theater
"""Les Nits de Barcelona"", Sting",2026,2026-11-06,,LIVE NATION MUSIC,0.0,0.0,0.0,0,0,0,0,0,1,US,Other
Eliza,2026,2026-11-06,,LIVE NATION MUSIC,0.0,0.0,3339.85,0,0,0,1,0,0,US,Club
Charles Wesley Godwin,2026,2026-11-06,,LIVE NATION MUSIC,758444.48,1054854.04,609346.0,1,2,10,22,0,2,US,Theater
Judah &amp; The Lion,2026,2026-11-06,,LIVE NATION MUSIC,74475.0,108536.7,156098.0,1,0,33,100,0,3,US,Club
Switchfoot,2026,2026-11-06,,LIVE NATION MUSIC,181031.87,600305.9299999999,763943.0,5,6,80,76,1,17,US,Theater
Periphery,2026,2026-11-06,,LIVE NATION MUSIC,0.0,508193.42,0.0,0,0,21,57,0,3,US,Theater
"""Past, Present, Future: A Dance Gala""",2026,2026-11-06,,LIVE NATION MUSIC,0.0,0.0,0.0,0,0,1,0,0,0,US,Theater
Sabaton,2026,2026-11-06,,LIVE NATION MUSIC,13311096.98,0.0,3200841.5700000003,0,31,18,33,0,0,US,Club
Skillet,2026,2026-11-06,,LIVE NATION MUSIC,2557214.15,260542.96,1377748.06,6,30,44,67,1,14,US,Theater
Morrissey,2026,2026-11-06,,LIVE NATION MUSIC,8361407.86,1017799.69,2240888.39,6,44,99,19,0,9,US,Arena
Amble,2026,2026-11-06,,LIVE NATION MUSIC,4723469.38,406488.11,0.0,0,5,9,43,2,5,US,Club
Medium Build,2026,2026-11-06,,LIVE NATION MUSIC,81782.66,277378.99,6501.48,0,0,2,34,0,1,US,Club
AIR,2026,2026-11-06,,LIVE NATION MUSIC,1629035.89,5729457.01,0.0,4,2,26,15,1,1,US,Arena
Wheeler Walker Jr.,2026,2026-11-06,,LIVE NATION MUSIC,0.0,131246.5,289839.0,0,0,4,27,0,0,US,Club
Dan &amp; Al,2026,2026-11-06,,HOUSE OF BLUES CONCERTS (HOB),5119.0,6185.05,0.0,0,0,0,6,0,0,US,Club
Anne Wilson,2026,2026-11-06,,LIVE NATION MUSIC,1200840.33,2081631.78,857470.0,0,1,82,2,0,2,US,Theater
They Might Be Giants,2026,2026-11-06,,LIVE NATION MUSIC,486578.5,1261195.18,660640.34,1,1,48,146,0,0,US,Club
Wage War,2026,2026-11-06,,FRANK PRODUCTIONS,0.0,250965.5,163464.08000000002,0,1,4,25,0,1,US,Club
They Might Be Giants,2026,2026-11-06,,LIVE NATION MUSIC,486578.5,1261195.18,660640.34,1,1,48,146,0,0,US,Club
Basement,2026,2026-11-06,,LIVE NATION MUSIC,265803.7,42000.0,0.0,0,0,5,27,0,4,US,Club
SiM,2026,2026-11-06,,LIVE NATION MUSIC,0.0,78357.29000000001,0.0,0,0,0,4,0,0,US,Club
Victory,2026,2026-11-06,,LIVE NATION MUSIC,0.0,0.0,0.0,0,0,0,2,0,0,US,Club
"Tres Clásicos del Rock - Tributo a The Doors, The Beatles &amp; Toncho Pilatos",2026,2026-11-06,,LIVE NATION MUSIC,0.0,0.0,13766.52,0,0,1,0,0,0,US,Theater
Hudson Westbrook,2026,2026-11-06,,LIVE NATION MUSIC,602736.6,16045.0,0.0,1,1,1,7,0,1,US,Theater
Punch Brothers,2026,2026-11-06,,LIVE NATION MUSIC,93970.0,66709.6,0.0,4,0,69,70,0,2,US,Theater
Rival Sons,2026,2026-11-06,,LIVE NATION MUSIC,174160.14,116553.8,395290.35,0,2,30,81,0,1,US,Club
The Black Angels,2026,2026-11-06,,LIVE NATION MUSIC,0.0,18493.85,128084.29,1,0,16,79,0,0,US,Club
Hiss Golden Messenger,2026,2026-11-06,,LIVE NATION MUSIC,0.0,7598.0,93982.85,0,0,3,56,0,0,US,Club
Dylan Scott,2026,2026-11-06,,LIVE NATION MUSIC,1081569.85,344692.27,235879.0,2,6,6,28,0,6,US,Club
Tou,2026,2026-11-06,,LIVE NATION MUSIC,0.0,348354.82999999996,0.0,0,0,0,1,0,1,US,Theater
Hudson Freeman,2026,2026-11-06,,LIVE NATION MUSIC,0.0,0.0,0.0,0,0,0,1,0,0,US,Club
UB40,2026,2026-11-06,,HOUSE OF BLUES CONCERTS (HOB),1292055.05,5742450.69,2259277.81,10,34,54,23,0,4,US,Theater
Black Jacket Symphony,2026,2026-11-06,,EMPORIUM PRESENTS,766104.4,782504.15,627644.4,0,0,136,38,0,1,US,Theater
Thee Sinseers,2026,2026-11-06,,LIVE NATION MUSIC,30027.5,63265.0,6350.0,1,0,0,12,0,0,US,Club
Linkin Park,2026,2026-11-06,,HOUSE OF BLUES CONCERTS (HOB),160555235.67,27568154.22,0.0,2,100,2,2,33,0,US,Arena
almost monday,2026,2026-11-06,,LIVE NATION MUSIC,58670.4,0.0,2884.0,0,0,0,9,0,1,US,Club
SOB X RBE,2026,2026-11-06,,LIVE NATION MUSIC,0.0,0.0,0.0,0,0,10,26,0,3,US,Club
The Sweet,2026,2026-11-06,,FRANK PRODUCTIONS,38486.18,0.0,0.0,0,0,2,0,0,0,US,Theater
The Wrecks,2026,2026-11-06,,LIVE NATION MUSIC,97000.68,0.0,0.0,0,0,1,12,0,0,US,Theater
Pretty Sick,2026,2026-11-06,,LIVE NATION MUSIC,0.0,0.0,0.0,0,0,0,3,0,0,US,Club
Svdden Death,2026,2026-11-06,,LIVE NATION MUSIC,466210.89,182085.39,1142899.0,4,0,0,10,0,0,US,Club
Maná,2026,2026-11-06,,LIVE NATION MUSIC,0.0,0.0,0.0,0,1,0,0,0,0,US,Arena
Michelle Branch,2026,2026-11-06,,LIVE NATION MUSIC,0.0,0.0,0.0,0,0,2,13,0,0,US,Club
Pretty Lights,2026,2026-11-06,,LIVE NATION MUSIC,0.0,4219531.16,1947559.55,36,25,50,53,3,12,US,Club
Vince Staples,2026,2026-11-06,,LIVE NATION MUSIC,0.0,253029.0,0.0,0,0,7,36,0,0,US,Theater
Winyah,2026,2026-11-06,,LIVE NATION MUSIC,12400.0,0.0,0.0,0,0,1,4,0,0,US,Club
Underoath,2026,2026-11-06,,LIVE NATION MUSIC,0.0,418700.1,308406.2,0,2,22,75,0,4,US,Club
Pretty Lights,2026,2026-11-06,,LIVE NATION MUSIC,0.0,4219531.16,1947559.55,36,25,50,53,3,12,US,Club
Micky Dolenz,2026,2026-11-06,,LIVE NATION MUSIC,318321.5,102378.8,138337.35,0,0,10,18,0,1,US,Arena
Chris Mitchell,2026,2026-11-06,,HOUSE OF BLUES CONCERTS (HOB),0.0,0.0,0.0,0,0,0,1,0,0,US,Club
Rav,2026,2026-11-06,,LIVE NATION MUSIC,0.0,0.0,7775.0,0,0,0,4,0,0,US,Club
Mountain Grass Unit,2026,2026-11-06,,LIVE NATION MUSIC,30000.0,7592.0,684.0,1,0,1,7,0,1,US,Club
"The Astronomers, Kyle Hume",2026,2026-11-06,,LIVE NATION MUSIC,6534.0,0.0,0.0,0,0,0,2,0,0,US,Theater
"Murf, Civil Decline, Green, Basketball Divorce Court",2026,2026-11-06,,LIVE NATION MUSIC,0.0,0.0,1748.0,0,0,0,1,0,0,US,Theater
Madra Salach,2026,2026-11-06,,LIVE NATION MUSIC,0.0,0.0,0.0,0,0,0,1,0,0,US,Club
Underoath,2026,2026-11-06,,LIVE NATION MUSIC,0.0,418700.1,308406.2,0,2,22,75,0,4,US,Theater
IVE,2026,2026-11-06,,LIVE NATION MUSIC,3790215.44,12543199.86,3686900.39,0,21,0,0,0,0,US,Theater
State Champs,2026,2026-11-06,,LIVE NATION MUSIC,202412.59,75375.0,0.0,0,0,9,29,0,0,US,Club
"Suicide Silence, Chelsea Grin",2026,2026-11-06,,LIVE NATION MUSIC,0.0,0.0,20000.0,0,0,0,1,0,0,US,Theater
"Joey Fatone, AJ McLean",2026,2026-11-06,,LIVE NATION MUSIC,0.0,1007339.51,0.0,1,0,6,2,0,0,US,Theater
STELLA LEFTY,2026,2026-11-06,,HOUSE OF BLUES CONCERTS (HOB),0.0,0.0,0.0,0,0,0,1,0,0,US,Club
"Tres Clásicos del Rock - Tributo a The Doors, The Beatles &amp; Toncho Pilatos",2026,2026-11-06,,LIVE NATION MUSIC,0.0,0.0,13766.52,0,0,1,0,0,0,US,Theater
Power,2026,2026-11-06,,FRANK PRODUCTIONS,0.0,0.0,0.0,0,0,0,1,0,0,US,Club
Prince Daddy &amp; the Hyena,2026,2026-11-06,,LIVE NATION MUSIC,14330.0,23187.85,10500.0,0,0,0,16,0,2,US,Club
Better Than Ezra,2026,2026-11-06,,FRANK PRODUCTIONS,67594.0,69299.9,77840.0,1,0,16,20,0,2,US,Theater
Taylor &amp; The Wild Now,2026,2026-11-06,,LIVE NATION MUSIC,0.0,0.0,0.0,0,0,0,3,0,0,US,Club
Alborosie,2026,2026-11-06,,LIVE NATION MUSIC,0.0,8811.0,0.0,0,0,0,5,0,0,US,Theater
Great Lake Swimmers,2026,2026-11-06,,LIVE NATION MUSIC,1620.0,4070.0,0.0,0,0,5,27,0,2,US,Club
West 22nd,2026,2026-11-06,,FRANK PRODUCTIONS,16408.0,7821.0,0.0,0,0,2,7,0,0,US,Theater
Akeem Ali,2026,2026-11-06,,LIVE NATION MUSIC,6800.0,10982.0,0.0,0,0,0,3,0,1,US,Club
Isaiah Rashad,2026,2026-11-06,,LIVE NATION MUSIC,0.0,274022.0,388038.79,0,1,16,46,0,0,US,Club
George Clanton,2026,2026-11-06,,LIVE NATION MUSIC,51207.5,17007.0,60284.82,0,0,1,9,0,1,US,Theater
American Analog Set,2026,2026-11-06,,LIVE NATION MUSIC,5000.0,17164.0,0.0,0,0,2,0,0,0,US,Theater
Never Ending Fall,2026,2026-11-06,,LIVE NATION TENNESSEE,0.0,5645.0,0.0,0,0,0,5,0,0,US,Club
Southall,2026,2026-11-06,,FRANK PRODUCTIONS,33146.57,64772.15,65581.0,6,3,10,73,0,4,US,Club
Grateful Shred,2026,2026-11-06,,LIVE NATION MUSIC,232878.42,122314.0,61533.77,1,0,8,54,0,0,US,Theater
"Tres Clásicos del Rock - Tributo a The Doors, The Beatles &amp; Toncho Pilatos",2026,2026-11-06,,LIVE NATION MUSIC,0.0,0.0,13766.52,0,0,1,0,0,0,US,Theater
Six Foot Blonde,2026,2026-11-06,,FRANK PRODUCTIONS,17507.0,10044.0,5448.0,0,0,0,3,0,4,US,Other
Jo Dee Messina,2026,2026-11-06,,LIVE NATION MUSIC,581213.6799999999,231891.85,451310.9,1,2,24,11,0,5,US,Theater
Dave Hause,2026,2026-11-06,,LIVE NATION MUSIC,61081.71,114963.8,0.0,0,0,5,52,0,25,US,Club
Supertaste,2026,2026-11-06,,LIVE NATION MUSIC,0.0,0.0,0.0,0,0,0,1,0,0,US,Club
Jon B,2026,2026-11-06,,HOUSE OF BLUES CONCERTS (HOB),149874.51,211838.95,181255.45,0,0,2,37,0,0,US,Club
Kai,2026,2026-11-06,,LIVE NATION MUSIC,2375185.11,0.0,0.0,0,1,3,3,0,0,US,Club
Pop &amp; Poesie,2026,2026-11-06,,HOUSE OF BLUES CONCERTS (HOB),0.0,123508.86,0.0,0,0,3,0,0,0,US,Theater
Major League Djz,2026,2026-11-06,,LIVE NATION MUSIC,0.0,23375.0,0.0,0,0,0,2,0,0,US,Club
"""Corrosion: A Goth, Industrial, And Noise Club Night""",2026,2026-11-06,,LIVE NATION MUSIC,0.0,0.0,0.0,0,0,0,25,0,0,US,Theater
Fleetwood Mac,2026,2026-11-06,,LIVE NATION MUSIC,0.0,35419.68,0.0,4,206,1,0,3,1,US,Arena
Fleetwood Mac,2026,2026-11-06,,LIVE NATION MUSIC,0.0,35419.68,0.0,4,206,1,0,3,1,US,Arena
"Kolby Cooper, Austin Snell",2026,2026-11-06,,LIVE NATION MUSIC,0.0,0.0,0.0,0,0,0,6,0,0,US,Club
Acid Bath,2026,2026-11-06,,LIVE NATION MUSIC,1834162.68,0.0,0.0,3,1,8,5,0,1,US,Arena
DABIN,2026,2026-11-06,,LIVE NATION MUSIC,0.0,1096920.2,3450956.16,3,0,5,18,0,0,US,Amphitheatre
DABIN,2026,2026-11-06,,LIVE NATION MUSIC,0.0,1096920.2,3450956.16,3,0,5,18,0,0,US,Amphitheatre
Acid Bath,2026,2026-11-06,,LIVE NATION MUSIC,1834162.68,0.0,0.0,3,1,8,5,0,1,US,Arena
Trish Toledo,2026,2026-11-06,,LIVE NATION MUSIC,0.0,29875.0,7090.0,0,0,0,3,0,0,US,Theater
Trish Toledo,2026,2026-11-06,,LIVE NATION MUSIC,0.0,29875.0,7090.0,0,0,0,3,0,0,US,Theater
Trish Toledo,2026,2026-11-06,,LIVE NATION MUSIC,0.0,29875.0,7090.0,0,0,0,3,0,0,US,Theater
Boston Manor,2026,2026-11-06,,LIVE NATION CANADA (LN),7172.5,8088.32,33060.84,0,0,0,9,0,1,International,Club
"""AMA Music Festival"", Alice Cooper",2026,2026-11-06,,LIVE NATION CANADA (LN),0.0,0.0,0.0,0,0,0,0,0,1,International,Other
The Tallest Man On Earth,2026,2026-11-06,,LIVE NATION CANADA (LN),83293.33,0.0,291985.78,0,2,44,70,0,4,International,Club
Running,2026,2026-11-06,,LIVE NATION CANADA (LN),0.0,0.0,0.0,0,0,0,1,0,0,International,Theater
Arkells,2026,2026-11-06,,LIVE NATION CANADA (LN),512843.52,911391.9,30606.5,0,22,9,64,0,6,International,Club
Michael Bernard Fitzgerald,2026,2026-11-06,,LIVE NATION CANADA (LN),0.0,0.0,0.0,0,0,3,2,0,0,International,Theater
Streetheart,2026,2026-11-06,,LIVE NATION CANADA (LN),0.0,18878.7,0.0,0,0,0,0,0,1,International,Arena
Allison Russell,2026,2026-11-06,,LIVE NATION CANADA (LN),83000.15,59484.68,37732.0,0,0,4,8,0,0,International,Arena
Justin Nozuka,2026,2026-11-06,,LIVE NATION CANADA (LN),0.0,6584.0,13209.92,0,0,5,28,0,3,International,Club
Back &amp; Forth - Foo Fighters Tribute,2026,2026-11-06,,LIVE NATION CANADA (LN),1985.0,3110.0,0.0,0,0,0,2,0,0,International,Club
"nothing,nowhere.",2026,2026-11-06,,LIVE NATION CANADA (LN),14119.95,0.0,0.0,0,0,3,18,0,0,International,Club
Tyler Braden,2026,2026-11-06,,LIVE NATION CANADA (LN),24451.73,11568.0,0.0,0,0,2,6,0,0,International,Theater
Sky,2026,2026-11-06,,LIVE NATION CANADA (LN),0.0,0.0,3180.0,0,0,0,1,0,0,International,Theater
Sammy Virji,2026,2026-11-06,,LIVE NATION MUSIC,118384.84,426309.35,0.0,0,3,1,5,0,0,International,Club
The Undertones,2026,2026-11-06,,MCD PRODUCTIONS,0.0,70055.39,35764.06,0,0,8,11,0,3,International,Club
Sorcha Richardson,2026,2026-11-06,,MCD PRODUCTIONS,7625.76,0.0,1117.0,0,0,2,8,0,2,International,Theater
Ricky Warwick &amp; The Fighting Hearts,2026,2026-11-06,,MCD PRODUCTIONS,21954.449999999997,0.0,0.0,0,0,0,2,0,2,International,Club
Power Of Dreams,2026,2026-11-06,,MCD PRODUCTIONS,0.0,0.0,0.0,0,0,1,0,0,0,International,Theater
Skindred,2026,2026-11-06,,MCD PRODUCTIONS,66144.98,0.0,72648.37,0,0,4,39,0,3,International,Theater
The Great Divide,2026,2026-11-06,,DF CONCERTS,0.0,2247.0,0.0,0,0,0,2,0,1,International,Club
The Great Divide,2026,2026-11-06,,DF CONCERTS,0.0,2247.0,0.0,0,0,0,2,0,1,International,Club
Macy Gray,2026,2026-11-06,,"LIVE NATION UK FOR ARTIST, TOUR, FESTIVAL AND PRESALE NEWS",285508.42,27492.0,286517.02,0,1,33,47,1,2,International,Club
Howling Bells,2026,2026-11-06,,"LIVE NATION UK FOR ARTIST, TOUR, FESTIVAL AND PRESALE NEWS",0.0,0.0,0.0,0,0,0,2,0,0,International,Theater
The Jacksons,2026,2026-11-06,,LIVE NATION MUSIC (VENUES) LTD (NEW),112775.0,452714.16,55232.0,1,4,16,4,2,2,International,Theater
Carpenter Brut,2026,2026-11-06,,LIVE NATION MUSIC UK LTD,0.0,0.0,0.0,0,0,2,14,0,1,International,Theater
El Mundo,2026,2026-11-06,,OCESA,0.0,0.0,0.0,0,0,1,0,0,0,International,Theater
Serbia,2026,2026-11-06,,OCESA,68622.34,0.0,72890.22,0,0,3,1,0,0,International,Theater
Aitana,2026,2026-11-06,,OCESA,10022719.03,1046744.51,9033891.4,8,27,6,0,22,8,International,Theater
Omar Courtz,2026,2026-11-06,,OCESA,8215574.29,0.0,0.0,0,22,2,1,2,1,International,Arena
RUB,2026,2026-11-06,,OCESA,2430.0,0.0,0.0,0,0,0,1,0,0,International,Club
Dillom,2026,2026-11-06,,OCESA,222521.52,87915.85,26216.33,0,1,3,2,0,1,International,Theater
"""Festival International de Jazz De Montreal"", Saint Levant",2026,2026-11-06,,Live Nation,0.0,0.0,0.0,0,0,0,1,0,0,International,Club
Omah Lay,2026,2026-11-06,,Live Nation,0.0,128545.91,223309.6,0,0,0,9,0,0,International,Club
Don Toliver,2026,2026-11-06,,Live Nation GmbH,9032674.43,8111510.19,3222824.84,1,61,12,7,0,2,International,Arena
Funk Tribu,2026,2026-11-06,,Live Nation GmbH,707527.35,0.0,0.0,0,1,1,2,0,0,International,Club
Mammoth,2026,2026-11-06,,Live Nation,38655.0,232565.45,199756.01,0,0,4,23,0,1,International,Club
Guus Meeuwis,2026,2026-11-06,,Live Nation Venues Netherlands BV Afas Live,0.0,0.0,0.0,0,0,1,0,0,0,International,Theater
Pol,2026,2026-11-06,,Live Nation sp. z o.o.,6311.03,20388.51,0.0,0,0,1,8,0,0,International,Club
Co &amp; Zo - De Podcast,2026,2026-11-06,,Live Nation Sp. z o.o.,3526.65,0.0,0.0,0,0,1,0,0,0,International,Theater
Deftones,2026,2026-11-07,,LIVE NATION MUSIC,44625425.58,1866169.09,0.0,20,65,46,80,1,2,US,Stadium
Lenny Pearce,2026,2026-11-07,,LIVE NATION MUSIC,1149576.75,11247.35,0.0,1,0,32,23,0,2,US,Amphitheatre
Judah &amp; The Lion,2026,2026-11-07,,LIVE NATION MUSIC,74475.0,108536.7,156098.0,1,0,33,100,0,3,US,Club
"""Past, Present, Future: A Dance Gala""",2026,2026-11-07,,LIVE NATION MUSIC,0.0,0.0,0.0,0,0,1,0,0,0,US,Theater
The Black Dahlia Murder,2026,2026-11-07,,LIVE NATION MUSIC,0.0,65614.66,163785.56,0,0,21,93,0,2,US,Club
Pigeons Playing Ping Pong,2026,2026-11-07,,HOUSE OF BLUES CONCERTS (HOB),446438.84,1120502.27,597257.17,4,0,20,142,2,3,US,Club
The Menzingers,2026,2026-11-07,,LIVE NATION MUSIC,0.0,83860.93,175297.68,0,0,3,45,0,0,US,Club
Bryan Andrews,2026,2026-11-07,,LIVE NATION MUSIC,0.0,453.0,0.0,0,0,0,1,0,0,US,Club
Arty,2026,2026-11-07,,FRANK PRODUCTIONS,0.0,4500.0,14060.0,0,0,1,13,0,0,US,Theater
Metallica,2026,2026-11-07,,LIVE NATION MUSIC,137107458.47,179373637.38,146435306.85,0,95,4,4,135,10,US,Stadium
Dave Matthews Band,2026,2026-11-07,,LIVE NATION MUSIC,43805123.36,52998276.22,63274603.4,396,117,17,4,16,6,US,Arena
Olivia Rodrigo,2026,2026-11-07,,LIVE NATION MUSIC,23420107.2,169307085.8,0.0,0,68,10,2,5,1,US,Arena
Femme Fatale,2026,2026-11-07,,LIVE NATION MUSIC,0.0,0.0,0.0,0,0,0,1,0,0,US,Club
Reason,2026,2026-11-07,,LIVE NATION MUSIC,0.0,3617.6,1440.0,0,0,1,1,0,0,US,Arena
John Summit,2026,2026-11-07,,LIVE NATION MUSIC,1618895.52,6378033.54,2121909.0,1,6,4,6,1,1,US,Arena
Karan Aujla,2026,2026-11-07,,LIVE NATION MUSIC,3420048.2,5984529.85,132877.75,0,14,0,1,0,0,US,Arena
Three Days Grace,2026,2026-11-07,,LIVE NATION MUSIC,2587583.58,0.0,514555.96,4,55,36,61,0,8,US,Arena
Little Big Town,2026,2026-11-07,,LIVE NATION MUSIC,2309214.5,13004819.31,2846985.5,23,68,94,16,1,12,US,Theater
Sammy Rae &amp; The Friends,2026,2026-11-07,,LIVE NATION MUSIC,365473.19,765933.13,407010.69,0,0,11,33,0,1,US,Theater
Dan + Shay,2026,2026-11-07,,LIVE NATION MUSIC,0.0,23220519.09,2076160.61,32,54,33,41,1,8,US,Amphitheatre
"Chicago, Styx",2026,2026-11-07,,LIVE NATION MUSIC,0.0,0.0,0.0,0,0,1,0,0,0,US,Arena
Zayn,2026,2026-11-07,,LIVE NATION MUSIC,6179725.37,3409597.99,0.0,0,3,18,1,3,0,US,Arena
Sugarland,2026,2026-11-07,,LIVE NATION MUSIC,0.0,0.0,0.0,71,60,8,1,4,4,US,Arena
Tinashe,2026,2026-11-07,,LIVE NATION MUSIC,400288.01,528727.5,0.0,1,0,7,24,0,2,US,Club
Orville Peck,2026,2026-11-07,,LIVE NATION MUSIC,0.0,1089190.07,122699.0,2,0,10,21,0,3,US,Club
KATSEYE,2026,2026-11-07,,LIVE NATION MUSIC,3772036.89,0.0,0.0,0,1,5,2,0,0,US,Arena
Santana,2026,2026-11-07,,HOUSE OF BLUES CONCERTS (HOB),10372269.62,0.0,3349278.95,59,103,47,16,7,8,US,Arena
State Champs,2026,2026-11-07,,LIVE NATION MUSIC,202412.59,75375.0,0.0,0,0,9,29,0,0,US,Arena
Amble,2026,2026-11-07,,LIVE NATION MUSIC,4723469.38,406488.11,0.0,0,5,9,43,2,5,US,Club
Rawayana,2026,2026-11-07,,LIVE NATION MUSIC,0.0,1859072.56,268722.57,0,16,7,9,1,1,US,Arena
The Return,2026,2026-11-07,,LIVE NATION MUSIC,0.0,0.0,0.0,0,0,1,5,0,6,US,Other
Grupo Cañaveral,2026,2026-11-07,,LIVE NATION MUSIC,0.0,163042.55,0.0,0,0,4,0,0,0,US,Theater
Sabaton,2026,2026-11-07,,LIVE NATION MUSIC,13311096.98,0.0,3200841.5700000003,0,31,18,33,0,0,US,Theater
"Level Up, Zingara",2026,2026-11-07,,LIVE NATION MUSIC,0.0,0.0,0.0,1,0,0,0,0,0,US,Arena
Geese,2026,2026-11-07,,LIVE NATION MUSIC,156640.0,29014.0,20820.18,0,0,1,30,0,2,US,Club
Once &amp; Future Band,2026,2026-11-07,,LIVE NATION MUSIC,0.0,0.0,0.0,0,0,0,1,0,0,US,Club
Grupo Niche,2026,2026-11-07,,LIVE NATION MUSIC,976471.87,1054076.32,742341.24,0,3,14,5,1,0,US,Theater
Meredith Marks,2026,2026-11-07,,LIVE NATION MUSIC,0.0,0.0,0.0,0,0,0,1,0,0,US,Club
"""Les Nits de Barcelona"", Sting",2026,2026-11-07,,LIVE NATION MUSIC,0.0,0.0,0.0,0,0,0,0,0,1,US,Other
YEBBA,2026,2026-11-07,,LIVE NATION MUSIC,0.0,0.0,0.0,0,0,0,4,0,0,US,Club
Sleeping With Sirens,2026,2026-11-07,,LIVE NATION MUSIC,0.0,350306.75,319502.92,0,1,30,104,0,5,US,Arena
10 Years,2026,2026-11-07,,LIVE NATION MUSIC,35281.43,47010.25,6775.0,0,0,11,90,0,3,US,Theater
Alter Bridge,2026,2026-11-07,,LIVE NATION MUSIC,0.0,0.0,1508123.42,1,40,41,59,1,6,US,Club
Wage War,2026,2026-11-07,,LIVE NATION MUSIC,0.0,250965.5,163464.08000000002,0,1,4,25,0,1,US,Club
Alvaro,2026,2026-11-07,,LIVE NATION MUSIC,0.0,0.0,0.0,0,0,0,1,0,0,US,Club
Movements,2026,2026-11-07,,LIVE NATION MUSIC,308781.6,267276.63,140008.0,0,0,1,23,0,1,US,Club
They Might Be Giants,2026,2026-11-07,,LIVE NATION MUSIC,486578.5,1261195.18,660640.34,1,1,48,146,0,0,US,Club
Whethan,2026,2026-11-07,,LIVE NATION MUSIC,0.0,14505.0,0.0,0,0,2,31,0,1,US,Club
Dweezil Zappa,2026,2026-11-07,,LIVE NATION MUSIC,1060154.55,1718199.74,0.0,0,0,69,53,0,3,US,Theater
Avery Anna,2026,2026-11-07,,FRANK PRODUCTIONS,64422.0,18000.0,11491.0,0,0,3,10,0,0,US,Club
The Story So Far,2026,2026-11-07,,LIVE NATION MUSIC,461364.5,311383.29,21725.0,0,0,10,57,1,5,US,Theater
Steve Lacy,2026,2026-11-07,,LIVE NATION MUSIC,0.0,0.0,48400.0,1,2,2,7,0,0,US,Amphitheatre
Paul Cauthen,2026,2026-11-07,,LIVE NATION MUSIC,253411.02,213372.0,435342.0,0,0,2,58,0,3,US,Club
"""OC Fair"", X",2026,2026-11-07,,LIVE NATION MUSIC,265452.0,175632.25,298735.0,3,0,0,0,0,0,US,Amphitheatre
Buena Vista Orchestra,2026,2026-11-07,,LIVE NATION MUSIC,231487.7,0.0,0.0,0,0,2,1,0,0,US,Arena
Daughtry,2026,2026-11-07,,LIVE NATION MUSIC,0.0,248378.35,1728352.14,9,66,135,39,0,22,US,Theater
"""Laughs, Music, &amp; Vibes""",2026,2026-11-07,,LIVE NATION MUSIC,0.0,0.0,0.0,0,0,0,1,0,0,US,Club
"Melissa Etheridge, Wynonna Judd",2026,2026-11-07,,LIVE NATION MUSIC,0.0,0.0,0.0,3,0,0,0,0,0,US,Arena
Big Star,2026,2026-11-07,,LIVE NATION MUSIC,0.0,13035.0,0.0,0,0,1,4,0,0,US,Theater
El Tri,2026,2026-11-07,,LIVE NATION MUSIC,2545893.21,56655.0,362219.0,0,8,15,9,1,1,US,Theater
Julia Jacklin,2026,2026-11-07,,LIVE NATION MUSIC,0.0,141592.86,327508.12,0,0,13,47,0,7,US,Club
Motionless In White,2026,2026-11-07,,LIVE NATION MUSIC,131287.04,0.0,1810722.63,7,19,22,41,0,2,US,Club
Turnover,2026,2026-11-07,,LIVE NATION MUSIC,1497016.17,34201.28,13530.0,2,1,7,38,0,2,US,Amphitheatre
La India,2026,2026-11-07,,LIVE NATION MUSIC,0.0,0.0,357340.2,0,0,4,1,0,0,US,Theater
Elijah Scott,2026,2026-11-07,,LIVE NATION MUSIC,0.0,0.0,0.0,0,0,0,2,0,0,US,Club
Baby Smoove,2026,2026-11-07,,LIVE NATION MUSIC,0.0,0.0,29610.0,0,0,0,1,0,0,US,Club
Fantasy,2026,2026-11-07,,LIVE NATION MUSIC,0.0,0.0,0.0,1,26,26,4,0,15,US,Club
Dan &amp; Al,2026,2026-11-07,,HOUSE OF BLUES CONCERTS (HOB),5119.0,6185.05,0.0,0,0,0,6,0,0,US,Club
almost monday,2026,2026-11-07,,LIVE NATION MUSIC,58670.4,0.0,2884.0,0,0,0,9,0,1,US,Theater
Skilla Baby,2026,2026-11-07,,LIVE NATION MUSIC,0.0,32505.0,0.0,0,0,0,1,0,0,US,Club
Pearl Jam,2026,2026-11-07,,LIVE NATION MUSIC,23156565.0,121388609.61,20469249.0,5,96,1,0,26,2,US,Arena
"""Past, Present, Future: A Dance Gala""",2026,2026-11-07,,LIVE NATION MUSIC,0.0,0.0,0.0,0,0,1,0,0,0,US,Theater
Pretty Lights,2026,2026-11-07,,LIVE NATION MUSIC,0.0,4219531.16,1947559.55,36,25,50,53,3,12,US,Club
Switchfoot,2026,2026-11-07,,LIVE NATION MUSIC,181031.87,600305.9299999999,763943.0,5,6,80,76,1,17,US,Amphitheatre
Underoath,2026,2026-11-07,,LIVE NATION MUSIC,0.0,418700.1,308406.2,0,2,22,75,0,4,US,Arena
America,2026,2026-11-07,,LIVE NATION MUSIC,4786730.81,4477164.55,1750231.2,5,8,180,41,0,14,US,Theater
Porch Light,2026,2026-11-07,,LIVE NATION MUSIC,45484.0,0.0,0.0,0,0,1,9,0,0,US,Theater
"Steve Martin, Martin Short",2026,2026-11-07,,LIVE NATION MUSIC,6161329.33,5056126.6,4691814.43,27,10,125,3,0,2,US,Theater
SiM,2026,2026-11-07,,LIVE NATION MUSIC,0.0,78357.29000000001,0.0,0,0,0,4,0,0,US,Club
Underoath,2026,2026-11-07,,LIVE NATION MUSIC,0.0,418700.1,308406.2,0,2,22,75,0,4,US,Arena
Artikal Sound System,2026,2026-11-07,,LIVE NATION MUSIC,4810.0,1350.0,0.0,0,0,0,3,0,0,US,Club
"Tres Clásicos del Rock - Tributo a The Doors, The Beatles &amp; Toncho Pilatos",2026,2026-11-07,,EMPORIUM PRESENTS,0.0,0.0,13766.52,0,0,1,0,0,0,US,Theater
Forever,2026,2026-11-07,,LIVE NATION MUSIC,70329.51,0.0,0.0,0,1,0,0,0,0,US,Theater
Jake Shimabukuro,2026,2026-11-07,,LIVE NATION MUSIC,51837.5,221827.8,179733.7,2,1,138,102,0,15,US,Theater
WesGhost,2026,2026-11-07,,LIVE NATION MUSIC,16617.739999999998,5791.41,0.0,0,0,0,4,0,0,US,Club
Bubba Sparxxx,2026,2026-11-07,,HOUSE OF BLUES CONCERTS (HOB),0.0,0.0,0.0,0,0,1,1,0,0,US,Club
Abbie Gamboa,2026,2026-11-07,,LIVE NATION MUSIC,0.0,43390.0,0.0,0,0,1,3,0,0,US,Theater
"""SummerStage"", Two Door Cinema Club, Friends",2026,2026-11-07,,LIVE NATION MUSIC,0.0,0.0,0.0,1,0,0,0,0,0,US,Arena
"Muuy Biien, Ripper",2026,2026-11-07,,LIVE NATION TENNESSEE,0.0,0.0,0.0,0,0,0,1,0,0,US,Club
Greg Freeman,2026,2026-11-07,,LIVE NATION MUSIC,7366.860000000001,0.0,0.0,0,0,0,4,0,0,US,Club
STELLA LEFTY,2026,2026-11-07,,HOUSE OF BLUES CONCERTS (HOB),0.0,0.0,0.0,0,0,0,1,0,0,US,Club
"Tres Clásicos del Rock - Tributo a The Doors, The Beatles &amp; Toncho Pilatos",2026,2026-11-07,,LIVE NATION MUSIC,0.0,0.0,13766.52,0,0,1,0,0,0,US,Theater
Alicia Villarreal,2026,2026-11-07,,LIVE NATION MUSIC,826817.98,1374508.36,306780.57999999996,1,4,29,4,0,0,US,Theater
STELLA LEFTY,2026,2026-11-07,,HOUSE OF BLUES CONCERTS (HOB),0.0,0.0,0.0,0,0,0,1,0,0,US,Club
"Tres Clásicos del Rock - Tributo a The Doors, The Beatles &amp; Toncho Pilatos",2026,2026-11-07,,LIVE NATION MUSIC,0.0,0.0,13766.52,0,0,1,0,0,0,US,Theater
Head,2026,2026-11-07,,LIVE NATION MUSIC,0.0,0.0,0.0,0,0,0,3,0,0,US,Theater
Josh Garrels,2026,2026-11-07,,LIVE NATION MUSIC,0.0,12960.5,0.0,0,0,8,29,0,6,US,Club
Holywatr,2026,2026-11-07,,FRANK PRODUCTIONS,10133.0,0.0,0.0,0,0,0,3,0,0,US,Club
Dave Hause,2026,2026-11-07,,LIVE NATION MUSIC,61081.71,114963.8,0.0,0,0,5,52,0,25,US,Club
Forever,2026,2026-11-07,,LIVE NATION MUSIC,70329.51,0.0,0.0,0,1,0,0,0,0,US,Arena
America,2026,2026-11-07,,LIVE NATION MUSIC,4786730.81,4477164.55,1750231.2,5,8,180,41,0,14,US,Theater
Xperience,2026,2026-11-07,,LIVE NATION MUSIC,0.0,0.0,0.0,0,0,0,2,0,0,US,Club
Hit The Lights,2026,2026-11-07,,HOUSE OF BLUES CONCERTS (HOB),0.0,0.0,0.0,0,0,0,9,0,0,US,Club
"Tres Clásicos del Rock - Tributo a The Doors, The Beatles &amp; Toncho Pilatos",2026,2026-11-07,,LIVE NATION MUSIC,0.0,0.0,13766.52,0,0,1,0,0,0,US,Theater
Jake Shimabukuro,2026,2026-11-07,,LIVE NATION MUSIC,51837.5,221827.8,179733.7,2,1,138,102,0,15,US,Theater
Royale,2026,2026-11-07,,FRANK PRODUCTIONS,0.0,0.0,0.0,0,0,0,2,0,0,US,Club
Grateful Shred,2026,2026-11-07,,LIVE NATION MUSIC,232878.42,122314.0,61533.77,1,0,8,54,0,0,US,Club
"""SummerStage"", Two Door Cinema Club, Friends",2026,2026-11-07,,LIVE NATION MUSIC,0.0,0.0,0.0,1,0,0,0,0,0,US,Arena
Kai,2026,2026-11-07,,LIVE NATION MUSIC,2375185.11,0.0,0.0,0,1,3,3,0,0,US,Club
Unrest,2026,2026-11-07,,FRANK PRODUCTIONS,0.0,0.0,0.0,0,0,0,1,0,0,US,Club
Sammy Arriaga,2026,2026-11-07,,LIVE NATION MUSIC,0.0,0.0,0.0,1,0,0,4,0,0,US,Theater
Cannibal &amp; The Headhunters,2026,2026-11-07,,LIVE NATION MUSIC,0.0,0.0,0.0,0,0,1,0,0,0,US,Theater
The Record Company,2026,2026-11-07,,LIVE NATION MUSIC,47337.85,130186.02,21250.0,0,0,15,67,0,1,US,Club
Certainly So,2026,2026-11-07,,FRANK PRODUCTIONS,790.0,1620.0,495.0,0,0,0,3,0,0,US,Theater
Fetty Wap,2026,2026-11-07,,LIVE NATION MUSIC,0.0,0.0,0.0,0,2,6,13,0,0,US,Theater
Doja Cat,2026,2026-11-07,,LIVE NATION MUSIC,7384674.46,7298161.81,31988065.4,0,39,0,9,0,0,US,Arena
Margaret Glaspy,2026,2026-11-07,,LIVE NATION MUSIC,18945.0,38946.130000000005,27333.28,0,0,5,43,0,10,US,Club
Victor &amp; Leo,2026,2026-11-07,,LIVE NATION MUSIC,0.0,0.0,0.0,0,0,24,1,0,0,US,Theater
Maddie Zahm,2026,2026-11-07,,LIVE NATION MUSIC,0.0,103535.0,47568.0,0,0,0,8,0,0,US,Club
"August Burns Red, The Amity Affliction",2026,2026-11-07,,LIVE NATION MUSIC,0.0,0.0,0.0,0,0,0,1,0,0,US,Club
Dia De Los Muertos,2026,2026-11-07,,LIVE NATION MUSIC,0.0,2872.0,0.0,0,0,1,0,0,0,US,Theater
Ethan Regan,2026,2026-11-07,,LIVE NATION MUSIC,39313.28,2015.0,0.0,0,0,0,7,0,0,US,Theater
Y &amp; T,2026,2026-11-07,,LIVE NATION MUSIC,0.0,0.0,62935.0,1,0,12,36,0,0,US,Club
Bahamas,2026,2026-11-07,,LIVE NATION MUSIC,12873.04,49909.63,126849.0,0,0,13,45,0,4,US,Club
Jorge Medina,2026,2026-11-07,,LIVE NATION MUSIC,0.0,0.0,0.0,0,0,1,0,0,0,US,Theater
Forever,2026,2026-11-07,,LIVE NATION MUSIC,70329.51,0.0,0.0,0,1,0,0,0,0,US,Arena
The Record Company,2026,2026-11-07,,LIVE NATION MUSIC,47337.85,130186.02,21250.0,0,0,15,67,0,1,US,Club
The Wall,2026,2026-11-07,,HOUSE OF BLUES CONCERTS (HOB),0.0,0.0,1272.39,0,0,2,1,0,0,US,Theater
Victor &amp; Leo,2026,2026-11-07,,LIVE NATION MUSIC,0.0,0.0,0.0,0,0,24,1,0,0,US,Theater
In Her Own Words,2026,2026-11-07,,LIVE NATION MUSIC,0.0,0.0,0.0,0,0,0,1,0,0,US,Club
Stella Blue's Band,2026,2026-11-07,,LIVE NATION MUSIC,0.0,3493.75,0.0,0,0,1,5,0,0,US,Theater
Wheeler Walker Jr.,2026,2026-11-07,,LIVE NATION MUSIC,0.0,131246.5,289839.0,0,0,4,27,0,0,US,Club
Cut Copy,2026,2026-11-07,,LIVE NATION MUSIC,205168.94,0.0,55668.91,0,1,16,61,0,1,US,Club
Cut Copy,2026,2026-11-07,,LIVE NATION MUSIC,205168.94,0.0,55668.91,0,1,16,61,0,1,US,Club
Forever,2026,2026-11-07,,LIVE NATION MUSIC,70329.51,0.0,0.0,0,1,0,0,0,0,US,Arena
Jorge Medina,2026,2026-11-07,,LIVE NATION MUSIC,0.0,0.0,0.0,0,0,1,0,0,0,US,Theater
Celebration,2026,2026-11-07,,LIVE NATION MUSIC,0.0,0.0,0.0,0,0,0,1,0,0,US,Club
Streetheart,2026,2026-11-07,,LIVE NATION CANADA (LN),0.0,18878.7,0.0,0,0,0,0,0,1,International,Other
"10,000 Maniacs",2026,2026-11-07,,LIVE NATION CANADA (LN),238371.5,218731.32,22679.5,1,0,17,79,0,1,International,Theater
Pentatonix,2026,2026-11-07,,LIVE NATION CANADA (LN),10014000.83,20747784.25,16735657.71,59,174,94,50,3,9,International,Arena
Running,2026,2026-11-07,,LIVE NATION CANADA (LN),0.0,0.0,0.0,0,0,0,1,0,0,International,Theater
Arkells,2026,2026-11-07,,LIVE NATION CANADA (LN),512843.52,911391.9,30606.5,0,22,9,64,0,6,International,Arena
Leonard Cohen,2026,2026-11-07,,LIVE NATION CANADA (LN),0.0,0.0,0.0,1,74,21,0,10,12,International,Theater
Half Alive,2026,2026-11-07,,LIVE NATION CANADA (LN),210058.56,0.0,254294.02,0,0,6,10,0,0,International,Club
Madds Buckley,2026,2026-11-07,,LIVE NATION CANADA (LN),0.0,3020.0,0.0,0,0,1,0,0,0,International,Theater
Sullivan King,2026,2026-11-07,,LIVE NATION CANADA (LN),467451.35,530888.38,678710.83,3,0,3,36,0,0,International,Club
Mitchell Tenpenny,2026,2026-11-07,,LIVE NATION CANADA (LN),109545.0,464977.75,544144.0,0,0,11,16,0,3,International,Club
Gorgon City,2026,2026-11-07,,LIVE NATION MUSIC,426461.0,110125.15,339721.73,0,0,4,29,0,2,International,Club
"nothing,nowhere.",2026,2026-11-07,,LIVE NATION CANADA (LN),14119.95,0.0,0.0,0,0,3,18,0,0,International,Club
Tyler Braden,2026,2026-11-07,,LIVE NATION CANADA (LN),24451.73,11568.0,0.0,0,0,2,6,0,0,International,Theater
Upgrade,2026,2026-11-07,,LIVE NATION MUSIC,0.0,0.0,0.0,0,0,0,1,0,1,International,Club
Bear,2026,2026-11-07,,LIVE NATION CANADA (LN),0.0,0.0,0.0,0,0,0,1,0,0,International,Club
Delhi 2 Dublin,2026,2026-11-07,,LIVE NATION CANADA (LN),0.0,0.0,0.0,0,0,7,19,0,0,International,Theater
Owen Riegling,2026,2026-11-07,,EVENKO CO-PRO WITH LIVE NATION,0.0,18187.81,0.0,0,0,1,1,0,0,International,Arena
Sky,2026,2026-11-07,,LIVE NATION MUSIC,0.0,0.0,3180.0,0,0,0,1,0,0,International,Club
The Undertones,2026,2026-11-07,,MCD PRODUCTIONS,0.0,70055.39,35764.06,0,0,8,11,0,3,International,Theater
Boo Seeka,2026,2026-11-07,,MCD PRODUCTIONS,0.0,29460.86,131691.02,0,0,3,26,0,16,International,Club
Mark O'Donnell,2026,2026-11-07,,MCD PRODUCTIONS,3455.88,0.0,0.0,0,0,0,1,0,0,International,Club
Elephant Sessions,2026,2026-11-07,,MCD PRODUCTIONS,222166.95,58397.82,64479.43,1,1,3,9,0,0,International,Club
Day Fever,2026,2026-11-07,,MCD PRODUCTIONS,165447.31,39524.96,0.0,0,0,21,0,0,0,International,Theater
Henry &amp; The Invisibles,2026,2026-11-07,,"LIVE NATION UK FOR ARTIST, TOUR, FESTIVAL AND PRESALE NEWS",0.0,0.0,0.0,0,0,0,3,0,0,International,Club
The Rifles,2026,2026-11-07,,DF CONCERTS,27729.78,18777.91,0.0,0,0,3,30,0,4,International,Club
Overpass,2026,2026-11-07,,LIVE NATION MUSIC UK LTD,41579.36,3838.95,0.0,0,0,1,6,0,1,International,Club
Skindred,2026,2026-11-07,,MCD PRODUCTIONS,66144.98,0.0,72648.37,0,0,4,39,0,3,International,Club
Renee Christine,2026,2026-11-07,,"LIVE NATION UK FOR ARTIST, TOUR, FESTIVAL AND PRESALE NEWS",0.0,0.0,0.0,0,0,0,1,0,0,International,Club
El Mundo,2026,2026-11-07,,OCESA,0.0,0.0,0.0,0,0,1,0,0,0,International,Theater
Aitana,2026,2026-11-07,,OCESA,10022719.03,1046744.51,9033891.4,8,27,6,0,22,8,International,Theater
Omar Courtz,2026,2026-11-07,,OCESA,8215574.29,0.0,0.0,0,22,2,1,2,1,International,Arena
Dillom,2026,2026-11-07,,OCESA,222521.52,87915.85,26216.33,0,1,3,2,0,1,International,Theater
Kneecap,2026,2026-11-07,,Live Nation,4793495.64,512008.07,96574.89,0,5,10,10,1,0,International,Club
Andreas Gabalier,2026,2026-11-07,,Live Nation GmbH,6533472.3,5036718.25,11601676.81,9,28,1,0,12,4,International,Arena
Emma,2026,2026-11-07,,Live Nation,0.0,2019168.39,552793.66,0,4,7,7,6,15,International,Other
R&amp;B Vibes Live,2026,2026-11-07,,Live Nation,0.0,0.0,0.0,0,0,0,2,0,0,International,Club
Joe Bonamassa,2026,2026-11-07,,Live Nation España S.A.U.,6868337.29,7908499.3,6889717.78,22,61,247,15,0,3,International,Club
Pol,2026,2026-11-07,,Live Nation sp. z o.o.,6311.03,20388.51,0.0,0,0,1,8,0,0,International,Club
Forever,2026,2026-11-08,,LIVE NATION MUSIC,70329.51,0.0,0.0,0,1,0,0,0,0,US,Arena
Lenny Pearce,2026,2026-11-08,,LIVE NATION MUSIC,1149576.75,11247.35,0.0,1,0,32,23,0,2,US,Arena
Trivium,2026,2026-11-08,,LIVE NATION MUSIC,398903.12,0.0,378436.41,0,3,22,57,0,1,US,Club
The Paradox,2026,2026-11-08,,LIVE NATION MUSIC,4780.0,0.0,0.0,0,0,1,0,0,0,US,Theater
Arty,2026,2026-11-08,,LIVE NATION MUSIC,0.0,4500.0,14060.0,0,0,1,13,0,0,US,Club
"The Army, The Navy",2026,2026-11-08,,LIVE NATION MUSIC,33084.56,0.0,0.0,0,0,1,4,0,0,US,Club
Dead Poet Society,2026,2026-11-08,,LIVE NATION MUSIC,0.0,95493.81,8199.75,0,0,0,18,0,1,US,Theater
"Chris Brown, Usher",2026,2026-11-08,,LIVE NATION MUSIC,0.0,0.0,0.0,0,0,0,0,18,0,US,Stadium
Olivia Rodrigo,2026,2026-11-08,,LIVE NATION MUSIC,23420107.2,169307085.8,0.0,0,68,10,2,5,1,US,Arena
Femme Fatale,2026,2026-11-08,,LIVE NATION MUSIC,0.0,0.0,0.0,0,0,0,1,0,0,US,Club
Zayn,2026,2026-11-08,,LIVE NATION MUSIC,6179725.37,3409597.99,0.0,0,3,18,1,3,0,US,Arena
John Summit,2026,2026-11-08,,LIVE NATION MUSIC,1618895.52,6378033.54,2121909.0,1,6,4,6,1,1,US,Arena
Maná,2026,2026-11-08,,LIVE NATION MUSIC,0.0,0.0,0.0,0,1,0,0,0,0,US,Arena
The Smashing Pumpkins,2026,2026-11-08,,LIVE NATION MUSIC,1932119.81,4451112.17,12656219.06,29,91,42,26,1,5,US,Arena
Reason,2026,2026-11-08,,LIVE NATION MUSIC,0.0,3617.6,1440.0,0,0,1,1,0,0,US,Arena
Trippie Redd,2026,2026-11-08,,LIVE NATION MUSIC,177248.89,171012.5,592049.0,4,5,6,7,0,1,US,Arena
Santana,2026,2026-11-08,,HOUSE OF BLUES CONCERTS (HOB),10372269.62,0.0,3349278.95,59,103,47,16,7,8,US,Arena
Jack White,2026,2026-11-08,,LIVE NATION MUSIC,9888079.67,1029333.01,0.0,8,36,58,33,2,4,US,Theater
Forever,2026,2026-11-08,,LIVE NATION MUSIC,70329.51,0.0,0.0,0,1,0,0,0,0,US,Arena
Bryce Crawford,2026,2026-11-08,,LIVE NATION MUSIC,239268.39,0.0,0.0,0,0,22,4,0,0,US,Amphitheatre
Geese,2026,2026-11-08,,LIVE NATION MUSIC,156640.0,29014.0,20820.18,0,0,1,30,0,2,US,Club
Buena Vista Orchestra,2026,2026-11-08,,LIVE NATION MUSIC,231487.7,0.0,0.0,0,0,2,1,0,0,US,Theater
Cheap Trick,2026,2026-11-08,,FRANK PRODUCTIONS,342428.99,910817.9,1874345.63,6,2,69,25,0,12,US,Club
Jonas Brothers,2026,2026-11-08,,LIVE NATION MUSIC,81959444.45,30144554.31,109403725.33,84,205,28,1,31,5,US,Arena
State Champs,2026,2026-11-08,,LIVE NATION MUSIC,202412.59,75375.0,0.0,0,0,9,29,0,0,US,Club
Free Throw,2026,2026-11-08,,LIVE NATION MUSIC,16975.66,12411.08,41648.0,1,0,1,18,0,2,US,Club
Motionless In White,2026,2026-11-08,,LIVE NATION MUSIC,131287.04,0.0,1810722.63,7,19,22,41,0,2,US,Arena
"""Past, Present, Future: A Dance Gala""",2026,2026-11-08,,LIVE NATION MUSIC,0.0,0.0,0.0,0,0,1,0,0,0,US,Theater
UB40,2026,2026-11-08,,HOUSE OF BLUES CONCERTS (HOB),1292055.05,5742450.69,2259277.81,10,34,54,23,0,4,US,Theater
almost monday,2026,2026-11-08,,LIVE NATION MUSIC,58670.4,0.0,2884.0,0,0,0,9,0,1,US,Club
They Might Be Giants,2026,2026-11-08,,LIVE NATION MUSIC,486578.5,1261195.18,660640.34,1,1,48,146,0,0,US,Club
YEBBA,2026,2026-11-08,,LIVE NATION MUSIC,0.0,0.0,0.0,0,0,0,4,0,0,US,Club
Catch Your Breath,2026,2026-11-08,,LIVE NATION MUSIC,10444.0,0.0,0.0,0,0,0,6,0,0,US,Club
Wheeler Walker Jr.,2026,2026-11-08,,LIVE NATION MUSIC,0.0,131246.5,289839.0,0,0,4,27,0,0,US,Club
Jonas Brothers,2026,2026-11-08,,LIVE NATION MUSIC,81959444.45,30144554.31,109403725.33,84,205,28,1,31,5,US,Arena
Better Than Ezra,2026,2026-11-08,,LIVE NATION MUSIC,67594.0,69299.9,77840.0,1,0,16,20,0,2,US,Club
Victor &amp; Leo,2026,2026-11-08,,LIVE NATION MUSIC,0.0,0.0,0.0,0,0,24,1,0,0,US,Arena
Alicia Villarreal,2026,2026-11-08,,LIVE NATION MUSIC,826817.98,1374508.36,306780.57999999996,1,4,29,4,0,0,US,Theater
Porch Light,2026,2026-11-08,,LIVE NATION MUSIC,45484.0,0.0,0.0,0,0,1,9,0,0,US,Club
Buzzcocks,2026,2026-11-08,,LIVE NATION MUSIC,30516.46,78970.92,0.0,0,0,6,28,0,2,US,Club
Blue October,2026,2026-11-08,,LIVE NATION MUSIC,380805.29,725828.84,1268376.38,4,2,79,177,1,3,US,Arena
Bad Gyal,2026,2026-11-08,,HOUSE OF BLUES CONCERTS (HOB),0.0,1369372.12,1613122.36,0,8,1,1,1,1,US,Arena
The Rush Tribute Project,2026,2026-11-08,,EMPORIUM PRESENTS,548321.85,62212.5,173466.09,0,1,42,2,0,1,US,Arena
"DJ Moma, Showcase, Flygerian",2026,2026-11-08,,LIVE NATION MUSIC,0.0,0.0,0.0,0,0,0,1,0,0,US,Club
Jessie Reyez,2026,2026-11-08,,LIVE NATION MUSIC,1791362.54,0.0,120873.09,0,0,14,18,0,0,US,Theater
The Wrecks,2026,2026-11-08,,LIVE NATION MUSIC,97000.68,0.0,0.0,0,0,1,12,0,0,US,Club
GWAR,2026,2026-11-08,,LIVE NATION MUSIC,232622.19,250475.13,96717.0,0,3,30,172,0,3,US,Club
Beck,2026,2026-11-08,,LIVE NATION MUSIC,1461640.71,626608.75,4873011.17,24,9,29,9,0,4,US,Theater
Tab Benoit,2026,2026-11-08,,FRANK PRODUCTIONS,1819488.65,983585.58,1424527.01,5,0,211,221,2,8,US,Theater
Teddy Riley,2026,2026-11-08,,LIVE NATION MUSIC,0.0,0.0,0.0,0,0,1,0,0,0,US,Theater
Red Leather,2026,2026-11-08,,LIVE NATION MUSIC,13722.57,5670.0,0.0,0,0,0,10,0,0,US,Theater
"Soft Cell, Marc Almond",2026,2026-11-08,,LIVE NATION MUSIC,175260.66999999998,0.0,0.0,0,0,2,0,0,0,US,Theater
Dweezil Zappa,2026,2026-11-08,,LIVE NATION MUSIC,1060154.55,1718199.74,0.0,0,0,69,53,0,3,US,Theater
Hawthorne Heights,2026,2026-11-08,,HOUSE OF BLUES CONCERTS (HOB),10175.0,356921.46,49305.0,2,0,4,55,0,5,US,Club
New Constellations,2026,2026-11-08,,LIVE NATION MUSIC,21655.48,0.0,0.0,0,0,1,4,0,0,US,Club
Pretty Lights,2026,2026-11-08,,LIVE NATION MUSIC,0.0,4219531.16,1947559.55,36,25,50,53,3,12,US,Club
Michigander,2026,2026-11-08,,LIVE NATION MUSIC,21165.19,38024.0,16887.14,0,0,0,29,0,0,US,Club
The Menzingers,2026,2026-11-08,,LIVE NATION MUSIC,0.0,83860.93,175297.68,0,0,3,45,0,0,US,Club
"Mic Crenshaw, Special Guests",2026,2026-11-08,,LIVE NATION MUSIC,0.0,0.0,0.0,0,0,0,1,0,0,US,Club
That Arena Rock Show,2026,2026-11-08,,LIVE NATION MUSIC,317044.25,184812.5,100286.25,6,1,21,7,0,2,US,Theater
"Kip Moore, Jackson Dean",2026,2026-11-08,,HOUSE OF BLUES CONCERTS (HOB),0.0,0.0,0.0,0,0,1,0,0,0,US,Theater
Father of Peace,2026,2026-11-08,,LIVE NATION MUSIC,0.0,0.0,0.0,0,0,0,1,0,0,US,Club
"""SummerStage"", Two Door Cinema Club, Friends",2026,2026-11-08,,LIVE NATION MUSIC,0.0,0.0,0.0,1,0,0,0,0,0,US,Theater
Baby Smoove,2026,2026-11-08,,LIVE NATION MUSIC,0.0,0.0,29610.0,0,0,0,1,0,0,US,Theater
Ivers,2026,2026-11-08,,LIVE NATION MUSIC,0.0,0.0,7492.5,0,0,0,1,0,0,US,Club
The War and Treaty,2026,2026-11-08,,LIVE NATION MUSIC,259653.86,53398.5,166337.76,0,0,12,33,0,2,US,Theater
Alter Bridge,2026,2026-11-08,,LIVE NATION MUSIC,0.0,0.0,1508123.42,1,40,41,59,1,6,US,Club
Fetty Wap,2026,2026-11-08,,LIVE NATION MUSIC,0.0,0.0,0.0,0,2,6,13,0,0,US,Club
Olivia O'Brien,2026,2026-11-08,,HOUSE OF BLUES CONCERTS (HOB),0.0,0.0,0.0,0,0,0,8,0,0,US,Club
Tou,2026,2026-11-08,,LIVE NATION MUSIC,0.0,348354.82999999996,0.0,0,0,0,1,0,1,US,Theater
SOB X RBE,2026,2026-11-08,,LIVE NATION MUSIC,0.0,0.0,0.0,0,0,10,26,0,3,US,Club
Inna,2026,2026-11-08,,LIVE NATION MUSIC,0.0,0.0,0.0,0,2,2,2,0,0,US,Theater
Dan Deacon,2026,2026-11-08,,LIVE NATION TENNESSEE,12600.0,66484.0,36558.0,0,0,6,72,0,1,US,Club
"The Milk Carton Kids, Sierra Hull",2026,2026-11-08,,LIVE NATION MUSIC,0.0,0.0,0.0,0,0,1,0,0,0,US,Theater
"""SummerStage"", Two Door Cinema Club, Friends",2026,2026-11-08,,LIVE NATION MUSIC,0.0,0.0,0.0,1,0,0,0,0,0,US,Theater
Sitting On Saturn,2026,2026-11-08,,LIVE NATION MUSIC,0.0,0.0,570.0,0,0,0,2,0,0,US,Club
Teen Jesus And The Jean Teasers,2026,2026-11-08,,LIVE NATION MUSIC,0.0,0.0,0.0,0,0,0,1,0,0,US,Club
Cam,2026,2026-11-08,,LIVE NATION MUSIC,55701.3,0.0,0.0,0,0,7,18,0,0,US,Club
Psychostick,2026,2026-11-08,,FRANK PRODUCTIONS,0.0,0.0,0.0,0,0,3,11,1,0,US,Club
Sabaton,2026,2026-11-08,,LIVE NATION MUSIC,13311096.98,0.0,3200841.5700000003,0,31,18,33,0,0,US,Arena
Sabaton,2026,2026-11-08,,LIVE NATION MUSIC,13311096.98,0.0,3200841.5700000003,0,31,18,33,0,0,US,Arena
Steve Lacy,2026,2026-11-08,,LIVE NATION MUSIC,0.0,0.0,48400.0,1,2,2,7,0,0,US,Arena
"The Milk Carton Kids, Sierra Hull",2026,2026-11-08,,LIVE NATION MUSIC,0.0,0.0,0.0,0,0,1,0,0,0,US,Theater
Bear,2026,2026-11-08,,LIVE NATION MUSIC,0.0,0.0,0.0,0,0,0,1,0,0,US,Theater
Bear,2026,2026-11-08,,LIVE NATION MUSIC,0.0,0.0,0.0,0,0,0,1,0,0,US,Theater
Upgrade,2026,2026-11-08,,LIVE NATION MUSIC,0.0,0.0,0.0,0,0,0,1,0,1,US,Theater
Cam,2026,2026-11-08,,LIVE NATION MUSIC,55701.3,0.0,0.0,0,0,7,18,0,0,US,Club
Palace,2026,2026-11-08,,LIVE NATION CANADA (LN),216325.96,176855.55,138298.91,0,0,7,19,0,1,International,Theater
Half Alive,2026,2026-11-08,,LIVE NATION CANADA (LN),210058.56,0.0,254294.02,0,0,6,10,0,0,International,Theater
Boy Golden,2026,2026-11-08,,LIVE NATION CANADA (LN),0.0,25737.07,428.0,0,0,2,0,0,1,International,Theater
Pretty Sick,2026,2026-11-08,,LIVE NATION CANADA (LN),0.0,0.0,0.0,0,0,0,3,0,0,International,Club
Jack &amp; Jack,2026,2026-11-08,,LIVE NATION CANADA (LN),26915.8,216160.36,0.0,1,0,7,45,0,1,International,Club
"""Past, Present, Future: A Dance Gala""",2026,2026-11-08,,LIVE NATION CANADA (LN),0.0,0.0,0.0,0,0,1,0,0,0,International,Theater
Isaiah Rashad,2026,2026-11-08,,LIVE NATION CANADA (LN),0.0,274022.0,388038.79,0,1,16,46,0,0,International,Club
Tenille Townes,2026,2026-11-08,,LIVE NATION MUSIC,0.0,146604.66,26508.27,0,0,7,8,0,1,International,Arena
Jamie Duffy,2026,2026-11-08,,MCD PRODUCTIONS,100108.31,0.0,0.0,0,0,1,2,0,0,International,Theater
Shad,2026,2026-11-08,,"LIVE NATION UK FOR ARTIST, TOUR, FESTIVAL AND PRESALE NEWS",0.0,0.0,0.0,0,0,2,15,0,1,International,Club
Lina,2026,2026-11-08,,LIVE NATION MUSIC UK LTD,0.0,71095.42,94190.29,0,0,3,6,1,0,International,Club
The Jacksons,2026,2026-11-08,,LIVE NATION MUSIC (VENUES) LTD (NEW),112775.0,452714.16,55232.0,1,4,16,4,2,2,International,Arena
Morcheeba,2026,2026-11-08,,DF CONCERTS,0.0,407612.54,97347.06,0,0,17,29,1,4,International,Club
El Mundo,2026,2026-11-08,,OCESA,0.0,0.0,0.0,0,0,1,0,0,0,International,Theater
Los Panchos,2026,2026-11-08,,OCESA,0.0,15641.01,0.0,0,0,5,1,0,1,International,Theater
J. Cole,2026,2026-11-08,,Live Nation GmbH,0.0,2084747.68,0.0,25,121,50,39,2,2,International,Arena
Andreas Gabalier,2026,2026-11-08,,Live Nation GmbH,6533472.3,5036718.25,11601676.81,9,28,1,0,12,4,International,Arena
EsDeeKid,2026,2026-11-08,,Live Nation GmbH,0.0,0.0,0.0,0,0,0,1,0,0,International,Club
Shinedown,2026,2026-11-08,,Live Nation,21978496.17,0.0,22220750.76,55,179,59,38,3,13,International,Arena
Mogwai,2026,2026-11-08,,Live Nation,650902.9099999999,103899.12,43971.6,0,1,22,68,0,0,International,Club
Napalm Death,2026,2026-11-08,,Live Nation,142046.4,0.0,24326.0,0,0,11,28,0,0,International,Club
Joe Bonamassa,2026,2026-11-08,,Live Nation España S.A.U.,6868337.29,7908499.3,6889717.78,22,61,247,15,0,3,International,Theater
Lina,2026,2026-11-08,,Live Nation sp. z o.o,0.0,71095.42,94190.29,0,0,3,6,1,0,International,Club
"Daniel, Me Estás Matando",2026,2026-11-08,,Live Nation Sp. z o.o.,475718.03,16960.0,442118.48,0,0,5,1,0,0,International,Theater
Tou,2026,2026-11-08,,Live Nation sp. z o.o.,0.0,348354.82999999996,0.0,0,0,0,1,0,1,International,Club
CL,2026,2026-11-08,,LIVE NATION CZECH REPUBLIC s.r.o.,0.0,0.0,0.0,0,0,3,1,0,1,International,Theater
The Paradox,2026,2026-11-09,,LIVE NATION MUSIC,4780.0,0.0,0.0,0,0,1,0,0,0,US,Theater
Rod Wave,2026,2026-11-09,,LIVE NATION MUSIC,21434081.53,44782080.52,58117202.64,1,85,1,0,0,0,US,Arena
Jessie Reyez,2026,2026-11-09,,LIVE NATION MUSIC,1791362.54,0.0,120873.09,0,0,14,18,0,0,US,Club
Rush,2026,2026-11-09,,LIVE NATION MUSIC,0.0,0.0,0.0,40,118,1,0,2,8,US,Arena
Dave Matthews Band,2026,2026-11-09,,LIVE NATION MUSIC,43805123.36,52998276.22,63274603.4,396,117,17,4,16,6,US,Amphitheatre
Jonas Brothers,2026,2026-11-09,,LIVE NATION MUSIC,81959444.45,30144554.31,109403725.33,84,205,28,1,31,5,US,Arena
Orville Peck,2026,2026-11-09,,LIVE NATION MUSIC,0.0,1089190.07,122699.0,2,0,10,21,0,3,US,Club
Underoath,2026,2026-11-09,,LIVE NATION MUSIC,0.0,418700.1,308406.2,0,2,22,75,0,4,US,Theater
"""Les Nits de Barcelona"", Sting",2026,2026-11-09,,LIVE NATION MUSIC,0.0,0.0,0.0,0,0,0,0,0,1,US,Theater
Three Days Grace,2026,2026-11-09,,LIVE NATION MUSIC,2587583.58,0.0,514555.96,4,55,36,61,0,8,US,Arena
Karan Aujla,2026,2026-11-09,,LIVE NATION MUSIC,3420048.2,5984529.85,132877.75,0,14,0,1,0,0,US,Arena
Rosario Flores,2026,2026-11-09,,LIVE NATION MUSIC,0.0,0.0,0.0,0,0,2,0,0,0,US,Theater
Jack White,2026,2026-11-09,,FRANK PRODUCTIONS,9888079.67,1029333.01,0.0,8,36,58,33,2,4,US,Theater
Trippie Redd,2026,2026-11-09,,LIVE NATION MUSIC,177248.89,171012.5,592049.0,4,5,6,7,0,1,US,Club
Slaughter To Prevail,2026,2026-11-09,,LIVE NATION MUSIC,157166.6,52042.05,248864.27,0,4,13,23,0,1,US,Club
America,2026,2026-11-09,,LIVE NATION MUSIC,4786730.81,4477164.55,1750231.2,5,8,180,41,0,14,US,Theater
Rival Sons,2026,2026-11-09,,LIVE NATION MUSIC,174160.14,116553.8,395290.35,0,2,30,81,0,1,US,Club
Barrington Levy,2026,2026-11-09,,LIVE NATION MUSIC,434908.0,0.0,0.0,0,0,3,27,0,1,US,Theater
New Constellations,2026,2026-11-09,,LIVE NATION MUSIC,21655.48,0.0,0.0,0,0,1,4,0,0,US,Club
Celebration,2026,2026-11-09,,HOUSE OF BLUES CONCERTS (HOB),0.0,0.0,0.0,0,0,0,1,0,0,US,Club
George Clanton,2026,2026-11-09,,LIVE NATION MUSIC,51207.5,17007.0,60284.82,0,0,1,9,0,1,US,Club
Skilla Baby,2026,2026-11-09,,LIVE NATION MUSIC,0.0,32505.0,0.0,0,0,0,1,0,0,US,Club
Quadeca,2026,2026-11-09,,LIVE NATION MUSIC,127634.26,0.0,7186.0,0,0,3,8,0,0,US,Club
Peyton Parrish,2026,2026-11-09,,LIVE NATION MUSIC,0.0,433389.74,54517.5,0,1,2,7,0,0,US,Club
10 Years,2026,2026-11-09,,LIVE NATION MUSIC,35281.43,47010.25,6775.0,0,0,11,90,0,3,US,Amphitheatre
SIX60,2026,2026-11-09,,LIVE NATION MUSIC,277181.35,709762.33,0.0,1,3,12,30,11,21,US,Theater
Mannequin Pussy,2026,2026-11-09,,LIVE NATION MUSIC,186240.58,293493.84,5220.0,0,0,4,31,0,0,US,Club
Parachute,2026,2026-11-09,,LIVE NATION MUSIC,0.0,0.0,0.0,0,0,14,55,0,1,US,Theater
Bowling For Soup,2026,2026-11-09,,LIVE NATION MUSIC,1051669.3,850443.56,141147.11,0,4,24,50,0,2,US,Theater
The Maine,2026,2026-11-09,,LIVE NATION MUSIC,498528.95,203532.82,259817.8,1,0,27,94,0,2,US,Club
Olivia O'Brien,2026,2026-11-09,,LIVE NATION MUSIC,0.0,0.0,0.0,0,0,0,8,0,0,US,Club
The Rush Tribute Project,2026,2026-11-09,,LIVE NATION MUSIC,548321.85,62212.5,173466.09,0,1,42,2,0,1,US,Theater
America,2026,2026-11-09,,HOUSE OF BLUES CONCERTS (HOB),4786730.81,4477164.55,1750231.2,5,8,180,41,0,14,US,Theater
Static Dress,2026,2026-11-09,,LIVE NATION MUSIC,0.0,0.0,0.0,0,0,0,1,0,0,US,Club
Shapeshifter,2026,2026-11-09,,LIVE NATION MUSIC,111973.66,0.0,0.0,0,2,0,3,0,0,US,Club
The Aces,2026,2026-11-09,,LIVE NATION MUSIC,77981.0,11799.0,190498.62,0,0,3,24,0,2,US,Club
We Are Scientists,2026,2026-11-09,,LIVE NATION MUSIC,60641.93,12551.7,47793.04,0,0,3,55,0,3,US,Club
The Rush Tribute Project,2026,2026-11-09,,LIVE NATION MUSIC,548321.85,62212.5,173466.09,0,1,42,2,0,1,US,Theater
The Aces,2026,2026-11-09,,LIVE NATION MUSIC,77981.0,11799.0,190498.62,0,0,3,24,0,2,US,Club
We Are Scientists,2026,2026-11-09,,LIVE NATION MUSIC,60641.93,12551.7,47793.04,0,0,3,55,0,3,US,Club
SiM,2026,2026-11-09,,LIVE NATION MUSIC,0.0,78357.29000000001,0.0,0,0,0,4,0,0,US,Theater
SiM,2026,2026-11-09,,LIVE NATION MUSIC,0.0,78357.29000000001,0.0,0,0,0,4,0,0,US,Theater
Beck,2026,2026-11-09,,LIVE NATION CANADA (LN),1461640.71,626608.75,4873011.17,24,9,29,9,0,4,International,Theater
The Black Angels,2026,2026-11-09,,LIVE NATION CANADA (LN),0.0,18493.85,128084.29,1,0,16,79,0,0,International,Club
ADH,2026,2026-11-09,,LIVE NATION CANADA (LN),0.0,0.0,0.0,0,0,0,1,0,0,International,Club
Allison Russell,2026,2026-11-09,,LIVE NATION MUSIC,83000.15,59484.68,37732.0,0,0,4,8,0,0,International,Arena
The Wldlfe,2026,2026-11-09,,LIVE NATION CANADA (LN),22849.6,107014.44,4184.0,0,0,0,21,0,1,International,Club
Die Spitz,2026,2026-11-09,,LIVE NATION CANADA (LN),19774.52,3750.0,0.0,0,0,0,10,0,1,International,Theater
Ethan Regan,2026,2026-11-09,,LIVE NATION CANADA (LN),39313.28,2015.0,0.0,0,0,0,7,0,0,International,Club
Tenille Townes,2026,2026-11-09,,LIVE NATION MUSIC,0.0,146604.66,26508.27,0,0,7,8,0,1,International,Theater
Goldie Boutilier,2026,2026-11-09,,MCD PRODUCTIONS,13650.69,0.0,0.0,0,0,2,3,0,1,International,Club
Angels &amp; Airwaves,2026,2026-11-09,,MCD PRODUCTIONS,0.0,0.0,0.0,2,1,19,21,0,0,International,Club
Embrace,2026,2026-11-09,,DF CONCERTS,0.0,919445.99,57998.07,0,1,14,7,0,0,International,Theater
Health,2026,2026-11-09,,LIVE NATION MUSIC UK LTD,0.0,103992.09,26445.0,0,0,1,30,0,3,International,Club
Joan As Police Woman,2026,2026-11-09,,DF CONCERTS,21405.04,14820.73,0.0,0,0,6,11,0,1,International,Theater
JERUB,2026,2026-11-09,,"LIVE NATION UK FOR ARTIST, TOUR, FESTIVAL AND PRESALE NEWS",8824.61,792.5,0.0,0,0,0,5,0,0,International,Club
Skye Newman,2026,2026-11-09,,DF CONCERTS,0.0,0.0,0.0,0,0,5,1,0,0,International,Theater
ZZ Top,2026,2026-11-09,,OCESA,19533792.29,8840466.74,1880764.0,129,99,253,35,8,60,International,Theater
Korn,2026,2026-11-09,,Live Nation,7267179.31,12956787.2,0.0,43,43,20,32,5,8,International,Arena
Fink,2026,2026-11-09,,Live Nation,34982.91,0.0,0.0,0,0,1,4,0,0,International,Club
Tove Lo,2026,2026-11-09,,Live Nation,0.0,0.0,1717136.32,0,0,12,42,0,1,International,Club
J. Cole,2026,2026-11-09,,Live Nation,0.0,2084747.68,0.0,25,121,50,39,2,2,International,Arena
Pol,2026,2026-11-09,,Live Nation sp. z o.o.,6311.03,20388.51,0.0,0,0,1,8,0,0,International,Club
Machine Girl,2026,2026-11-09,,Live Nation Sp. z o.o.,245123.68,616185.04,0.0,0,0,6,36,0,0,International,Club
Wage War,2026,2026-11-10,,LIVE NATION MUSIC,0.0,250965.5,163464.08000000002,0,1,4,25,0,1,US,Arena
Trivium,2026,2026-11-10,,LIVE NATION MUSIC,398903.12,0.0,378436.41,0,3,22,57,0,1,US,Club
Skillet,2026,2026-11-10,,HOUSE OF BLUES CONCERTS (HOB),2557214.15,260542.96,1377748.06,6,30,44,67,1,14,US,Club
Lenny Pearce,2026,2026-11-10,,LIVE NATION MUSIC,1149576.75,11247.35,0.0,1,0,32,23,0,2,US,Theater
Switchfoot,2026,2026-11-10,,LIVE NATION MUSIC,181031.87,600305.9299999999,763943.0,5,6,80,76,1,17,US,Theater
"Tex, Don &amp; Charlie",2026,2026-11-10,,LIVE NATION MUSIC,0.0,0.0,0.0,0,0,0,1,0,0,US,Club
The Spill Canvas,2026,2026-11-10,,LIVE NATION MUSIC,0.0,82594.0,7060.0,0,0,4,64,0,0,US,Club
"Chris Brown, Usher",2026,2026-11-10,,LIVE NATION MUSIC,0.0,0.0,0.0,0,0,0,0,18,0,US,Stadium
Rod Wave,2026,2026-11-10,,LIVE NATION MUSIC,21434081.53,44782080.52,58117202.64,1,85,1,0,0,0,US,Arena
Jonas Brothers,2026,2026-11-10,,LIVE NATION MUSIC,81959444.45,30144554.31,109403725.33,84,205,28,1,31,5,US,Arena
The Neighbourhood,2026,2026-11-10,,LIVE NATION MUSIC,0.0,0.0,0.0,1,16,29,68,1,0,US,Arena
Dave Matthews Band,2026,2026-11-10,,LIVE NATION MUSIC,43805123.36,52998276.22,63274603.4,396,117,17,4,16,6,US,Arena
Reason,2026,2026-11-10,,LIVE NATION MUSIC,0.0,3617.6,1440.0,0,0,1,1,0,0,US,Arena
KATSEYE,2026,2026-11-10,,LIVE NATION MUSIC,3772036.89,0.0,0.0,0,1,5,2,0,0,US,Arena
Wyclef Jean,2026,2026-11-10,,LIVE NATION MUSIC,0.0,0.0,0.0,0,0,5,16,0,0,US,Arena
Alanis Morissette,2026,2026-11-10,,LIVE NATION MUSIC,6880538.55,30678064.16,699424.9,59,22,19,14,4,3,US,Theater
Isaiah Rashad,2026,2026-11-10,,LIVE NATION MUSIC,0.0,274022.0,388038.79,0,1,16,46,0,0,US,Theater
"Chicago, Styx",2026,2026-11-10,,LIVE NATION MUSIC,0.0,0.0,0.0,0,0,1,0,0,0,US,Theater
Orville Peck,2026,2026-11-10,,LIVE NATION MUSIC,0.0,1089190.07,122699.0,2,0,10,21,0,3,US,Club
Jessie Reyez,2026,2026-11-10,,LIVE NATION MUSIC,1791362.54,0.0,120873.09,0,0,14,18,0,0,US,Theater
King Crimson,2026,2026-11-10,,LIVE NATION MUSIC,0.0,0.0,0.0,9,5,42,4,1,3,US,Theater
Sienna Spiro,2026,2026-11-10,,LIVE NATION MUSIC,24263.94,0.0,0.0,0,0,3,3,0,0,US,Club
Periphery,2026,2026-11-10,,LIVE NATION MUSIC,0.0,508193.42,0.0,0,0,21,57,0,3,US,Club
Once &amp; Future Band,2026,2026-11-10,,LIVE NATION MUSIC,0.0,0.0,0.0,0,0,0,1,0,0,US,Club
Motionless In White,2026,2026-11-10,,LIVE NATION MUSIC,131287.04,0.0,1810722.63,7,19,22,41,0,2,US,Arena
Goose,2026,2026-11-10,,LIVE NATION MUSIC,5160693.6,9983793.26,3369442.55,35,7,43,57,11,13,US,Club
The Rush Tribute Project,2026,2026-11-10,,EMPORIUM PRESENTS,548321.85,62212.5,173466.09,0,1,42,2,0,1,US,Theater
Hot Mulligan,2026,2026-11-10,,LIVE NATION MUSIC,556359.5,349447.57,159797.75,0,0,9,20,0,3,US,Club
Ax and the Hatchetmen,2026,2026-11-10,,LIVE NATION MUSIC,167304.38,10365.0,2059.0,0,0,2,28,0,0,US,Club
Bear,2026,2026-11-10,,LIVE NATION MUSIC,0.0,0.0,0.0,0,0,0,1,0,0,US,Theater
Upgrade,2026,2026-11-10,,LIVE NATION MUSIC,0.0,0.0,0.0,0,0,0,1,0,1,US,Theater
Michelle Branch,2026,2026-11-10,,LIVE NATION MUSIC,0.0,0.0,0.0,0,0,2,13,0,0,US,Club
"""Laughs, Music, &amp; Vibes""",2026,2026-11-10,,LIVE NATION MUSIC,0.0,0.0,0.0,0,0,0,1,0,0,US,Club
10 Years,2026,2026-11-10,,LIVE NATION MUSIC,35281.43,47010.25,6775.0,0,0,11,90,0,3,US,Club
Bleood,2026,2026-11-10,,HOUSE OF BLUES CONCERTS (HOB),0.0,0.0,0.0,0,0,0,1,0,0,US,Club
Medium Build,2026,2026-11-10,,LIVE NATION MUSIC,81782.66,277378.99,6501.48,0,0,2,34,0,1,US,Club
"""AMA Music Festival"", Alice Cooper",2026,2026-11-10,,LIVE NATION MUSIC,0.0,0.0,0.0,0,0,0,0,0,1,US,Theater
Straight No Chaser,2026,2026-11-10,,LIVE NATION MUSIC,2299805.32,4207526.41,4491645.23,15,31,600,29,0,23,US,Theater
Straight No Chaser,2026,2026-11-10,,LIVE NATION MUSIC,2299805.32,4207526.41,4491645.23,15,31,600,29,0,23,US,Arena
Jack White,2026,2026-11-10,,LIVE NATION MUSIC,9888079.67,1029333.01,0.0,8,36,58,33,2,4,US,Theater
The Wrecks,2026,2026-11-10,,LIVE NATION MUSIC,97000.68,0.0,0.0,0,0,1,12,0,0,US,Club
Palace,2026,2026-11-10,,LIVE NATION MUSIC,216325.96,176855.55,138298.91,0,0,7,19,0,1,US,Theater
UB40,2026,2026-11-10,,FRANK PRODUCTIONS,1292055.05,5742450.69,2259277.81,10,34,54,23,0,4,US,Theater
The Afghan Whigs,2026,2026-11-10,,LIVE NATION MUSIC,0.0,0.0,0.0,0,0,11,64,0,0,US,Club
Catch Your Breath,2026,2026-11-10,,LIVE NATION MUSIC,10444.0,0.0,0.0,0,0,0,6,0,0,US,Club
Marsden &amp; Richardson,2026,2026-11-10,,LIVE NATION MUSIC,0.0,0.0,0.0,0,0,0,0,0,2,US,Other
vaultboy,2026,2026-11-10,,LIVE NATION MUSIC,0.0,17778.09,0.0,0,0,0,5,0,0,US,Club
Sueco,2026,2026-11-10,,LIVE NATION MUSIC,0.0,77100.38,70293.0,0,0,3,15,0,0,US,Theater
State Champs,2026,2026-11-10,,LIVE NATION MUSIC,202412.59,75375.0,0.0,0,0,9,29,0,0,US,Theater
Saosin,2026,2026-11-10,,LIVE NATION MUSIC,0.0,43142.5,30500.0,0,0,3,12,0,0,US,Club
Michigander,2026,2026-11-10,,LIVE NATION MUSIC,21165.19,38024.0,16887.14,0,0,0,29,0,0,US,Theater
Parachute,2026,2026-11-10,,LIVE NATION MUSIC,0.0,0.0,0.0,0,0,14,55,0,1,US,Theater
Amble,2026,2026-11-10,,LIVE NATION MUSIC,4723469.38,406488.11,0.0,0,5,9,43,2,5,US,Theater
Boston Manor,2026,2026-11-10,,LIVE NATION MUSIC,7172.5,8088.32,33060.84,0,0,0,9,0,1,US,Club
Shang,2026,2026-11-10,,LIVE NATION MUSIC,0.0,755.0,0.0,0,0,0,1,0,0,US,Club
aurorawave,2026,2026-11-10,,LIVE NATION TENNESSEE,5046.0,0.0,0.0,0,0,0,2,0,0,US,Club
Puma Blue,2026,2026-11-10,,LIVE NATION MUSIC,5450.0,0.0,33951.42,0,0,1,13,0,0,US,Club
Hurricane Wisdom,2026,2026-11-10,,LIVE NATION MUSIC,11250.0,0.0,0.0,0,0,0,1,0,0,US,Theater
Greg Freeman,2026,2026-11-10,,LIVE NATION MUSIC,7366.860000000001,0.0,0.0,0,0,0,4,0,0,US,Club
Head,2026,2026-11-10,,LIVE NATION MUSIC,0.0,0.0,0.0,0,0,0,3,0,0,US,Club
Band Of Horses,2026,2026-11-10,,LIVE NATION MUSIC,442717.38,387852.65,434352.0,8,3,62,67,0,5,US,Club
Beck,2026,2026-11-10,,LIVE NATION MUSIC,1461640.71,626608.75,4873011.17,24,9,29,9,0,4,US,Theater
YEBBA,2026,2026-11-10,,LIVE NATION MUSIC,0.0,0.0,0.0,0,0,0,4,0,0,US,Theater
Waterparks,2026,2026-11-10,,LIVE NATION MUSIC,117382.5,400433.43,506216.67,0,0,9,35,0,1,US,Club
Movements,2026,2026-11-10,,LIVE NATION MUSIC,308781.6,267276.63,140008.0,0,0,1,23,0,1,US,Arena
YEBBA,2026,2026-11-10,,LIVE NATION MUSIC,0.0,0.0,0.0,0,0,0,4,0,0,US,Theater
High Vis,2026,2026-11-10,,LIVE NATION MUSIC,57497.0,101803.43,0.0,0,0,1,11,0,3,US,Theater
BOLTCUTTER,2026,2026-11-10,,LIVE NATION MUSIC,5150.0,0.0,0.0,0,0,0,3,0,0,US,Club
almost monday,2026,2026-11-10,,LIVE NATION MUSIC,58670.4,0.0,2884.0,0,0,0,9,0,1,US,Club
Prateek Kuhad,2026,2026-11-10,,LIVE NATION MUSIC,0.0,311742.61,0.0,0,0,4,17,0,1,US,Theater
Fruition,2026,2026-11-10,,FRANK PRODUCTIONS,0.0,8576.0,37355.0,2,0,4,58,0,0,US,Club
Movements,2026,2026-11-10,,LIVE NATION MUSIC,308781.6,267276.63,140008.0,0,0,1,23,0,1,US,Arena
Louie TheSinger,2026,2026-11-10,,LIVE NATION MUSIC,0.0,0.0,0.0,0,0,0,1,0,0,US,Theater
King's X,2026,2026-11-10,,LIVE NATION MUSIC,16889.0,64650.0,59545.0,0,0,5,11,0,0,US,Theater
Waterparks,2026,2026-11-10,,LIVE NATION MUSIC,117382.5,400433.43,506216.67,0,0,9,35,0,1,US,Club
almost monday,2026,2026-11-10,,LIVE NATION MUSIC,58670.4,0.0,2884.0,0,0,0,9,0,1,US,Club
Prateek Kuhad,2026,2026-11-10,,LIVE NATION MUSIC,0.0,311742.61,0.0,0,0,4,17,0,1,US,Theater
Sir Woman,2026,2026-11-10,,LIVE NATION MUSIC,111367.07,26860.0,0.0,0,0,0,30,0,0,US,Club
Sir Woman,2026,2026-11-10,,LIVE NATION MUSIC,111367.07,26860.0,0.0,0,0,0,30,0,0,US,Club
The Menzingers,2026,2026-11-10,,LIVE NATION CANADA (LN),0.0,83860.93,175297.68,0,0,3,45,0,0,International,Theater
Arkells,2026,2026-11-10,,LIVE NATION CANADA (LN),512843.52,911391.9,30606.5,0,22,9,64,0,6,International,Club
Winyah,2026,2026-11-10,,LIVE NATION CANADA (LN),12400.0,0.0,0.0,0,0,1,4,0,0,International,Club
Boy Golden,2026,2026-11-10,,LIVE NATION CANADA (LN),0.0,25737.07,428.0,0,0,2,0,0,1,International,Theater
Wolf Parade,2026,2026-11-10,,LIVE NATION CANADA (LN),0.0,0.0,0.0,0,0,6,31,0,3,International,Theater
Trippie Redd,2026,2026-11-10,,LIVE NATION CANADA (LN),177248.89,171012.5,592049.0,4,5,6,7,0,1,International,Club
Wheeler Walker Jr.,2026,2026-11-10,,EVENKO CO-PRO WITH LIVE NATION,0.0,131246.5,289839.0,0,0,4,27,0,0,International,Arena
Donny Benét,2026,2026-11-10,,LIVE NATION CANADA (LN),46746.33,31580.03,62690.01,0,0,2,19,0,1,International,Club
Forever,2026,2026-11-10,,LIVE NATION CANADA (LN),70329.51,0.0,0.0,0,1,0,0,0,0,International,Club
"The A, B, C &amp; D Of Boogie Woogie",2026,2026-11-10,,LIVE NATION MUSIC,0.0,0.0,0.0,0,0,0,1,0,0,International,Theater
Nate Haller,2026,2026-11-10,,LIVE NATION CANADA (LN),0.0,0.0,0.0,0,0,0,1,0,0,International,Arena
Nieve Ella,2026,2026-11-10,,MCD PRODUCTIONS,53870.34,10185.38,0.0,0,0,0,6,0,1,International,Theater
Jamie Duffy,2026,2026-11-10,,MCD PRODUCTIONS,100108.31,0.0,0.0,0,0,1,2,0,0,International,Theater
Embrace,2026,2026-11-10,,DF CONCERTS,0.0,919445.99,57998.07,0,1,14,7,0,0,International,Theater
Myles Smith,2026,2026-11-10,,DF CONCERTS,2236831.36,203426.73,0.0,0,0,12,24,0,0,International,Club
"I, Colossus",2026,2026-11-10,,"LIVE NATION UK FOR ARTIST, TOUR, FESTIVAL AND PRESALE NEWS",0.0,0.0,0.0,0,0,0,1,0,0,International,Theater
Overpass,2026,2026-11-10,,LIVE NATION MUSIC UK LTD,41579.36,3838.95,0.0,0,0,1,6,0,1,International,Club
Chloe Slater,2026,2026-11-10,,"LIVE NATION UK FOR ARTIST, TOUR, FESTIVAL AND PRESALE NEWS",9538.91,0.0,0.0,0,0,0,3,0,0,International,Club
Myles Smith,2026,2026-11-10,,DF CONCERTS,2236831.36,203426.73,0.0,0,0,12,24,0,0,International,Club
Bloc Party,2026,2026-11-10,,Live Nation,4617080.56,353727.51,1939103.48,6,15,23,27,2,3,International,Club
The Wallflowers,2026,2026-11-10,,Live Nation,730251.78,644538.0,432091.1,2,0,37,44,0,1,International,Club
Arlo Parks,2026,2026-11-10,,Live Nation España S.A.U.,0.0,188443.48,348313.02999999997,0,0,6,22,0,0,International,Club
Nach,2026,2026-11-10,,Live Nation sp. z o.o.,0.0,0.0,366455.81999999995,0,3,11,2,1,1,International,Theater
"Common, Dear",2026,2026-11-10,,LIVE NATION CZECH REPUBLIC s.r.o.,0.0,0.0,0.0,0,0,0,1,0,0,International,Club
Beartooth,2026,2026-11-11,,LIVE NATION MUSIC,0.0,1116351.8,389208.25,1,4,15,41,1,2,US,Theater
Hawthorne Heights,2026,2026-11-11,,HOUSE OF BLUES CONCERTS (HOB),10175.0,356921.46,49305.0,2,0,4,55,0,5,US,Club
"""Past, Present, Future: A Dance Gala""",2026,2026-11-11,,LIVE NATION MUSIC,0.0,0.0,0.0,0,0,1,0,0,0,US,Theater
Red Leather,2026,2026-11-11,,LIVE NATION MUSIC,13722.57,5670.0,0.0,0,0,0,10,0,0,US,Club
The Boys,2026,2026-11-11,,LIVE NATION MUSIC,0.0,0.0,0.0,0,0,1,0,0,0,US,Theater
Slothrust,2026,2026-11-11,,LIVE NATION MUSIC,0.0,39423.0,16895.0,0,0,0,37,0,1,US,Club
The Elovaters,2026,2026-11-11,,LIVE NATION MUSIC,458656.0,399783.52,51239.0,1,0,3,36,1,1,US,Amphitheatre
The Maine,2026,2026-11-11,,LIVE NATION MUSIC,498528.95,203532.82,259817.8,1,0,27,94,0,2,US,Theater
Lenny Pearce,2026,2026-11-11,,LIVE NATION MUSIC,1149576.75,11247.35,0.0,1,0,32,23,0,2,US,Theater
Lenny Pearce,2026,2026-11-11,,LIVE NATION MUSIC,1149576.75,11247.35,0.0,1,0,32,23,0,2,US,Theater
"Chris Brown, Usher",2026,2026-11-11,,LIVE NATION MUSIC,0.0,0.0,0.0,0,0,0,0,18,0,US,Stadium
Olivia Rodrigo,2026,2026-11-11,,LIVE NATION MUSIC,23420107.2,169307085.8,0.0,0,68,10,2,5,1,US,Arena
KATSEYE,2026,2026-11-11,,LIVE NATION MUSIC,3772036.89,0.0,0.0,0,1,5,2,0,0,US,Arena
Doja Cat,2026,2026-11-11,,LIVE NATION MUSIC,7384674.46,7298161.81,31988065.4,0,39,0,9,0,0,US,Arena
Rush,2026,2026-11-11,,LIVE NATION MUSIC,0.0,0.0,0.0,40,118,1,0,2,8,US,Arena
The Smashing Pumpkins,2026,2026-11-11,,LIVE NATION MUSIC,1932119.81,4451112.17,12656219.06,29,91,42,26,1,5,US,Arena
The Neighbourhood,2026,2026-11-11,,LIVE NATION MUSIC,0.0,0.0,0.0,1,16,29,68,1,0,US,Arena
Rock,2026,2026-11-11,,LIVE NATION MUSIC,0.0,0.0,0.0,0,0,0,1,0,0,US,Theater
Zayn,2026,2026-11-11,,LIVE NATION MUSIC,6179725.37,3409597.99,0.0,0,3,18,1,3,0,US,Arena
Three Days Grace,2026,2026-11-11,,LIVE NATION MUSIC,2587583.58,0.0,514555.96,4,55,36,61,0,8,US,Arena
Alanis Morissette,2026,2026-11-11,,LIVE NATION MUSIC,6880538.55,30678064.16,699424.9,59,22,19,14,4,3,US,Theater
"""Les Nits de Barcelona"", Sting",2026,2026-11-11,,LIVE NATION MUSIC,0.0,0.0,0.0,0,0,0,0,0,1,US,Other
Not For Radio,2026,2026-11-11,,LIVE NATION MUSIC,0.0,0.0,0.0,0,0,4,0,0,0,US,Theater
"Chicago, Styx",2026,2026-11-11,,LIVE NATION MUSIC,0.0,0.0,0.0,0,0,1,0,0,0,US,Theater
Orville Peck,2026,2026-11-11,,LIVE NATION MUSIC,0.0,1089190.07,122699.0,2,0,10,21,0,3,US,Club
Santana,2026,2026-11-11,,HOUSE OF BLUES CONCERTS (HOB),10372269.62,0.0,3349278.95,59,103,47,16,7,8,US,Arena
Little Feat,2026,2026-11-11,,LIVE NATION MUSIC,636649.5,521235.88,959870.26,5,0,91,51,0,4,US,Arena
Sabaton,2026,2026-11-11,,LIVE NATION MUSIC,13311096.98,0.0,3200841.5700000003,0,31,18,33,0,0,US,Theater
Turnover,2026,2026-11-11,,LIVE NATION MUSIC,1497016.17,34201.28,13530.0,2,1,7,38,0,2,US,Club
America,2026,2026-11-11,,LIVE NATION MUSIC,4786730.81,4477164.55,1750231.2,5,8,180,41,0,14,US,Theater
Sleeping With Sirens,2026,2026-11-11,,LIVE NATION MUSIC,0.0,350306.75,319502.92,0,1,30,104,0,5,US,Club
Motionless In White,2026,2026-11-11,,LIVE NATION MUSIC,131287.04,0.0,1810722.63,7,19,22,41,0,2,US,Arena
Goose,2026,2026-11-11,,LIVE NATION MUSIC,5160693.6,9983793.26,3369442.55,35,7,43,57,11,13,US,Club
Yung Gravy,2026,2026-11-11,,LIVE NATION MUSIC,206906.93,654682.31,71100.12,0,2,7,36,0,1,US,Club
The Psychedelic Furs,2026,2026-11-11,,LIVE NATION MUSIC,533105.78,128136.68,135991.5,2,0,56,124,0,4,US,Arena
Vince Staples,2026,2026-11-11,,LIVE NATION MUSIC,0.0,253029.0,0.0,0,0,7,36,0,0,US,Theater
Goose,2026,2026-11-11,,LIVE NATION MUSIC,5160693.6,9983793.26,3369442.55,35,7,43,57,11,13,US,Club
Periphery,2026,2026-11-11,,LIVE NATION MUSIC,0.0,508193.42,0.0,0,0,21,57,0,3,US,Club
Ax and the Hatchetmen,2026,2026-11-11,,LIVE NATION MUSIC,167304.38,10365.0,2059.0,0,0,2,28,0,0,US,Club
10 Years,2026,2026-11-11,,LIVE NATION MUSIC,35281.43,47010.25,6775.0,0,0,11,90,0,3,US,Arena
Whitechapel,2026,2026-11-11,,LIVE NATION MUSIC,378503.41,16256.84,0.0,1,0,3,80,0,4,US,Club
Slaughter To Prevail,2026,2026-11-11,,LIVE NATION MUSIC,157166.6,52042.05,248864.27,0,4,13,23,0,1,US,Club
The Damned,2026,2026-11-11,,LIVE NATION MUSIC,97432.23,36495.0,221258.34,0,2,7,31,0,1,US,Theater
Hot Mulligan,2026,2026-11-11,,FRANK PRODUCTIONS,556359.5,349447.57,159797.75,0,0,9,20,0,3,US,Theater
Tou,2026,2026-11-11,,LIVE NATION MUSIC,0.0,348354.82999999996,0.0,0,0,0,1,0,1,US,Club
Postmodern Jukebox,2026,2026-11-11,,LIVE NATION MUSIC,3423282.53,2913423.2,3309873.83,0,9,407,107,0,34,US,Club
Josh Garrels,2026,2026-11-11,,LIVE NATION MUSIC,0.0,12960.5,0.0,0,0,8,29,0,6,US,Theater
Russian Circles,2026,2026-11-11,,LIVE NATION MUSIC,50599.0,0.0,0.0,0,0,3,53,0,0,US,Club
Sugarland,2026,2026-11-11,,LIVE NATION MUSIC,0.0,0.0,0.0,71,60,8,1,4,4,US,Arena
Heavy Things,2026,2026-11-11,,LIVE NATION MUSIC,0.0,0.0,2050.0,0,0,0,2,0,0,US,Club
Palace,2026,2026-11-11,,HOUSE OF BLUES CONCERTS (HOB),216325.96,176855.55,138298.91,0,0,7,19,0,1,US,Club
Evan Honer,2026,2026-11-11,,LIVE NATION MUSIC,421443.22,508688.63,0.0,1,0,15,70,0,0,US,Club
Phillip Phillips,2026,2026-11-11,,LIVE NATION MUSIC,0.0,24750.0,12050.0,1,7,22,21,0,5,US,Club
"""Past, Present, Future: A Dance Gala""",2026,2026-11-11,,HOUSE OF BLUES CONCERTS (HOB),0.0,0.0,0.0,0,0,1,0,0,0,US,Theater
WesGhost,2026,2026-11-11,,LIVE NATION MUSIC,16617.739999999998,5791.41,0.0,0,0,0,4,0,0,US,Club
Dan Whitlam,2026,2026-11-11,,LIVE NATION MUSIC,7081.57,0.0,0.0,0,0,0,1,0,0,US,Club
Cam,2026,2026-11-11,,LIVE NATION MUSIC,55701.3,0.0,0.0,0,0,7,18,0,0,US,Club
"August Burns Red, The Amity Affliction",2026,2026-11-11,,LIVE NATION MUSIC,0.0,0.0,0.0,0,0,0,1,0,0,US,Club
Adam Ant,2026,2026-11-11,,LIVE NATION MUSIC,2293046.44,670016.89,0.0,3,8,115,33,0,0,US,Theater
Choir! Choir! Choir!,2026,2026-11-11,,LIVE NATION MUSIC,245644.85,180598.09,123176.27,0,0,22,23,0,0,US,Theater
The Wldlfe,2026,2026-11-11,,LIVE NATION MUSIC,22849.6,107014.44,4184.0,0,0,0,21,0,1,US,Theater
"""idobi Radio Summer School"", Honey Revenge",2026,2026-11-11,,LIVE NATION MUSIC,0.0,0.0,0.0,0,0,0,1,0,0,US,Theater
Fear Factory,2026,2026-11-11,,LIVE NATION TENNESSEE,16874.93,0.0,424894.07,0,0,19,49,0,2,US,Club
Steve Lacy,2026,2026-11-11,,LIVE NATION MUSIC,0.0,0.0,48400.0,1,2,2,7,0,0,US,Amphitheatre
Bombargo,2026,2026-11-11,,LIVE NATION MUSIC,5398.0,2740.0,0.0,0,0,0,8,0,0,US,Club
Hamilton Leithauser,2026,2026-11-11,,LIVE NATION MUSIC,25270.0,0.0,0.0,0,0,3,33,0,0,US,Theater
Doug,2026,2026-11-11,,FRANK PRODUCTIONS,1464.0,0.0,0.0,0,0,0,1,0,0,US,Theater
Mountain Grass Unit,2026,2026-11-11,,LIVE NATION MUSIC,30000.0,7592.0,684.0,1,0,1,7,0,1,US,Club
Missio,2026,2026-11-11,,LIVE NATION MUSIC,0.0,21443.08,0.0,0,0,2,28,0,2,US,Club
"Me, Grimlock!",2026,2026-11-11,,LIVE NATION MUSIC,198.0,0.0,0.0,0,0,0,1,0,0,US,Club
Free Throw,2026,2026-11-11,,LIVE NATION MUSIC,16975.66,12411.08,41648.0,1,0,1,18,0,2,US,Club
Forever,2026,2026-11-11,,LIVE NATION MUSIC,70329.51,0.0,0.0,0,1,0,0,0,0,US,Arena
Deer Tick,2026,2026-11-11,,LIVE NATION MUSIC,29783.0,4612.5,128819.5,1,0,8,93,0,1,US,Club
Redferrin,2026,2026-11-11,,FRANK PRODUCTIONS,40226.509999999995,12109.0,0.0,0,0,0,6,0,0,US,Club
Low Cut Connie,2026,2026-11-11,,FRANK PRODUCTIONS,118952.77,10166.0,27620.0,0,0,3,58,0,2,US,Club
Even,2026,2026-11-11,,LIVE NATION MUSIC,0.0,0.0,0.0,0,0,0,2,0,0,US,Theater
Little Image,2026,2026-11-11,,LIVE NATION MUSIC,0.0,0.0,1956.0,0,0,0,1,0,0,US,Theater
America,2026,2026-11-11,,HOUSE OF BLUES CONCERTS (HOB),4786730.81,4477164.55,1750231.2,5,8,180,41,0,14,US,Theater
Dev Lemons,2026,2026-11-11,,LIVE NATION MUSIC,0.0,0.0,5193.0,0,0,0,6,0,0,US,Club
Jan &amp; Henry,2026,2026-11-11,,LIVE NATION MUSIC,0.0,16605.16,0.0,0,0,0,1,0,0,US,Club
Spyro Gyra,2026,2026-11-11,,LIVE NATION MUSIC,226921.2,309815.5,185878.7,2,0,40,44,0,0,US,Theater
Lakeview,2026,2026-11-11,,LIVE NATION MUSIC,21715.0,2531.02,3539.0,0,0,0,14,0,0,US,Club
Spyro Gyra,2026,2026-11-11,,LIVE NATION MUSIC,226921.2,309815.5,185878.7,2,0,40,44,0,0,US,Theater
"Mic Crenshaw, Special Guests",2026,2026-11-11,,LIVE NATION MUSIC,0.0,0.0,0.0,0,0,0,1,0,0,US,Club
Steve Lacy,2026,2026-11-11,,LIVE NATION MUSIC,0.0,0.0,48400.0,1,2,2,7,0,0,US,Amphitheatre
"Mic Crenshaw, Special Guests",2026,2026-11-11,,LIVE NATION MUSIC,0.0,0.0,0.0,0,0,0,1,0,0,US,Club
Basement,2026,2026-11-11,,LIVE NATION CANADA (LN),265803.7,42000.0,0.0,0,0,5,27,0,4,International,Theater
Dodie,2026,2026-11-11,,LIVE NATION CANADA (LN),345902.88,0.0,0.0,0,0,25,34,0,1,International,Club
Arkells,2026,2026-11-11,,LIVE NATION CANADA (LN),512843.52,911391.9,30606.5,0,22,9,64,0,6,International,Theater
Dodie,2026,2026-11-11,,LIVE NATION CANADA (LN),345902.88,0.0,0.0,0,0,25,34,0,1,International,Club
Boy Golden,2026,2026-11-11,,LIVE NATION CANADA (LN),0.0,25737.07,428.0,0,0,2,0,0,1,International,Theater
Wolf Parade,2026,2026-11-11,,LIVE NATION CANADA (LN),0.0,0.0,0.0,0,0,6,31,0,3,International,Theater
tripleS,2026,2026-11-11,,LIVE NATION CANADA (LN),535739.74,0.0,278437.12,0,0,13,6,0,0,International,Theater
Jesse &amp; Joy,2026,2026-11-11,,LIVE NATION CANADA (LN),4421446.76,2787053.92,1937547.68,2,26,63,17,0,5,International,Club
Ben &amp; Rose,2026,2026-11-11,,LIVE NATION CANADA (LN),0.0,0.0,0.0,0,0,1,0,0,0,International,Theater
Nia Archives,2026,2026-11-11,,LIVE NATION CANADA (LN),34053.98,74833.17,16359.08,0,0,2,4,0,0,International,Club
West 22nd,2026,2026-11-11,,LIVE NATION CANADA (LN),16408.0,7821.0,0.0,0,0,2,7,0,0,International,Club
De Staat,2026,2026-11-11,,MCD PRODUCTIONS,0.0,0.0,6549.54,0,0,1,9,0,1,International,Club
MUNA,2026,2026-11-11,,MCD PRODUCTIONS,0.0,0.0,533483.1,0,0,4,20,0,0,International,Theater
Bulldozer,2026,2026-11-11,,MCD PRODUCTIONS,0.0,0.0,5000.0,0,0,0,2,0,0,International,Club
"Car Bomb, Imperial Triumphant",2026,2026-11-11,,MCD PRODUCTIONS,9971.48,0.0,0.0,0,0,0,1,0,0,International,Club
Stevie Wonder,2026,2026-11-11,,LIVE NATION MUSIC UK LTD,5077947.359999999,8495068.84,0.0,1,43,5,1,1,0,International,Arena
Stevie Wonder,2026,2026-11-11,,LIVE NATION MUSIC UK LTD,5077947.359999999,8495068.84,0.0,1,43,5,1,1,0,International,Arena
The Sheepdogs,2026,2026-11-11,,DF CONCERTS,0.0,20496.19,2689.0,1,0,7,56,0,4,International,Club
Paris Paloma,2026,2026-11-11,,LIVE NATION MUSIC UK LTD,182912.02,142732.72999999998,10609.18,0,0,6,10,0,0,International,Club
Teenage Fanclub,2026,2026-11-11,,DF CONCERTS,146828.7,71205.66,113926.9,2,0,7,38,0,5,International,Club
Chloe Slater,2026,2026-11-11,,"LIVE NATION UK FOR ARTIST, TOUR, FESTIVAL AND PRESALE NEWS",9538.91,0.0,0.0,0,0,0,3,0,0,International,Club
Overpass,2026,2026-11-11,,LIVE NATION MUSIC UK LTD,41579.36,3838.95,0.0,0,0,1,6,0,1,International,Club
ZZ Top,2026,2026-11-11,,OCESA,19533792.29,8840466.74,1880764.0,129,99,253,35,8,60,International,Theater
Amar,2026,2026-11-11,,OCESA,13559.81,0.0,0.0,0,0,0,1,0,0,International,Club
Bloc Party,2026,2026-11-11,,Live Nation GmbH,4617080.56,353727.51,1939103.48,6,15,23,27,2,3,International,Arena
Wolves in the Throne Room,2026,2026-11-11,,Live Nation,0.0,8212.66,32520.92,0,0,1,11,0,2,International,Club
The Elovaters,2026,2026-11-12,,LIVE NATION MUSIC,458656.0,399783.52,51239.0,1,0,3,36,1,1,US,Club
"""Past, Present, Future: A Dance Gala""",2026,2026-11-12,,LIVE NATION MUSIC,0.0,0.0,0.0,0,0,1,0,0,0,US,Theater
Beartooth,2026,2026-11-12,,LIVE NATION MUSIC,0.0,1116351.8,389208.25,1,4,15,41,1,2,US,Arena
The Spill Canvas,2026,2026-11-12,,HOUSE OF BLUES CONCERTS (HOB),0.0,82594.0,7060.0,0,0,4,64,0,0,US,Club
Hawthorne Heights,2026,2026-11-12,,LIVE NATION MUSIC,10175.0,356921.46,49305.0,2,0,4,55,0,5,US,Club
Gavin DeGraw,2026,2026-11-12,,LIVE NATION MUSIC,137960.55,230769.33,249371.04,1,5,40,42,0,7,US,Club
Forever,2026,2026-11-12,,HOUSE OF BLUES CONCERTS (HOB),70329.51,0.0,0.0,0,1,0,0,0,0,US,Arena
Lenny Pearce,2026,2026-11-12,,LIVE NATION MUSIC,1149576.75,11247.35,0.0,1,0,32,23,0,2,US,Theater
Bowling For Soup,2026,2026-11-12,,LIVE NATION MUSIC,1051669.3,850443.56,141147.11,0,4,24,50,0,2,US,Club
Dave Matthews Band,2026,2026-11-12,,LIVE NATION MUSIC,43805123.36,52998276.22,63274603.4,396,117,17,4,16,6,US,Arena
Olivia Rodrigo,2026,2026-11-12,,LIVE NATION MUSIC,23420107.2,169307085.8,0.0,0,68,10,2,5,1,US,Arena
The Smashing Pumpkins,2026,2026-11-12,,LIVE NATION MUSIC,1932119.81,4451112.17,12656219.06,29,91,42,26,1,5,US,Arena
The Neighbourhood,2026,2026-11-12,,LIVE NATION MUSIC,0.0,0.0,0.0,1,16,29,68,1,0,US,Arena
Zayn,2026,2026-11-12,,LIVE NATION MUSIC,6179725.37,3409597.99,0.0,0,3,18,1,3,0,US,Arena
Reason,2026,2026-11-12,,LIVE NATION MUSIC,0.0,3617.6,1440.0,0,0,1,1,0,0,US,Arena
Pentatonix,2026,2026-11-12,,LIVE NATION MUSIC,10014000.83,20747784.25,16735657.71,59,174,94,50,3,9,US,Arena
"""Les Nits de Barcelona"", Sting",2026,2026-11-12,,LIVE NATION MUSIC,0.0,0.0,0.0,0,0,0,0,0,1,US,Other
Not For Radio,2026,2026-11-12,,LIVE NATION MUSIC,0.0,0.0,0.0,0,0,4,0,0,0,US,Theater
Little Big Town,2026,2026-11-12,,LIVE NATION MUSIC,2309214.5,13004819.31,2846985.5,23,68,94,16,1,12,US,Theater
Santana,2026,2026-11-12,,HOUSE OF BLUES CONCERTS (HOB),10372269.62,0.0,3349278.95,59,103,47,16,7,8,US,Arena
Victor &amp; Leo,2026,2026-11-12,,LIVE NATION MUSIC,0.0,0.0,0.0,0,0,24,1,0,0,US,Theater
Dead Poet Society,2026,2026-11-12,,LIVE NATION MUSIC,0.0,95493.81,8199.75,0,0,0,18,0,1,US,Arena
Jessie Reyez,2026,2026-11-12,,LIVE NATION MUSIC,1791362.54,0.0,120873.09,0,0,14,18,0,0,US,Theater
Sabaton,2026,2026-11-12,,LIVE NATION MUSIC,13311096.98,0.0,3200841.5700000003,0,31,18,33,0,0,US,Theater
Forever,2026,2026-11-12,,LIVE NATION MUSIC,70329.51,0.0,0.0,0,1,0,0,0,0,US,Theater
YEBBA,2026,2026-11-12,,LIVE NATION MUSIC,0.0,0.0,0.0,0,0,0,4,0,0,US,Club
America,2026,2026-11-12,,LIVE NATION MUSIC,4786730.81,4477164.55,1750231.2,5,8,180,41,0,14,US,Theater
State Champs,2026,2026-11-12,,LIVE NATION MUSIC,202412.59,75375.0,0.0,0,0,9,29,0,0,US,Club
Underoath,2026,2026-11-12,,LIVE NATION MUSIC,0.0,418700.1,308406.2,0,2,22,75,0,4,US,Club
Giant Rooks,2026,2026-11-12,,LIVE NATION MUSIC,1078245.57,4045025.2,274287.68,0,12,13,33,8,14,US,Club
Judah &amp; The Lion,2026,2026-11-12,,LIVE NATION MUSIC,74475.0,108536.7,156098.0,1,0,33,100,0,3,US,Club
Avery Anna,2026,2026-11-12,,LIVE NATION MUSIC,64422.0,18000.0,11491.0,0,0,3,10,0,0,US,Club
Matt Maeson,2026,2026-11-12,,HOUSE OF BLUES CONCERTS (HOB),655590.14,66793.47,393093.13,0,0,16,40,0,1,US,Club
"Dream, Ivory",2026,2026-11-12,,FRANK PRODUCTIONS,0.0,0.0,3737.51,0,0,0,4,0,0,US,Club
Dwight Yoakam,2026,2026-11-12,,LIVE NATION MUSIC,7169091.37,4536637.12,4270697.82,49,52,146,24,0,27,US,Arena
Jack White,2026,2026-11-12,,LIVE NATION MUSIC,9888079.67,1029333.01,0.0,8,36,58,33,2,4,US,Theater
"The A, B, C &amp; D Of Boogie Woogie",2026,2026-11-12,,LIVE NATION MUSIC,0.0,0.0,0.0,0,0,0,1,0,0,US,Club
Zack Fox,2026,2026-11-12,,LIVE NATION MUSIC,730584.1799999999,153619.24,94077.0,0,0,7,21,0,1,US,Theater
Trey Anastasio,2026,2026-11-12,,LIVE NATION MUSIC,2568069.9299999997,428723.49,0.0,9,5,67,35,1,3,US,Theater
"""Past, Present, Future: A Dance Gala""",2026,2026-11-12,,LIVE NATION MUSIC,0.0,0.0,0.0,0,0,1,0,0,0,US,Theater
Gene,2026,2026-11-12,,LIVE NATION MUSIC,0.0,0.0,0.0,0,0,1,1,0,0,US,Club
SiM,2026,2026-11-12,,LIVE NATION MUSIC,0.0,78357.29000000001,0.0,0,0,0,4,0,0,US,Theater
Clara La San,2026,2026-11-12,,LIVE NATION MUSIC,2553.98,0.0,0.0,0,0,0,6,0,0,US,Club
Aterciopelados,2026,2026-11-12,,LIVE NATION MUSIC,61183.24,184317.98,0.0,0,0,3,14,0,0,US,Club
This Is Lorelei,2026,2026-11-12,,LIVE NATION MUSIC,0.0,0.0,0.0,0,0,1,1,0,0,US,Club
Die Spitz,2026,2026-11-12,,LIVE NATION MUSIC,19774.52,3750.0,0.0,0,0,0,10,0,1,US,Club
Thao,2026,2026-11-12,,LIVE NATION MUSIC,0.0,0.0,0.0,0,0,0,1,0,0,US,Club
Tou,2026,2026-11-12,,HOUSE OF BLUES CONCERTS (HOB),0.0,348354.82999999996,0.0,0,0,0,1,0,1,US,Club
Bear,2026,2026-11-12,,LIVE NATION MUSIC,0.0,0.0,0.0,0,0,0,1,0,0,US,Club
Spyro Gyra,2026,2026-11-12,,FRANK PRODUCTIONS,226921.2,309815.5,185878.7,2,0,40,44,0,0,US,Theater
Phillip Phillips,2026,2026-11-12,,LIVE NATION MUSIC,0.0,24750.0,12050.0,1,7,22,21,0,5,US,Theater
Zebra,2026,2026-11-12,,LIVE NATION MUSIC,11838.0,83347.25,77559.75,0,0,8,11,0,0,US,Club
Upgrade,2026,2026-11-12,,LIVE NATION MUSIC,0.0,0.0,0.0,0,0,0,1,0,1,US,Club
Alyssa &amp; Wayne Brewer,2026,2026-11-12,,LIVE NATION MUSIC,505.0,0.0,0.0,0,0,0,1,0,0,US,Theater
Molly Hatchet,2026,2026-11-12,,LIVE NATION MUSIC,85459.85,35714.0,96514.0,0,0,17,12,0,6,US,Arena
Mystery Skulls,2026,2026-11-12,,LIVE NATION MUSIC,5050.0,139161.9,0.0,0,0,2,31,0,0,US,Theater
Josh Garrels,2026,2026-11-12,,LIVE NATION MUSIC,0.0,12960.5,0.0,0,0,8,29,0,6,US,Club
Jimmy Eat World,2026,2026-11-12,,LIVE NATION MUSIC,351406.57,875247.1399999999,474631.0,7,3,39,90,0,2,US,Club
"The Army, The Navy",2026,2026-11-12,,LIVE NATION MUSIC,33084.56,0.0,0.0,0,0,1,4,0,0,US,Theater
The War and Treaty,2026,2026-11-12,,LIVE NATION MUSIC,259653.86,53398.5,166337.76,0,0,12,33,0,2,US,Theater
George Clanton,2026,2026-11-12,,LIVE NATION MUSIC,51207.5,17007.0,60284.82,0,0,1,9,0,1,US,Theater
Switchfoot,2026,2026-11-12,,LIVE NATION MUSIC,181031.87,600305.9299999999,763943.0,5,6,80,76,1,17,US,Theater
Daily Bread,2026,2026-11-12,,LIVE NATION MUSIC,1463202.24,566802.2,17130.0,3,0,0,11,0,0,US,Theater
Hunxho,2026,2026-11-12,,LIVE NATION MUSIC,78330.0,70430.0,0.0,0,0,0,2,0,0,US,Theater
Pedro Fernández,2026,2026-11-12,,LIVE NATION MUSIC,1779091.23,1070035.34,992662.55,2,12,11,0,0,0,US,Theater
Tiny Habits,2026,2026-11-12,,HOUSE OF BLUES CONCERTS (HOB),0.0,97332.67,7488.3,0,0,4,7,0,0,US,Club
Father of Peace,2026,2026-11-12,,HOUSE OF BLUES CONCERTS (HOB),0.0,0.0,0.0,0,0,0,1,0,0,US,Club
WesGhost,2026,2026-11-12,,FRANK PRODUCTIONS,16617.739999999998,5791.41,0.0,0,0,0,4,0,0,US,Club
Lily Rose,2026,2026-11-12,,FRANK PRODUCTIONS,41111.119999999995,66679.0,69355.0,0,0,1,18,0,1,US,Theater
"Harvard, Mercer",2026,2026-11-12,,LIVE NATION MUSIC,0.0,0.0,0.0,0,1,0,0,0,0,US,Arena
Revival,2026,2026-11-12,,LIVE NATION MUSIC,0.0,0.0,0.0,0,0,0,1,0,0,US,Club
"Mustard Plug, The Toasters",2026,2026-11-12,,FRANK PRODUCTIONS,0.0,0.0,0.0,0,0,0,1,0,0,US,Club
Reyna Tropical,2026,2026-11-12,,LIVE NATION MUSIC,0.0,4221.03,4380.0,0,0,0,4,0,0,US,Theater
They Are Gutting A Body Of Water,2026,2026-11-12,,LIVE NATION MUSIC,0.0,0.0,3293.0,0,0,1,1,0,0,US,Theater
Agriculture,2026,2026-11-12,,LIVE NATION MUSIC,2208.0,0.0,0.0,0,0,0,1,0,0,US,Club
The Rush Tribute Project,2026,2026-11-12,,LIVE NATION MUSIC,548321.85,62212.5,173466.09,0,1,42,2,0,1,US,Theater
"Integrity, Eyes",2026,2026-11-12,,LIVE NATION MUSIC,0.0,1660.14,0.0,0,0,0,1,0,0,US,Club
"""Laughs, Music, &amp; Vibes""",2026,2026-11-12,,LIVE NATION MUSIC,0.0,0.0,0.0,0,0,0,1,0,0,US,Club
Medium Build,2026,2026-11-12,,LIVE NATION MUSIC,81782.66,277378.99,6501.48,0,0,2,34,0,1,US,Theater
Maddie Zahm,2026,2026-11-12,,LIVE NATION MUSIC,0.0,103535.0,47568.0,0,0,0,8,0,0,US,Club
Bunbury,2026,2026-11-12,,LIVE NATION MUSIC,10097962.63,6664348.7700000005,489408.32,4,21,41,9,14,8,US,Theater
Joshua Radin,2026,2026-11-12,,LIVE NATION MUSIC,106865.56,162304.14,26383.0,0,0,43,124,0,7,US,Theater
Maddie Zahm,2026,2026-11-12,,LIVE NATION MUSIC,0.0,103535.0,47568.0,0,0,0,8,0,0,US,Club
Bunbury,2026,2026-11-12,,LIVE NATION MUSIC,10097962.63,6664348.7700000005,489408.32,4,21,41,9,14,8,US,Theater
Jan &amp; Henry,2026,2026-11-12,,LIVE NATION MUSIC,0.0,16605.16,0.0,0,0,0,1,0,0,US,Club
Skilla Baby,2026,2026-11-12,,LIVE NATION MUSIC,0.0,32505.0,0.0,0,0,0,1,0,0,US,Club
Skilla Baby,2026,2026-11-12,,LIVE NATION MUSIC,0.0,32505.0,0.0,0,0,0,1,0,0,US,Club
The Rush Tribute Project,2026,2026-11-12,,LIVE NATION MUSIC,548321.85,62212.5,173466.09,0,1,42,2,0,1,US,Theater
Grateful Shred,2026,2026-11-12,,LIVE NATION MUSIC,232878.42,122314.0,61533.77,1,0,8,54,0,0,US,Club
Grateful Shred,2026,2026-11-12,,LIVE NATION MUSIC,232878.42,122314.0,61533.77,1,0,8,54,0,0,US,Club
Bryan Andrews,2026,2026-11-12,,LIVE NATION MUSIC,0.0,453.0,0.0,0,0,0,1,0,0,US,Club
Bryan Andrews,2026,2026-11-12,,LIVE NATION MUSIC,0.0,453.0,0.0,0,0,0,1,0,0,US,Club
Devon Gilfillian,2026,2026-11-12,,LIVE NATION TENNESSEE,0.0,0.0,23400.0,0,0,0,7,0,0,US,Club
The Black Dahlia Murder,2026,2026-11-12,,LIVE NATION CANADA (LN),0.0,65614.66,163785.56,0,0,21,93,0,2,International,Theater
Houndmouth,2026,2026-11-12,,LIVE NATION CANADA (LN),485615.93,156197.0,466832.0,1,0,26,112,0,3,International,Club
Arkells,2026,2026-11-12,,LIVE NATION CANADA (LN),512843.52,911391.9,30606.5,0,22,9,64,0,6,International,Theater
the olllam,2026,2026-11-12,,LIVE NATION CANADA (LN),0.0,0.0,0.0,0,0,1,2,0,0,International,Club
STELLA LEFTY,2026,2026-11-12,,LIVE NATION CANADA (LN),0.0,0.0,0.0,0,0,0,1,0,0,International,Club
Josh Ross,2026,2026-11-12,,LIVE NATION CANADA (LN),0.0,54377.36,0.0,0,0,3,5,0,0,International,Arena
Wheeler Walker Jr.,2026,2026-11-12,,EVENKO CO-PRO WITH LIVE NATION,0.0,131246.5,289839.0,0,0,4,27,0,0,International,Club
Kai,2026,2026-11-12,,LIVE NATION CANADA (LN),2375185.11,0.0,0.0,0,1,3,3,0,0,International,Club
Sully,2026,2026-11-12,,LIVE NATION CANADA (LN),0.0,0.0,7132.5,0,0,0,2,0,0,International,Club
Igorrr,2026,2026-11-12,,MCD PRODUCTIONS,138248.85,17064.83,229237.41,0,2,4,22,0,0,International,Club
The Fray,2026,2026-11-12,,MCD PRODUCTIONS,3435458.38,161613.78,0.0,12,5,46,34,0,5,International,Stadium
The Script,2026,2026-11-12,,DF CONCERTS,11143320.6,15866245.59,48245.32,7,145,54,41,12,15,International,Arena
Yard Act,2026,2026-11-12,,LIVE NATION MUSIC UK LTD,0.0,177300.56,24995.34,0,0,4,16,0,2,International,Club
Hatsune Miku,2026,2026-11-12,,LIVE NATION MUSIC UK LTD,0.0,7255816.05,0.0,0,16,23,1,0,0,International,Theater
Temples,2026,2026-11-12,,LIVE NATION MUSIC UK LTD,0.0,9700.0,38369.19,0,0,5,43,0,0,International,Club
Cardinals,2026,2026-11-12,,LIVE NATION MUSIC UK LTD,0.0,467.15,0.0,0,0,0,2,0,0,International,Club
Henry &amp; The Invisibles,2026,2026-11-12,,"LIVE NATION UK FOR ARTIST, TOUR, FESTIVAL AND PRESALE NEWS",0.0,0.0,0.0,0,0,0,3,0,0,International,Club
Chloe Slater,2026,2026-11-12,,LIVE NATION MUSIC UK LTD,9538.91,0.0,0.0,0,0,0,3,0,0,International,Club
"Me, Grimlock!",2026,2026-11-12,,LIVE NATION MUSIC UK LTD,198.0,0.0,0.0,0,0,0,1,0,0,International,Club
Lee &amp; Joe,2026,2026-11-12,,LIVE NATION MUSIC UK LTD,0.0,0.0,0.0,0,0,1,0,0,0,International,Theater
Lionel Richie,2026,2026-11-12,,LIVE NATION MUSIC UK LTD,23398015.36,8342176.48,37175588.44,24,177,39,0,15,5,International,Arena
R&amp;B Vibes Live,2026,2026-11-12,,OCESA,0.0,0.0,0.0,0,0,0,2,0,0,International,Club
Fontaines D.C.,2026,2026-11-12,,Live Nation,4807350.649999999,6675047.71,284569.66,2,14,11,29,3,5,International,Club
Don Toliver,2026,2026-11-12,,Live Nation GmbH,9032674.43,8111510.19,3222824.84,1,61,12,7,0,2,International,Arena
Bloc Party,2026,2026-11-12,,Live Nation GmbH,4617080.56,353727.51,1939103.48,6,15,23,27,2,3,International,Arena
Tove Lo,2026,2026-11-12,,Live Nation Venues Netherlands BV Afas Live,0.0,0.0,1717136.32,0,0,12,42,0,1,International,Club
The Howlers,2026,2026-11-12,,Live Nation Sp. z o.o.,7847.0,1131.95,0.0,0,0,0,5,0,0,International,Club
Catch Your Breath,2026,2026-11-13,,LIVE NATION MUSIC,10444.0,0.0,0.0,0,0,0,6,0,0,US,Club
Whitechapel,2026,2026-11-13,,HOUSE OF BLUES CONCERTS (HOB),378503.41,16256.84,0.0,1,0,3,80,0,4,US,Club
The Menzingers,2026,2026-11-13,,HOUSE OF BLUES CONCERTS (HOB),0.0,83860.93,175297.68,0,0,3,45,0,0,US,Club
KEEP,2026,2026-11-13,,LIVE NATION MUSIC,0.0,0.0,0.0,0,0,0,1,0,0,US,Club
Hawthorne Heights,2026,2026-11-13,,LIVE NATION MUSIC,10175.0,356921.46,49305.0,2,0,4,55,0,5,US,Club
Eagles,2026,2026-11-13,,LIVE NATION MUSIC,132995245.27,168150846.73,118468239.25,8,369,2,0,28,5,US,Arena
Dave Matthews Band,2026,2026-11-13,,LIVE NATION MUSIC,43805123.36,52998276.22,63274603.4,396,117,17,4,16,6,US,Arena
Slayer,2026,2026-11-13,,LIVE NATION MUSIC,0.0,0.0,0.0,25,51,28,22,2,4,US,Arena
Doja Cat,2026,2026-11-13,,LIVE NATION MUSIC,7384674.46,7298161.81,31988065.4,0,39,0,9,0,0,US,Arena
Karan Aujla,2026,2026-11-13,,LIVE NATION MUSIC,3420048.2,5984529.85,132877.75,0,14,0,1,0,0,US,Arena
Jonas Brothers,2026,2026-11-13,,LIVE NATION MUSIC,81959444.45,30144554.31,109403725.33,84,205,28,1,31,5,US,Arena
"""California Mid-State Fair"", Treaty Oak Revival",2026,2026-11-13,,LIVE NATION MUSIC,0.0,0.0,0.0,0,1,0,0,0,0,US,Amphitheatre
Motionless In White,2026,2026-11-13,,FRANK PRODUCTIONS,131287.04,0.0,1810722.63,7,19,22,41,0,2,US,Club
John Summit,2026,2026-11-13,,LIVE NATION MUSIC,1618895.52,6378033.54,2121909.0,1,6,4,6,1,1,US,Arena
Victor &amp; Leo,2026,2026-11-13,,LIVE NATION MUSIC,0.0,0.0,0.0,0,0,24,1,0,0,US,Theater
Underoath,2026,2026-11-13,,LIVE NATION MUSIC,0.0,418700.1,308406.2,0,2,22,75,0,4,US,Club
"Chicago, Styx",2026,2026-11-13,,LIVE NATION MUSIC,0.0,0.0,0.0,0,0,1,0,0,0,US,Theater
Little Big Town,2026,2026-11-13,,LIVE NATION MUSIC,2309214.5,13004819.31,2846985.5,23,68,94,16,1,12,US,Theater
Slow Pulp,2026,2026-11-13,,LIVE NATION MUSIC,0.0,106046.0,34083.07,0,0,1,10,0,0,US,Club
Air Supply,2026,2026-11-13,,LIVE NATION MUSIC,3694987.73,4482835.24,4165792.98,11,20,187,51,1,28,US,Theater
Grupo Duelo,2026,2026-11-13,,LIVE NATION MUSIC,0.0,49134.0,0.0,0,3,1,0,0,0,US,Theater
Smoke &amp; The Poet,2026,2026-11-13,,LIVE NATION MUSIC,0.0,0.0,2715.0,0,0,0,1,0,0,US,Arena
Jack White,2026,2026-11-13,,LIVE NATION MUSIC,9888079.67,1029333.01,0.0,8,36,58,33,2,4,US,Theater
"""Elemental Cali"", Carl Cox",2026,2026-11-13,,LIVE NATION MUSIC,275175.2,0.0,0.0,0,1,0,0,0,0,US,Arena
Noise Pollution,2026,2026-11-13,,LIVE NATION MUSIC,0.0,12999.16,0.0,0,0,1,1,0,1,US,Club
Orville Peck,2026,2026-11-13,,LIVE NATION MUSIC,0.0,1089190.07,122699.0,2,0,10,21,0,3,US,Club
Joe Russo's Almost Dead,2026,2026-11-13,,LIVE NATION MUSIC,1651114.5,2203750.85,1368415.39,10,1,33,49,6,3,US,Theater
Blue October,2026,2026-11-13,,LIVE NATION MUSIC,380805.29,725828.84,1268376.38,4,2,79,177,1,3,US,Club
Jessie Reyez,2026,2026-11-13,,LIVE NATION MUSIC,1791362.54,0.0,120873.09,0,0,14,18,0,0,US,Club
Daughtry,2026,2026-11-13,,LIVE NATION MUSIC,0.0,248378.35,1728352.14,9,66,135,39,0,22,US,Theater
Eliza,2026,2026-11-13,,LIVE NATION MUSIC,0.0,0.0,3339.85,0,0,0,1,0,0,US,Theater
Clay Walker,2026,2026-11-13,,LIVE NATION MUSIC,266807.6,184717.55,192286.46,3,1,23,5,0,2,US,Theater
Once &amp; Future Band,2026,2026-11-13,,LIVE NATION MUSIC,0.0,0.0,0.0,0,0,0,1,0,0,US,Club
Mike DelGuidice,2026,2026-11-13,,LIVE NATION MUSIC,84126.6,352742.89,412679.95,0,1,12,42,0,2,US,Club
Vince Staples,2026,2026-11-13,,LIVE NATION MUSIC,0.0,253029.0,0.0,0,0,7,36,0,0,US,Club
Katharine McPhee,2026,2026-11-13,,LIVE NATION MUSIC,0.0,68900.0,0.0,0,0,4,1,0,1,US,Theater
"""Past, Present, Future: A Dance Gala""",2026,2026-11-13,,HOUSE OF BLUES CONCERTS (HOB),0.0,0.0,0.0,0,0,1,0,0,0,US,Theater
"August Burns Red, The Amity Affliction",2026,2026-11-13,,LIVE NATION MUSIC,0.0,0.0,0.0,0,0,0,1,0,0,US,Club
WAR,2026,2026-11-13,,LIVE NATION MUSIC,499273.12,683960.0,170891.6,6,2,25,30,0,2,US,Club
almost monday,2026,2026-11-13,,LIVE NATION MUSIC,58670.4,0.0,2884.0,0,0,0,9,0,1,US,Club
State Champs,2026,2026-11-13,,LIVE NATION MUSIC,202412.59,75375.0,0.0,0,0,9,29,0,0,US,Club
Blackberry Smoke,2026,2026-11-13,,LIVE NATION MUSIC,970444.05,1380924.41,1282993.23,15,2,103,114,2,26,US,Theater
Little River Band,2026,2026-11-13,,LIVE NATION MUSIC,1149808.05,1572256.34,1160914.45,14,1,111,26,0,19,US,Arena
Adam Ant,2026,2026-11-13,,LIVE NATION MUSIC,2293046.44,670016.89,0.0,3,8,115,33,0,0,US,Arena
Steve Lacy,2026,2026-11-13,,LIVE NATION MUSIC,0.0,0.0,48400.0,1,2,2,7,0,0,US,Club
Streetlight Manifesto,2026,2026-11-13,,HOUSE OF BLUES CONCERTS (HOB),229029.92,312027.99,0.0,0,0,24,141,0,1,US,Club
Paul Cauthen,2026,2026-11-13,,LIVE NATION MUSIC,253411.02,213372.0,435342.0,0,0,2,58,0,3,US,Club
"Andy Frasco &amp; The U.N., Kitchen Dwellers",2026,2026-11-13,,FRANK PRODUCTIONS,0.0,0.0,0.0,0,0,0,1,0,0,US,Club
Buzzcocks,2026,2026-11-13,,LIVE NATION MUSIC,30516.46,78970.92,0.0,0,0,6,28,0,2,US,Club
"Level Up, Zingara",2026,2026-11-13,,LIVE NATION MUSIC,0.0,0.0,0.0,1,0,0,0,0,0,US,Amphitheatre
Subtronics,2026,2026-11-13,,LIVE NATION MUSIC,4740965.2,6717841.76,11057318.02,7,18,38,52,0,4,US,Club
EGGY,2026,2026-11-13,,LIVE NATION MUSIC,50061.0,55240.5,35212.9,0,0,1,20,0,0,US,Club
Hudson Westbrook,2026,2026-11-13,,LIVE NATION MUSIC,602736.6,16045.0,0.0,1,1,1,7,0,1,US,Arena
EGGY,2026,2026-11-13,,LIVE NATION MUSIC,50061.0,55240.5,35212.9,0,0,1,20,0,0,US,Club
Gary Numan,2026,2026-11-13,,HOUSE OF BLUES CONCERTS (HOB),1760819.26,1454805.64,269072.33999999997,0,5,50,62,0,2,US,Club
Paula Cole,2026,2026-11-13,,FRANK PRODUCTIONS,0.0,0.0,0.0,0,0,16,47,0,0,US,Theater
El Tri,2026,2026-11-13,,LIVE NATION MUSIC,2545893.21,56655.0,362219.0,0,8,15,9,1,1,US,Theater
Andy Grammer,2026,2026-11-13,,LIVE NATION MUSIC,736745.75,635187.0,397754.0,2,1,29,47,0,1,US,Theater
Die Spitz,2026,2026-11-13,,LIVE NATION MUSIC,19774.52,3750.0,0.0,0,0,0,10,0,1,US,Club
Pedro Fernández,2026,2026-11-13,,LIVE NATION MUSIC,1779091.23,1070035.34,992662.55,2,12,11,0,0,0,US,Arena
Night Cap,2026,2026-11-13,,LIVE NATION MUSIC,5452.0,1980.0,0.0,0,0,1,4,0,0,US,Amphitheatre
Ben &amp; Rose,2026,2026-11-13,,LIVE NATION MUSIC,0.0,0.0,0.0,0,0,1,0,0,0,US,Club
Michigander,2026,2026-11-13,,LIVE NATION MUSIC,21165.19,38024.0,16887.14,0,0,0,29,0,0,US,Theater
Victory,2026,2026-11-13,,LIVE NATION MUSIC,0.0,0.0,0.0,0,0,0,2,0,0,US,Club
J &amp; The Causeways,2026,2026-11-13,,FRANK PRODUCTIONS,2003.0,0.0,0.0,0,0,0,2,0,0,US,Club
"Dragonforce, Amaranthe",2026,2026-11-13,,LIVE NATION MUSIC,0.0,247413.25,0.0,0,0,2,1,0,0,US,Theater
Thundercat,2026,2026-11-13,,LIVE NATION MUSIC,166095.0,81082.15,903432.94,2,0,14,40,0,2,US,Club
Ceremony,2026,2026-11-13,,LIVE NATION MUSIC,0.0,0.0,0.0,0,0,2,25,0,1,US,Club
They Might Be Giants,2026,2026-11-13,,LIVE NATION MUSIC,486578.5,1261195.18,660640.34,1,1,48,146,0,0,US,Theater
Babyface,2026,2026-11-13,,LIVE NATION MUSIC,507673.76,960842.69,1226998.5,3,2,28,10,0,9,US,Theater
Amtrac,2026,2026-11-13,,LIVE NATION MUSIC,0.0,0.0,35933.0,0,0,0,10,0,0,US,Theater
Yaelokre,2026,2026-11-13,,LIVE NATION MUSIC,68700.65,0.0,0.0,0,0,1,4,0,0,US,Club
Grateful Shred,2026,2026-11-13,,LIVE NATION MUSIC,232878.42,122314.0,61533.77,1,0,8,54,0,0,US,Club
Zack Fox,2026,2026-11-13,,HOUSE OF BLUES CONCERTS (HOB),730584.1799999999,153619.24,94077.0,0,0,7,21,0,1,US,Club
The Damned,2026,2026-11-13,,LIVE NATION MUSIC,97432.23,36495.0,221258.34,0,2,7,31,0,1,US,Club
The Stews,2026,2026-11-13,,LIVE NATION MUSIC,124938.91,70369.5,25749.0,0,0,1,15,0,1,US,Club
Ashley McBryde,2026,2026-11-13,,LIVE NATION MUSIC,370311.6,589292.53,278363.78,0,0,23,16,0,1,US,Theater
Gene,2026,2026-11-13,,LIVE NATION MUSIC,0.0,0.0,0.0,0,0,1,1,0,0,US,Theater
Wage War,2026,2026-11-13,,LIVE NATION MUSIC,0.0,250965.5,163464.08000000002,0,1,4,25,0,1,US,Theater
The Gringos,2026,2026-11-13,,LIVE NATION MUSIC,0.0,0.0,0.0,0,0,0,1,0,0,US,Theater
Medium Build,2026,2026-11-13,,LIVE NATION MUSIC,81782.66,277378.99,6501.48,0,0,2,34,0,1,US,Club
Versa,2026,2026-11-13,,LIVE NATION MUSIC,2160.0,0.0,0.0,0,0,0,8,0,0,US,Club
Tiny Habits,2026,2026-11-13,,LIVE NATION MUSIC,0.0,97332.67,7488.3,0,0,4,7,0,0,US,Club
The Wrecks,2026,2026-11-13,,FRANK PRODUCTIONS,97000.68,0.0,0.0,0,0,1,12,0,0,US,Club
"Love, Fraser",2026,2026-11-13,,LIVE NATION MUSIC,0.0,0.0,0.0,0,0,0,1,0,0,US,Club
"Tres Clásicos del Rock - Tributo a The Doors, The Beatles &amp; Toncho Pilatos",2026,2026-11-13,,LIVE NATION MUSIC,0.0,0.0,13766.52,0,0,1,0,0,0,US,Theater
"Havok, Toxic Holocaust",2026,2026-11-13,,LIVE NATION MUSIC,0.0,0.0,9568.5,0,0,0,1,0,0,US,Theater
Res,2026,2026-11-13,,LIVE NATION MUSIC,0.0,4353.0,14926.0,0,0,0,8,0,0,US,Theater
Railroad Earth,2026,2026-11-13,,LIVE NATION MUSIC,89751.0,1348121.25,1058260.92,20,0,68,192,0,10,US,Club
Back &amp; Forth - Foo Fighters Tribute,2026,2026-11-13,,LIVE NATION MUSIC,1985.0,3110.0,0.0,0,0,0,2,0,0,US,Club
panicbaby,2026,2026-11-13,,LIVE NATION MUSIC,0.0,0.0,0.0,0,0,0,1,0,0,US,Club
"""Southern Soul, Boots, Brunch &amp; Line Dance Party""",2026,2026-11-13,,LIVE NATION MUSIC,7285.0,0.0,0.0,0,0,0,2,0,0,US,Theater
Nite,2026,2026-11-13,,LIVE NATION MUSIC,0.0,0.0,0.0,0,0,0,1,0,0,US,Theater
Michelle Branch,2026,2026-11-13,,LIVE NATION MUSIC,0.0,0.0,0.0,0,0,2,13,0,0,US,Theater
Band Of Horses,2026,2026-11-13,,LIVE NATION MUSIC,442717.38,387852.65,434352.0,8,3,62,67,0,5,US,Club
Shapeshifter,2026,2026-11-13,,HOUSE OF BLUES CONCERTS (HOB),111973.66,0.0,0.0,0,2,0,3,0,0,US,Club
Jervis Campbell,2026,2026-11-13,,LIVE NATION MUSIC,0.0,19427.0,21360.25,0,0,0,8,0,0,US,Club
10 Years,2026,2026-11-13,,LIVE NATION MUSIC,35281.43,47010.25,6775.0,0,0,11,90,0,3,US,Club
Hottt Probs,2026,2026-11-13,,FRANK PRODUCTIONS,0.0,2215.0,0.0,0,0,0,2,0,0,US,Club
The Widdler,2026,2026-11-13,,FRANK PRODUCTIONS,14076.0,45955.55,14720.0,3,0,0,10,0,1,US,Theater
Nicole Atkins,2026,2026-11-13,,FRANK PRODUCTIONS,0.0,2495.0,0.0,0,0,4,37,0,3,US,Theater
"Tres Clásicos del Rock - Tributo a The Doors, The Beatles &amp; Toncho Pilatos",2026,2026-11-13,,LIVE NATION MUSIC,0.0,0.0,13766.52,0,0,1,0,0,0,US,Theater
Stop Light Observations,2026,2026-11-13,,LIVE NATION MUSIC,8030.0,24239.15,16072.0,0,0,3,21,0,0,US,Club
"Dream, Ivory",2026,2026-11-13,,LIVE NATION MUSIC,0.0,0.0,3737.51,0,0,0,4,0,0,US,Club
The Underachievers,2026,2026-11-13,,LIVE NATION MUSIC,0.0,0.0,0.0,0,0,2,21,0,0,US,Club
Armand Hammer,2026,2026-11-13,,LIVE NATION MUSIC,0.0,0.0,28931.78,0,0,0,6,0,0,US,Club
Reason,2026,2026-11-13,,LIVE NATION MUSIC,0.0,3617.6,1440.0,0,0,1,1,0,0,US,Arena
The Rush Tribute Project,2026,2026-11-13,,LIVE NATION MUSIC,548321.85,62212.5,173466.09,0,1,42,2,0,1,US,Arena
The Afghan Whigs,2026,2026-11-13,,LIVE NATION MUSIC,0.0,0.0,0.0,0,0,11,64,0,0,US,Theater
Marsden &amp; Richardson,2026,2026-11-13,,HOUSE OF BLUES CONCERTS (HOB),0.0,0.0,0.0,0,0,0,0,0,2,US,Other
Periphery,2026,2026-11-13,,LIVE NATION MUSIC,0.0,508193.42,0.0,0,0,21,57,0,3,US,Arena
Reason,2026,2026-11-13,,LIVE NATION MUSIC,0.0,3617.6,1440.0,0,0,1,1,0,0,US,Arena
America,2026,2026-11-13,,LIVE NATION MUSIC,4786730.81,4477164.55,1750231.2,5,8,180,41,0,14,US,Theater
INOHA,2026,2026-11-13,,LIVE NATION MUSIC,10338.12,0.0,0.0,0,0,0,2,0,0,US,Club
The Last Revel,2026,2026-11-13,,LIVE NATION MUSIC,53000.0,46552.0,16700.0,0,0,3,26,1,4,US,Club
Ely Oaks,2026,2026-11-13,,LIVE NATION MUSIC,3720.0,0.0,0.0,0,0,0,2,0,0,US,Club
The Rush Tribute Project,2026,2026-11-13,,LIVE NATION MUSIC,548321.85,62212.5,173466.09,0,1,42,2,0,1,US,Arena
Tank and the Bangas,2026,2026-11-13,,LIVE NATION MUSIC,41522.0,99118.0,60860.0,1,0,6,42,0,1,US,Theater
INOHA,2026,2026-11-13,,LIVE NATION MUSIC,10338.12,0.0,0.0,0,0,0,2,0,0,US,Club
Periphery,2026,2026-11-13,,LIVE NATION MUSIC,0.0,508193.42,0.0,0,0,21,57,0,3,US,Arena
The Afghan Whigs,2026,2026-11-13,,LIVE NATION MUSIC,0.0,0.0,0.0,0,0,11,64,0,0,US,Theater
John Cameron Mitchell,2026,2026-11-13,,LIVE NATION MUSIC,0.0,0.0,41390.0,0,0,3,8,0,0,US,Theater
On Company Time,2026,2026-11-13,,HOUSE OF BLUES CONCERTS (HOB),0.0,0.0,0.0,0,0,1,1,0,0,US,Club
Kings,2026,2026-11-13,,LIVE NATION CANADA (LN),0.0,0.0,0.0,0,0,0,4,0,0,International,Club
ALLEYCVT,2026,2026-11-13,,LIVE NATION MUSIC,329749.54000000004,89807.61,13471.0,1,0,1,11,0,1,International,Club
Wheeler Walker Jr.,2026,2026-11-13,,LIVE NATION CANADA (LN),0.0,131246.5,289839.0,0,0,4,27,0,0,International,Club
it's murph,2026,2026-11-13,,LIVE NATION CANADA (LN),182193.97,37135.35,39345.0,1,0,3,5,0,0,International,Club
Parra For Cuva,2026,2026-11-13,,LIVE NATION CANADA (LN),19882.18,92340.33,0.0,0,0,1,5,0,0,International,Club
"The A, B, C &amp; D Of Boogie Woogie",2026,2026-11-13,,LIVE NATION CANADA (LN),0.0,0.0,0.0,0,0,0,1,0,0,International,Theater
Tobiahs,2026,2026-11-13,,LIVE NATION CANADA (LN),12985.0,0.0,0.0,0,0,0,2,0,0,International,Club
Brian Fallon,2026,2026-11-13,,MCD PRODUCTIONS,0.0,0.0,0.0,0,2,18,47,0,0,International,Theater
Joyce Moreno,2026,2026-11-13,,MCD PRODUCTIONS,0.0,0.0,0.0,0,0,0,2,0,0,International,Theater
Y &amp; T,2026,2026-11-13,,MCD PRODUCTIONS,0.0,0.0,62935.0,1,0,12,36,0,0,International,Club
Master Boot Record,2026,2026-11-13,,MCD PRODUCTIONS,8245.619999999999,21818.18,6684.48,0,0,0,6,0,1,International,Club
The Fray,2026,2026-11-13,,MCD PRODUCTIONS,3435458.38,161613.78,0.0,12,5,46,34,0,5,International,Theater
Yard Act,2026,2026-11-13,,LIVE NATION MUSIC UK LTD,0.0,177300.56,24995.34,0,0,4,16,0,2,International,Club
Enter Shikari,2026,2026-11-13,,LIVE NATION MUSIC UK LTD,143338.19,1397539.45,140032.41,0,10,33,119,0,8,International,Arena
Picture This,2026,2026-11-13,,DF CONCERTS,4682702.09,2769789.99,3315593.18,0,17,15,30,5,3,International,Club
Scratchcard Wednesday,2026,2026-11-13,,"LIVE NATION UK FOR ARTIST, TOUR, FESTIVAL AND PRESALE NEWS",5014.5,1635.27,3906.78,0,0,0,3,0,0,International,Club
MUNA,2026,2026-11-13,,DF CONCERTS,0.0,0.0,533483.1,0,0,4,20,0,0,International,Club
Teenage Fanclub,2026,2026-11-13,,DF CONCERTS,146828.7,71205.66,113926.9,2,0,7,38,0,5,International,Club
Stars,2026,2026-11-13,,"LIVE NATION UK FOR ARTIST, TOUR, FESTIVAL AND PRESALE NEWS",0.0,35980.0,29820.25,0,0,21,84,0,0,International,Club
Good Health Good Wealth,2026,2026-11-13,,"LIVE NATION UK FOR ARTIST, TOUR, FESTIVAL AND PRESALE NEWS",3601.02,0.0,0.0,0,0,0,2,0,0,International,Club
Henry &amp; The Invisibles,2026,2026-11-13,,"LIVE NATION UK FOR ARTIST, TOUR, FESTIVAL AND PRESALE NEWS",0.0,0.0,0.0,0,0,0,3,0,0,International,Club
The Aftermath,2026,2026-11-13,,LIVE NATION AUSTRALIA,0.0,0.0,0.0,0,0,0,1,0,0,International,Theater
"""Moo, Brew &amp; 'Que Fest""",2026,2026-11-13,,LIVE NATION AUSTRALIA,0.0,0.0,0.0,0,0,0,0,0,1,International,Theater
ZZ Top,2026,2026-11-13,,OCESA,19533792.29,8840466.74,1880764.0,129,99,253,35,8,60,International,Theater
El Mundo,2026,2026-11-13,,OCESA,0.0,0.0,0.0,0,0,1,0,0,0,International,Theater
Amar,2026,2026-11-13,,OCESA,13559.81,0.0,0.0,0,0,0,1,0,0,International,Arena
El Kanka,2026,2026-11-13,,OCESA,0.0,0.0,279215.25,1,2,1,1,1,0,International,Arena
Majo Aguilar,2026,2026-11-13,,OCESA,105494.7,81006.95,24830.72,0,0,2,2,0,0,International,Club
"Avenged Sevenfold, Good Charlotte",2026,2026-11-13,,Live Nation,0.0,0.0,0.0,13,3,0,0,0,0,International,Amphitheatre
Icona Pop,2026,2026-11-13,,Live Nation,0.0,0.0,0.0,0,1,1,9,0,0,International,Club
Arlo Parks,2026,2026-11-13,,Live Nation España S.A.U.,0.0,188443.48,348313.02999999997,0,0,6,22,0,0,International,Club
Mammoth,2026,2026-11-13,,Live Nation Sp. z o.o.,38655.0,232565.45,199756.01,0,0,4,23,0,1,International,Club
Pol,2026,2026-11-13,,Live Nation sp. z o.o.,6311.03,20388.51,0.0,0,0,1,8,0,0,International,Club
Lina,2026,2026-11-13,,Live Nation sp. z o.o,0.0,71095.42,94190.29,0,0,3,6,1,0,International,Club
The Howlers,2026,2026-11-13,,Live Nation Sp. z o.o.,7847.0,1131.95,0.0,0,0,0,5,0,0,International,Club
O.A.R.,2026,2026-11-14,,LIVE NATION MUSIC,1020956.85,2852218.48,997184.5,59,3,62,60,2,5,US,Amphitheatre
Lucky Boys Confusion,2026,2026-11-14,,LIVE NATION MUSIC,0.0,0.0,0.0,0,0,0,6,0,0,US,Club
Catch Your Breath,2026,2026-11-14,,LIVE NATION MUSIC,10444.0,0.0,0.0,0,0,0,6,0,0,US,Club
Pouya,2026,2026-11-14,,LIVE NATION MUSIC,198768.95,0.0,296648.0,0,0,21,62,0,4,US,Theater
Stars,2026,2026-11-14,,LIVE NATION MUSIC,0.0,35980.0,29820.25,0,0,21,84,0,0,US,Club
The Weight,2026,2026-11-14,,LIVE NATION MUSIC,0.0,6092.0,0.0,0,0,0,2,0,0,US,Club
Whitechapel,2026,2026-11-14,,HOUSE OF BLUES CONCERTS (HOB),378503.41,16256.84,0.0,1,0,3,80,0,4,US,Club
O.A.R.,2026,2026-11-14,,LIVE NATION MUSIC,1020956.85,2852218.48,997184.5,59,3,62,60,2,5,US,Amphitheatre
Hudson Westbrook,2026,2026-11-14,,LIVE NATION MUSIC,602736.6,16045.0,0.0,1,1,1,7,0,1,US,Club
Bingo Loco,2026,2026-11-14,,LIVE NATION MUSIC,518958.39,106119.48,0.0,0,0,1,77,0,0,US,Theater
Eagles,2026,2026-11-14,,LIVE NATION MUSIC,132995245.27,168150846.73,118468239.25,8,369,2,0,28,5,US,Arena
Slayer,2026,2026-11-14,,LIVE NATION MUSIC,0.0,0.0,0.0,25,51,28,22,2,4,US,Arena
John Summit,2026,2026-11-14,,LIVE NATION MUSIC,1618895.52,6378033.54,2121909.0,1,6,4,6,1,1,US,Arena
Doja Cat,2026,2026-11-14,,LIVE NATION MUSIC,7384674.46,7298161.81,31988065.4,0,39,0,9,0,0,US,Arena
Rod Wave,2026,2026-11-14,,LIVE NATION MUSIC,21434081.53,44782080.52,58117202.64,1,85,1,0,0,0,US,Arena
Pentatonix,2026,2026-11-14,,FRANK PRODUCTIONS,10014000.83,20747784.25,16735657.71,59,174,94,50,3,9,US,Arena
Jonas Brothers,2026,2026-11-14,,LIVE NATION MUSIC,81959444.45,30144554.31,109403725.33,84,205,28,1,31,5,US,Arena
Rod Wave,2026,2026-11-14,,LIVE NATION MUSIC,21434081.53,44782080.52,58117202.64,1,85,1,0,0,0,US,Arena
Little Big Town,2026,2026-11-14,,LIVE NATION MUSIC,2309214.5,13004819.31,2846985.5,23,68,94,16,1,12,US,Arena
"""Les Nits de Barcelona"", Sting",2026,2026-11-14,,LIVE NATION MUSIC,0.0,0.0,0.0,0,0,0,0,0,1,US,Other
Reason,2026,2026-11-14,,LIVE NATION MUSIC,0.0,3617.6,1440.0,0,0,1,1,0,0,US,Arena
Joe Russo's Almost Dead,2026,2026-11-14,,LIVE NATION MUSIC,1651114.5,2203750.85,1368415.39,10,1,33,49,6,3,US,Club
Elude,2026,2026-11-14,,LIVE NATION MUSIC,0.0,0.0,0.0,0,0,0,2,0,0,US,Theater
Brand New,2026,2026-11-14,,LIVE NATION MUSIC,2962416.0700000003,0.0,0.0,5,11,12,15,0,0,US,Theater
Deorro,2026,2026-11-14,,LIVE NATION MUSIC,0.0,62036.0,753436.06,2,1,7,21,0,2,US,Amphitheatre
Santana,2026,2026-11-14,,HOUSE OF BLUES CONCERTS (HOB),10372269.62,0.0,3349278.95,59,103,47,16,7,8,US,Arena
Subtronics,2026,2026-11-14,,LIVE NATION MUSIC,4740965.2,6717841.76,11057318.02,7,18,38,52,0,4,US,Theater
Valentino Khan,2026,2026-11-14,,LIVE NATION MUSIC,13215.0,32507.58,0.0,0,0,0,18,0,0,US,Club
Tou,2026,2026-11-14,,LIVE NATION MUSIC,0.0,348354.82999999996,0.0,0,0,0,1,0,1,US,Club
Jeffrey Osborne,2026,2026-11-14,,LIVE NATION MUSIC,459087.0,534188.15,457979.0,2,0,21,25,0,1,US,Theater
El Tri,2026,2026-11-14,,LIVE NATION MUSIC,2545893.21,56655.0,362219.0,0,8,15,9,1,1,US,Amphitheatre
Jack White,2026,2026-11-14,,LIVE NATION MUSIC,9888079.67,1029333.01,0.0,8,36,58,33,2,4,US,Theater
"Dragonforce, Amaranthe",2026,2026-11-14,,LIVE NATION MUSIC,0.0,247413.25,0.0,0,0,2,1,0,0,US,Theater
Underoath,2026,2026-11-14,,LIVE NATION MUSIC,0.0,418700.1,308406.2,0,2,22,75,0,4,US,Club
Air Supply,2026,2026-11-14,,LIVE NATION MUSIC,3694987.73,4482835.24,4165792.98,11,20,187,51,1,28,US,Theater
Charles Wesley Godwin,2026,2026-11-14,,LIVE NATION MUSIC,758444.48,1054854.04,609346.0,1,2,10,22,0,2,US,Club
Orville Peck,2026,2026-11-14,,LIVE NATION MUSIC,0.0,1089190.07,122699.0,2,0,10,21,0,3,US,Club
Brothers Osborne,2026,2026-11-14,,LIVE NATION MUSIC,221376.54,2186846.57,873905.43,18,3,39,28,0,5,US,Theater
Everclear,2026,2026-11-14,,FRANK PRODUCTIONS,566686.26,424897.62,173224.27,2,3,26,60,1,11,US,Club
Mike DelGuidice,2026,2026-11-14,,LIVE NATION MUSIC,84126.6,352742.89,412679.95,0,1,12,42,0,2,US,Club
KATSEYE,2026,2026-11-14,,LIVE NATION MUSIC,3772036.89,0.0,0.0,0,1,5,2,0,0,US,Arena
Daughtry,2026,2026-11-14,,LIVE NATION MUSIC,0.0,248378.35,1728352.14,9,66,135,39,0,22,US,Theater
TroyBoi,2026,2026-11-14,,LIVE NATION MUSIC,32087.0,327489.95,364614.0,1,0,8,43,0,3,US,Club
Bayker Blankenship,2026,2026-11-14,,LIVE NATION MUSIC,25327.48,0.0,0.0,0,0,1,6,0,1,US,Theater
Buena Vista Orchestra,2026,2026-11-14,,HOUSE OF BLUES CONCERTS (HOB),231487.7,0.0,0.0,0,0,2,1,0,0,US,Theater
Ben &amp; Rose,2026,2026-11-14,,LIVE NATION MUSIC,0.0,0.0,0.0,0,0,1,0,0,0,US,Theater
Jimmy Eat World,2026,2026-11-14,,LIVE NATION MUSIC,351406.57,875247.1399999999,474631.0,7,3,39,90,0,2,US,Amphitheatre
Switchfoot,2026,2026-11-14,,LIVE NATION MUSIC,181031.87,600305.9299999999,763943.0,5,6,80,76,1,17,US,Amphitheatre
Sabaton,2026,2026-11-14,,LIVE NATION MUSIC,13311096.98,0.0,3200841.5700000003,0,31,18,33,0,0,US,Club
The Neighbourhood,2026,2026-11-14,,LIVE NATION MUSIC,0.0,0.0,0.0,1,16,29,68,1,0,US,Club
Yung Gravy,2026,2026-11-14,,LIVE NATION MUSIC,206906.93,654682.31,71100.12,0,2,7,36,0,1,US,Theater
Sessions,2026,2026-11-14,,LIVE NATION MUSIC,0.0,0.0,0.0,0,1,0,0,0,0,US,Arena
Kurt Vile,2026,2026-11-14,,LIVE NATION MUSIC,19520.0,0.0,0.0,0,0,16,68,0,0,US,Theater
Jorja Smith,2026,2026-11-14,,LIVE NATION MUSIC,2164559.81,2260192.21,355606.04,0,2,17,16,0,4,US,Theater
GWAR,2026,2026-11-14,,LIVE NATION MUSIC,232622.19,250475.13,96717.0,0,3,30,172,0,3,US,Club
Dark Star Orchestra,2026,2026-11-14,,LIVE NATION MUSIC,1550997.72,5590344.75,2726147.02,66,2,252,356,11,32,US,Theater
Three Dog Night,2026,2026-11-14,,FRANK PRODUCTIONS,1653251.69,1897466.3,1809550.27,11,10,139,35,0,11,US,Theater
EGGY,2026,2026-11-14,,LIVE NATION MUSIC,50061.0,55240.5,35212.9,0,0,1,20,0,0,US,Club
Sawyer Brown,2026,2026-11-14,,LIVE NATION MUSIC,300063.6,338038.84,125800.3,2,2,24,3,0,4,US,Theater
Avery Anna,2026,2026-11-14,,HOUSE OF BLUES CONCERTS (HOB),64422.0,18000.0,11491.0,0,0,3,10,0,0,US,Club
The Tallest Man On Earth,2026,2026-11-14,,LIVE NATION MUSIC,83293.33,0.0,291985.78,0,2,44,70,0,4,US,Club
Allison Russell,2026,2026-11-14,,LIVE NATION MUSIC,83000.15,59484.68,37732.0,0,0,4,8,0,0,US,Club
Outbreak,2026,2026-11-14,,HOUSE OF BLUES CONCERTS (HOB),0.0,0.0,0.0,0,0,1,1,0,0,US,Club
El Cuarteto de Nos,2026,2026-11-14,,LIVE NATION MUSIC,1892998.18,483795.02,597847.5499999999,0,3,4,4,0,0,US,Theater
Movements,2026,2026-11-14,,LIVE NATION MUSIC,308781.6,267276.63,140008.0,0,0,1,23,0,1,US,Club
State Champs,2026,2026-11-14,,LIVE NATION MUSIC,202412.59,75375.0,0.0,0,0,9,29,0,0,US,Theater
Harbour,2026,2026-11-14,,LIVE NATION MUSIC,55592.03,0.0,104133.0,0,0,2,44,0,0,US,Club
Hamilton Leithauser,2026,2026-11-14,,LIVE NATION MUSIC,25270.0,0.0,0.0,0,0,3,33,0,0,US,Theater
"Joey Fatone, AJ McLean",2026,2026-11-14,,HOUSE OF BLUES CONCERTS (HOB),0.0,1007339.51,0.0,1,0,6,2,0,0,US,Theater
Die Spitz,2026,2026-11-14,,LIVE NATION MUSIC,19774.52,3750.0,0.0,0,0,0,10,0,1,US,Club
Xperience,2026,2026-11-14,,LIVE NATION MUSIC,0.0,0.0,0.0,0,0,0,2,0,0,US,Club
Amble,2026,2026-11-14,,LIVE NATION MUSIC,4723469.38,406488.11,0.0,0,5,9,43,2,5,US,Club
Miles Minnick,2026,2026-11-14,,LIVE NATION MUSIC,0.0,0.0,0.0,0,0,0,1,0,0,US,Club
Babyface,2026,2026-11-14,,LIVE NATION MUSIC,507673.76,960842.69,1226998.5,3,2,28,10,0,9,US,Theater
They Might Be Giants,2026,2026-11-14,,LIVE NATION MUSIC,486578.5,1261195.18,660640.34,1,1,48,146,0,0,US,Theater
UB40,2026,2026-11-14,,LIVE NATION MUSIC,1292055.05,5742450.69,2259277.81,10,34,54,23,0,4,US,Theater
"The National, The War On Drugs",2026,2026-11-14,,LIVE NATION MUSIC,0.0,2288139.77,0.0,2,2,0,0,0,1,US,Theater
Imminence,2026,2026-11-14,,LIVE NATION MUSIC,470438.32,155312.11,0.0,0,0,3,36,0,15,US,Club
"Tres Clásicos del Rock - Tributo a The Doors, The Beatles &amp; Toncho Pilatos",2026,2026-11-14,,EMPORIUM PRESENTS,0.0,0.0,13766.52,0,0,1,0,0,0,US,Theater
WookieFoot,2026,2026-11-14,,LIVE NATION MUSIC,0.0,0.0,0.0,2,0,9,12,0,0,US,Theater
"""Summer of '99 and Beyond Festival"", Nickelback",2026,2026-11-14,,LIVE NATION MUSIC,3680443.0,0.0,0.0,1,0,0,0,0,0,US,Amphitheatre
"""Past, Present, Future: A Dance Gala""",2026,2026-11-14,,LIVE NATION MUSIC,0.0,0.0,0.0,0,0,1,0,0,0,US,Theater
Chat Pile,2026,2026-11-14,,LIVE NATION MUSIC,0.0,7187.0,8340.0,0,0,0,3,0,0,US,Club
Grupo Duelo,2026,2026-11-14,,LIVE NATION MUSIC,0.0,49134.0,0.0,0,3,1,0,0,0,US,Arena
"Love, Fraser",2026,2026-11-14,,LIVE NATION MUSIC,0.0,0.0,0.0,0,0,0,1,0,0,US,Club
The Jayhawks,2026,2026-11-14,,LIVE NATION MUSIC,33795.0,90651.0,83559.5,2,0,31,66,0,0,US,Theater
Tou,2026,2026-11-14,,LIVE NATION MUSIC,0.0,348354.82999999996,0.0,0,0,0,1,0,1,US,Arena
William Black,2026,2026-11-14,,LIVE NATION MUSIC,29205.0,799243.94,11265.0,1,0,7,19,0,0,US,Club
Deana Carter,2026,2026-11-14,,LIVE NATION MUSIC,0.0,45335.0,10705.0,0,0,7,7,0,1,US,Arena
"The Hails, Never Ending Fall",2026,2026-11-14,,LIVE NATION MUSIC,32786.0,0.0,0.0,0,0,0,4,0,0,US,Club
The Mavericks,2026,2026-11-14,,FRANK PRODUCTIONS,401893.0,1182887.57,2625453.41,8,1,166,62,0,13,US,Theater
Celebration,2026,2026-11-14,,LIVE NATION MUSIC,0.0,0.0,0.0,0,0,0,1,0,0,US,Club
Three Days Grace,2026,2026-11-14,,LIVE NATION MUSIC,2587583.58,0.0,514555.96,4,55,36,61,0,8,US,Arena
Alicia Villarreal,2026,2026-11-14,,LIVE NATION MUSIC,826817.98,1374508.36,306780.57999999996,1,4,29,4,0,0,US,Theater
Ezra Collective,2026,2026-11-14,,LIVE NATION MUSIC,239535.55,456619.5,126233.95,0,1,6,8,0,0,US,Theater
Three Days Grace,2026,2026-11-14,,LIVE NATION MUSIC,2587583.58,0.0,514555.96,4,55,36,61,0,8,US,Arena
Three Days Grace,2026,2026-11-14,,LIVE NATION MUSIC,2587583.58,0.0,514555.96,4,55,36,61,0,8,US,Arena
Father of Peace,2026,2026-11-14,,HOUSE OF BLUES CONCERTS (HOB),0.0,0.0,0.0,0,0,0,1,0,0,US,Club
Mystery Skulls,2026,2026-11-14,,LIVE NATION MUSIC,5050.0,139161.9,0.0,0,0,2,31,0,0,US,Theater
"Ris, John Urbano",2026,2026-11-14,,LIVE NATION MUSIC,0.0,0.0,0.0,0,0,0,1,0,0,US,Club
Tempo,2026,2026-11-14,,LIVE NATION MUSIC,0.0,0.0,0.0,0,1,0,0,0,0,US,Arena
Ethan Regan,2026,2026-11-14,,FRANK PRODUCTIONS,39313.28,2015.0,0.0,0,0,0,7,0,0,US,Theater
Band Of Horses,2026,2026-11-14,,LIVE NATION MUSIC,442717.38,387852.65,434352.0,8,3,62,67,0,5,US,Club
Slaughter To Prevail,2026,2026-11-14,,LIVE NATION MUSIC,157166.6,52042.05,248864.27,0,4,13,23,0,1,US,Theater
Dengue Fever,2026,2026-11-14,,HOUSE OF BLUES CONCERTS (HOB),0.0,0.0,0.0,0,0,1,22,0,0,US,Club
Hiss Golden Messenger,2026,2026-11-14,,LIVE NATION TENNESSEE,0.0,7598.0,93982.85,0,0,3,56,0,0,US,Club
Tramps Like Us,2026,2026-11-14,,LIVE NATION MUSIC,0.0,0.0,0.0,0,1,0,13,0,0,US,Club
KATSEYE,2026,2026-11-14,,LIVE NATION MUSIC,3772036.89,0.0,0.0,0,1,5,2,0,0,US,Arena
Shakira,2026,2026-11-14,,FRANK PRODUCTIONS,347582819.87,6004725.2,0.0,2,66,2,0,48,1,US,Arena
Aiden,2026,2026-11-14,,LIVE NATION MUSIC,0.0,0.0,0.0,0,0,0,9,0,0,US,Theater
Pecos &amp; The Rooftops,2026,2026-11-14,,FRANK PRODUCTIONS,1218047.17,1424328.1,1041865.12,11,1,63,257,0,24,US,Club
The Underachievers,2026,2026-11-14,,LIVE NATION MUSIC,0.0,0.0,0.0,0,0,2,21,0,0,US,Club
Al &amp; Rob Of Moe,2026,2026-11-14,,LIVE NATION MUSIC,0.0,0.0,0.0,0,0,0,2,0,0,US,Club
Wolves of Glendale,2026,2026-11-14,,LIVE NATION MUSIC,0.0,34058.0,0.0,0,0,0,5,0,0,US,Club
Wolves of Glendale,2026,2026-11-14,,LIVE NATION MUSIC,0.0,34058.0,0.0,0,0,0,5,0,0,US,Club
Bingo Loco,2026,2026-11-14,,LIVE NATION MUSIC,518958.39,106119.48,0.0,0,0,1,77,0,0,US,Theater
Bunbury,2026,2026-11-14,,LIVE NATION MUSIC,10097962.63,6664348.7700000005,489408.32,4,21,41,9,14,8,US,Theater
Tanya Tucker,2026,2026-11-14,,LIVE NATION CANADA (LN),56025.5,202069.67,234997.5,0,1,24,8,0,2,US,Theater
Dev Lemons,2026,2026-11-14,,LIVE NATION MUSIC,0.0,0.0,5193.0,0,0,0,6,0,0,US,Club
Corrosion Of Conformity,2026,2026-11-14,,LIVE NATION MUSIC,0.0,0.0,38733.89,0,0,2,25,0,0,US,Theater
Marsden &amp; Richardson,2026,2026-11-14,,HOUSE OF BLUES CONCERTS (HOB),0.0,0.0,0.0,0,0,0,0,0,2,US,Other
Dave Hause,2026,2026-11-14,,LIVE NATION MUSIC,61081.71,114963.8,0.0,0,0,5,52,0,25,US,Club
Dev Lemons,2026,2026-11-14,,LIVE NATION MUSIC,0.0,0.0,5193.0,0,0,0,6,0,0,US,Club
Lyle Lovett &amp; His Large Band,2026,2026-11-14,,LIVE NATION MUSIC,262546.38,1530771.77,583648.1,4,0,23,5,0,3,US,Theater
Lyle Lovett &amp; His Large Band,2026,2026-11-14,,LIVE NATION MUSIC,262546.38,1530771.77,583648.1,4,0,23,5,0,3,US,Theater
bradeazy,2026,2026-11-14,,LIVE NATION MUSIC,0.0,2027.0,0.0,0,0,0,1,0,0,US,Club
Bunbury,2026,2026-11-14,,LIVE NATION MUSIC,10097962.63,6664348.7700000005,489408.32,4,21,41,9,14,8,US,Theater
Inna,2026,2026-11-14,,LIVE NATION MUSIC,0.0,0.0,0.0,0,2,2,2,0,0,US,Theater
VANA,2026,2026-11-14,,FRANK PRODUCTIONS,0.0,0.0,0.0,0,0,0,1,0,0,US,Theater
West 22nd,2026,2026-11-14,,LIVE NATION MUSIC,16408.0,7821.0,0.0,0,0,2,7,0,0,US,Club
Daily Bread,2026,2026-11-14,,LIVE NATION MUSIC,1463202.24,566802.2,17130.0,3,0,0,11,0,0,US,Club
Isaiah Rashad,2026,2026-11-14,,LIVE NATION MUSIC,0.0,274022.0,388038.79,0,1,16,46,0,0,US,Club
Isaiah Rashad,2026,2026-11-14,,LIVE NATION MUSIC,0.0,274022.0,388038.79,0,1,16,46,0,0,US,Club
Zack Fox,2026,2026-11-14,,LIVE NATION MUSIC,730584.1799999999,153619.24,94077.0,0,0,7,21,0,1,US,Club
Corrosion Of Conformity,2026,2026-11-14,,LIVE NATION MUSIC,0.0,0.0,38733.89,0,0,2,25,0,0,US,Club
Zack Fox,2026,2026-11-14,,LIVE NATION MUSIC,730584.1799999999,153619.24,94077.0,0,0,7,21,0,1,US,Club
Barenaked Ladies,2026,2026-11-14,,LIVE NATION CANADA (LN),1938722.88,1826010.29,2196874.4,117,27,93,26,5,9,International,Amphitheatre
Gryffin,2026,2026-11-14,,LIVE NATION MUSIC,498934.32,377849.4,1303656.0,1,3,8,37,0,0,International,Club
Sam Roberts Band,2026,2026-11-14,,LIVE NATION CANADA (LN),155964.84,33517.1,0.0,0,2,9,25,0,0,International,Club
At Night,2026,2026-11-14,,LIVE NATION CANADA (LN),0.0,5339.25,0.0,0,0,0,1,0,0,International,Club
The Black Dahlia Murder,2026,2026-11-14,,LIVE NATION CANADA (LN),0.0,65614.66,163785.56,0,0,21,93,0,2,International,Club
Matt Hansen,2026,2026-11-14,,LIVE NATION CANADA (LN),167808.59,12300.0,0.0,0,0,0,11,0,3,International,Club
Henry &amp; The Invisibles,2026,2026-11-14,,LIVE NATION CANADA (LN),0.0,0.0,0.0,0,0,0,3,0,0,International,Theater
Josh Ross,2026,2026-11-14,,LIVE NATION CANADA (LN),0.0,54377.36,0.0,0,0,3,5,0,0,International,Club
Wheeler Walker Jr.,2026,2026-11-14,,LIVE NATION CANADA (LN),0.0,131246.5,289839.0,0,0,4,27,0,0,International,Theater
"nothing,nowhere.",2026,2026-11-14,,LIVE NATION CANADA (LN),14119.95,0.0,0.0,0,0,3,18,0,0,International,Theater
it's murph,2026,2026-11-14,,LIVE NATION CANADA (LN),182193.97,37135.35,39345.0,1,0,3,5,0,0,International,Club
Neil Young &amp; Crazy Horse,2026,2026-11-14,,MCD PRODUCTIONS,0.0,14483099.48,0.0,14,34,2,0,1,1,International,Theater
Shobsy,2026,2026-11-14,,MCD PRODUCTIONS,8287.3,7884.37,0.0,0,0,0,6,0,1,International,Club
ALL,2026,2026-11-14,,MCD PRODUCTIONS,0.0,0.0,0.0,0,0,0,2,0,0,International,Club
Shinedown,2026,2026-11-14,,LIVE NATION MUSIC UK LTD,21978496.17,0.0,22220750.76,55,179,59,38,3,13,International,Arena
Enter Shikari,2026,2026-11-14,,LIVE NATION MUSIC UK LTD,143338.19,1397539.45,140032.41,0,10,33,119,0,8,International,Arena
"Soil, Saving Abel",2026,2026-11-14,,LIVE NATION MUSIC UK LTD,0.0,0.0,0.0,0,0,0,1,0,0,International,Club
Ocean Colour Scene,2026,2026-11-14,,MCD PRODUCTIONS,4118544.11,922906.98,433257.29,1,7,64,10,0,4,International,Theater
Radio Free Alice,2026,2026-11-14,,"LIVE NATION UK FOR ARTIST, TOUR, FESTIVAL AND PRESALE NEWS",17942.0,0.0,0.0,0,0,0,4,0,1,International,Club
Paris Paloma,2026,2026-11-14,,LIVE NATION MUSIC UK LTD,182912.02,142732.72999999998,10609.18,0,0,6,10,0,0,International,Club
Teenage Fanclub,2026,2026-11-14,,DF CONCERTS,146828.7,71205.66,113926.9,2,0,7,38,0,5,International,Club
Chloe Slater,2026,2026-11-14,,"LIVE NATION UK FOR ARTIST, TOUR, FESTIVAL AND PRESALE NEWS",9538.91,0.0,0.0,0,0,0,3,0,0,International,Club
Jack Johnson,2026,2026-11-14,,LIVE NATION AUSTRALIA,0.0,0.0,3419683.68,100,12,18,1,12,15,International,Other
Melanie C,2026,2026-11-14,,LIVE NATION AUSTRALIA,0.0,0.0,0.0,0,0,0,7,0,0,International,Club
El Mundo,2026,2026-11-14,,OCESA,0.0,0.0,0.0,0,0,1,0,0,0,International,Theater
Dimash Qudaibergen,2026,2026-11-14,,OCESA,3967014.37,0.0,0.0,0,3,1,0,0,0,International,Arena
Little Jesus,2026,2026-11-14,,OCESA,603153.5599999999,0.0,457223.32,0,2,7,11,2,1,International,Club
Bloc Party,2026,2026-11-14,,Live Nation GmbH,4617080.56,353727.51,1939103.48,6,15,23,27,2,3,International,Club
"Hombres G, Los Enanitos Verdes",2026,2026-11-14,,Live Nation España Golden Age SL,3449213.65,0.0,0.0,0,5,1,0,0,0,International,Arena
"Hombres G, Los Enanitos Verdes",2026,2026-11-14,,Live Nation España Golden Age SL,3449213.65,0.0,0.0,0,5,1,0,0,0,International,Arena
Remi,2026,2026-11-14,,Live Nation Venues Netherlands BV Afas Live,0.0,0.0,0.0,0,0,0,9,0,0,International,Club
Wil,2026,2026-11-14,,Live Nation Sp. z o.o.,0.0,0.0,0.0,0,0,0,3,0,0,International,Club
Tou,2026,2026-11-14,,Live Nation sp. z o.o.,0.0,348354.82999999996,0.0,0,0,0,1,0,1,International,Club
DARKSIDE,2026,2026-11-14,,Live Nation sp. z o.o.,125910.14,225959.19,75745.48,0,2,1,6,0,0,International,Club
Europe,2026,2026-11-14,,LIVE NATION CZECH REPUBLIC s.r.o.,105381.03,0.0,383950.78,0,2,8,2,3,2,International,Theater
Pentatonix,2026,2026-11-15,,LIVE NATION MUSIC,10014000.83,20747784.25,16735657.71,59,174,94,50,3,9,US,Arena
Motionless In White,2026,2026-11-15,,LIVE NATION MUSIC,131287.04,0.0,1810722.63,7,19,22,41,0,2,US,Arena
O.A.R.,2026,2026-11-15,,LIVE NATION MUSIC,1020956.85,2852218.48,997184.5,59,3,62,60,2,5,US,Theater
Beartooth,2026,2026-11-15,,LIVE NATION MUSIC,0.0,1116351.8,389208.25,1,4,15,41,1,2,US,Theater
The Menzingers,2026,2026-11-15,,LIVE NATION MUSIC,0.0,83860.93,175297.68,0,0,3,45,0,0,US,Theater
Shang,2026,2026-11-15,,LIVE NATION MUSIC,0.0,755.0,0.0,0,0,0,1,0,0,US,Club
Bowling For Soup,2026,2026-11-15,,LIVE NATION MUSIC,1051669.3,850443.56,141147.11,0,4,24,50,0,2,US,Club
Corrosion Of Conformity,2026,2026-11-15,,LIVE NATION MUSIC,0.0,0.0,38733.89,0,0,2,25,0,0,US,Club
The Wrecks,2026,2026-11-15,,LIVE NATION MUSIC,97000.68,0.0,0.0,0,0,1,12,0,0,US,Club
Sandy &amp; Junior,2026,2026-11-15,,LIVE NATION MUSIC,0.0,0.0,0.0,0,8,0,0,8,0,US,Arena
Arty,2026,2026-11-15,,HOUSE OF BLUES CONCERTS (HOB),0.0,4500.0,14060.0,0,0,1,13,0,0,US,Club
"Chris Brown, Usher",2026,2026-11-15,,LIVE NATION MUSIC,0.0,0.0,0.0,0,0,0,0,18,0,US,Stadium
Olivia Rodrigo,2026,2026-11-15,,LIVE NATION MUSIC,23420107.2,169307085.8,0.0,0,68,10,2,5,1,US,Arena
John Summit,2026,2026-11-15,,LIVE NATION MUSIC,1618895.52,6378033.54,2121909.0,1,6,4,6,1,1,US,Arena
Rawayana,2026,2026-11-15,,LIVE NATION MUSIC,0.0,1859072.56,268722.57,0,16,7,9,1,1,US,Arena
Zayn,2026,2026-11-15,,LIVE NATION MUSIC,6179725.37,3409597.99,0.0,0,3,18,1,3,0,US,Arena
Rod Wave,2026,2026-11-15,,LIVE NATION MUSIC,21434081.53,44782080.52,58117202.64,1,85,1,0,0,0,US,Arena
Rush,2026,2026-11-15,,LIVE NATION MUSIC,0.0,0.0,0.0,40,118,1,0,2,8,US,Arena
Rod Wave,2026,2026-11-15,,LIVE NATION MUSIC,21434081.53,44782080.52,58117202.64,1,85,1,0,0,0,US,Arena
"""Les Nits de Barcelona"", Sting",2026,2026-11-15,,LIVE NATION MUSIC,0.0,0.0,0.0,0,0,0,0,0,1,US,Other
Victor &amp; Leo,2026,2026-11-15,,LIVE NATION MUSIC,0.0,0.0,0.0,0,0,24,1,0,0,US,Theater
Santana,2026,2026-11-15,,HOUSE OF BLUES CONCERTS (HOB),10372269.62,0.0,3349278.95,59,103,47,16,7,8,US,Arena
Celebration,2026,2026-11-15,,LIVE NATION MUSIC,0.0,0.0,0.0,0,0,0,1,0,0,US,Club
"""SummerStage"", Two Door Cinema Club, Friends",2026,2026-11-15,,LIVE NATION MUSIC,0.0,0.0,0.0,1,0,0,0,0,0,US,Amphitheatre
Skilla Baby,2026,2026-11-15,,LIVE NATION MUSIC,0.0,32505.0,0.0,0,0,0,1,0,0,US,Arena
Daily Bread,2026,2026-11-15,,LIVE NATION MUSIC,1463202.24,566802.2,17130.0,3,0,0,11,0,0,US,Arena
"Chicago, Styx",2026,2026-11-15,,LIVE NATION MUSIC,0.0,0.0,0.0,0,0,1,0,0,0,US,Theater
El Tri,2026,2026-11-15,,LIVE NATION MUSIC,2545893.21,56655.0,362219.0,0,8,15,9,1,1,US,Theater
Blue October,2026,2026-11-15,,LIVE NATION MUSIC,380805.29,725828.84,1268376.38,4,2,79,177,1,3,US,Club
TUL8TE,2026,2026-11-15,,LIVE NATION MUSIC,0.0,0.0,0.0,0,0,0,1,0,0,US,Club
Arcángel,2026,2026-11-15,,LIVE NATION MUSIC,0.0,5578759.22,9635530.99,2,31,6,0,4,1,US,Theater
10 Years,2026,2026-11-15,,LIVE NATION MUSIC,35281.43,47010.25,6775.0,0,0,11,90,0,3,US,Club
Geoff Tate's Operation: Mindcrime,2026,2026-11-15,,LIVE NATION MUSIC,283320.71,0.0,0.0,0,0,19,36,0,1,US,Club
Shaun Cassidy,2026,2026-11-15,,LIVE NATION MUSIC,251312.73,55190.0,104061.5,0,0,8,14,0,0,US,Club
Yung Gravy,2026,2026-11-15,,LIVE NATION MUSIC,206906.93,654682.31,71100.12,0,2,7,36,0,1,US,Club
Once &amp; Future Band,2026,2026-11-15,,LIVE NATION MUSIC,0.0,0.0,0.0,0,0,0,1,0,0,US,Club
Imminence,2026,2026-11-15,,LIVE NATION MUSIC,470438.32,155312.11,0.0,0,0,3,36,0,15,US,Club
"Dragonforce, Amaranthe",2026,2026-11-15,,LIVE NATION MUSIC,0.0,247413.25,0.0,0,0,2,1,0,0,US,Theater
Streetlight Manifesto,2026,2026-11-15,,LIVE NATION MUSIC,229029.92,312027.99,0.0,0,0,24,141,0,1,US,Theater
State Champs,2026,2026-11-15,,LIVE NATION MUSIC,202412.59,75375.0,0.0,0,0,9,29,0,0,US,Club
Saosin,2026,2026-11-15,,LIVE NATION MUSIC,0.0,43142.5,30500.0,0,0,3,12,0,0,US,Club
The Stray Cats,2026,2026-11-15,,LIVE NATION MUSIC,0.0,370279.0,0.0,2,0,3,6,0,0,US,Theater
Jason Bonham,2026,2026-11-15,,LIVE NATION MUSIC,0.0,163048.0,39752.0,0,0,3,1,0,0,US,Theater
"Joey Fatone, AJ McLean",2026,2026-11-15,,LIVE NATION MUSIC,0.0,1007339.51,0.0,1,0,6,2,0,0,US,Theater
Clara La San,2026,2026-11-15,,LIVE NATION MUSIC,2553.98,0.0,0.0,0,0,0,6,0,0,US,Club
YEBBA,2026,2026-11-15,,HOUSE OF BLUES CONCERTS (HOB),0.0,0.0,0.0,0,0,0,4,0,0,US,Club
The Damned,2026,2026-11-15,,LIVE NATION MUSIC,97432.23,36495.0,221258.34,0,2,7,31,0,1,US,Club
"""Past, Present, Future: A Dance Gala""",2026,2026-11-15,,LIVE NATION MUSIC,0.0,0.0,0.0,0,0,1,0,0,0,US,Theater
The Mountain Goats,2026,2026-11-15,,LIVE NATION MUSIC,241720.5,393936.0,468049.74,0,0,26,125,0,2,US,Theater
The Mountain Goats,2026,2026-11-15,,LIVE NATION MUSIC,241720.5,393936.0,468049.74,0,0,26,125,0,2,US,Theater
Buzzcocks,2026,2026-11-15,,LIVE NATION MUSIC,30516.46,78970.92,0.0,0,0,6,28,0,2,US,Club
Tiny Habits,2026,2026-11-15,,LIVE NATION MUSIC,0.0,97332.67,7488.3,0,0,4,7,0,0,US,Club
West 22nd,2026,2026-11-15,,LIVE NATION MUSIC,16408.0,7821.0,0.0,0,0,2,7,0,0,US,Club
John Cafferty &amp; The Beaver Brown Band,2026,2026-11-15,,LIVE NATION MUSIC,30523.5,64676.0,42125.0,0,0,3,18,0,0,US,Arena
"Mic Crenshaw, Special Guests",2026,2026-11-15,,LIVE NATION MUSIC,0.0,0.0,0.0,0,0,0,1,0,0,US,Club
Strawberry Guy,2026,2026-11-15,,LIVE NATION MUSIC,0.0,17830.48,7000.0,0,0,0,4,0,0,US,Club
Trippie Redd,2026,2026-11-15,,LIVE NATION MUSIC,177248.89,171012.5,592049.0,4,5,6,7,0,1,US,Theater
Orville Peck,2026,2026-11-15,,LIVE NATION MUSIC,0.0,1089190.07,122699.0,2,0,10,21,0,3,US,Club
The Afghan Whigs,2026,2026-11-15,,LIVE NATION MUSIC,0.0,0.0,0.0,0,0,11,64,0,0,US,Theater
"Michaela Anne, Josiah Johnson",2026,2026-11-15,,LIVE NATION MUSIC,0.0,0.0,0.0,0,0,0,1,0,0,US,Club
Ben &amp; Rose,2026,2026-11-15,,LIVE NATION MUSIC,0.0,0.0,0.0,0,0,1,0,0,0,US,Theater
America,2026,2026-11-15,,LIVE NATION MUSIC,4786730.81,4477164.55,1750231.2,5,8,180,41,0,14,US,Theater
Three Days Grace,2026,2026-11-15,,LIVE NATION MUSIC,2587583.58,0.0,514555.96,4,55,36,61,0,8,US,Arena
Three Days Grace,2026,2026-11-15,,LIVE NATION MUSIC,2587583.58,0.0,514555.96,4,55,36,61,0,8,US,Arena
Geordie Kieffer,2026,2026-11-15,,LIVE NATION MUSIC,62809.44,5980.0,0.0,0,0,1,4,0,0,US,Club
"Butte &amp; Friends, Soul Purveyors",2026,2026-11-15,,LIVE NATION MUSIC,0.0,2530.0,0.0,0,0,0,1,0,0,US,Theater
Wyatt Flores,2026,2026-11-15,,LIVE NATION MUSIC,438749.65,925820.77,33065.0,0,0,12,22,0,3,US,Club
Red Leather,2026,2026-11-15,,LIVE NATION TENNESSEE,13722.57,5670.0,0.0,0,0,0,10,0,0,US,Club
Jake Minch,2026,2026-11-15,,LIVE NATION MUSIC,7430.0,0.0,0.0,0,0,0,2,0,0,US,Club
"A Whole Lotta Vanda, Young, Wright &amp; Rosie",2026,2026-11-15,,LIVE NATION MUSIC,0.0,0.0,0.0,0,0,0,1,0,0,US,Club
almost monday,2026,2026-11-15,,FRANK PRODUCTIONS,58670.4,0.0,2884.0,0,0,0,9,0,1,US,Club
Buena Vista Orchestra,2026,2026-11-15,,HOUSE OF BLUES CONCERTS (HOB),231487.7,0.0,0.0,0,0,2,1,0,0,US,Theater
The Wooten Brothers,2026,2026-11-15,,FRANK PRODUCTIONS,40867.25,335377.25,0.0,0,0,4,18,0,1,US,Theater
"August Burns Red, The Amity Affliction",2026,2026-11-15,,LIVE NATION MUSIC,0.0,0.0,0.0,0,0,0,1,0,0,US,Theater
Bog,2026,2026-11-15,,LIVE NATION MUSIC,0.0,0.0,0.0,0,0,0,2,0,0,US,Club
R&amp;B Vibes Live,2026,2026-11-15,,LIVE NATION MUSIC,0.0,0.0,0.0,0,0,0,2,0,0,US,Club
vaultboy,2026,2026-11-15,,LIVE NATION MUSIC,0.0,17778.09,0.0,0,0,0,5,0,0,US,Theater
Ashley McBryde,2026,2026-11-15,,LIVE NATION MUSIC,370311.6,589292.53,278363.78,0,0,23,16,0,1,US,Theater
Catch Your Breath,2026,2026-11-15,,LIVE NATION MUSIC,10444.0,0.0,0.0,0,0,0,6,0,0,US,Club
Olive Jones,2026,2026-11-15,,HOUSE OF BLUES CONCERTS (HOB),0.0,0.0,885.28,0,0,0,2,0,0,US,Club
Hunxho,2026,2026-11-15,,LIVE NATION MUSIC,78330.0,70430.0,0.0,0,0,0,2,0,0,US,Theater
Alicia Villarreal,2026,2026-11-15,,LIVE NATION MUSIC,826817.98,1374508.36,306780.57999999996,1,4,29,4,0,0,US,Theater
Token,2026,2026-11-15,,LIVE NATION MUSIC,0.0,0.0,42053.64,0,0,1,17,0,1,US,Club
Nand,2026,2026-11-15,,LIVE NATION MUSIC,0.0,2263.97,0.0,0,0,0,1,0,0,US,Theater
Pedro Fernández,2026,2026-11-15,,LIVE NATION MUSIC,1779091.23,1070035.34,992662.55,2,12,11,0,0,0,US,Theater
Catch Your Breath,2026,2026-11-15,,LIVE NATION MUSIC,10444.0,0.0,0.0,0,0,0,6,0,0,US,Club
Alyssa &amp; Wayne Brewer,2026,2026-11-15,,LIVE NATION CANADA (LN),505.0,0.0,0.0,0,0,0,1,0,0,International,Club
"Mic Crenshaw, Special Guests",2026,2026-11-15,,LIVE NATION CANADA (LN),0.0,0.0,0.0,0,0,0,1,0,0,International,Club
Julia Jacklin,2026,2026-11-15,,LIVE NATION CANADA (LN),0.0,141592.86,327508.12,0,0,13,47,0,7,International,Theater
"The A, B, C &amp; D Of Boogie Woogie",2026,2026-11-15,,LIVE NATION CANADA (LN),0.0,0.0,0.0,0,0,0,1,0,0,International,Arena
Matt Hansen,2026,2026-11-15,,LIVE NATION CANADA (LN),167808.59,12300.0,0.0,0,0,0,11,0,3,International,Club
Memphis LK,2026,2026-11-15,,LIVE NATION CANADA (LN),0.0,38011.21,0.0,0,0,0,4,0,0,International,Club
Wheeler Walker Jr.,2026,2026-11-15,,LIVE NATION CANADA (LN),0.0,131246.5,289839.0,0,0,4,27,0,0,International,Club
Sarah,2026,2026-11-15,,MCD PRODUCTIONS,0.0,1514.12,0.0,0,0,0,1,0,0,International,Club
Yes,2026,2026-11-15,,MCD PRODUCTIONS,1098821.45,1101005.98,1055360.96,24,9,159,38,0,9,International,Theater
"Signal, Wordless Music Orchestra",2026,2026-11-15,,"LIVE NATION UK FOR ARTIST, TOUR, FESTIVAL AND PRESALE NEWS",0.0,0.0,0.0,0,0,1,0,0,0,International,Theater
Yard Act,2026,2026-11-15,,LIVE NATION MUSIC UK LTD,0.0,177300.56,24995.34,0,0,4,16,0,2,International,Theater
Enter Shikari,2026,2026-11-15,,LIVE NATION MUSIC UK LTD,143338.19,1397539.45,140032.41,0,10,33,119,0,8,International,Club
Enter Shikari,2026,2026-11-15,,LIVE NATION MUSIC UK LTD,143338.19,1397539.45,140032.41,0,10,33,119,0,8,International,Club
The Temperance Movement,2026,2026-11-15,,LIVE NATION MUSIC UK LTD,166743.47,0.0,0.0,0,0,1,20,0,0,International,Club
Ocean Colour Scene,2026,2026-11-15,,MCD PRODUCTIONS,4118544.11,922906.98,433257.29,1,7,64,10,0,4,International,Theater
Radio Free Alice,2026,2026-11-15,,LIVE NATION MUSIC UK LTD,17942.0,0.0,0.0,0,0,0,4,0,1,International,Club
"Me, Grimlock!",2026,2026-11-15,,LIVE NATION MUSIC UK LTD,198.0,0.0,0.0,0,0,0,1,0,0,International,Club
Henry &amp; The Invisibles,2026,2026-11-15,,"LIVE NATION UK FOR ARTIST, TOUR, FESTIVAL AND PRESALE NEWS",0.0,0.0,0.0,0,0,0,3,0,0,International,Club
"Currents, Erra",2026,2026-11-15,,LIVE NATION MUSIC UK LTD,0.0,0.0,0.0,0,0,1,0,0,0,International,Theater
El Mundo,2026,2026-11-15,,OCESA,0.0,0.0,0.0,0,0,1,0,0,0,International,Theater
Overmono,2026,2026-11-15,,Live Nation,449797.32,177144.3,145574.35,0,1,1,8,0,0,International,Club
Bob Dylan,2026,2026-11-15,,Live Nation GmbH,7625020.91,6922447.82,7985373.92,45,128,219,7,17,26,International,Theater
Europe,2026,2026-11-15,,Live Nation España S.A.U.,105381.03,0.0,383950.78,0,2,8,2,3,2,International,Club
Hatsune Miku,2026,2026-11-15,,Live Nation Venues Netherlands BV Afas Live,0.0,7255816.05,0.0,0,16,23,1,0,0,International,Theater
Hatsune Miku,2026,2026-11-15,,Live Nation Venues Netherlands BV Afas Live,0.0,7255816.05,0.0,0,16,23,1,0,0,International,Theater
Tou,2026,2026-11-15,,Live Nation Sp. z o.o.,0.0,348354.82999999996,0.0,0,0,0,1,0,1,International,Club
Davina Michelle,2026,2026-11-15,,Live Nation Sp. z o.o.,98900.88,22194.370000000003,0.0,0,0,3,8,0,0,International,Club
"Oneida, IE, Matt Mehlan",2026,2026-11-15,,Live Nation Sp. z o.o.,0.0,0.0,0.0,0,0,0,1,0,0,International,Club
Tou,2026,2026-11-15,,Live Nation sp. z o.o.,0.0,348354.82999999996,0.0,0,0,0,1,0,1,International,Club
DARKSIDE,2026,2026-11-15,,Live Nation sp. z o.o.,125910.14,225959.19,75745.48,0,2,1,6,0,0,International,Club
Mammoth,2026,2026-11-15,,LIVE NATION CZECH REPUBLIC s.r.o.,38655.0,232565.45,199756.01,0,0,4,23,0,1,International,Club
Placebo,2026,2026-11-15,,LIVE NATION CZECH REPUBLIC s.r.o.,0.0,2551043.1,2841620.27,0,46,25,17,2,5,International,Arena
Yu,2026,2026-11-16,,LIVE NATION MUSIC,29919.62,4824.12,0.0,0,0,0,2,0,0,US,Club
Periphery,2026,2026-11-16,,LIVE NATION MUSIC,0.0,508193.42,0.0,0,0,21,57,0,3,US,Club
"Chris Brown, Usher",2026,2026-11-16,,LIVE NATION MUSIC,0.0,0.0,0.0,0,0,0,0,18,0,US,Stadium
Olivia Rodrigo,2026,2026-11-16,,LIVE NATION MUSIC,23420107.2,169307085.8,0.0,0,68,10,2,5,1,US,Arena
Karan Aujla,2026,2026-11-16,,LIVE NATION MUSIC,3420048.2,5984529.85,132877.75,0,14,0,1,0,0,US,Arena
"Love, Fraser",2026,2026-11-16,,LIVE NATION MUSIC,0.0,0.0,0.0,0,0,0,1,0,0,US,Theater
Pentatonix,2026,2026-11-16,,LIVE NATION MUSIC,10014000.83,20747784.25,16735657.71,59,174,94,50,3,9,US,Arena
Underoath,2026,2026-11-16,,LIVE NATION MUSIC,0.0,418700.1,308406.2,0,2,22,75,0,4,US,Theater
The Neighbourhood,2026,2026-11-16,,LIVE NATION MUSIC,0.0,0.0,0.0,1,16,29,68,1,0,US,Arena
Jessie Reyez,2026,2026-11-16,,LIVE NATION MUSIC,1791362.54,0.0,120873.09,0,0,14,18,0,0,US,Club
Jack White,2026,2026-11-16,,LIVE NATION MUSIC,9888079.67,1029333.01,0.0,8,36,58,33,2,4,US,Theater
Band Of Horses,2026,2026-11-16,,LIVE NATION MUSIC,442717.38,387852.65,434352.0,8,3,62,67,0,5,US,Club
Rival Sons,2026,2026-11-16,,LIVE NATION MUSIC,174160.14,116553.8,395290.35,0,2,30,81,0,1,US,Club
Whitechapel,2026,2026-11-16,,LIVE NATION MUSIC,378503.41,16256.84,0.0,1,0,3,80,0,4,US,Club
Trey Anastasio,2026,2026-11-16,,LIVE NATION MUSIC,2568069.9299999997,428723.49,0.0,9,5,67,35,1,3,US,Theater
Skilla Baby,2026,2026-11-16,,LIVE NATION MUSIC,0.0,32505.0,0.0,0,0,0,1,0,0,US,Club
"""Laughs, Music, &amp; Vibes""",2026,2026-11-16,,HOUSE OF BLUES CONCERTS (HOB),0.0,0.0,0.0,0,0,0,1,0,0,US,Club
Yung Gravy,2026,2026-11-16,,LIVE NATION MUSIC,206906.93,654682.31,71100.12,0,2,7,36,0,1,US,Club
STELLA LEFTY,2026,2026-11-16,,LIVE NATION MUSIC,0.0,0.0,0.0,0,0,0,1,0,0,US,Club
Paramount,2026,2026-11-16,,LIVE NATION MUSIC,0.0,0.0,0.0,0,0,2,0,0,0,US,Theater
The Mountain Goats,2026,2026-11-16,,LIVE NATION MUSIC,241720.5,393936.0,468049.74,0,0,26,125,0,2,US,Theater
YEBBA,2026,2026-11-16,,LIVE NATION MUSIC,0.0,0.0,0.0,0,0,0,4,0,0,US,Theater
Isaiah Rashad,2026,2026-11-16,,LIVE NATION MUSIC,0.0,274022.0,388038.79,0,1,16,46,0,0,US,Theater
Static Dress,2026,2026-11-16,,LIVE NATION MUSIC,0.0,0.0,0.0,0,0,0,1,0,0,US,Club
El Cuarteto de Nos,2026,2026-11-16,,LIVE NATION MUSIC,1892998.18,483795.02,597847.5499999999,0,3,4,4,0,0,US,Club
Bear,2026,2026-11-16,,LIVE NATION MUSIC,0.0,0.0,0.0,0,0,0,1,0,0,US,Club
Upgrade,2026,2026-11-16,,LIVE NATION MUSIC,0.0,0.0,0.0,0,0,0,1,0,1,US,Club
Chat Pile,2026,2026-11-16,,LIVE NATION MUSIC,0.0,7187.0,8340.0,0,0,0,3,0,0,US,Club
Mystery Skulls,2026,2026-11-16,,FRANK PRODUCTIONS,5050.0,139161.9,0.0,0,0,2,31,0,0,US,Theater
The Underachievers,2026,2026-11-16,,LIVE NATION MUSIC,0.0,0.0,0.0,0,0,2,21,0,0,US,Club
Ryan Jesse,2026,2026-11-16,,FRANK PRODUCTIONS,0.0,0.0,0.0,0,0,0,1,0,0,US,Club
Hurricane Wisdom,2026,2026-11-16,,LIVE NATION MUSIC,11250.0,0.0,0.0,0,0,0,1,0,0,US,Club
The Aces,2026,2026-11-16,,LIVE NATION MUSIC,77981.0,11799.0,190498.62,0,0,3,24,0,2,US,Club
Amble,2026,2026-11-16,,HOUSE OF BLUES CONCERTS (HOB),4723469.38,406488.11,0.0,0,5,9,43,2,5,US,Club
Turnover,2026,2026-11-16,,LIVE NATION MUSIC,1497016.17,34201.28,13530.0,2,1,7,38,0,2,US,Club
Victor &amp; Leo,2026,2026-11-16,,LIVE NATION MUSIC,0.0,0.0,0.0,0,0,24,1,0,0,US,Theater
"Kami, Femdot",2026,2026-11-16,,LIVE NATION MUSIC,0.0,0.0,0.0,0,0,0,1,0,0,US,Club
Turnover,2026,2026-11-16,,LIVE NATION MUSIC,1497016.17,34201.28,13530.0,2,1,7,38,0,2,US,Club
Bryan Andrews,2026,2026-11-16,,LIVE NATION TENNESSEE,0.0,453.0,0.0,0,0,0,1,0,0,US,Club
Wage War,2026,2026-11-16,,LIVE NATION CANADA (LN),0.0,250965.5,163464.08000000002,0,1,4,25,0,1,International,Club
Slow Pulp,2026,2026-11-16,,LIVE NATION CANADA (LN),0.0,106046.0,34083.07,0,0,1,10,0,0,International,Theater
Reason,2026,2026-11-16,,LIVE NATION CANADA (LN),0.0,3617.6,1440.0,0,0,1,1,0,0,International,Arena
Prateek Kuhad,2026,2026-11-16,,LIVE NATION CANADA (LN),0.0,311742.61,0.0,0,0,4,17,0,1,International,Theater
Boy Golden,2026,2026-11-16,,LIVE NATION CANADA (LN),0.0,25737.07,428.0,0,0,2,0,0,1,International,Theater
America,2026,2026-11-16,,LIVE NATION MUSIC,4786730.81,4477164.55,1750231.2,5,8,180,41,0,14,International,Theater
"The A, B, C &amp; D Of Boogie Woogie",2026,2026-11-16,,LIVE NATION CANADA (LN),0.0,0.0,0.0,0,0,0,1,0,0,International,Theater
Jeff Tweedy,2026,2026-11-16,,MCD PRODUCTIONS,562703.29,178934.5,228450.0,0,0,40,30,1,2,International,Theater
Shinedown,2026,2026-11-16,,DF CONCERTS,21978496.17,0.0,22220750.76,55,179,59,38,3,13,International,Arena
"Signal, Wordless Music Orchestra",2026,2026-11-16,,"LIVE NATION UK FOR ARTIST, TOUR, FESTIVAL AND PRESALE NEWS",0.0,0.0,0.0,0,0,1,0,0,0,International,Theater
Yard Act,2026,2026-11-16,,LIVE NATION MUSIC UK LTD,0.0,177300.56,24995.34,0,0,4,16,0,2,International,Club
Rita Wilson,2026,2026-11-16,,DF CONCERTS,45840.0,0.0,0.0,0,0,2,11,0,0,International,Theater
edgehill,2026,2026-11-16,,"LIVE NATION UK FOR ARTIST, TOUR, FESTIVAL AND PRESALE NEWS",0.0,0.0,0.0,0,0,0,1,0,0,International,Club
Henry &amp; The Invisibles,2026,2026-11-16,,"LIVE NATION UK FOR ARTIST, TOUR, FESTIVAL AND PRESALE NEWS",0.0,0.0,0.0,0,0,0,3,0,0,International,Club
Shinedown,2026,2026-11-16,,DF CONCERTS,21978496.17,0.0,22220750.76,55,179,59,38,3,13,International,Arena
Mon Laferte,2026,2026-11-16,,OCESA,0.0,7944725.15,0.0,5,24,35,10,3,3,International,Theater
Estela Nuñez,2026,2026-11-16,,OCESA,81972.32,285833.85,21920.59,0,1,2,12,0,0,International,Theater
Pitbull,2026,2026-11-16,,Live Nation GmbH,16938177.86,38572623.0,4171765.41,116,90,54,7,17,12,International,Amphitheatre
Andreas Gabalier,2026,2026-11-16,,Live Nation GmbH,6533472.3,5036718.25,11601676.81,9,28,1,0,12,4,International,Arena
Beth Hart,2026,2026-11-16,,Live Nation,1568516.61,600861.0700000001,493581.99,1,2,48,45,0,2,International,Theater
ElGrandeToto,2026,2026-11-16,,Live Nation,108850.93,0.0,113186.65,0,0,0,2,0,0,International,Club
Europe,2026,2026-11-16,,Live Nation España S.A.U.,105381.03,0.0,383950.78,0,2,8,2,3,2,International,Theater
"Avenged Sevenfold, Good Charlotte",2026,2026-11-16,,Live Nation Venues Netherlands BV Afas Live,0.0,0.0,0.0,13,3,0,0,0,0,International,Amphitheatre
Korn,2026,2026-11-16,,LIVE NATION CZECH REPUBLIC s.r.o.,7267179.31,12956787.2,0.0,43,43,20,32,5,8,International,Arena
Periphery,2026,2026-11-17,,LIVE NATION MUSIC,0.0,508193.42,0.0,0,0,21,57,0,3,US,Club
Forever,2026,2026-11-17,,LIVE NATION MUSIC,70329.51,0.0,0.0,0,1,0,0,0,0,US,Arena
First to Eleven,2026,2026-11-17,,LIVE NATION MUSIC,16862.33,29190.88,21797.0,0,0,2,24,0,0,US,Club
Whitechapel,2026,2026-11-17,,LIVE NATION MUSIC,378503.41,16256.84,0.0,1,0,3,80,0,4,US,Theater
Insomnium,2026,2026-11-17,,LIVE NATION MUSIC,64768.380000000005,39199.35,15069.36,0,0,0,11,0,1,US,Club
Doja Cat,2026,2026-11-17,,LIVE NATION MUSIC,7384674.46,7298161.81,31988065.4,0,39,0,9,0,0,US,Arena
KATSEYE,2026,2026-11-17,,LIVE NATION MUSIC,3772036.89,0.0,0.0,0,1,5,2,0,0,US,Arena
Three Days Grace,2026,2026-11-17,,LIVE NATION MUSIC,2587583.58,0.0,514555.96,4,55,36,61,0,8,US,Arena
Jonas Brothers,2026,2026-11-17,,LIVE NATION MUSIC,81959444.45,30144554.31,109403725.33,84,205,28,1,31,5,US,Arena
"""Les Nits de Barcelona"", Sting",2026,2026-11-17,,LIVE NATION MUSIC,0.0,0.0,0.0,0,0,0,0,0,1,US,Other
Steve Lacy,2026,2026-11-17,,LIVE NATION MUSIC,0.0,0.0,48400.0,1,2,2,7,0,0,US,Theater
"Chicago, Styx",2026,2026-11-17,,LIVE NATION MUSIC,0.0,0.0,0.0,0,0,1,0,0,0,US,Theater
Shaun Cassidy,2026,2026-11-17,,LIVE NATION MUSIC,251312.73,55190.0,104061.5,0,0,8,14,0,0,US,Arena
Medium Build,2026,2026-11-17,,LIVE NATION MUSIC,81782.66,277378.99,6501.48,0,0,2,34,0,1,US,Arena
Triumph,2026,2026-11-17,,LIVE NATION MUSIC,0.0,0.0,0.0,0,7,1,1,0,0,US,Arena
"The A, B, C &amp; D Of Boogie Woogie",2026,2026-11-17,,LIVE NATION MUSIC,0.0,0.0,0.0,0,0,0,1,0,0,US,Theater
The Damned,2026,2026-11-17,,LIVE NATION MUSIC,97432.23,36495.0,221258.34,0,2,7,31,0,1,US,Club
Blue October,2026,2026-11-17,,LIVE NATION MUSIC,380805.29,725828.84,1268376.38,4,2,79,177,1,3,US,Club
Imminence,2026,2026-11-17,,LIVE NATION MUSIC,470438.32,155312.11,0.0,0,0,3,36,0,15,US,Club
Straight No Chaser,2026,2026-11-17,,EMPORIUM PRESENTS,2299805.32,4207526.41,4491645.23,15,31,600,29,0,23,US,Theater
Alter Bridge,2026,2026-11-17,,LIVE NATION MUSIC,0.0,0.0,1508123.42,1,40,41,59,1,6,US,Theater
Sugarland,2026,2026-11-17,,LIVE NATION MUSIC,0.0,0.0,0.0,71,60,8,1,4,4,US,Arena
Jack White,2026,2026-11-17,,LIVE NATION MUSIC,9888079.67,1029333.01,0.0,8,36,58,33,2,4,US,Theater
Samantha Fish,2026,2026-11-17,,LIVE NATION MUSIC,227840.93,340430.78,88562.14,2,0,30,77,0,1,US,Club
The Stray Cats,2026,2026-11-17,,LIVE NATION MUSIC,0.0,370279.0,0.0,2,0,3,6,0,0,US,Club
Matt Hansen,2026,2026-11-17,,LIVE NATION MUSIC,167808.59,12300.0,0.0,0,0,0,11,0,3,US,Club
Toosii,2026,2026-11-17,,HOUSE OF BLUES CONCERTS (HOB),0.0,0.0,169724.5,0,0,1,4,0,0,US,Club
Gary Numan,2026,2026-11-17,,LIVE NATION MUSIC,1760819.26,1454805.64,269072.33999999997,0,5,50,62,0,2,US,Club
"""AMA Music Festival"", Alice Cooper",2026,2026-11-17,,LIVE NATION MUSIC,0.0,0.0,0.0,0,0,0,0,0,1,US,Theater
Amble,2026,2026-11-17,,LIVE NATION MUSIC,4723469.38,406488.11,0.0,0,5,9,43,2,5,US,Club
Skilla Baby,2026,2026-11-17,,LIVE NATION MUSIC,0.0,32505.0,0.0,0,0,0,1,0,0,US,Club
Sabaton,2026,2026-11-17,,LIVE NATION MUSIC,13311096.98,0.0,3200841.5700000003,0,31,18,33,0,0,US,Club
Rival Sons,2026,2026-11-17,,LIVE NATION MUSIC,174160.14,116553.8,395290.35,0,2,30,81,0,1,US,Club
Steve Taylor &amp; The Perfect Foil,2026,2026-11-17,,LIVE NATION MUSIC,0.0,0.0,0.0,0,0,0,4,0,1,US,Theater
Giant Rooks,2026,2026-11-17,,LIVE NATION MUSIC,1078245.57,4045025.2,274287.68,0,12,13,33,8,14,US,Club
Slow Pulp,2026,2026-11-17,,LIVE NATION MUSIC,0.0,106046.0,34083.07,0,0,1,10,0,0,US,Theater
"Dragonforce, Amaranthe",2026,2026-11-17,,HOUSE OF BLUES CONCERTS (HOB),0.0,247413.25,0.0,0,0,2,1,0,0,US,Theater
Sad &amp; Boujee,2026,2026-11-17,,LIVE NATION MUSIC,0.0,0.0,0.0,0,0,0,4,0,0,US,Club
Kenny G,2026,2026-11-17,,LIVE NATION MUSIC,1781773.31,1267935.35,317631.65,6,4,139,22,0,4,US,Arena
The High &amp; Wides,2026,2026-11-17,,LIVE NATION MUSIC,0.0,0.0,2440.0,0,0,0,1,0,0,US,Theater
almost monday,2026,2026-11-17,,LIVE NATION MUSIC,58670.4,0.0,2884.0,0,0,0,9,0,1,US,Theater
"""Past, Present, Future: A Dance Gala""",2026,2026-11-17,,LIVE NATION MUSIC,0.0,0.0,0.0,0,0,1,0,0,0,US,Theater
Static Dress,2026,2026-11-17,,LIVE NATION MUSIC,0.0,0.0,0.0,0,0,0,1,0,0,US,Theater
Wage War,2026,2026-11-17,,LIVE NATION MUSIC,0.0,250965.5,163464.08000000002,0,1,4,25,0,1,US,Club
Sir Woman,2026,2026-11-17,,LIVE NATION MUSIC,111367.07,26860.0,0.0,0,0,0,30,0,0,US,Theater
Internet Girl,2026,2026-11-17,,LIVE NATION MUSIC,2637.67,0.0,0.0,0,0,1,1,0,0,US,Club
Liana Flores,2026,2026-11-17,,LIVE NATION MUSIC,0.0,26934.07,0.0,0,0,0,4,0,0,US,Club
"""Past, Present, Future: A Dance Gala""",2026,2026-11-17,,LIVE NATION MUSIC,0.0,0.0,0.0,0,0,1,0,0,0,US,Theater
Protomartyr,2026,2026-11-17,,LIVE NATION TENNESSEE,37547.06,16935.12,72312.29000000001,0,0,1,32,0,3,US,Club
SiM,2026,2026-11-17,,LIVE NATION MUSIC,0.0,78357.29000000001,0.0,0,0,0,4,0,0,US,Theater
Hot Mulligan,2026,2026-11-17,,LIVE NATION MUSIC,556359.5,349447.57,159797.75,0,0,9,20,0,3,US,Theater
Son Volt,2026,2026-11-17,,LIVE NATION MUSIC,15740.0,0.0,41939.5,1,0,9,49,0,0,US,Theater
"Jay Park, LNGSHOT, BIBI, Milli, AI, Kvi Baba",2026,2026-11-17,,LIVE NATION MUSIC,0.0,0.0,0.0,0,0,0,0,0,1,US,Other
Ben &amp; Rose,2026,2026-11-17,,LIVE NATION MUSIC,0.0,0.0,0.0,0,0,1,0,0,0,US,Theater
Em Beihold,2026,2026-11-17,,LIVE NATION MUSIC,0.0,47484.44,0.0,0,0,1,16,0,0,US,Club
Ben &amp; Rose,2026,2026-11-17,,LIVE NATION MUSIC,0.0,0.0,0.0,0,0,1,0,0,0,US,Theater
Isaiah Rashad,2026,2026-11-17,,LIVE NATION MUSIC,0.0,274022.0,388038.79,0,1,16,46,0,0,US,Club
Evan Honer,2026,2026-11-17,,LIVE NATION MUSIC,421443.22,508688.63,0.0,1,0,15,70,0,0,US,Theater
Evan Honer,2026,2026-11-17,,LIVE NATION MUSIC,421443.22,508688.63,0.0,1,0,15,70,0,0,US,Theater
Shwayze,2026,2026-11-17,,LIVE NATION MUSIC,12592.0,2744.0,7950.0,0,0,2,45,0,2,US,Club
Theo Kandel,2026,2026-11-17,,LIVE NATION MUSIC,0.0,0.0,0.0,0,0,0,1,0,0,US,Club
Em Beihold,2026,2026-11-17,,LIVE NATION MUSIC,0.0,47484.44,0.0,0,0,1,16,0,0,US,Club
Underoath,2026,2026-11-17,,LIVE NATION MUSIC,0.0,418700.1,308406.2,0,2,22,75,0,4,International,Club
Orville Peck,2026,2026-11-17,,LIVE NATION CANADA (LN),0.0,1089190.07,122699.0,2,0,10,21,0,3,International,Club
Gene,2026,2026-11-17,,LIVE NATION CANADA (LN),0.0,0.0,0.0,0,0,1,1,0,0,International,Theater
Mountain Grass Unit,2026,2026-11-17,,LIVE NATION CANADA (LN),30000.0,7592.0,684.0,1,0,1,7,0,1,International,Club
Slaughter To Prevail,2026,2026-11-17,,LIVE NATION CANADA (LN),157166.6,52042.05,248864.27,0,4,13,23,0,1,International,Theater
Jeff Tweedy,2026,2026-11-17,,MCD PRODUCTIONS,562703.29,178934.5,228450.0,0,0,40,30,1,2,International,Theater
Ocean Colour Scene,2026,2026-11-17,,MCD PRODUCTIONS,4118544.11,922906.98,433257.29,1,7,64,10,0,4,International,Theater
Teenage Fanclub,2026,2026-11-17,,MCD PRODUCTIONS,146828.7,71205.66,113926.9,2,0,7,38,0,5,International,Theater
"Me, Grimlock!",2026,2026-11-17,,MCD PRODUCTIONS,198.0,0.0,0.0,0,0,0,1,0,0,International,Club
Shinedown,2026,2026-11-17,,LIVE NATION MUSIC UK LTD,21978496.17,0.0,22220750.76,55,179,59,38,3,13,International,Arena
Yard Act,2026,2026-11-17,,LIVE NATION MUSIC UK LTD,0.0,177300.56,24995.34,0,0,4,16,0,2,International,Club
The Temperance Movement,2026,2026-11-17,,LIVE NATION MUSIC UK LTD,166743.47,0.0,0.0,0,0,1,20,0,0,International,Club
Sarah,2026,2026-11-17,,LIVE NATION MUSIC UK LTD,0.0,1514.12,0.0,0,0,0,1,0,0,International,Club
Radio Free Alice,2026,2026-11-17,,"LIVE NATION UK FOR ARTIST, TOUR, FESTIVAL AND PRESALE NEWS",17942.0,0.0,0.0,0,0,0,4,0,1,International,Club
Henry &amp; The Invisibles,2026,2026-11-17,,"LIVE NATION UK FOR ARTIST, TOUR, FESTIVAL AND PRESALE NEWS",0.0,0.0,0.0,0,0,0,3,0,0,International,Club
Lonely The Brave,2026,2026-11-17,,"LIVE NATION UK FOR ARTIST, TOUR, FESTIVAL AND PRESALE NEWS",0.0,0.0,0.0,0,0,0,7,0,0,International,Theater
Jack Johnson,2026,2026-11-17,,LIVE NATION AUSTRALIA,0.0,0.0,3419683.68,100,12,18,1,12,15,International,Arena
Dermot Kennedy,2026,2026-11-17,,LIVE NATION AUSTRALIA,715573.15,0.0,19937522.59,6,39,56,61,10,4,International,Club
Dimash Qudaibergen,2026,2026-11-17,,OCESA,3967014.37,0.0,0.0,0,3,1,0,0,0,International,Arena
Uriah Heep,2026,2026-11-17,,Live Nation,814922.03,72415.0,0.0,1,2,33,20,0,3,International,Theater
Uriah Heep,2026,2026-11-17,,Live Nation,814922.03,72415.0,0.0,1,2,33,20,0,3,International,Theater
Andreas Gabalier,2026,2026-11-17,,Live Nation GmbH,6533472.3,5036718.25,11601676.81,9,28,1,0,12,4,International,Arena
Bloc Party,2026,2026-11-17,,Live Nation Venues Netherlands BV Afas Live,4617080.56,353727.51,1939103.48,6,15,23,27,2,3,International,Club
Korn,2026,2026-11-17,,Live Nation sp. z o.o.,7267179.31,12956787.2,0.0,43,43,20,32,5,8,International,Arena
Marathon,2026,2026-11-17,,Live Nation Sp. z o.o.,5419.08,1944.49,0.0,0,0,0,3,0,1,International,Club
The Kid LAROI,2026,2026-11-17,,LIVE NATION CZECH REPUBLIC s.r.o.,0.0,8502598.75,2968556.88,2,32,8,9,1,3,International,Arena
Wage War,2026,2026-11-18,,LIVE NATION MUSIC,0.0,250965.5,163464.08000000002,0,1,4,25,0,1,US,Club
Periphery,2026,2026-11-18,,LIVE NATION MUSIC,0.0,508193.42,0.0,0,0,21,57,0,3,US,Club
Motionless In White,2026,2026-11-18,,LIVE NATION MUSIC,131287.04,0.0,1810722.63,7,19,22,41,0,2,US,Arena
The Revivalists,2026,2026-11-18,,LIVE NATION MUSIC,1240773.86,540575.0,5373043.16,28,0,35,86,0,7,US,Club
"Drop Electric, Tone",2026,2026-11-18,,LIVE NATION MUSIC,0.0,0.0,0.0,0,0,0,1,0,0,US,Club
Imminence,2026,2026-11-18,,LIVE NATION MUSIC,470438.32,155312.11,0.0,0,0,3,36,0,15,US,Theater
Holywatr,2026,2026-11-18,,LIVE NATION MUSIC,10133.0,0.0,0.0,0,0,0,3,0,0,US,Club
Rod Wave,2026,2026-11-18,,LIVE NATION MUSIC,21434081.53,44782080.52,58117202.64,1,85,1,0,0,0,US,Arena
Karan Aujla,2026,2026-11-18,,LIVE NATION MUSIC,3420048.2,5984529.85,132877.75,0,14,0,1,0,0,US,Arena
The Neighbourhood,2026,2026-11-18,,LIVE NATION MUSIC,0.0,0.0,0.0,1,16,29,68,1,0,US,Arena
Reason,2026,2026-11-18,,LIVE NATION MUSIC,0.0,3617.6,1440.0,0,0,1,1,0,0,US,Arena
Doja Cat,2026,2026-11-18,,LIVE NATION MUSIC,7384674.46,7298161.81,31988065.4,0,39,0,9,0,0,US,Arena
Pentatonix,2026,2026-11-18,,LIVE NATION MUSIC,10014000.83,20747784.25,16735657.71,59,174,94,50,3,9,US,Arena
"""Les Nits de Barcelona"", Sting",2026,2026-11-18,,LIVE NATION MUSIC,0.0,0.0,0.0,0,0,0,0,0,1,US,Other
Three Days Grace,2026,2026-11-18,,LIVE NATION MUSIC,2587583.58,0.0,514555.96,4,55,36,61,0,8,US,Arena
Rawayana,2026,2026-11-18,,LIVE NATION MUSIC,0.0,1859072.56,268722.57,0,16,7,9,1,1,US,Theater
Goose,2026,2026-11-18,,LIVE NATION MUSIC,5160693.6,9983793.26,3369442.55,35,7,43,57,11,13,US,Arena
Triumph,2026,2026-11-18,,LIVE NATION MUSIC,0.0,0.0,0.0,0,7,1,1,0,0,US,Arena
"Dream, Ivory",2026,2026-11-18,,LIVE NATION MUSIC,0.0,0.0,3737.51,0,0,0,4,0,0,US,Arena
Manic Street Preachers,2026,2026-11-18,,LIVE NATION MUSIC,1615139.12,964993.56,0.0,0,15,28,16,2,0,US,Theater
GWAR,2026,2026-11-18,,LIVE NATION MUSIC,232622.19,250475.13,96717.0,0,3,30,172,0,3,US,Club
Victor &amp; Leo,2026,2026-11-18,,LIVE NATION MUSIC,0.0,0.0,0.0,0,0,24,1,0,0,US,Theater
Palace,2026,2026-11-18,,LIVE NATION MUSIC,216325.96,176855.55,138298.91,0,0,7,19,0,1,US,Club
Geoff Tate's Operation: Mindcrime,2026,2026-11-18,,LIVE NATION MUSIC,283320.71,0.0,0.0,0,0,19,36,0,1,US,Club
Blood Brothers,2026,2026-11-18,,LIVE NATION MUSIC,12619.75,37725.5,12942.0,0,0,2,3,0,0,US,Theater
Jessie Reyez,2026,2026-11-18,,LIVE NATION MUSIC,1791362.54,0.0,120873.09,0,0,14,18,0,0,US,Club
Clara La San,2026,2026-11-18,,LIVE NATION MUSIC,2553.98,0.0,0.0,0,0,0,6,0,0,US,Club
The High &amp; Wides,2026,2026-11-18,,LIVE NATION MUSIC,0.0,0.0,2440.0,0,0,0,1,0,0,US,Club
Hawthorne Heights,2026,2026-11-18,,LIVE NATION MUSIC,10175.0,356921.46,49305.0,2,0,4,55,0,5,US,Club
Jack White,2026,2026-11-18,,LIVE NATION MUSIC,9888079.67,1029333.01,0.0,8,36,58,33,2,4,US,Theater
"Dragonforce, Amaranthe",2026,2026-11-18,,HOUSE OF BLUES CONCERTS (HOB),0.0,247413.25,0.0,0,0,2,1,0,0,US,Theater
"Joey Fatone, AJ McLean",2026,2026-11-18,,LIVE NATION MUSIC,0.0,1007339.51,0.0,1,0,6,2,0,0,US,Theater
Yung Gravy,2026,2026-11-18,,LIVE NATION MUSIC,206906.93,654682.31,71100.12,0,2,7,36,0,1,US,Club
Straight No Chaser,2026,2026-11-18,,LIVE NATION MUSIC,2299805.32,4207526.41,4491645.23,15,31,600,29,0,23,US,Theater
Evan Honer,2026,2026-11-18,,LIVE NATION MUSIC,421443.22,508688.63,0.0,1,0,15,70,0,0,US,Club
Rhye,2026,2026-11-18,,LIVE NATION MUSIC,0.0,0.0,0.0,0,1,7,31,0,0,US,Club
Straight No Chaser,2026,2026-11-18,,LIVE NATION MUSIC,2299805.32,4207526.41,4491645.23,15,31,600,29,0,23,US,Theater
Saosin,2026,2026-11-18,,LIVE NATION MUSIC,0.0,43142.5,30500.0,0,0,3,12,0,0,US,Club
The Mountain Goats,2026,2026-11-18,,LIVE NATION MUSIC,241720.5,393936.0,468049.74,0,0,26,125,0,2,US,Theater
Giant Rooks,2026,2026-11-18,,LIVE NATION MUSIC,1078245.57,4045025.2,274287.68,0,12,13,33,8,14,US,Club
Rival Sons,2026,2026-11-18,,HOUSE OF BLUES CONCERTS (HOB),174160.14,116553.8,395290.35,0,2,30,81,0,1,US,Club
Arcángel,2026,2026-11-18,,LIVE NATION MUSIC,0.0,5578759.22,9635530.99,2,31,6,0,4,1,US,Arena
Liana Flores,2026,2026-11-18,,LIVE NATION MUSIC,0.0,26934.07,0.0,0,0,0,4,0,0,US,Club
Arch Enemy,2026,2026-11-18,,LIVE NATION MUSIC,1722037.99,76326.55,317290.83999999997,0,6,18,34,0,6,US,Club
Miss May I,2026,2026-11-18,,LIVE NATION MUSIC,33167.6,19800.0,0.0,0,0,3,32,0,2,US,Club
King Crimson,2026,2026-11-18,,LIVE NATION MUSIC,0.0,0.0,0.0,9,5,42,4,1,3,US,Theater
King Crimson,2026,2026-11-18,,LIVE NATION MUSIC,0.0,0.0,0.0,9,5,42,4,1,3,US,Theater
Alyssa &amp; Wayne Brewer,2026,2026-11-18,,LIVE NATION MUSIC,505.0,0.0,0.0,0,0,0,1,0,0,US,Club
Tune-Yards,2026,2026-11-18,,LIVE NATION MUSIC,55820.0,0.0,0.0,0,0,11,63,0,0,US,Club
Low Cut Connie,2026,2026-11-18,,LIVE NATION MUSIC,118952.77,10166.0,27620.0,0,0,3,58,0,2,US,Theater
Tiny Habits,2026,2026-11-18,,LIVE NATION MUSIC,0.0,97332.67,7488.3,0,0,4,7,0,0,US,Theater
Jason Bonham,2026,2026-11-18,,LIVE NATION MUSIC,0.0,163048.0,39752.0,0,0,3,1,0,0,US,Theater
Cheap Trick,2026,2026-11-18,,LIVE NATION MUSIC,342428.99,910817.9,1874345.63,6,2,69,25,0,12,US,Theater
Elevation Rhythm,2026,2026-11-18,,FRANK PRODUCTIONS,1181872.67,0.0,0.0,0,1,6,20,0,0,US,Theater
Head,2026,2026-11-18,,LIVE NATION MUSIC,0.0,0.0,0.0,0,0,0,3,0,0,US,Theater
The Midnight,2026,2026-11-18,,LIVE NATION MUSIC,623554.29,301290.25,609328.26,1,0,26,53,0,2,US,Club
gavn!,2026,2026-11-18,,LIVE NATION MUSIC,0.0,8873.0,0.0,0,0,0,5,0,0,US,Club
Hunxho,2026,2026-11-18,,LIVE NATION MUSIC,78330.0,70430.0,0.0,0,0,0,2,0,0,US,Club
Daily Bread,2026,2026-11-18,,LIVE NATION MUSIC,1463202.24,566802.2,17130.0,3,0,0,11,0,0,US,Club
Forever,2026,2026-11-18,,LIVE NATION MUSIC,70329.51,0.0,0.0,0,1,0,0,0,0,US,Theater
Daisy Grenade,2026,2026-11-18,,HOUSE OF BLUES CONCERTS (HOB),0.0,0.0,0.0,0,0,0,1,0,0,US,Club
The War and Treaty,2026,2026-11-18,,LIVE NATION MUSIC,259653.86,53398.5,166337.76,0,0,12,33,0,2,US,Club
Amble,2026,2026-11-18,,LIVE NATION MUSIC,4723469.38,406488.11,0.0,0,5,9,43,2,5,US,Theater
The Stray Cats,2026,2026-11-18,,LIVE NATION MUSIC,0.0,370279.0,0.0,2,0,3,6,0,0,US,Theater
The Wooten Brothers,2026,2026-11-18,,FRANK PRODUCTIONS,40867.25,335377.25,0.0,0,0,4,18,0,1,US,Club
Peppermint,2026,2026-11-18,,LIVE NATION MUSIC,0.0,0.0,0.0,0,0,0,3,0,0,US,Club
R&amp;B Vibes Live,2026,2026-11-18,,LIVE NATION MUSIC,0.0,0.0,0.0,0,0,0,2,0,0,US,Club
"Kolby Cooper, Austin Snell",2026,2026-11-18,,FRANK PRODUCTIONS,0.0,0.0,0.0,0,0,0,6,0,0,US,Club
Toosii,2026,2026-11-18,,HOUSE OF BLUES CONCERTS (HOB),0.0,0.0,169724.5,0,0,1,4,0,0,US,Club
Fruit Bats,2026,2026-11-18,,LIVE NATION TENNESSEE,0.0,160931.87,133000.0,0,0,2,51,0,1,US,Club
The Stray Cats,2026,2026-11-18,,LIVE NATION MUSIC,0.0,370279.0,0.0,2,0,3,6,0,0,US,Theater
Sabaton,2026,2026-11-18,,LIVE NATION MUSIC,13311096.98,0.0,3200841.5700000003,0,31,18,33,0,0,US,Arena
Sabaton,2026,2026-11-18,,LIVE NATION MUSIC,13311096.98,0.0,3200841.5700000003,0,31,18,33,0,0,US,Arena
"Kip Moore, Jackson Dean",2026,2026-11-18,,LIVE NATION MUSIC,0.0,0.0,0.0,0,0,1,0,0,0,US,Theater
Jamila Woods,2026,2026-11-18,,LIVE NATION MUSIC,0.0,83093.0,0.0,0,0,0,13,0,0,US,Theater
Pouya,2026,2026-11-18,,LIVE NATION MUSIC,198768.95,0.0,296648.0,0,0,21,62,0,4,US,Club
Pouya,2026,2026-11-18,,LIVE NATION MUSIC,198768.95,0.0,296648.0,0,0,21,62,0,4,US,Club
"DJ Moma, Showcase, Flygerian",2026,2026-11-18,,LIVE NATION MUSIC,0.0,0.0,0.0,0,0,0,1,0,0,US,Club
Token,2026,2026-11-18,,LIVE NATION MUSIC,0.0,0.0,42053.64,0,0,1,17,0,1,US,Club
Token,2026,2026-11-18,,LIVE NATION MUSIC,0.0,0.0,42053.64,0,0,1,17,0,1,US,Club
"Prof, Yelawolf, That Mexican Ot",2026,2026-11-18,,LIVE NATION MUSIC,0.0,0.0,0.0,0,0,0,1,0,0,US,Arena
Trivium,2026,2026-11-18,,LIVE NATION CANADA (LN),398903.12,0.0,378436.41,0,3,22,57,0,1,International,Theater
Orville Peck,2026,2026-11-18,,LIVE NATION CANADA (LN),0.0,1089190.07,122699.0,2,0,10,21,0,3,International,Club
Dweezil Zappa,2026,2026-11-18,,LIVE NATION CANADA (LN),1060154.55,1718199.74,0.0,0,0,69,53,0,3,International,Theater
Turnover,2026,2026-11-18,,LIVE NATION CANADA (LN),1497016.17,34201.28,13530.0,2,1,7,38,0,2,International,Club
Strawberry Guy,2026,2026-11-18,,LIVE NATION CANADA (LN),0.0,17830.48,7000.0,0,0,0,4,0,0,International,Club
Jorja Smith,2026,2026-11-18,,LIVE NATION CANADA (LN),2164559.81,2260192.21,355606.04,0,2,17,16,0,4,International,Theater
Slaughter To Prevail,2026,2026-11-18,,LIVE NATION CANADA (LN),157166.6,52042.05,248864.27,0,4,13,23,0,1,International,Club
Surprise Chef,2026,2026-11-18,,LIVE NATION CANADA (LN),25539.0,0.0,6370.0,0,0,0,5,0,0,International,Club
Graham Barham,2026,2026-11-18,,LIVE NATION MUSIC,11302.23,0.0,0.0,0,0,1,1,0,0,International,Club
Sam Shackleton,2026,2026-11-18,,LIVE NATION CANADA (LN),0.0,0.0,1264.49,0,0,0,1,0,2,International,Other
Rita Wilson,2026,2026-11-18,,MCD PRODUCTIONS,45840.0,0.0,0.0,0,0,2,11,0,0,International,Club
Bicurious,2026,2026-11-18,,MCD PRODUCTIONS,0.0,0.0,2367.88,0,0,0,1,0,0,International,Club
Ocean Colour Scene,2026,2026-11-18,,MCD PRODUCTIONS,4118544.11,922906.98,433257.29,1,7,64,10,0,4,International,Theater
Montell Fish,2026,2026-11-18,,MCD PRODUCTIONS,850372.49,98486.05,0.0,0,0,3,6,0,0,International,Stadium
Rain,2026,2026-11-18,,MCD PRODUCTIONS,0.0,0.0,207956.5,1,1,4,0,0,1,International,Theater
Don Toliver,2026,2026-11-18,,"LIVE NATION UK FOR ARTIST, TOUR, FESTIVAL AND PRESALE NEWS",9032674.43,8111510.19,3222824.84,1,61,12,7,0,2,International,Arena
Don Toliver,2026,2026-11-18,,"LIVE NATION UK FOR ARTIST, TOUR, FESTIVAL AND PRESALE NEWS",9032674.43,8111510.19,3222824.84,1,61,12,7,0,2,International,Arena
The Fray,2026,2026-11-18,,DF CONCERTS,3435458.38,161613.78,0.0,12,5,46,34,0,5,International,Theater
Yard Act,2026,2026-11-18,,LIVE NATION MUSIC UK LTD,0.0,177300.56,24995.34,0,0,4,16,0,2,International,Club
Enter Shikari,2026,2026-11-18,,DF CONCERTS,143338.19,1397539.45,140032.41,0,10,33,119,0,8,International,Club
Sarah,2026,2026-11-18,,LIVE NATION MUSIC UK LTD,0.0,1514.12,0.0,0,0,0,1,0,0,International,Club
PRESIDENT,2026,2026-11-18,,LIVE NATION MUSIC UK LTD,0.0,0.0,0.0,0,0,1,2,0,0,International,Club
Yes,2026,2026-11-18,,"LIVE NATION UK FOR ARTIST, TOUR, FESTIVAL AND PRESALE NEWS",1098821.45,1101005.98,1055360.96,24,9,159,38,0,9,International,Theater
Good Health Good Wealth,2026,2026-11-18,,"LIVE NATION UK FOR ARTIST, TOUR, FESTIVAL AND PRESALE NEWS",3601.02,0.0,0.0,0,0,0,2,0,0,International,Club
Charlie Noordewier,2026,2026-11-18,,"LIVE NATION UK FOR ARTIST, TOUR, FESTIVAL AND PRESALE NEWS",0.0,0.0,0.0,0,0,0,1,0,1,International,Club
Enter Shikari,2026,2026-11-18,,DF CONCERTS,143338.19,1397539.45,140032.41,0,10,33,119,0,8,International,Club
Jack Johnson,2026,2026-11-18,,LIVE NATION AUSTRALIA,0.0,0.0,3419683.68,100,12,18,1,12,15,International,Arena
Courtney Barnett,2026,2026-11-18,,LIVE NATION AUSTRALIA,0.0,0.0,54000.0,0,0,26,52,0,2,International,Theater
"MARO, NASAYA",2026,2026-11-18,,OCESA,11524.47,0.0,0.0,0,0,1,0,0,0,International,Theater
Emmanuel &amp; Mijares,2026,2026-11-18,,OCESA,2606004.45,10420069.05,5582201.26,1,2,43,0,1,2,International,Theater
Bloc Party,2026,2026-11-18,,Live Nation,4617080.56,353727.51,1939103.48,6,15,23,27,2,3,International,Club
"Signal, Wordless Music Orchestra",2026,2026-11-18,,Live Nation GmbH,0.0,0.0,0.0,0,0,1,0,0,0,International,Arena
Andreas Gabalier,2026,2026-11-18,,Live Nation GmbH,6533472.3,5036718.25,11601676.81,9,28,1,0,12,4,International,Arena
"""Festival International de Jazz De Montreal"", Saint Levant",2026,2026-11-18,,Live Nation / Vega,0.0,0.0,0.0,0,0,0,1,0,0,International,Club
Artemas,2026,2026-11-18,,Live Nation España S.A.U.,30822.0,725837.64,0.0,0,0,10,22,0,1,International,Club
Kneecap,2026,2026-11-18,,Live Nation Venues Netherlands BV Afas Live,4793495.64,512008.07,96574.89,0,5,10,10,1,0,International,Club
Placebo,2026,2026-11-18,,Live Nation sp. z o.o.,0.0,2551043.1,2841620.27,0,46,25,17,2,5,International,Arena
Arlo Parks,2026,2026-11-18,,Live Nation Sp. z o.o.,0.0,188443.48,348313.02999999997,0,0,6,22,0,0,International,Club
Nach,2026,2026-11-18,,Live Nation sp. z o.o.,0.0,0.0,366455.81999999995,0,3,11,2,1,1,International,Theater
Jack &amp; Jack,2026,2026-11-18,,Live Nation sp. z o.o.,26915.8,216160.36,0.0,1,0,7,45,0,1,International,Club
Marathon,2026,2026-11-18,,Live Nation Sp. z o.o.,5419.08,1944.49,0.0,0,0,0,3,0,1,International,Club
Europe,2026,2026-11-18,,LIVE NATION CZECH REPUBLIC s.r.o.,105381.03,0.0,383950.78,0,2,8,2,3,2,International,Theater
Motionless In White,2026,2026-11-19,,LIVE NATION MUSIC,131287.04,0.0,1810722.63,7,19,22,41,0,2,US,Arena
Trans-Siberian Orchestra,2026,2026-11-19,,LIVE NATION MUSIC,60413990.78,69204633.87,42632080.53,0,911,47,1,0,15,US,Arena
Trans-Siberian Orchestra,2026,2026-11-19,,LIVE NATION MUSIC,60413990.78,69204633.87,42632080.53,0,911,47,1,0,15,US,Arena
DJ Raphi,2026,2026-11-19,,LIVE NATION MUSIC,0.0,0.0,0.0,0,0,1,0,0,0,US,Theater
Planet Smashers,2026,2026-11-19,,LIVE NATION MUSIC,24701.45,0.0,0.0,0,0,0,14,0,0,US,Theater
iO,2026,2026-11-19,,LIVE NATION MUSIC,0.0,0.0,0.0,0,0,1,0,0,0,US,Theater
Aterciopelados,2026,2026-11-19,,LIVE NATION MUSIC,61183.24,184317.98,0.0,0,0,3,14,0,0,US,Club
Stevie Wonder,2026,2026-11-19,,LIVE NATION MUSIC,5077947.359999999,8495068.84,0.0,1,43,5,1,1,0,US,Arena
Rod Wave,2026,2026-11-19,,LIVE NATION MUSIC,21434081.53,44782080.52,58117202.64,1,85,1,0,0,0,US,Arena
Jessie Reyez,2026,2026-11-19,,LIVE NATION MUSIC,1791362.54,0.0,120873.09,0,0,14,18,0,0,US,Arena
The Neighbourhood,2026,2026-11-19,,LIVE NATION MUSIC,0.0,0.0,0.0,1,16,29,68,1,0,US,Arena
KATSEYE,2026,2026-11-19,,LIVE NATION MUSIC,3772036.89,0.0,0.0,0,1,5,2,0,0,US,Arena
Reason,2026,2026-11-19,,LIVE NATION MUSIC,0.0,3617.6,1440.0,0,0,1,1,0,0,US,Arena
Trans-Siberian Orchestra,2026,2026-11-19,,LIVE NATION MUSIC,60413990.78,69204633.87,42632080.53,0,911,47,1,0,15,US,Arena
Trans-Siberian Orchestra,2026,2026-11-19,,LIVE NATION MUSIC,60413990.78,69204633.87,42632080.53,0,911,47,1,0,15,US,Arena
Zayn,2026,2026-11-19,,LIVE NATION MUSIC,6179725.37,3409597.99,0.0,0,3,18,1,3,0,US,Arena
Little Big Town,2026,2026-11-19,,LIVE NATION MUSIC,2309214.5,13004819.31,2846985.5,23,68,94,16,1,12,US,Theater
Straight No Chaser,2026,2026-11-19,,LIVE NATION MUSIC,2299805.32,4207526.41,4491645.23,15,31,600,29,0,23,US,Theater
Pentatonix,2026,2026-11-19,,LIVE NATION MUSIC,10014000.83,20747784.25,16735657.71,59,174,94,50,3,9,US,Arena
Aaron Tveit,2026,2026-11-19,,LIVE NATION MUSIC,93296.9,0.0,0.0,0,0,4,4,0,0,US,Theater
Pentatonix,2026,2026-11-19,,LIVE NATION MUSIC,10014000.83,20747784.25,16735657.71,59,174,94,50,3,9,US,Arena
Julia Jacklin,2026,2026-11-19,,LIVE NATION MUSIC,0.0,141592.86,327508.12,0,0,13,47,0,7,US,Club
Steve Lacy,2026,2026-11-19,,LIVE NATION MUSIC,0.0,0.0,48400.0,1,2,2,7,0,0,US,Club
Yung Gravy,2026,2026-11-19,,LIVE NATION MUSIC,206906.93,654682.31,71100.12,0,2,7,36,0,1,US,Arena
Rawayana,2026,2026-11-19,,LIVE NATION MUSIC,0.0,1859072.56,268722.57,0,16,7,9,1,1,US,Theater
Bolo,2026,2026-11-19,,LIVE NATION MUSIC,2425.0,0.0,0.0,0,0,0,1,0,0,US,Club
Olivia Rodrigo,2026,2026-11-19,,LIVE NATION MUSIC,23420107.2,169307085.8,0.0,0,68,10,2,5,1,US,Arena
Trippie Redd,2026,2026-11-19,,LIVE NATION MUSIC,177248.89,171012.5,592049.0,4,5,6,7,0,1,US,Club
"""Past, Present, Future: A Dance Gala""",2026,2026-11-19,,LIVE NATION MUSIC,0.0,0.0,0.0,0,0,1,0,0,0,US,Theater
"""Past, Present, Future: A Dance Gala""",2026,2026-11-19,,LIVE NATION MUSIC,0.0,0.0,0.0,0,0,1,0,0,0,US,Theater
"""Past, Present, Future: A Dance Gala""",2026,2026-11-19,,LIVE NATION MUSIC,0.0,0.0,0.0,0,0,1,0,0,0,US,Theater
Once &amp; Future Band,2026,2026-11-19,,LIVE NATION MUSIC,0.0,0.0,0.0,0,0,0,1,0,0,US,Club
Tamar Braxton,2026,2026-11-19,,LIVE NATION MUSIC,0.0,79409.4,0.0,0,0,7,8,0,0,US,Club
"Senses Fail, Saves The Day",2026,2026-11-19,,LIVE NATION MUSIC,0.0,78419.0,0.0,0,0,0,1,0,0,US,Club
Underoath,2026,2026-11-19,,LIVE NATION MUSIC,0.0,418700.1,308406.2,0,2,22,75,0,4,US,Club
Three Dog Night,2026,2026-11-19,,LIVE NATION MUSIC,1653251.69,1897466.3,1809550.27,11,10,139,35,0,11,US,Theater
Dexter and The Moonrocks,2026,2026-11-19,,LIVE NATION MUSIC,116946.0,104565.0,62966.5,0,0,5,27,0,1,US,Club
Big Head Todd &amp; The Monsters,2026,2026-11-19,,FRANK PRODUCTIONS,1530350.0,3341487.26,3663794.64,40,1,52,108,1,11,US,Theater
Houndmouth,2026,2026-11-19,,LIVE NATION MUSIC,485615.93,156197.0,466832.0,1,0,26,112,0,3,US,Club
Alter Bridge,2026,2026-11-19,,LIVE NATION MUSIC,0.0,0.0,1508123.42,1,40,41,59,1,6,US,Theater
Story of the Year,2026,2026-11-19,,LIVE NATION MUSIC,0.0,543140.6,46795.0,0,0,10,17,0,2,US,Club
Bear,2026,2026-11-19,,HOUSE OF BLUES CONCERTS (HOB),0.0,0.0,0.0,0,0,0,1,0,0,US,Club
Upgrade,2026,2026-11-19,,LIVE NATION MUSIC,0.0,0.0,0.0,0,0,0,1,0,1,US,Club
Danny Brown,2026,2026-11-19,,LIVE NATION MUSIC,52375.0,552492.75,0.0,0,0,4,28,0,0,US,Club
Band Of Horses,2026,2026-11-19,,LIVE NATION MUSIC,442717.38,387852.65,434352.0,8,3,62,67,0,5,US,Amphitheatre
almost monday,2026,2026-11-19,,LIVE NATION MUSIC,58670.4,0.0,2884.0,0,0,0,9,0,1,US,Theater
Everclear,2026,2026-11-19,,HOUSE OF BLUES CONCERTS (HOB),566686.26,424897.62,173224.27,2,3,26,60,1,11,US,Club
Low Cut Connie,2026,2026-11-19,,LIVE NATION MUSIC,118952.77,10166.0,27620.0,0,0,3,58,0,2,US,Club
The Mountain Goats,2026,2026-11-19,,LIVE NATION MUSIC,241720.5,393936.0,468049.74,0,0,26,125,0,2,US,Theater
10 Years,2026,2026-11-19,,HOUSE OF BLUES CONCERTS (HOB),35281.43,47010.25,6775.0,0,0,11,90,0,3,US,Club
Of Mice &amp; Men,2026,2026-11-19,,LIVE NATION MUSIC,106382.23,138358.88999999998,112001.26,0,0,21,93,0,3,US,Club
Medium Build,2026,2026-11-19,,LIVE NATION MUSIC,81782.66,277378.99,6501.48,0,0,2,34,0,1,US,Club
Manic Street Preachers,2026,2026-11-19,,LIVE NATION MUSIC,1615139.12,964993.56,0.0,0,15,28,16,2,0,US,Theater
Frost Children,2026,2026-11-19,,LIVE NATION MUSIC,34742.79,0.0,0.0,0,0,0,8,0,0,US,Club
Pedro Fernández,2026,2026-11-19,,LIVE NATION MUSIC,1779091.23,1070035.34,992662.55,2,12,11,0,0,0,US,Arena
The Pineapple Thief,2026,2026-11-19,,LIVE NATION MUSIC,16406.77,77036.26,0.0,0,0,2,13,0,0,US,Theater
West 22nd,2026,2026-11-19,,LIVE NATION MUSIC,16408.0,7821.0,0.0,0,0,2,7,0,0,US,Club
Patrick Wolf,2026,2026-11-19,,LIVE NATION MUSIC,38299.88,9851.44,0.0,0,0,9,13,0,1,US,Theater
Skilla Baby,2026,2026-11-19,,LIVE NATION MUSIC,0.0,32505.0,0.0,0,0,0,1,0,0,US,Club
Father of Peace,2026,2026-11-19,,LIVE NATION MUSIC,0.0,0.0,0.0,0,0,0,1,0,0,US,Club
Meredith Marks,2026,2026-11-19,,LIVE NATION MUSIC,0.0,0.0,0.0,0,0,0,1,0,0,US,Theater
Forever,2026,2026-11-19,,LIVE NATION MUSIC,70329.51,0.0,0.0,0,1,0,0,0,0,US,Theater
CupcakKe,2026,2026-11-19,,LIVE NATION MUSIC,101640.0,185280.07,588884.75,1,0,9,89,0,0,US,Theater
Holywatr,2026,2026-11-19,,LIVE NATION MUSIC,10133.0,0.0,0.0,0,0,0,3,0,0,US,Theater
"The A, B, C &amp; D Of Boogie Woogie",2026,2026-11-19,,LIVE NATION MUSIC,0.0,0.0,0.0,0,0,0,1,0,0,US,Theater
Switchfoot,2026,2026-11-19,,LIVE NATION MUSIC,181031.87,600305.9299999999,763943.0,5,6,80,76,1,17,US,Theater
Born of Osiris,2026,2026-11-19,,FRANK PRODUCTIONS,36454.0,0.0,12944.0,0,0,6,48,0,0,US,Club
The Feeling,2026,2026-11-19,,LIVE NATION MUSIC,0.0,297272.37,0.0,0,0,9,10,0,0,US,Club
The Afghan Whigs,2026,2026-11-19,,HOUSE OF BLUES CONCERTS (HOB),0.0,0.0,0.0,0,0,11,64,0,0,US,Club
LOT,2026,2026-11-19,,LIVE NATION MUSIC,0.0,0.0,0.0,0,0,0,1,0,0,US,Club
King Buffalo,2026,2026-11-19,,LIVE NATION TENNESSEE,6070.0,13717.0,5145.0,0,0,0,21,0,1,US,Club
Joy Oladokun,2026,2026-11-19,,LIVE NATION MUSIC,221534.01,52154.13,111946.52,1,0,2,21,0,1,US,Theater
Hamilton Leithauser,2026,2026-11-19,,LIVE NATION MUSIC,25270.0,0.0,0.0,0,0,3,33,0,0,US,Club
"Joey Fatone, AJ McLean",2026,2026-11-19,,LIVE NATION MUSIC,0.0,1007339.51,0.0,1,0,6,2,0,0,US,Theater
Switchfoot,2026,2026-11-19,,LIVE NATION MUSIC,181031.87,600305.9299999999,763943.0,5,6,80,76,1,17,US,Theater
Reezy,2026,2026-11-19,,LIVE NATION MUSIC,0.0,4319110.34,0.0,0,13,7,1,0,0,US,Arena
Krooked Kings,2026,2026-11-19,,LIVE NATION MUSIC,0.0,37104.61,33932.4,0,0,2,17,0,1,US,Club
Bryan Andrews,2026,2026-11-19,,HOUSE OF BLUES CONCERTS (HOB),0.0,453.0,0.0,0,0,0,1,0,0,US,Club
Zack Fox,2026,2026-11-19,,LIVE NATION MUSIC,730584.1799999999,153619.24,94077.0,0,0,7,21,0,1,US,Club
Humbird,2026,2026-11-19,,FRANK PRODUCTIONS,0.0,2349.0,0.0,0,0,0,3,0,0,US,Club
Joy Oladokun,2026,2026-11-19,,LIVE NATION MUSIC,221534.01,52154.13,111946.52,1,0,2,21,0,1,US,Theater
Hiss Golden Messenger,2026,2026-11-19,,LIVE NATION MUSIC,0.0,7598.0,93982.85,0,0,3,56,0,0,US,Club
"Joey Fatone, AJ McLean",2026,2026-11-19,,LIVE NATION MUSIC,0.0,1007339.51,0.0,1,0,6,2,0,0,US,Theater
Hiss Golden Messenger,2026,2026-11-19,,LIVE NATION MUSIC,0.0,7598.0,93982.85,0,0,3,56,0,0,US,Club
Catch Your Breath,2026,2026-11-19,,LIVE NATION CANADA (LN),10444.0,0.0,0.0,0,0,0,6,0,0,International,Theater
Orville Peck,2026,2026-11-19,,EVENKO CO-PRO WITH LIVE NATION,0.0,1089190.07,122699.0,2,0,10,21,0,3,International,Club
Sam Roberts Band,2026,2026-11-19,,LIVE NATION CANADA (LN),155964.84,33517.1,0.0,0,2,9,25,0,0,International,Theater
Victory,2026,2026-11-19,,LIVE NATION CANADA (LN),0.0,0.0,0.0,0,0,0,2,0,0,International,Club
Dzidzio,2026,2026-11-19,,LIVE NATION CANADA (LN),0.0,0.0,0.0,0,0,0,1,0,0,International,Theater
Ocean Colour Scene,2026,2026-11-19,,MCD PRODUCTIONS,4118544.11,922906.98,433257.29,1,7,64,10,0,4,International,Theater
feeble little horse,2026,2026-11-19,,MCD PRODUCTIONS,21240.08,0.0,0.0,0,0,0,3,0,0,International,Club
Chloe Slater,2026,2026-11-19,,MCD PRODUCTIONS,9538.91,0.0,0.0,0,0,0,3,0,0,International,Club
The Wanted,2026,2026-11-19,,MCD PRODUCTIONS,0.0,64362.72,0.0,0,21,11,8,0,1,International,Arena
Don Toliver,2026,2026-11-19,,"LIVE NATION UK FOR ARTIST, TOUR, FESTIVAL AND PRESALE NEWS",9032674.43,8111510.19,3222824.84,1,61,12,7,0,2,International,Arena
Shinedown,2026,2026-11-19,,LIVE NATION MUSIC UK LTD,21978496.17,0.0,22220750.76,55,179,59,38,3,13,International,Arena
"Avenged Sevenfold, Good Charlotte",2026,2026-11-19,,LIVE NATION MUSIC UK LTD,0.0,0.0,0.0,13,3,0,0,0,0,International,Amphitheatre
The Temperance Movement,2026,2026-11-19,,DF CONCERTS,166743.47,0.0,0.0,0,0,1,20,0,0,International,Club
"Me, Grimlock!",2026,2026-11-19,,"LIVE NATION UK FOR ARTIST, TOUR, FESTIVAL AND PRESALE NEWS",198.0,0.0,0.0,0,0,0,1,0,0,International,Club
"""Sounds Of The City"" UK, Shed Seven",2026,2026-11-19,,DF CONCERTS,288126.58,0.0,0.0,0,0,0,0,0,1,International,Theater
Villanelle,2026,2026-11-19,,"LIVE NATION UK FOR ARTIST, TOUR, FESTIVAL AND PRESALE NEWS",1919.8,3675.58,0.0,0,0,0,2,0,0,International,Club
Sarah,2026,2026-11-19,,LIVE NATION MUSIC UK LTD,0.0,1514.12,0.0,0,0,0,1,0,0,International,Club
Yes,2026,2026-11-19,,"LIVE NATION UK FOR ARTIST, TOUR, FESTIVAL AND PRESALE NEWS",1098821.45,1101005.98,1055360.96,24,9,159,38,0,9,International,Theater
The Guest List,2026,2026-11-19,,DF CONCERTS,6698.74,0.0,0.0,0,0,0,3,0,0,International,Club
LANCO,2026,2026-11-19,,"LIVE NATION UK FOR ARTIST, TOUR, FESTIVAL AND PRESALE NEWS",0.0,0.0,10756.62,1,0,3,15,0,0,International,Club
Look Mum No Computer,2026,2026-11-19,,LIVE NATION MUSIC UK LTD,0.0,0.0,0.0,0,0,0,1,0,1,International,Club
Men I Trust,2026,2026-11-19,,LIVE NATION AUSTRALIA,458161.38,217713.46,563334.52,1,0,5,19,0,1,International,Theater
Joji,2026,2026-11-19,,LIVE NATION AUSTRALIA,0.0,0.0,24251183.15,1,45,6,9,0,1,International,Arena
Bog,2026,2026-11-19,,OCESA,0.0,0.0,0.0,0,0,0,2,0,0,International,Club
David Bisbal,2026,2026-11-19,,OCESA,6822534.13,6134250.71,10430917.14,5,32,58,9,24,16,International,Theater
Dimash Qudaibergen,2026,2026-11-19,,OCESA,3967014.37,0.0,0.0,0,3,1,0,0,0,International,Arena
Res,2026,2026-11-19,,OCESA,0.0,4353.0,14926.0,0,0,0,8,0,0,International,Club
Pitbull,2026,2026-11-19,,Live Nation GmbH,16938177.86,38572623.0,4171765.41,116,90,54,7,17,12,International,Amphitheatre
The Browning,2026,2026-11-19,,Live Nation / Vega,20125.0,0.0,0.0,0,0,0,14,0,0,International,Club
,2026,2026-11-19,,Live Nation España S.A.U.,0.0,0.0,0.0,0,0,0,0,0,0,International,Club
Nach,2026,2026-11-19,,Live Nation sp. z o.o.,0.0,0.0,366455.81999999995,0,3,11,2,1,1,International,Theater
Lina,2026,2026-11-19,,Live Nation sp. z o.o,0.0,71095.42,94190.29,0,0,3,6,1,0,International,Club
Moon Walker,2026,2026-11-19,,Live Nation Sp. z o.o.,3085.0,3345.0,48175.3,0,0,1,26,0,0,International,Club
Rin,2026,2026-11-19,,LIVE NATION CZECH REPUBLIC s.r.o.,0.0,0.0,944381.57,0,2,1,1,0,0,International,Arena
Motionless In White,2026,2026-11-20,,LIVE NATION MUSIC,131287.04,0.0,1810722.63,7,19,22,41,0,2,US,Arena
The Menzingers,2026,2026-11-20,,LIVE NATION MUSIC,0.0,83860.93,175297.68,0,0,3,45,0,0,US,Club
"Dragonforce, Amaranthe",2026,2026-11-20,,HOUSE OF BLUES CONCERTS (HOB),0.0,247413.25,0.0,0,0,2,1,0,0,US,Theater
Catch Your Breath,2026,2026-11-20,,LIVE NATION MUSIC,10444.0,0.0,0.0,0,0,0,6,0,0,US,Theater
James,2026,2026-11-20,,LIVE NATION MUSIC,204585.33,867897.02,2276566.33,0,28,24,20,3,1,US,Arena
"""Anywhere, Everywhere""",2026,2026-11-20,,LIVE NATION MUSIC,0.0,0.0,0.0,0,0,0,1,0,0,US,Club
"Chris Brown, Usher",2026,2026-11-20,,LIVE NATION MUSIC,0.0,0.0,0.0,0,0,0,0,18,0,US,Stadium
John Summit,2026,2026-11-20,,LIVE NATION MUSIC,1618895.52,6378033.54,2121909.0,1,6,4,6,1,1,US,Arena
Zayn,2026,2026-11-20,,LIVE NATION MUSIC,6179725.37,3409597.99,0.0,0,3,18,1,3,0,US,Arena
Rush,2026,2026-11-20,,LIVE NATION MUSIC,0.0,0.0,0.0,40,118,1,0,2,8,US,Arena
Karan Aujla,2026,2026-11-20,,LIVE NATION MUSIC,3420048.2,5984529.85,132877.75,0,14,0,1,0,0,US,Arena
Doja Cat,2026,2026-11-20,,LIVE NATION MUSIC,7384674.46,7298161.81,31988065.4,0,39,0,9,0,0,US,Arena
Little Big Town,2026,2026-11-20,,LIVE NATION MUSIC,2309214.5,13004819.31,2846985.5,23,68,94,16,1,12,US,Theater
"""Les Nits de Barcelona"", Sting",2026,2026-11-20,,LIVE NATION MUSIC,0.0,0.0,0.0,0,0,0,0,0,1,US,Other
Trey Anastasio,2026,2026-11-20,,LIVE NATION MUSIC,2568069.9299999997,428723.49,0.0,9,5,67,35,1,3,US,Arena
Trey Anastasio,2026,2026-11-20,,LIVE NATION MUSIC,2568069.9299999997,428723.49,0.0,9,5,67,35,1,3,US,Arena
Smoke &amp; The Poet,2026,2026-11-20,,LIVE NATION MUSIC,0.0,0.0,2715.0,0,0,0,1,0,0,US,Arena
Arcángel,2026,2026-11-20,,LIVE NATION MUSIC,0.0,5578759.22,9635530.99,2,31,6,0,4,1,US,Theater
Jubin Nautiyal,2026,2026-11-20,,LIVE NATION MUSIC,0.0,162523.0,0.0,0,0,1,0,0,0,US,Theater
Marc Anthony,2026,2026-11-20,,LIVE NATION MUSIC,1824500.65,27755458.7,22295734.14,5,213,30,0,14,9,US,Arena
Fetty Wap,2026,2026-11-20,,LIVE NATION MUSIC,0.0,0.0,0.0,0,2,6,13,0,0,US,Club
Jack White,2026,2026-11-20,,LIVE NATION MUSIC,9888079.67,1029333.01,0.0,8,36,58,33,2,4,US,Theater
Rhye,2026,2026-11-20,,LIVE NATION MUSIC,0.0,0.0,0.0,0,1,7,31,0,0,US,Club
Ray Volpe,2026,2026-11-20,,LIVE NATION MUSIC,80831.85,46085.11,54152.78,0,0,2,8,0,0,US,Arena
Chat Pile,2026,2026-11-20,,LIVE NATION MUSIC,0.0,7187.0,8340.0,0,0,0,3,0,0,US,Arena
Houndmouth,2026,2026-11-20,,LIVE NATION MUSIC,485615.93,156197.0,466832.0,1,0,26,112,0,3,US,Club
The Stray Cats,2026,2026-11-20,,FRANK PRODUCTIONS,0.0,370279.0,0.0,2,0,3,6,0,0,US,Theater
Beartooth,2026,2026-11-20,,LIVE NATION MUSIC,0.0,1116351.8,389208.25,1,4,15,41,1,2,US,Club
Olivia Rodrigo,2026,2026-11-20,,LIVE NATION MUSIC,23420107.2,169307085.8,0.0,0,68,10,2,5,1,US,Arena
Pedro Fernández,2026,2026-11-20,,LIVE NATION MUSIC,1779091.23,1070035.34,992662.55,2,12,11,0,0,0,US,Theater
Three Days Grace,2026,2026-11-20,,LIVE NATION MUSIC,2587583.58,0.0,514555.96,4,55,36,61,0,8,US,Arena
"""Past, Present, Future: A Dance Gala""",2026,2026-11-20,,LIVE NATION MUSIC,0.0,0.0,0.0,0,0,1,0,0,0,US,Theater
"The A, B, C &amp; D Of Boogie Woogie",2026,2026-11-20,,LIVE NATION MUSIC,0.0,0.0,0.0,0,0,0,1,0,0,US,Theater
Forever,2026,2026-11-20,,LIVE NATION MUSIC,70329.51,0.0,0.0,0,1,0,0,0,0,US,Arena
Jefferson Starship,2026,2026-11-20,,LIVE NATION MUSIC,540192.9,142250.0,363527.95,4,0,32,14,0,13,US,Arena
Wage War,2026,2026-11-20,,LIVE NATION MUSIC,0.0,250965.5,163464.08000000002,0,1,4,25,0,1,US,Club
Foghat,2026,2026-11-20,,LIVE NATION MUSIC,0.0,377679.45,90367.74,1,1,12,9,0,3,US,Theater
Tiny Habits,2026,2026-11-20,,LIVE NATION MUSIC,0.0,97332.67,7488.3,0,0,4,7,0,0,US,Club
Better Than Ezra,2026,2026-11-20,,HOUSE OF BLUES CONCERTS (HOB),67594.0,69299.9,77840.0,1,0,16,20,0,2,US,Club
"""AMA Music Festival"", Alice Cooper",2026,2026-11-20,,LIVE NATION MUSIC,0.0,0.0,0.0,0,0,0,0,0,1,US,Other
Brandi Carlile,2026,2026-11-20,,LIVE NATION MUSIC,3315699.58,3024414.0,4196113.21,55,11,118,71,2,10,US,Theater
Dexter and The Moonrocks,2026,2026-11-20,,LIVE NATION MUSIC,116946.0,104565.0,62966.5,0,0,5,27,0,1,US,Club
"Senses Fail, Saves The Day",2026,2026-11-20,,HOUSE OF BLUES CONCERTS (HOB),0.0,78419.0,0.0,0,0,0,1,0,0,US,Club
DK &amp; Morgan,2026,2026-11-20,,LIVE NATION MUSIC,0.0,0.0,0.0,0,0,1,0,0,0,US,Arena
El Tri,2026,2026-11-20,,LIVE NATION MUSIC,2545893.21,56655.0,362219.0,0,8,15,9,1,1,US,Theater
Big Head Todd &amp; The Monsters,2026,2026-11-20,,FRANK PRODUCTIONS,1530350.0,3341487.26,3663794.64,40,1,52,108,1,11,US,Theater
Marky Ramone,2026,2026-11-20,,LIVE NATION MUSIC,0.0,41865.0,0.0,0,0,2,5,0,0,US,Club
Bowling For Soup,2026,2026-11-20,,LIVE NATION MUSIC,1051669.3,850443.56,141147.11,0,4,24,50,0,2,US,Theater
Imminence,2026,2026-11-20,,LIVE NATION MUSIC,470438.32,155312.11,0.0,0,0,3,36,0,15,US,Club
Straight No Chaser,2026,2026-11-20,,LIVE NATION MUSIC,2299805.32,4207526.41,4491645.23,15,31,600,29,0,23,US,Theater
Everclear,2026,2026-11-20,,LIVE NATION MUSIC,566686.26,424897.62,173224.27,2,3,26,60,1,11,US,Club
Saosin,2026,2026-11-20,,LIVE NATION MUSIC,0.0,43142.5,30500.0,0,0,3,12,0,0,US,Theater
Straight No Chaser,2026,2026-11-20,,LIVE NATION MUSIC,2299805.32,4207526.41,4491645.23,15,31,600,29,0,23,US,Theater
The Mountain Goats,2026,2026-11-20,,LIVE NATION MUSIC,241720.5,393936.0,468049.74,0,0,26,125,0,2,US,Theater
"Tres Clásicos del Rock - Tributo a The Doors, The Beatles &amp; Toncho Pilatos",2026,2026-11-20,,EMPORIUM PRESENTS,0.0,0.0,13766.52,0,0,1,0,0,0,US,Theater
Clara La San,2026,2026-11-20,,LIVE NATION MUSIC,2553.98,0.0,0.0,0,0,0,6,0,0,US,Club
Chyno y Nacho,2026,2026-11-20,,LIVE NATION MUSIC,0.0,700281.5,0.0,0,1,2,2,0,0,US,Theater
Medium Build,2026,2026-11-20,,LIVE NATION MUSIC,81782.66,277378.99,6501.48,0,0,2,34,0,1,US,Club
Sabaton,2026,2026-11-20,,LIVE NATION MUSIC,13311096.98,0.0,3200841.5700000003,0,31,18,33,0,0,US,Club
Stayin' Alive: One Night of the Bee Gees,2026,2026-11-20,,EMPORIUM PRESENTS,426408.41,252820.95,192930.21,0,0,21,6,0,0,US,Theater
"Tres Clásicos del Rock - Tributo a The Doors, The Beatles &amp; Toncho Pilatos",2026,2026-11-20,,LIVE NATION MUSIC,0.0,0.0,13766.52,0,0,1,0,0,0,US,Theater
Guaco,2026,2026-11-20,,LIVE NATION MUSIC,120840.44,0.0,0.0,0,0,2,0,0,0,US,Theater
Switchfoot,2026,2026-11-20,,LIVE NATION MUSIC,181031.87,600305.9299999999,763943.0,5,6,80,76,1,17,US,Arena
Frost Children,2026,2026-11-20,,LIVE NATION MUSIC,34742.79,0.0,0.0,0,0,0,8,0,0,US,Club
Paul Cauthen,2026,2026-11-20,,LIVE NATION MUSIC,253411.02,213372.0,435342.0,0,0,2,58,0,3,US,Amphitheatre
West 22nd,2026,2026-11-20,,LIVE NATION MUSIC,16408.0,7821.0,0.0,0,0,2,7,0,0,US,Club
Earlybirds Club,2026,2026-11-20,,LIVE NATION MUSIC,18020.0,0.0,0.0,0,0,1,15,0,0,US,Club
The Pineapple Thief,2026,2026-11-20,,LIVE NATION MUSIC,16406.77,77036.26,0.0,0,0,2,13,0,0,US,Theater
Letters To Cleo,2026,2026-11-20,,LIVE NATION MUSIC,46354.5,45580.0,0.0,0,0,0,14,0,0,US,Club
Bear,2026,2026-11-20,,HOUSE OF BLUES CONCERTS (HOB),0.0,0.0,0.0,0,0,0,1,0,0,US,Club
Letters To Cleo,2026,2026-11-20,,LIVE NATION MUSIC,46354.5,45580.0,0.0,0,0,0,14,0,0,US,Club
Upgrade,2026,2026-11-20,,LIVE NATION MUSIC,0.0,0.0,0.0,0,0,0,1,0,1,US,Club
Armored Saint,2026,2026-11-20,,LIVE NATION MUSIC,0.0,0.0,0.0,0,0,0,3,0,0,US,Club
Akeem Ali,2026,2026-11-20,,LIVE NATION MUSIC,6800.0,10982.0,0.0,0,0,0,3,0,1,US,Club
Band Of Horses,2026,2026-11-20,,LIVE NATION MUSIC,442717.38,387852.65,434352.0,8,3,62,67,0,5,US,Theater
Giant Rooks,2026,2026-11-20,,LIVE NATION MUSIC,1078245.57,4045025.2,274287.68,0,12,13,33,8,14,US,Theater
Of Mice &amp; Men,2026,2026-11-20,,LIVE NATION MUSIC,106382.23,138358.88999999998,112001.26,0,0,21,93,0,3,US,Club
Skilla Baby,2026,2026-11-20,,LIVE NATION MUSIC,0.0,32505.0,0.0,0,0,0,1,0,0,US,Club
,2026,2026-11-20,,LIVE NATION MUSIC,0.0,0.0,0.0,0,0,0,0,0,0,US,Arena
Ax and the Hatchetmen,2026,2026-11-20,,LIVE NATION MUSIC,167304.38,10365.0,2059.0,0,0,2,28,0,0,US,Theater
Xperience,2026,2026-11-20,,LIVE NATION MUSIC,0.0,0.0,0.0,0,0,0,2,0,0,US,Club
"Melissa Etheridge, Wynonna Judd",2026,2026-11-20,,LIVE NATION MUSIC,0.0,0.0,0.0,3,0,0,0,0,0,US,Arena
Trippie Redd,2026,2026-11-20,,LIVE NATION MUSIC,177248.89,171012.5,592049.0,4,5,6,7,0,1,US,Club
The Jayhawks,2026,2026-11-20,,FRANK PRODUCTIONS,33795.0,90651.0,83559.5,2,0,31,66,0,0,US,Club
Broadway,2026,2026-11-20,,LIVE NATION MUSIC,0.0,0.0,0.0,0,0,0,2,0,0,US,Theater
Rav,2026,2026-11-20,,LIVE NATION MUSIC,0.0,0.0,7775.0,0,0,0,4,0,0,US,Theater
"Suicide Silence, Chelsea Grin",2026,2026-11-20,,LIVE NATION MUSIC,0.0,0.0,20000.0,0,0,0,1,0,0,US,Theater
Rav,2026,2026-11-20,,LIVE NATION MUSIC,0.0,0.0,7775.0,0,0,0,4,0,0,US,Club
Jason Aldean,2026,2026-11-20,,HOUSE OF BLUES CONCERTS (HOB),8109101.5,1628067.5,40640365.7,240,235,4,1,16,6,US,Amphitheatre
Boston Manor,2026,2026-11-20,,LIVE NATION MUSIC,7172.5,8088.32,33060.84,0,0,0,9,0,1,US,Club
Ivy Queen,2026,2026-11-20,,LIVE NATION MUSIC,389236.25,75775.0,578830.0,0,2,2,3,0,2,US,Theater
"August Burns Red, The Amity Affliction",2026,2026-11-20,,LIVE NATION MUSIC,0.0,0.0,0.0,0,0,0,1,0,0,US,Theater
"Make Do And Mend, The Smith Street Band",2026,2026-11-20,,LIVE NATION MUSIC,0.0,0.0,0.0,0,0,0,1,0,1,US,Club
Iran,2026,2026-11-20,,LIVE NATION MUSIC,0.0,0.0,0.0,0,0,0,1,0,0,US,Club
Hot Mulligan,2026,2026-11-20,,LIVE NATION MUSIC,556359.5,349447.57,159797.75,0,0,9,20,0,3,US,Club
The Prince Experience,2026,2026-11-20,,LIVE NATION MUSIC,77949.0,81726.8,48399.0,1,0,6,18,0,5,US,Club
KING,2026,2026-11-20,,LIVE NATION MUSIC,0.0,26627.38,0.0,0,0,2,12,0,0,US,Club
The Coffis Brothers,2026,2026-11-20,,LIVE NATION MUSIC,0.0,3215.0,0.0,0,0,0,2,0,0,US,Club
The Spooklights,2026,2026-11-20,,FRANK PRODUCTIONS,3709.0,1905.0,0.0,0,0,0,4,0,0,US,Club
Hamilton Leithauser,2026,2026-11-20,,LIVE NATION MUSIC,25270.0,0.0,0.0,0,0,3,33,0,0,US,Club
Eivør,2026,2026-11-20,,LIVE NATION MUSIC,218847.32,523530.58,0.0,0,0,9,23,0,15,US,Theater
Elijah Scott,2026,2026-11-20,,LIVE NATION MUSIC,0.0,0.0,0.0,0,0,0,2,0,0,US,Theater
Qendresa,2026,2026-11-20,,LIVE NATION MUSIC,6111.62,0.0,0.0,0,0,0,1,0,0,US,Club
Forever,2026,2026-11-20,,HOUSE OF BLUES CONCERTS (HOB),70329.51,0.0,0.0,0,1,0,0,0,0,US,Arena
Broadway,2026,2026-11-20,,LIVE NATION MUSIC,0.0,0.0,0.0,0,0,0,2,0,0,US,Club
Habstrakt,2026,2026-11-20,,LIVE NATION MUSIC,0.0,0.0,15352.96,0,0,1,4,0,0,US,Club
Deer Tick,2026,2026-11-20,,LIVE NATION MUSIC,29783.0,4612.5,128819.5,1,0,8,93,0,1,US,Club
Bag Raiders,2026,2026-11-20,,LIVE NATION MUSIC,0.0,0.0,0.0,0,0,0,17,0,0,US,Club
Bag Raiders,2026,2026-11-20,,LIVE NATION MUSIC,0.0,0.0,0.0,0,0,0,17,0,0,US,Club
On Company Time,2026,2026-11-20,,LIVE NATION MUSIC,0.0,0.0,0.0,0,0,1,1,0,0,US,Club
Missio,2026,2026-11-20,,LIVE NATION CANADA (LN),0.0,21443.08,0.0,0,0,2,28,0,2,International,Club
Gryffin,2026,2026-11-20,,LIVE NATION CANADA (LN),498934.32,377849.4,1303656.0,1,3,8,37,0,0,International,Club
Turnover,2026,2026-11-20,,LIVE NATION CANADA (LN),1497016.17,34201.28,13530.0,2,1,7,38,0,2,International,Theater
Sam Roberts Band,2026,2026-11-20,,LIVE NATION CANADA (LN),155964.84,33517.1,0.0,0,2,9,25,0,0,International,Arena
"""Festival International de Jazz De Montreal"", Amanda Marshall",2026,2026-11-20,,LIVE NATION MUSIC,69717.79,0.0,0.0,0,0,1,0,0,0,International,Theater
Boy Golden,2026,2026-11-20,,LIVE NATION CANADA (LN),0.0,25737.07,428.0,0,0,2,0,0,1,International,Club
Lilyisthatyou,2026,2026-11-20,,LIVE NATION CANADA (LN),2952.21,0.0,0.0,0,0,1,0,0,0,International,Theater
Keenan Te,2026,2026-11-20,,LIVE NATION CANADA (LN),0.0,6325.56,0.0,0,0,0,1,0,0,International,Club
Deathpact,2026,2026-11-20,,LIVE NATION CANADA (LN),309295.79000000004,56845.22,565531.99,0,0,3,22,0,1,International,Theater
Guy2Bezbar,2026,2026-11-20,,EVENKO CO-PRO WITH LIVE NATION,45488.13,0.0,0.0,0,0,0,1,0,0,International,Club
The Rodeo,2026,2026-11-20,,LIVE NATION CANADA (LN),0.0,0.0,0.0,0,1,0,0,0,0,International,Theater
1000Mods,2026,2026-11-20,,MCD PRODUCTIONS,0.0,0.0,2650.0,0,0,0,4,0,0,International,Club
The Stunning,2026,2026-11-20,,MCD PRODUCTIONS,159260.17,62895.84,61027.64,0,0,8,1,0,0,International,Theater
Ko,2026,2026-11-20,,MCD PRODUCTIONS,0.0,0.0,0.0,0,0,1,1,0,0,International,Club
sace6,2026,2026-11-20,,MCD PRODUCTIONS,0.0,0.0,0.0,0,0,0,1,0,0,International,Club
Shinedown,2026,2026-11-20,,LIVE NATION MUSIC UK LTD,21978496.17,0.0,22220750.76,55,179,59,38,3,13,International,Arena
Shinedown,2026,2026-11-20,,LIVE NATION MUSIC UK LTD,21978496.17,0.0,22220750.76,55,179,59,38,3,13,International,Arena
Yard Act,2026,2026-11-20,,LIVE NATION MUSIC UK LTD,0.0,177300.56,24995.34,0,0,4,16,0,2,International,Club
Enter Shikari,2026,2026-11-20,,LIVE NATION MUSIC UK LTD,143338.19,1397539.45,140032.41,0,10,33,119,0,8,International,Club
"""Rock N Roll Circus"", The Courteeners",2026,2026-11-20,,DF CONCERTS,208071.59,0.0,0.0,0,0,0,0,1,0,International,Stadium
"Mic Crenshaw, Special Guests",2026,2026-11-20,,DF CONCERTS,0.0,0.0,0.0,0,0,0,1,0,0,International,Club
Uncle Acid &amp; The Deadbeats,2026,2026-11-20,,LIVE NATION MUSIC UK LTD,106998.01,0.0,23894.47,0,1,3,41,0,4,International,Theater
"Me, Grimlock!",2026,2026-11-20,,"LIVE NATION UK FOR ARTIST, TOUR, FESTIVAL AND PRESALE NEWS",198.0,0.0,0.0,0,0,0,1,0,0,International,Club
,2026,2026-11-20,,LIVE NATION MUSIC UK LTD,0.0,0.0,0.0,0,0,0,0,0,0,International,Other
"""Rock N Roll Circus"", The Courteeners",2026,2026-11-20,,DF CONCERTS,208071.59,0.0,0.0,0,0,0,0,1,0,International,Stadium
Jack Johnson,2026,2026-11-20,,LIVE NATION AUSTRALIA,0.0,0.0,3419683.68,100,12,18,1,12,15,International,Arena
Gene,2026,2026-11-20,,OCESA,0.0,0.0,0.0,0,0,1,1,0,0,International,Club
RONA,2026,2026-11-20,,OCESA,5634.04,0.0,0.0,0,0,0,1,0,0,International,Club
RONA,2026,2026-11-20,,OCESA,5634.04,0.0,0.0,0,0,0,1,0,0,International,Club
Gene,2026,2026-11-20,,OCESA,0.0,0.0,0.0,0,0,1,1,0,0,International,Club
Name,2026,2026-11-20,,OCESA,0.0,0.0,0.0,0,0,0,1,0,0,International,Club
Gene,2026,2026-11-20,,OCESA,0.0,0.0,0.0,0,0,1,1,0,0,International,Club
RONA,2026,2026-11-20,,OCESA,5634.04,0.0,0.0,0,0,0,1,0,0,International,Club
RONA,2026,2026-11-20,,OCESA,5634.04,0.0,0.0,0,0,0,1,0,0,International,Club
ANGEL,2026,2026-11-20,,OCESA,0.0,0.0,2563.0,0,0,0,1,0,0,International,Club
Lo Mejor del Rock en Español,2026,2026-11-20,,OCESA,0.0,0.0,0.0,0,0,0,1,0,0,International,Club
Morat,2026,2026-11-20,,OCESA,12348530.96,73686333.73,28732781.83,8,51,45,8,50,18,International,Arena
Dimash Qudaibergen,2026,2026-11-20,,OCESA,3967014.37,0.0,0.0,0,3,1,0,0,0,International,Arena
Gene,2026,2026-11-20,,OCESA,0.0,0.0,0.0,0,0,1,1,0,0,International,Club
Bono,2026,2026-11-20,,OCESA,0.0,0.0,6773556.0,0,0,9,0,0,0,International,Theater
Hatsune Miku,2026,2026-11-20,,Live Nation GmbH,0.0,7255816.05,0.0,0,16,23,1,0,0,International,Theater
Andreas Gabalier,2026,2026-11-20,,Live Nation GmbH,6533472.3,5036718.25,11601676.81,9,28,1,0,12,4,International,Arena
Bryson Tiller,2026,2026-11-20,,Live Nation,0.0,14396903.73,1952369.56,10,20,31,34,0,2,International,Club
Eli,2026,2026-11-20,,Live Nation sp. z o.o.,0.0,0.0,0.0,0,0,0,1,0,0,International,Club
Tou,2026,2026-11-20,,Live Nation Sp. z o.o.,0.0,348354.82999999996,0.0,0,0,0,1,0,1,International,Club
Trans-Siberian Orchestra,2026,2026-11-21,,LIVE NATION MUSIC,60413990.78,69204633.87,42632080.53,0,911,47,1,0,15,US,Arena
Trans-Siberian Orchestra,2026,2026-11-21,,LIVE NATION MUSIC,60413990.78,69204633.87,42632080.53,0,911,47,1,0,15,US,Arena
Manchester Orchestra,2026,2026-11-21,,LIVE NATION MUSIC,0.0,68436.5,528802.3,1,0,17,60,0,0,US,Club
Lenny Pearce,2026,2026-11-21,,LIVE NATION MUSIC,1149576.75,11247.35,0.0,1,0,32,23,0,2,US,Theater
Lenny Pearce,2026,2026-11-21,,LIVE NATION MUSIC,1149576.75,11247.35,0.0,1,0,32,23,0,2,US,Theater
Imminence,2026,2026-11-21,,LIVE NATION MUSIC,470438.32,155312.11,0.0,0,0,3,36,0,15,US,Club
Ekoostik Hookah,2026,2026-11-21,,HOUSE OF BLUES CONCERTS (HOB),0.0,13020.0,0.0,0,0,8,2,0,0,US,Theater
Taylor Swift,2026,2026-11-21,,LIVE NATION MUSIC,0.0,0.0,0.0,0,173,1,0,78,2,US,Theater
"Dragonforce, Amaranthe",2026,2026-11-21,,LIVE NATION MUSIC,0.0,247413.25,0.0,0,0,2,1,0,0,US,Theater
Trans-Siberian Orchestra,2026,2026-11-21,,LIVE NATION MUSIC,60413990.78,69204633.87,42632080.53,0,911,47,1,0,15,US,Arena
Stevie Wonder,2026,2026-11-21,,LIVE NATION MUSIC,5077947.359999999,8495068.84,0.0,1,43,5,1,1,0,US,Arena
"Chris Brown, Usher",2026,2026-11-21,,LIVE NATION MUSIC,0.0,0.0,0.0,0,0,0,0,18,0,US,Stadium
The Neighbourhood,2026,2026-11-21,,LIVE NATION MUSIC,0.0,0.0,0.0,1,16,29,68,1,0,US,Arena
John Summit,2026,2026-11-21,,LIVE NATION MUSIC,1618895.52,6378033.54,2121909.0,1,6,4,6,1,1,US,Arena
Trans-Siberian Orchestra,2026,2026-11-21,,LIVE NATION MUSIC,60413990.78,69204633.87,42632080.53,0,911,47,1,0,15,US,Arena
Pentatonix,2026,2026-11-21,,LIVE NATION MUSIC,10014000.83,20747784.25,16735657.71,59,174,94,50,3,9,US,Arena
Doja Cat,2026,2026-11-21,,LIVE NATION MUSIC,7384674.46,7298161.81,31988065.4,0,39,0,9,0,0,US,Arena
Jonas Brothers,2026,2026-11-21,,LIVE NATION MUSIC,81959444.45,30144554.31,109403725.33,84,205,28,1,31,5,US,Arena
Reason,2026,2026-11-21,,LIVE NATION MUSIC,0.0,3617.6,1440.0,0,0,1,1,0,0,US,Arena
KATSEYE,2026,2026-11-21,,LIVE NATION MUSIC,3772036.89,0.0,0.0,0,1,5,2,0,0,US,Arena
Trey Anastasio,2026,2026-11-21,,LIVE NATION MUSIC,2568069.9299999997,428723.49,0.0,9,5,67,35,1,3,US,Arena
"""Les Nits de Barcelona"", Sting",2026,2026-11-21,,LIVE NATION MUSIC,0.0,0.0,0.0,0,0,0,0,0,1,US,Other
Orville Peck,2026,2026-11-21,,LIVE NATION MUSIC,0.0,1089190.07,122699.0,2,0,10,21,0,3,US,Club
Triumph,2026,2026-11-21,,LIVE NATION MUSIC,0.0,0.0,0.0,0,7,1,1,0,0,US,Arena
Three Days Grace,2026,2026-11-21,,LIVE NATION MUSIC,2587583.58,0.0,514555.96,4,55,36,61,0,8,US,Amphitheatre
Marc Anthony,2026,2026-11-21,,LIVE NATION MUSIC,1824500.65,27755458.7,22295734.14,5,213,30,0,14,9,US,Arena
Bunbury,2026,2026-11-21,,LIVE NATION MUSIC,10097962.63,6664348.7700000005,489408.32,4,21,41,9,14,8,US,Theater
Rawayana,2026,2026-11-21,,LIVE NATION MUSIC,0.0,1859072.56,268722.57,0,16,7,9,1,1,US,Amphitheatre
Dweezil Zappa,2026,2026-11-21,,LIVE NATION MUSIC,1060154.55,1718199.74,0.0,0,0,69,53,0,3,US,Arena
Jack White,2026,2026-11-21,,LIVE NATION MUSIC,9888079.67,1029333.01,0.0,8,36,58,33,2,4,US,Theater
King Crimson,2026,2026-11-21,,FRANK PRODUCTIONS,0.0,0.0,0.0,9,5,42,4,1,3,US,Theater
Underoath,2026,2026-11-21,,LIVE NATION MUSIC,0.0,418700.1,308406.2,0,2,22,75,0,4,US,Theater
Bolo,2026,2026-11-21,,LIVE NATION MUSIC,2425.0,0.0,0.0,0,0,0,1,0,0,US,Club
Meredith Marks,2026,2026-11-21,,LIVE NATION MUSIC,0.0,0.0,0.0,0,0,0,1,0,0,US,Arena
Trivium,2026,2026-11-21,,LIVE NATION MUSIC,398903.12,0.0,378436.41,0,3,22,57,0,1,US,Club
Zack Fox,2026,2026-11-21,,LIVE NATION MUSIC,730584.1799999999,153619.24,94077.0,0,0,7,21,0,1,US,Club
Switchfoot,2026,2026-11-21,,LIVE NATION MUSIC,181031.87,600305.9299999999,763943.0,5,6,80,76,1,17,US,Theater
Ivy Queen,2026,2026-11-21,,LIVE NATION MUSIC,389236.25,75775.0,578830.0,0,2,2,3,0,2,US,Club
Rival Sons,2026,2026-11-21,,LIVE NATION MUSIC,174160.14,116553.8,395290.35,0,2,30,81,0,1,US,Club
Arcángel,2026,2026-11-21,,LIVE NATION MUSIC,0.0,5578759.22,9635530.99,2,31,6,0,4,1,US,Arena
Get The Led Out,2026,2026-11-21,,LIVE NATION MUSIC,3814847.0,4311871.59,3899697.73,73,8,482,140,2,34,US,Theater
R&amp;B Vibes Live,2026,2026-11-21,,HOUSE OF BLUES CONCERTS (HOB),0.0,0.0,0.0,0,0,0,2,0,0,US,Club
The Midnight,2026,2026-11-21,,LIVE NATION MUSIC,623554.29,301290.25,609328.26,1,0,26,53,0,2,US,Club
10 Years,2026,2026-11-21,,LIVE NATION MUSIC,35281.43,47010.25,6775.0,0,0,11,90,0,3,US,Club
Brandi Carlile,2026,2026-11-21,,LIVE NATION MUSIC,3315699.58,3024414.0,4196113.21,55,11,118,71,2,10,US,Theater
"Senses Fail, Saves The Day",2026,2026-11-21,,LIVE NATION MUSIC,0.0,78419.0,0.0,0,0,0,1,0,0,US,Club
Tiny Habits,2026,2026-11-21,,LIVE NATION MUSIC,0.0,97332.67,7488.3,0,0,4,7,0,0,US,Club
Xperience,2026,2026-11-21,,LIVE NATION MUSIC,0.0,0.0,0.0,0,0,0,2,0,0,US,Club
Jake's Leg,2026,2026-11-21,,LIVE NATION MUSIC,0.0,0.0,0.0,0,0,8,1,0,0,US,Theater
Slow Pulp,2026,2026-11-21,,FRANK PRODUCTIONS,0.0,106046.0,34083.07,0,0,1,10,0,0,US,Club
Band Of Horses,2026,2026-11-21,,LIVE NATION MUSIC,442717.38,387852.65,434352.0,8,3,62,67,0,5,US,Theater
State Champs,2026,2026-11-21,,LIVE NATION MUSIC,202412.59,75375.0,0.0,0,0,9,29,0,0,US,Theater
Fetty Wap,2026,2026-11-21,,LIVE NATION MUSIC,0.0,0.0,0.0,0,2,6,13,0,0,US,Club
Yung Gravy,2026,2026-11-21,,LIVE NATION MUSIC,206906.93,654682.31,71100.12,0,2,7,36,0,1,US,Theater
Better Than Ezra,2026,2026-11-21,,HOUSE OF BLUES CONCERTS (HOB),67594.0,69299.9,77840.0,1,0,16,20,0,2,US,Club
Boston Manor,2026,2026-11-21,,LIVE NATION MUSIC,7172.5,8088.32,33060.84,0,0,0,9,0,1,US,Club
"""Corrosion: A Goth, Industrial, And Noise Club Night""",2026,2026-11-21,,LIVE NATION MUSIC,0.0,0.0,0.0,0,0,0,25,0,0,US,Club
The Mountain Goats,2026,2026-11-21,,LIVE NATION MUSIC,241720.5,393936.0,468049.74,0,0,26,125,0,2,US,Theater
Three Dog Night,2026,2026-11-21,,LIVE NATION MUSIC,1653251.69,1897466.3,1809550.27,11,10,139,35,0,11,US,Theater
Story of the Year,2026,2026-11-21,,LIVE NATION MUSIC,0.0,543140.6,46795.0,0,0,10,17,0,2,US,Theater
"The A, B, C &amp; D Of Boogie Woogie",2026,2026-11-21,,LIVE NATION MUSIC,0.0,0.0,0.0,0,0,0,1,0,0,US,Club
Die Spitz,2026,2026-11-21,,LIVE NATION MUSIC,19774.52,3750.0,0.0,0,0,0,10,0,1,US,Club
The War and Treaty,2026,2026-11-21,,LIVE NATION MUSIC,259653.86,53398.5,166337.76,0,0,12,33,0,2,US,Theater
"Crowder, Zach Williams",2026,2026-11-21,,LIVE NATION MUSIC,2091798.0,0.0,0.0,0,9,2,0,0,1,US,Arena
Nite,2026,2026-11-21,,LIVE NATION MUSIC,0.0,0.0,0.0,0,0,0,1,0,0,US,Club
Of Mice &amp; Men,2026,2026-11-21,,LIVE NATION MUSIC,106382.23,138358.88999999998,112001.26,0,0,21,93,0,3,US,Club
Cheap Trick,2026,2026-11-21,,LIVE NATION MUSIC,342428.99,910817.9,1874345.63,6,2,69,25,0,12,US,Arena
Stayin' Alive: One Night of the Bee Gees,2026,2026-11-21,,EMPORIUM PRESENTS,426408.41,252820.95,192930.21,0,0,21,6,0,0,US,Theater
Surfing for Daisy,2026,2026-11-21,,LIVE NATION MUSIC,0.0,0.0,0.0,0,0,0,4,0,0,US,Club
Even,2026,2026-11-21,,LIVE NATION MUSIC,0.0,0.0,0.0,0,0,0,2,0,0,US,Club
Letters To Cleo,2026,2026-11-21,,LIVE NATION MUSIC,46354.5,45580.0,0.0,0,0,0,14,0,0,US,Club
Grupo Duelo,2026,2026-11-21,,LIVE NATION MUSIC,0.0,49134.0,0.0,0,3,1,0,0,0,US,Arena
El Tri,2026,2026-11-21,,LIVE NATION MUSIC,2545893.21,56655.0,362219.0,0,8,15,9,1,1,US,Theater
Shaun Cassidy,2026,2026-11-21,,LIVE NATION MUSIC,251312.73,55190.0,104061.5,0,0,8,14,0,0,US,Theater
Bleood,2026,2026-11-21,,LIVE NATION MUSIC,0.0,0.0,0.0,0,0,0,1,0,0,US,Club
Wyatt Flores,2026,2026-11-21,,LIVE NATION MUSIC,438749.65,925820.77,33065.0,0,0,12,22,0,3,US,Club
The Garden,2026,2026-11-21,,LIVE NATION MUSIC,76155.0,28867.59,207558.5,0,0,5,53,0,4,US,Theater
Deorro,2026,2026-11-21,,LIVE NATION MUSIC,0.0,62036.0,753436.06,2,1,7,21,0,2,US,Club
Forever,2026,2026-11-21,,LIVE NATION MUSIC,70329.51,0.0,0.0,0,1,0,0,0,0,US,Theater
Russian Circles,2026,2026-11-21,,LIVE NATION MUSIC,50599.0,0.0,0.0,0,0,3,53,0,0,US,Theater
Sueco,2026,2026-11-21,,LIVE NATION MUSIC,0.0,77100.38,70293.0,0,0,3,15,0,0,US,Club
Cortex,2026,2026-11-21,,LIVE NATION MUSIC,0.0,390204.07,0.0,0,0,1,9,0,0,US,Club
Mystery Skulls,2026,2026-11-21,,LIVE NATION MUSIC,5050.0,139161.9,0.0,0,0,2,31,0,0,US,Club
Marky Ramone,2026,2026-11-21,,LIVE NATION MUSIC,0.0,41865.0,0.0,0,0,2,5,0,0,US,Club
Carbon Leaf,2026,2026-11-21,,LIVE NATION MUSIC,83158.0,162104.5,87410.0,2,0,17,181,0,0,US,Theater
Fantasy,2026,2026-11-21,,LIVE NATION MUSIC,0.0,0.0,0.0,1,26,26,4,0,15,US,Arena
Jason Bonham,2026,2026-11-21,,LIVE NATION MUSIC,0.0,163048.0,39752.0,0,0,3,1,0,0,US,Theater
Phillip Phillips,2026,2026-11-21,,LIVE NATION MUSIC,0.0,24750.0,12050.0,1,7,22,21,0,5,US,Theater
West 22nd,2026,2026-11-21,,LIVE NATION MUSIC,16408.0,7821.0,0.0,0,0,2,7,0,0,US,Club
Kurt Vile,2026,2026-11-21,,FRANK PRODUCTIONS,19520.0,0.0,0.0,0,0,16,68,0,0,US,Club
Even,2026,2026-11-21,,LIVE NATION MUSIC,0.0,0.0,0.0,0,0,0,2,0,0,US,Club
The Afghan Whigs,2026,2026-11-21,,LIVE NATION MUSIC,0.0,0.0,0.0,0,0,11,64,0,0,US,Club
Bear,2026,2026-11-21,,LIVE NATION MUSIC,0.0,0.0,0.0,0,0,0,1,0,0,US,Club
"Tres Clásicos del Rock - Tributo a The Doors, The Beatles &amp; Toncho Pilatos",2026,2026-11-21,,EMPORIUM PRESENTS,0.0,0.0,13766.52,0,0,1,0,0,0,US,Theater
Hawthorne Heights,2026,2026-11-21,,LIVE NATION MUSIC,10175.0,356921.46,49305.0,2,0,4,55,0,5,US,Club
Peach Tree Rascals,2026,2026-11-21,,LIVE NATION MUSIC,0.0,25860.0,14554.97,0,0,1,6,0,0,US,Club
Stephen Day,2026,2026-11-21,,LIVE NATION MUSIC,7947.0,0.0,0.0,0,0,0,11,0,0,US,Club
SiM,2026,2026-11-21,,LIVE NATION MUSIC,0.0,78357.29000000001,0.0,0,0,0,4,0,0,US,Club
Chat Pile,2026,2026-11-21,,LIVE NATION MUSIC,0.0,7187.0,8340.0,0,0,0,3,0,0,US,Theater
Bench Press,2026,2026-11-21,,FRANK PRODUCTIONS,0.0,0.0,0.0,0,0,0,1,0,0,US,Theater
Sabaton,2026,2026-11-21,,LIVE NATION MUSIC,13311096.98,0.0,3200841.5700000003,0,31,18,33,0,0,US,Club
Hawthorne Heights,2026,2026-11-21,,LIVE NATION MUSIC,10175.0,356921.46,49305.0,2,0,4,55,0,5,US,Club
Qendresa,2026,2026-11-21,,LIVE NATION MUSIC,6111.62,0.0,0.0,0,0,0,1,0,0,US,Club
Bryan Andrews,2026,2026-11-21,,HOUSE OF BLUES CONCERTS (HOB),0.0,453.0,0.0,0,0,0,1,0,0,US,Club
Maddie Zahm,2026,2026-11-21,,LIVE NATION MUSIC,0.0,103535.0,47568.0,0,0,0,8,0,0,US,Club
"Distant, Left To Suffer",2026,2026-11-21,,HOUSE OF BLUES CONCERTS (HOB),0.0,0.0,3610.0,0,0,0,1,0,0,US,Club
Hayden Coffman,2026,2026-11-21,,FRANK PRODUCTIONS,2210.0,1670.0,0.0,0,0,0,4,0,0,US,Club
Houses In Motion,2026,2026-11-21,,FRANK PRODUCTIONS,5910.0,6219.0,0.0,0,0,0,4,0,0,US,Club
"The Wilder Blue, Silverada",2026,2026-11-21,,LIVE NATION MUSIC,23432.0,0.0,0.0,0,0,1,0,0,0,US,Club
Punch Brothers,2026,2026-11-21,,LIVE NATION MUSIC,93970.0,66709.6,0.0,4,0,69,70,0,2,US,Theater
Agriculture,2026,2026-11-21,,LIVE NATION MUSIC,2208.0,0.0,0.0,0,0,0,1,0,0,US,Theater
Eddie and The Getaway,2026,2026-11-21,,LIVE NATION MUSIC,0.0,0.0,0.0,0,0,0,1,0,0,US,Club
Punch Brothers,2026,2026-11-21,,LIVE NATION MUSIC,93970.0,66709.6,0.0,4,0,69,70,0,2,US,Theater
"Molly Tuttle, Maggie Rose",2026,2026-11-21,,HOUSE OF BLUES CONCERTS (HOB),0.0,0.0,0.0,0,0,1,0,0,0,US,Theater
Nand,2026,2026-11-21,,LIVE NATION MUSIC,0.0,2263.97,0.0,0,0,0,1,0,0,US,Arena
Pedro Fernández,2026,2026-11-21,,LIVE NATION MUSIC,1779091.23,1070035.34,992662.55,2,12,11,0,0,0,US,Arena
Sicard Hollow,2026,2026-11-21,,LIVE NATION MUSIC,3925.0,2820.0,5025.0,0,0,0,7,0,0,US,Club
Sicard Hollow,2026,2026-11-21,,LIVE NATION MUSIC,3925.0,2820.0,5025.0,0,0,0,7,0,0,US,Club
Alyssa &amp; Wayne Brewer,2026,2026-11-21,,LIVE NATION TENNESSEE,505.0,0.0,0.0,0,0,0,1,0,0,US,Club
Rock,2026,2026-11-21,,LIVE NATION MUSIC,0.0,0.0,0.0,0,0,0,1,0,0,US,Theater
Gryffin,2026,2026-11-21,,LIVE NATION CANADA (LN),498934.32,377849.4,1303656.0,1,3,8,37,0,0,International,Club
Protest The Hero,2026,2026-11-21,,LIVE NATION CANADA (LN),0.0,25515.129999999997,14595.0,0,0,2,25,0,1,International,Club
The Watchmen,2026,2026-11-21,,LIVE NATION CANADA (LN),0.0,0.0,23336.84,0,0,3,5,0,1,International,Theater
Victor &amp; Leo,2026,2026-11-21,,LIVE NATION CANADA (LN),0.0,0.0,0.0,0,0,24,1,0,0,International,Arena
Fleece,2026,2026-11-21,,LIVE NATION CANADA (LN),0.0,3393.26,0.0,0,0,0,3,0,0,International,Club
Distant Matter,2026,2026-11-21,,LIVE NATION CANADA (LN),0.0,0.0,0.0,0,0,0,1,0,0,International,Club
M,2026,2026-11-21,,MCD PRODUCTIONS,0.0,0.0,286459.73,0,0,2,0,0,0,International,Club
Jamie McIntyre,2026,2026-11-21,,MCD PRODUCTIONS,8700.76,0.0,0.0,0,0,0,3,0,0,International,Club
Nervosa,2026,2026-11-21,,MCD PRODUCTIONS,5211.78,2480.0,0.0,0,0,0,2,0,0,International,Club
Camille O'Sullivan,2026,2026-11-21,,MCD PRODUCTIONS,0.0,32713.55,0.0,0,0,7,0,0,0,International,Theater
Yard Act,2026,2026-11-21,,LIVE NATION MUSIC UK LTD,0.0,177300.56,24995.34,0,0,4,16,0,2,International,Club
Enter Shikari,2026,2026-11-21,,LIVE NATION MUSIC UK LTD,143338.19,1397539.45,140032.41,0,10,33,119,0,8,International,Club
The Temperance Movement,2026,2026-11-21,,DF CONCERTS,166743.47,0.0,0.0,0,0,1,20,0,0,International,Club
The Snuts,2026,2026-11-21,,DF CONCERTS,0.0,826646.8,475102.52,0,1,15,23,0,2,International,Club
"""Sounds Of The City"" UK, Shed Seven",2026,2026-11-21,,DF CONCERTS,288126.58,0.0,0.0,0,0,0,0,0,1,International,Theater
PRESIDENT,2026,2026-11-21,,LIVE NATION MUSIC UK LTD,0.0,0.0,0.0,0,0,1,2,0,0,International,Club
Avatar,2026,2026-11-21,,LIVE NATION (MUSIC) UK LTD (VENUES),549363.65,456317.3,414674.53,0,1,12,50,0,4,International,Theater
Dropkick Murphys,2026,2026-11-21,,LIVE NATION AUSTRALIA,6152426.46,3298049.93,4008327.74,8,70,78,138,2,11,International,Arena
Gene,2026,2026-11-21,,OCESA,0.0,0.0,0.0,0,0,1,1,0,0,International,Club
RONA,2026,2026-11-21,,OCESA,5634.04,0.0,0.0,0,0,0,1,0,0,International,Club
RONA,2026,2026-11-21,,OCESA,5634.04,0.0,0.0,0,0,0,1,0,0,International,Club
Name,2026,2026-11-21,,OCESA,0.0,0.0,0.0,0,0,0,1,0,0,International,Club
Gene,2026,2026-11-21,,OCESA,0.0,0.0,0.0,0,0,1,1,0,0,International,Club
ANGEL,2026,2026-11-21,,OCESA,0.0,0.0,2563.0,0,0,0,1,0,0,International,Club
"Sasha, Benny, Erik",2026,2026-11-21,,OCESA,0.0,0.0,0.0,1,6,16,0,1,1,International,Theater
David Bisbal,2026,2026-11-21,,OCESA,6822534.13,6134250.71,10430917.14,5,32,58,9,24,16,International,Theater
Morat,2026,2026-11-21,,OCESA,12348530.96,73686333.73,28732781.83,8,51,45,8,50,18,International,Arena
Art,2026,2026-11-21,,OCESA,0.0,0.0,0.0,0,0,1,0,0,0,International,Theater
Malcriada,2026,2026-11-21,,OCESA,16144.43,0.0,0.0,0,0,0,1,0,0,International,Club
Andreas Gabalier,2026,2026-11-21,,Live Nation GmbH,6533472.3,5036718.25,11601676.81,9,28,1,0,12,4,International,Arena
Murda,2026,2026-11-21,,Live Nation,0.0,11865.0,0.0,0,0,0,1,0,0,International,Club
"Hombres G, Los Enanitos Verdes",2026,2026-11-21,,Live Nation España Golden Age SL,3449213.65,0.0,0.0,0,5,1,0,0,0,International,Arena
"Hombres G, Los Enanitos Verdes",2026,2026-11-21,,Live Nation España Golden Age SL,3449213.65,0.0,0.0,0,5,1,0,0,0,International,Arena
Jessie Ware,2026,2026-11-21,,Live Nation Venues Netherlands BV Afas Live,0.0,0.0,1453398.58,0,1,7,29,0,0,International,Club
"Oneida, IE, Matt Mehlan",2026,2026-11-21,,Live Nation Sp. z o.o.,0.0,0.0,0.0,0,0,0,1,0,0,International,Club
The Last Internationale,2026,2026-11-21,,LIVE NATION CZECH REPUBLIC s.r.o.,10152.16,0.0,19278.73,0,0,0,13,0,3,International,Club
Arlo Parks,2026,2026-11-21,,LIVE NATION CZECH REPUBLIC s.r.o.,0.0,188443.48,348313.02999999997,0,0,6,22,0,0,International,Club
Stahlzeit,2026,2026-11-21,,LIVE NATION CZECH REPUBLIC s.r.o.,486595.93999999994,198157.09,106424.04,0,6,1,9,3,0,International,Club
The Neighbourhood,2026,2026-11-22,,LIVE NATION MUSIC,0.0,0.0,0.0,1,16,29,68,1,0,US,Arena
Trans-Siberian Orchestra,2026,2026-11-22,,LIVE NATION MUSIC,60413990.78,69204633.87,42632080.53,0,911,47,1,0,15,US,Arena
Trans-Siberian Orchestra,2026,2026-11-22,,LIVE NATION MUSIC,60413990.78,69204633.87,42632080.53,0,911,47,1,0,15,US,Arena
Trans-Siberian Orchestra,2026,2026-11-22,,LIVE NATION MUSIC,60413990.78,69204633.87,42632080.53,0,911,47,1,0,15,US,Arena
Mad,2026,2026-11-22,,FRANK PRODUCTIONS,0.0,0.0,0.0,0,0,0,1,0,0,US,Club
The Menzingers,2026,2026-11-22,,LIVE NATION MUSIC,0.0,83860.93,175297.68,0,0,3,45,0,0,US,Club
Lenny Pearce,2026,2026-11-22,,LIVE NATION MUSIC,1149576.75,11247.35,0.0,1,0,32,23,0,2,US,Arena
Hawthorne Heights,2026,2026-11-22,,LIVE NATION MUSIC,10175.0,356921.46,49305.0,2,0,4,55,0,5,US,Theater
"""Southern Soul, Boots, Brunch &amp; Line Dance Party""",2026,2026-11-22,,LIVE NATION MUSIC,7285.0,0.0,0.0,0,0,0,2,0,0,US,Club
"""Southern Soul, Boots, Brunch &amp; Line Dance Party""",2026,2026-11-22,,LIVE NATION MUSIC,7285.0,0.0,0.0,0,0,0,2,0,0,US,Club
"""Southern Soul, Boots, Brunch &amp; Line Dance Party""",2026,2026-11-22,,HOUSE OF BLUES CONCERTS (HOB),7285.0,0.0,0.0,0,0,0,2,0,0,US,Club
Keenan Te,2026,2026-11-22,,LIVE NATION MUSIC,0.0,6325.56,0.0,0,0,0,1,0,0,US,Club
"Love, Fraser",2026,2026-11-22,,LIVE NATION MUSIC,0.0,0.0,0.0,0,0,0,1,0,0,US,Club
Kurt Travis,2026,2026-11-22,,LIVE NATION MUSIC,0.0,0.0,3128.0,0,0,0,5,0,0,US,Club
Lily Kershaw,2026,2026-11-22,,LIVE NATION TENNESSEE,0.0,0.0,0.0,0,0,0,3,0,0,US,Club
Triumph,2026,2026-11-22,,LIVE NATION MUSIC,0.0,0.0,0.0,0,7,1,1,0,0,US,Arena
Rush,2026,2026-11-22,,LIVE NATION MUSIC,0.0,0.0,0.0,40,118,1,0,2,8,US,Arena
Everclear,2026,2026-11-22,,LIVE NATION MUSIC,566686.26,424897.62,173224.27,2,3,26,60,1,11,US,Club
Trans-Siberian Orchestra,2026,2026-11-22,,LIVE NATION MUSIC,60413990.78,69204633.87,42632080.53,0,911,47,1,0,15,US,Arena
Father of Peace,2026,2026-11-22,,LIVE NATION MUSIC,0.0,0.0,0.0,0,0,0,1,0,0,US,Club
Trans-Siberian Orchestra,2026,2026-11-22,,LIVE NATION MUSIC,60413990.78,69204633.87,42632080.53,0,911,47,1,0,15,US,Arena
Three Days Grace,2026,2026-11-22,,LIVE NATION MUSIC,2587583.58,0.0,514555.96,4,55,36,61,0,8,US,Club
Tiny Habits,2026,2026-11-22,,LIVE NATION MUSIC,0.0,97332.67,7488.3,0,0,4,7,0,0,US,Club
Eivør,2026,2026-11-22,,LIVE NATION MUSIC,218847.32,523530.58,0.0,0,0,9,23,0,15,US,Club
Dweezil Zappa,2026,2026-11-22,,LIVE NATION MUSIC,1060154.55,1718199.74,0.0,0,0,69,53,0,3,US,Theater
Trivium,2026,2026-11-22,,FRANK PRODUCTIONS,398903.12,0.0,378436.41,0,3,22,57,0,1,US,Club
The Record Company,2026,2026-11-22,,FRANK PRODUCTIONS,47337.85,130186.02,21250.0,0,0,15,67,0,1,US,Club
The Gringos,2026,2026-11-22,,FRANK PRODUCTIONS,0.0,0.0,0.0,0,0,0,1,0,0,US,Club
La La Love You,2026,2026-11-22,,HOUSE OF BLUES CONCERTS (HOB),188794.49,450488.78,0.0,0,2,1,1,0,0,US,Arena
Black Label Society,2026,2026-11-22,,LIVE NATION MUSIC,0.0,0.0,0.0,0,4,34,65,0,2,US,Theater
Victor &amp; Leo,2026,2026-11-22,,LIVE NATION MUSIC,0.0,0.0,0.0,0,0,24,1,0,0,US,Theater
Rawayana,2026,2026-11-22,,LIVE NATION MUSIC,0.0,1859072.56,268722.57,0,16,7,9,1,1,US,Theater
Ben &amp; Rose,2026,2026-11-22,,FRANK PRODUCTIONS,0.0,0.0,0.0,0,0,1,0,0,0,US,Theater
KATSEYE,2026,2026-11-22,,LIVE NATION MUSIC,3772036.89,0.0,0.0,0,1,5,2,0,0,US,Arena
Boston Manor,2026,2026-11-22,,LIVE NATION MUSIC,7172.5,8088.32,33060.84,0,0,0,9,0,1,US,Theater
Jonas Brothers,2026,2026-11-22,,LIVE NATION MUSIC,81959444.45,30144554.31,109403725.33,84,205,28,1,31,5,US,Arena
Keenan Te,2026,2026-11-22,,LIVE NATION MUSIC,0.0,6325.56,0.0,0,0,0,1,0,0,US,Club
Missio,2026,2026-11-22,,LIVE NATION MUSIC,0.0,21443.08,0.0,0,0,2,28,0,2,US,Theater
Peach Tree Rascals,2026,2026-11-22,,LIVE NATION MUSIC,0.0,25860.0,14554.97,0,0,1,6,0,0,US,Club
"""Past, Present, Future: A Dance Gala""",2026,2026-11-22,,LIVE NATION MUSIC,0.0,0.0,0.0,0,0,1,0,0,0,US,Theater
Story of the Year,2026,2026-11-22,,LIVE NATION MUSIC,0.0,543140.6,46795.0,0,0,10,17,0,2,US,Club
Alter Bridge,2026,2026-11-22,,LIVE NATION MUSIC,0.0,0.0,1508123.42,1,40,41,59,1,6,US,Club
"The A, B, C &amp; D Of Boogie Woogie",2026,2026-11-22,,LIVE NATION MUSIC,0.0,0.0,0.0,0,0,0,1,0,0,US,Club
Matt Hansen,2026,2026-11-22,,LIVE NATION MUSIC,167808.59,12300.0,0.0,0,0,0,11,0,3,US,Theater
Blue October,2026,2026-11-22,,LIVE NATION MUSIC,380805.29,725828.84,1268376.38,4,2,79,177,1,3,US,Club
Mannheim Steamroller,2026,2026-11-22,,LIVE NATION MUSIC,9970694.32,10547142.94,10769263.45,3,175,866,9,0,25,US,Theater
Forever,2026,2026-11-22,,LIVE NATION MUSIC,70329.51,0.0,0.0,0,1,0,0,0,0,US,Arena
Colby Acuff,2026,2026-11-22,,LIVE NATION MUSIC,1840.0,2064.0,1305.0,0,0,0,4,0,0,US,Club
Forever,2026,2026-11-22,,LIVE NATION MUSIC,70329.51,0.0,0.0,0,1,0,0,0,0,US,Arena
"August Burns Red, The Amity Affliction",2026,2026-11-22,,LIVE NATION MUSIC,0.0,0.0,0.0,0,0,0,1,0,0,US,Club
Beartooth,2026,2026-11-22,,LIVE NATION MUSIC,0.0,1116351.8,389208.25,1,4,15,41,1,2,US,Club
Trippie Redd,2026,2026-11-22,,LIVE NATION MUSIC,177248.89,171012.5,592049.0,4,5,6,7,0,1,US,Club
Bear,2026,2026-11-22,,LIVE NATION MUSIC,0.0,0.0,0.0,0,0,0,1,0,0,US,Club
Isaiah Rashad,2026,2026-11-22,,LIVE NATION MUSIC,0.0,274022.0,388038.79,0,1,16,46,0,0,US,Theater
Upgrade,2026,2026-11-22,,LIVE NATION MUSIC,0.0,0.0,0.0,0,0,0,1,0,1,US,Club
10 Years,2026,2026-11-22,,LIVE NATION MUSIC,35281.43,47010.25,6775.0,0,0,11,90,0,3,US,Club
America,2026,2026-11-22,,LIVE NATION MUSIC,4786730.81,4477164.55,1750231.2,5,8,180,41,0,14,US,Theater
Imminence,2026,2026-11-22,,LIVE NATION MUSIC,470438.32,155312.11,0.0,0,0,3,36,0,15,US,Club
Rawayana,2026,2026-11-22,,LIVE NATION MUSIC,0.0,1859072.56,268722.57,0,16,7,9,1,1,US,Theater
Imminence,2026,2026-11-22,,LIVE NATION MUSIC,470438.32,155312.11,0.0,0,0,3,36,0,15,US,Club
Colby Acuff,2026,2026-11-22,,LIVE NATION MUSIC,1840.0,2064.0,1305.0,0,0,0,4,0,0,US,Club
Trans-Siberian Orchestra,2026,2026-11-22,,LIVE NATION MUSIC,60413990.78,69204633.87,42632080.53,0,911,47,1,0,15,US,Arena
Orville Peck,2026,2026-11-22,,LIVE NATION MUSIC,0.0,1089190.07,122699.0,2,0,10,21,0,3,US,Club
Hurricane Wisdom,2026,2026-11-22,,LIVE NATION MUSIC,11250.0,0.0,0.0,0,0,0,1,0,0,US,Club
Bolo,2026,2026-11-22,,LIVE NATION MUSIC,2425.0,0.0,0.0,0,0,0,1,0,0,US,Club
Toosii,2026,2026-11-22,,LIVE NATION MUSIC,0.0,0.0,169724.5,0,0,1,4,0,0,US,Theater
Skilla Baby,2026,2026-11-22,,LIVE NATION MUSIC,0.0,32505.0,0.0,0,0,0,1,0,0,US,Club
"Mic Crenshaw, Special Guests",2026,2026-11-22,,LIVE NATION MUSIC,0.0,0.0,0.0,0,0,0,1,0,0,US,Club
Sabaton,2026,2026-11-22,,LIVE NATION MUSIC,13311096.98,0.0,3200841.5700000003,0,31,18,33,0,0,US,Club
"Mike Mills &amp; Robert McDuffie 'Concerto For Violin, Rock Band &amp; String Orchestra'",2026,2026-11-22,,FRANK PRODUCTIONS,0.0,0.0,0.0,0,0,3,0,0,0,US,Theater
Pentatonix,2026,2026-11-22,,LIVE NATION CANADA (LN),10014000.83,20747784.25,16735657.71,59,174,94,50,3,9,International,Arena
Chantal Kreviazuk,2026,2026-11-22,,LIVE NATION CANADA (LN),0.0,33329.89,0.0,0,0,9,5,0,0,International,Theater
Little Big Town,2026,2026-11-22,,LIVE NATION CANADA (LN),2309214.5,13004819.31,2846985.5,23,68,94,16,1,12,International,Theater
Jason Bonham,2026,2026-11-22,,LIVE NATION CANADA (LN),0.0,163048.0,39752.0,0,0,3,1,0,0,International,Arena
Once &amp; Future Band,2026,2026-11-22,,LIVE NATION CANADA (LN),0.0,0.0,0.0,0,0,0,1,0,0,International,Club
Giant Rooks,2026,2026-11-22,,LIVE NATION CANADA (LN),1078245.57,4045025.2,274287.68,0,12,13,33,8,14,International,Club
Whitechapel,2026,2026-11-22,,EVENKO CO-PRO WITH LIVE NATION,378503.41,16256.84,0.0,1,0,3,80,0,4,International,Club
Natalie MacMaster,2026,2026-11-22,,LIVE NATION MUSIC,0.0,0.0,0.0,0,0,23,2,0,1,International,Arena
Shinedown,2026,2026-11-22,,MCD PRODUCTIONS,21978496.17,0.0,22220750.76,55,179,59,38,3,13,International,Theater
Rome,2026,2026-11-22,,MCD PRODUCTIONS,9987.5,0.0,0.0,0,0,1,0,0,1,International,Theater
Uncle Acid &amp; The Deadbeats,2026,2026-11-22,,LIVE NATION MUSIC UK LTD,106998.01,0.0,23894.47,0,1,3,41,0,4,International,Club
Waterloo,2026,2026-11-22,,LIVE NATION (MUSIC) UK LTD (VENUES),0.0,0.0,0.0,0,2,0,0,0,0,International,Theater
Good Health Good Wealth,2026,2026-11-22,,"LIVE NATION UK FOR ARTIST, TOUR, FESTIVAL AND PRESALE NEWS",3601.02,0.0,0.0,0,0,0,2,0,0,International,Club
CATTY,2026,2026-11-22,,LIVE NATION MUSIC UK LTD,0.0,0.0,0.0,0,0,0,0,0,1,International,Other
Celebration,2026,2026-11-22,,LIVE NATION MUSIC UK LTD,0.0,0.0,0.0,0,0,0,1,0,0,International,Club
"Rave Culture in Concert, W&amp;W",2026,2026-11-22,,"LIVE NATION UK FOR ARTIST, TOUR, FESTIVAL AND PRESALE NEWS",0.0,0.0,0.0,0,1,0,0,0,0,International,Arena
Jack Johnson,2026,2026-11-22,,LIVE NATION AUSTRALIA,0.0,0.0,3419683.68,100,12,18,1,12,15,International,Amphitheatre
Courtney Barnett,2026,2026-11-22,,LIVE NATION AUSTRALIA,0.0,0.0,54000.0,0,0,26,52,0,2,International,Arena
Gene,2026,2026-11-22,,OCESA,0.0,0.0,0.0,0,0,1,1,0,0,International,Club
RONA,2026,2026-11-22,,OCESA,5634.04,0.0,0.0,0,0,0,1,0,0,International,Club
RONA,2026,2026-11-22,,OCESA,5634.04,0.0,0.0,0,0,0,1,0,0,International,Club
LP,2026,2026-11-22,,OCESA,0.0,1924602.25,997128.67,4,11,25,57,2,21,International,Theater
Bob Dylan,2026,2026-11-22,,Live Nation GmbH,7625020.91,6922447.82,7985373.92,45,128,219,7,17,26,International,Theater
Master Boot Record,2026,2026-11-22,,Live Nation,8245.619999999999,21818.18,6684.48,0,0,0,6,0,1,International,Club
Polyphia,2026,2026-11-22,,Live Nation España S.A.U.,0.0,121407.0,744654.76,0,0,3,49,0,1,International,Club
Tayc,2026,2026-11-22,,Live Nation Venues Netherlands BV Afas Live,0.0,4163764.07,0.0,0,3,0,1,0,0,International,Arena
The Last Internationale,2026,2026-11-22,,Live Nation Sp. z o.o.,10152.16,0.0,19278.73,0,0,0,13,0,3,International,Club
Murda,2026,2026-11-22,,Live Nation Sp. z o.o.,0.0,11865.0,0.0,0,0,0,1,0,0,International,Club
Tou,2026,2026-11-22,,Live Nation sp. z o.o.,0.0,348354.82999999996,0.0,0,0,0,1,0,1,International,Club
"Oneida, IE, Matt Mehlan",2026,2026-11-22,,Live Nation Sp. z o.o.,0.0,0.0,0.0,0,0,0,1,0,0,International,Club
Pitbull,2026,2026-11-22,,LIVE NATION CZECH REPUBLIC s.r.o.,16938177.86,38572623.0,4171765.41,116,90,54,7,17,12,International,Arena
The Spill Canvas,2026,2026-11-23,,HOUSE OF BLUES CONCERTS (HOB),0.0,82594.0,7060.0,0,0,4,64,0,0,US,Club
Alyssa &amp; Wayne Brewer,2026,2026-11-23,,LIVE NATION MUSIC,505.0,0.0,0.0,0,0,0,1,0,0,US,Club
Reason,2026,2026-11-23,,LIVE NATION MUSIC,0.0,3617.6,1440.0,0,0,1,1,0,0,US,Arena
Olivia Rodrigo,2026,2026-11-23,,LIVE NATION MUSIC,23420107.2,169307085.8,0.0,0,68,10,2,5,1,US,Arena
Doja Cat,2026,2026-11-23,,LIVE NATION MUSIC,7384674.46,7298161.81,31988065.4,0,39,0,9,0,0,US,Arena
Stevie Wonder,2026,2026-11-23,,LIVE NATION MUSIC,5077947.359999999,8495068.84,0.0,1,43,5,1,1,0,US,Arena
DJ Raphi,2026,2026-11-23,,LIVE NATION MUSIC,0.0,0.0,0.0,0,0,1,0,0,0,US,Theater
Underoath,2026,2026-11-23,,LIVE NATION MUSIC,0.0,418700.1,308406.2,0,2,22,75,0,4,US,Club
Band Of Horses,2026,2026-11-23,,HOUSE OF BLUES CONCERTS (HOB),442717.38,387852.65,434352.0,8,3,62,67,0,5,US,Club
Insomnium,2026,2026-11-23,,LIVE NATION MUSIC,64768.380000000005,39199.35,15069.36,0,0,0,11,0,1,US,Club
Alyssa &amp; Wayne Brewer,2026,2026-11-23,,LIVE NATION MUSIC,505.0,0.0,0.0,0,0,0,1,0,0,US,Club
Parachute,2026,2026-11-23,,LIVE NATION MUSIC,0.0,0.0,0.0,0,0,14,55,0,1,US,Club
Hunxho,2026,2026-11-23,,FRANK PRODUCTIONS,78330.0,70430.0,0.0,0,0,0,2,0,0,US,Theater
CocoRosie,2026,2026-11-23,,LIVE NATION MUSIC,16158.56,16496.58,49109.82,0,0,4,29,0,1,US,Club
Lil Tracy,2026,2026-11-23,,LIVE NATION MUSIC,262699.75,42922.5,41942.0,0,0,0,14,0,0,US,Theater
"Senses Fail, Saves The Day",2026,2026-11-23,,LIVE NATION MUSIC,0.0,78419.0,0.0,0,0,0,1,0,0,US,Club
Slaughter To Prevail,2026,2026-11-23,,HOUSE OF BLUES CONCERTS (HOB),157166.6,52042.05,248864.27,0,4,13,23,0,1,US,Club
Bodysnatcher,2026,2026-11-23,,LIVE NATION MUSIC,21465.27,42335.0,211619.0,0,0,9,53,0,1,US,Club
"""Past, Present, Future: A Dance Gala""",2026,2026-11-23,,LIVE NATION MUSIC,0.0,0.0,0.0,0,0,1,0,0,0,US,Theater
Turnover,2026,2026-11-23,,LIVE NATION CANADA (LN),1497016.17,34201.28,13530.0,2,1,7,38,0,2,International,Theater
"""Festival International de Jazz De Montreal"", Amanda Marshall",2026,2026-11-23,,LIVE NATION CANADA (LN),69717.79,0.0,0.0,0,0,1,0,0,0,International,Theater
Shinedown,2026,2026-11-23,,MCD PRODUCTIONS,21978496.17,0.0,22220750.76,55,179,59,38,3,13,International,Theater
Zimmer90,2026,2026-11-23,,MCD PRODUCTIONS,169207.99,15899.83,24960.89,0,0,0,14,0,1,International,Club
Urne,2026,2026-11-23,,MCD PRODUCTIONS,3660.65,2812.55,0.0,0,0,0,2,0,0,International,Club
Don Toliver,2026,2026-11-23,,"LIVE NATION UK FOR ARTIST, TOUR, FESTIVAL AND PRESALE NEWS",9032674.43,8111510.19,3222824.84,1,61,12,7,0,2,International,Arena
Yard Act,2026,2026-11-23,,LIVE NATION MUSIC UK LTD,0.0,177300.56,24995.34,0,0,4,16,0,2,International,Arena
The Temperance Movement,2026,2026-11-23,,LIVE NATION MUSIC UK LTD,166743.47,0.0,0.0,0,0,1,20,0,0,International,Club
Blossoms,2026,2026-11-23,,MCD PRODUCTIONS,0.0,2429579.32,643480.5700000001,0,5,38,27,2,4,International,Theater
Villanelle,2026,2026-11-23,,"LIVE NATION UK FOR ARTIST, TOUR, FESTIVAL AND PRESALE NEWS",1919.8,3675.58,0.0,0,0,0,2,0,0,International,Club
PRESIDENT,2026,2026-11-23,,LIVE NATION MUSIC UK LTD,0.0,0.0,0.0,0,0,1,2,0,0,International,Club
sace6,2026,2026-11-23,,LIVE NATION MUSIC UK LTD,0.0,0.0,0.0,0,0,0,1,0,0,International,Club
,2026,2026-11-23,,"LIVE NATION UK FOR ARTIST, TOUR, FESTIVAL AND PRESALE NEWS",0.0,0.0,0.0,0,0,0,0,0,0,International,Other
Soda Stereo,2026,2026-11-23,,OCESA,0.0,0.0,0.0,0,9,3,0,3,0,International,Arena
"""Cap Roig Festival"", Taburete",2026,2026-11-23,,OCESA,0.0,0.0,0.0,0,0,0,0,2,0,International,Stadium
The Script,2026,2026-11-23,,Live Nation GmbH,11143320.6,15866245.59,48245.32,7,145,54,41,12,15,International,Arena
Andreas Gabalier,2026,2026-11-23,,Live Nation GmbH,6533472.3,5036718.25,11601676.81,9,28,1,0,12,4,International,Theater
Blackgold,2026,2026-11-23,,Live Nation,0.0,0.0,0.0,0,0,0,1,0,0,International,Club
Only The Poets,2026,2026-11-23,,Live Nation / Vega,52871.72,26493.69,22207.0,0,0,0,8,0,0,International,Club
Polyphia,2026,2026-11-23,,Live Nation España S.A.U.,0.0,121407.0,744654.76,0,0,3,49,0,1,International,Club
Bulldozer,2026,2026-11-23,,Live Nation España S.A.U.,0.0,0.0,5000.0,0,0,0,2,0,0,International,Club
The Pretty Reckless,2026,2026-11-23,,Live Nation Venues Netherlands BV Afas Live,39295.0,0.0,0.0,0,0,23,93,0,4,International,Club
Artemas,2026,2026-11-23,,Live Nation Sp. z o.o.,30822.0,725837.64,0.0,0,0,10,22,0,1,International,Club
Macy Gray,2026,2026-11-23,,Live Nation Sp. z o.o.,285508.42,27492.0,286517.02,0,1,33,47,1,2,International,Club
The Prodigy,2026,2026-11-23,,LIVE NATION CZECH REPUBLIC s.r.o.,4863836.569999999,1660677.42,4933551.51,2,57,12,1,3,5,International,Arena
"Chris Brown, Usher",2026,2026-11-24,,LIVE NATION MUSIC,0.0,0.0,0.0,0,0,0,0,18,0,US,Stadium
Reason,2026,2026-11-24,,LIVE NATION MUSIC,0.0,3617.6,1440.0,0,0,1,1,0,0,US,Arena
John Summit,2026,2026-11-24,,LIVE NATION MUSIC,1618895.52,6378033.54,2121909.0,1,6,4,6,1,1,US,Arena
Olivia Rodrigo,2026,2026-11-24,,LIVE NATION MUSIC,23420107.2,169307085.8,0.0,0,68,10,2,5,1,US,Arena
KATSEYE,2026,2026-11-24,,LIVE NATION MUSIC,3772036.89,0.0,0.0,0,1,5,2,0,0,US,Arena
"Love, Fraser",2026,2026-11-24,,LIVE NATION MUSIC,0.0,0.0,0.0,0,0,0,1,0,0,US,Club
DJ Raphi,2026,2026-11-24,,LIVE NATION MUSIC,0.0,0.0,0.0,0,0,1,0,0,0,US,Theater
Underoath,2026,2026-11-24,,LIVE NATION MUSIC,0.0,418700.1,308406.2,0,2,22,75,0,4,US,Club
Trippie Redd,2026,2026-11-24,,LIVE NATION MUSIC,177248.89,171012.5,592049.0,4,5,6,7,0,1,US,Club
Sabaton,2026,2026-11-24,,LIVE NATION MUSIC,13311096.98,0.0,3200841.5700000003,0,31,18,33,0,0,US,Club
tripleS,2026,2026-11-24,,LIVE NATION MUSIC,535739.74,0.0,278437.12,0,0,13,6,0,0,US,Theater
Victor &amp; Leo,2026,2026-11-24,,LIVE NATION MUSIC,0.0,0.0,0.0,0,0,24,1,0,0,US,Arena
Lindsey Stirling,2026,2026-11-24,,LIVE NATION MUSIC,4394676.7,19515458.61,11167790.81,62,75,205,81,2,17,US,Theater
The Wrecks,2026,2026-11-24,,LIVE NATION MUSIC,97000.68,0.0,0.0,0,0,1,12,0,0,US,Club
Mannheim Steamroller,2026,2026-11-24,,FRANK PRODUCTIONS,9970694.32,10547142.94,10769263.45,3,175,866,9,0,25,US,Arena
"Senses Fail, Saves The Day",2026,2026-11-24,,LIVE NATION MUSIC,0.0,78419.0,0.0,0,0,0,1,0,0,US,Theater
"Dragonforce, Amaranthe",2026,2026-11-24,,LIVE NATION MUSIC,0.0,247413.25,0.0,0,0,2,1,0,0,US,Theater
Once &amp; Future Band,2026,2026-11-24,,LIVE NATION MUSIC,0.0,0.0,0.0,0,0,0,1,0,0,US,Club
Imminence,2026,2026-11-24,,LIVE NATION MUSIC,470438.32,155312.11,0.0,0,0,3,36,0,15,US,Club
Waterparks,2026,2026-11-24,,HOUSE OF BLUES CONCERTS (HOB),117382.5,400433.43,506216.67,0,0,9,35,0,1,US,Club
Lil Tracy,2026,2026-11-24,,HOUSE OF BLUES CONCERTS (HOB),262699.75,42922.5,41942.0,0,0,0,14,0,0,US,Club
Bear,2026,2026-11-24,,LIVE NATION MUSIC,0.0,0.0,0.0,0,0,0,1,0,0,US,Club
Forever,2026,2026-11-24,,LIVE NATION MUSIC,70329.51,0.0,0.0,0,1,0,0,0,0,US,Theater
Upgrade,2026,2026-11-24,,LIVE NATION MUSIC,0.0,0.0,0.0,0,0,0,1,0,1,US,Club
GHOSTWOMAN,2026,2026-11-24,,LIVE NATION MUSIC,0.0,4554.32,0.0,0,0,0,2,0,0,US,Club
Dead Poet Society,2026,2026-11-24,,LIVE NATION MUSIC,0.0,95493.81,8199.75,0,0,0,18,0,1,US,Club
Slaughter To Prevail,2026,2026-11-24,,FRANK PRODUCTIONS,157166.6,52042.05,248864.27,0,4,13,23,0,1,US,Theater
Sessions,2026,2026-11-24,,LIVE NATION MUSIC,0.0,0.0,0.0,0,1,0,0,0,0,US,Arena
Turnover,2026,2026-11-24,,LIVE NATION MUSIC,1497016.17,34201.28,13530.0,2,1,7,38,0,2,US,Theater
State Champs,2026,2026-11-24,,LIVE NATION MUSIC,202412.59,75375.0,0.0,0,0,9,29,0,0,US,Club
Toosii,2026,2026-11-24,,LIVE NATION MUSIC,0.0,0.0,169724.5,0,0,1,4,0,0,US,Theater
Baby Smoove,2026,2026-11-24,,LIVE NATION MUSIC,0.0,0.0,29610.0,0,0,0,1,0,0,US,Theater
"Joey Fatone, AJ McLean",2026,2026-11-24,,LIVE NATION MUSIC,0.0,1007339.51,0.0,1,0,6,2,0,0,US,Theater
Bleood,2026,2026-11-24,,HOUSE OF BLUES CONCERTS (HOB),0.0,0.0,0.0,0,0,0,1,0,0,US,Club
Black Label Society,2026,2026-11-24,,LIVE NATION MUSIC,0.0,0.0,0.0,0,4,34,65,0,2,US,Theater
Insomnium,2026,2026-11-24,,LIVE NATION MUSIC,64768.380000000005,39199.35,15069.36,0,0,0,11,0,1,US,Theater
Isaiah Rashad,2026,2026-11-24,,LIVE NATION MUSIC,0.0,274022.0,388038.79,0,1,16,46,0,0,US,Theater
"""Past, Present, Future: A Dance Gala""",2026,2026-11-24,,LIVE NATION MUSIC,0.0,0.0,0.0,0,0,1,0,0,0,US,Theater
Daisy Grenade,2026,2026-11-24,,HOUSE OF BLUES CONCERTS (HOB),0.0,0.0,0.0,0,0,0,1,0,0,US,Club
America,2026,2026-11-24,,LIVE NATION MUSIC,4786730.81,4477164.55,1750231.2,5,8,180,41,0,14,US,Theater
Triumph,2026,2026-11-24,,LIVE NATION MUSIC,0.0,0.0,0.0,0,7,1,1,0,0,US,Arena
Don Broco,2026,2026-11-24,,LIVE NATION MUSIC,1659048.86,88819.81,2368375.41,0,13,29,31,0,4,US,Club
Triumph,2026,2026-11-24,,LIVE NATION MUSIC,0.0,0.0,0.0,0,7,1,1,0,0,US,Arena
Prayers,2026,2026-11-24,,LIVE NATION MUSIC,0.0,0.0,5380.0,0,0,1,10,0,0,US,Club
Alter Bridge,2026,2026-11-24,,LIVE NATION MUSIC,0.0,0.0,1508123.42,1,40,41,59,1,6,US,Club
La La Love You,2026,2026-11-24,,LIVE NATION MUSIC,188794.49,450488.78,0.0,0,2,1,1,0,0,US,Arena
10 Years,2026,2026-11-24,,LIVE NATION MUSIC,35281.43,47010.25,6775.0,0,0,11,90,0,3,US,Club
Alter Bridge,2026,2026-11-24,,LIVE NATION MUSIC,0.0,0.0,1508123.42,1,40,41,59,1,6,US,Club
Don Broco,2026,2026-11-24,,LIVE NATION MUSIC,1659048.86,88819.81,2368375.41,0,13,29,31,0,4,US,Club
Prayers,2026,2026-11-24,,LIVE NATION MUSIC,0.0,0.0,5380.0,0,0,1,10,0,0,US,Club
Whitechapel,2026,2026-11-24,,LIVE NATION CANADA (LN),378503.41,16256.84,0.0,1,0,3,80,0,4,International,Club
Jason Bonham,2026,2026-11-24,,LIVE NATION CANADA (LN),0.0,163048.0,39752.0,0,0,3,1,0,0,International,Theater
Allan Rayman,2026,2026-11-24,,LIVE NATION CANADA (LN),9388.09,20033.0,21458.28,1,0,3,31,0,0,International,Club
Boy Golden,2026,2026-11-24,,LIVE NATION CANADA (LN),0.0,25737.07,428.0,0,0,2,0,0,1,International,Theater
Jessie Reyez,2026,2026-11-24,,LIVE NATION CANADA (LN),1791362.54,0.0,120873.09,0,0,14,18,0,0,International,Arena
Blossoms,2026,2026-11-24,,MCD PRODUCTIONS,0.0,2429579.32,643480.5700000001,0,5,38,27,2,4,International,Theater
Harakiri For The Sky,2026,2026-11-24,,MCD PRODUCTIONS,0.0,13157.82,8226.0,0,0,0,3,0,0,International,Club
Songer,2026,2026-11-24,,MCD PRODUCTIONS,0.0,10636.87,28557.39,0,0,1,5,0,0,International,Club
Don Toliver,2026,2026-11-24,,"LIVE NATION UK FOR ARTIST, TOUR, FESTIVAL AND PRESALE NEWS",9032674.43,8111510.19,3222824.84,1,61,12,7,0,2,International,Arena
Remi,2026,2026-11-24,,"LIVE NATION UK FOR ARTIST, TOUR, FESTIVAL AND PRESALE NEWS",0.0,0.0,0.0,0,0,0,9,0,0,International,Arena
Yard Act,2026,2026-11-24,,LIVE NATION,0.0,177300.56,24995.34,0,0,4,16,0,2,International,Theater
Blair Davie,2026,2026-11-24,,LIVE NATION MUSIC UK LTD,5583.15,0.0,0.0,0,0,0,7,0,2,International,Club
Paris Paloma,2026,2026-11-24,,DF CONCERTS,182912.02,142732.72999999998,10609.18,0,0,6,10,0,0,International,Club
Mammoth,2026,2026-11-24,,LIVE NATION MUSIC UK LTD,38655.0,232565.45,199756.01,0,0,4,23,0,1,International,Club
Uncle Acid &amp; The Deadbeats,2026,2026-11-24,,LIVE NATION MUSIC UK LTD,106998.01,0.0,23894.47,0,1,3,41,0,4,International,Club
PRESIDENT,2026,2026-11-24,,LIVE NATION MUSIC UK LTD,0.0,0.0,0.0,0,0,1,2,0,0,International,Club
Westside Cowboy,2026,2026-11-24,,DF CONCERTS,3653.86,0.0,0.0,0,0,0,2,0,0,International,Club
Wil,2026,2026-11-24,,"LIVE NATION UK FOR ARTIST, TOUR, FESTIVAL AND PRESALE NEWS",0.0,0.0,0.0,0,0,0,3,0,0,International,Club
sace6,2026,2026-11-24,,LIVE NATION MUSIC UK LTD,0.0,0.0,0.0,0,0,0,1,0,0,International,Club
CATTY,2026,2026-11-24,,LIVE NATION MUSIC UK LTD,0.0,0.0,0.0,0,0,0,0,0,1,International,Other
Look Mum No Computer,2026,2026-11-24,,LIVE NATION MUSIC UK LTD,0.0,0.0,0.0,0,0,0,1,0,1,International,Club
Dropkick Murphys,2026,2026-11-24,,LIVE NATION AUSTRALIA,6152426.46,3298049.93,4008327.74,8,70,78,138,2,11,International,Arena
Love of Lesbian,2026,2026-11-24,,OCESA,857279.6,532585.48,836237.5800000001,3,5,20,6,0,2,International,Theater
Trueno,2026,2026-11-24,,OCESA,2520298.59,1377645.58,29090.04,1,7,11,2,0,0,International,Theater
The Script,2026,2026-11-24,,Live Nation GmbH,11143320.6,15866245.59,48245.32,7,145,54,41,12,15,International,Theater
"Signal, Wordless Music Orchestra",2026,2026-11-24,,Live Nation GmbH,0.0,0.0,0.0,0,0,1,0,0,0,International,Theater
Kingfishr,2026,2026-11-24,,Live Nation España Red Path SL,3091421.36,557598.27,14731.39,0,5,7,20,6,4,International,Club
Hatsune Miku,2026,2026-11-24,,Live Nation España Red Path SL,0.0,7255816.05,0.0,0,16,23,1,0,0,International,Theater
Taemin,2026,2026-11-24,,Live Nation Venues Netherlands BV Afas Live,6207105.13,0.0,0.0,0,4,5,1,0,0,International,Theater
First Aid Kit,2026,2026-11-24,,Live Nation Sp. z o.o.,0.0,63725.13,1512778.04,1,1,39,48,0,3,International,Club
Wage War,2026,2026-11-25,,LIVE NATION MUSIC,0.0,250965.5,163464.08000000002,0,1,4,25,0,1,US,Club
Underoath,2026,2026-11-25,,LIVE NATION MUSIC,0.0,418700.1,308406.2,0,2,22,75,0,4,US,Club
Catch Your Breath,2026,2026-11-25,,LIVE NATION MUSIC,10444.0,0.0,0.0,0,0,0,6,0,0,US,Theater
John Summit,2026,2026-11-25,,LIVE NATION MUSIC,1618895.52,6378033.54,2121909.0,1,6,4,6,1,1,US,Arena
Rush,2026,2026-11-25,,LIVE NATION MUSIC,0.0,0.0,0.0,40,118,1,0,2,8,US,Arena
DJ Raphi,2026,2026-11-25,,LIVE NATION MUSIC,0.0,0.0,0.0,0,0,1,0,0,0,US,Theater
"The A, B, C &amp; D Of Boogie Woogie",2026,2026-11-25,,LIVE NATION MUSIC,0.0,0.0,0.0,0,0,0,1,0,0,US,Theater
Turnover,2026,2026-11-25,,LIVE NATION MUSIC,1497016.17,34201.28,13530.0,2,1,7,38,0,2,US,Club
El Tri,2026,2026-11-25,,LIVE NATION MUSIC,2545893.21,56655.0,362219.0,0,8,15,9,1,1,US,Theater
"Polytoxic, The Denver Horns",2026,2026-11-25,,LIVE NATION MUSIC,0.0,0.0,0.0,0,0,0,1,0,0,US,Theater
Eliza,2026,2026-11-25,,LIVE NATION MUSIC,0.0,0.0,3339.85,0,0,0,1,0,0,US,Club
"Dragonforce, Amaranthe",2026,2026-11-25,,LIVE NATION MUSIC,0.0,247413.25,0.0,0,0,2,1,0,0,US,Theater
The Beast,2026,2026-11-25,,LIVE NATION MUSIC,0.0,0.0,0.0,0,0,1,0,0,0,US,Theater
Once &amp; Future Band,2026,2026-11-25,,LIVE NATION MUSIC,0.0,0.0,0.0,0,0,0,1,0,0,US,Club
Yung Gravy,2026,2026-11-25,,LIVE NATION MUSIC,206906.93,654682.31,71100.12,0,2,7,36,0,1,US,Theater
Guaco,2026,2026-11-25,,HOUSE OF BLUES CONCERTS (HOB),120840.44,0.0,0.0,0,0,2,0,0,0,US,Theater
Band Of Horses,2026,2026-11-25,,FRANK PRODUCTIONS,442717.38,387852.65,434352.0,8,3,62,67,0,5,US,Theater
Forever,2026,2026-11-25,,LIVE NATION MUSIC,70329.51,0.0,0.0,0,1,0,0,0,0,US,Arena
"Nekromantix, Voodoo Glow Skulls",2026,2026-11-25,,LIVE NATION MUSIC,0.0,0.0,0.0,0,0,0,1,0,0,US,Club
Gary Numan,2026,2026-11-25,,LIVE NATION MUSIC,1760819.26,1454805.64,269072.33999999997,0,5,50,62,0,2,US,Club
Imminence,2026,2026-11-25,,LIVE NATION MUSIC,470438.32,155312.11,0.0,0,0,3,36,0,15,US,Amphitheatre
Sabaton,2026,2026-11-25,,LIVE NATION MUSIC,13311096.98,0.0,3200841.5700000003,0,31,18,33,0,0,US,Theater
Black M,2026,2026-11-25,,LIVE NATION MUSIC,0.0,0.0,0.0,0,3,0,0,0,0,US,Theater
Anna,2026,2026-11-25,,LIVE NATION MUSIC,7768357.97,1602600.58,133801.17,0,7,8,7,2,12,US,Other
Fantastic Cat,2026,2026-11-25,,LIVE NATION MUSIC,14470.23,16670.0,4269.0,0,0,0,10,0,0,US,Club
Blue October,2026,2026-11-25,,LIVE NATION MUSIC,380805.29,725828.84,1268376.38,4,2,79,177,1,3,US,Club
Jason Bonham,2026,2026-11-25,,LIVE NATION MUSIC,0.0,163048.0,39752.0,0,0,3,1,0,0,US,Theater
Jason Bonham,2026,2026-11-25,,LIVE NATION MUSIC,0.0,163048.0,39752.0,0,0,3,1,0,0,US,Theater
Born of Osiris,2026,2026-11-25,,HOUSE OF BLUES CONCERTS (HOB),36454.0,0.0,12944.0,0,0,6,48,0,0,US,Club
Fear Factory,2026,2026-11-25,,LIVE NATION MUSIC,16874.93,0.0,424894.07,0,0,19,49,0,2,US,Club
Kabaka Pyramid,2026,2026-11-25,,LIVE NATION MUSIC,7765.0,5705.0,6970.2,0,0,0,7,0,0,US,Club
Triumph,2026,2026-11-25,,LIVE NATION MUSIC,0.0,0.0,0.0,0,7,1,1,0,0,US,Arena
RAC,2026,2026-11-25,,LIVE NATION MUSIC,0.0,0.0,0.0,0,0,5,32,0,0,US,Theater
EGGY,2026,2026-11-25,,LIVE NATION MUSIC,50061.0,55240.5,35212.9,0,0,1,20,0,0,US,Club
Triumph,2026,2026-11-25,,LIVE NATION MUSIC,0.0,0.0,0.0,0,7,1,1,0,0,US,Arena
Psycroptic,2026,2026-11-25,,HOUSE OF BLUES CONCERTS (HOB),0.0,0.0,3300.0,0,0,0,8,0,0,US,Club
Dueling Pianos,2026,2026-11-25,,C3 FESTIVALS,0.0,15135.45,0.0,0,0,2,0,0,0,US,Theater
EGGY,2026,2026-11-25,,LIVE NATION MUSIC,50061.0,55240.5,35212.9,0,0,1,20,0,0,US,Club
Amtrac,2026,2026-11-25,,LIVE NATION MUSIC,0.0,0.0,35933.0,0,0,0,10,0,0,US,Club
Doja Cat,2026,2026-11-25,,LIVE NATION CANADA (LN),7384674.46,7298161.81,31988065.4,0,39,0,9,0,0,International,Arena
Allan Rayman,2026,2026-11-25,,LIVE NATION CANADA (LN),9388.09,20033.0,21458.28,1,0,3,31,0,0,International,Club
Arkells,2026,2026-11-25,,LIVE NATION CANADA (LN),512843.52,911391.9,30606.5,0,22,9,64,0,6,International,Club
TALK,2026,2026-11-25,,LIVE NATION CANADA (LN),0.0,86810.81,39322.02,0,0,1,8,0,0,International,Club
"""Festival International de Jazz De Montreal"", Amanda Marshall",2026,2026-11-25,,LIVE NATION CANADA (LN),69717.79,0.0,0.0,0,0,1,0,0,0,International,Theater
Roch Voisine,2026,2026-11-25,,LIVE NATION CANADA (LN),300162.61,0.0,33838.13,1,3,5,2,0,1,International,Theater
The Pineapple Thief,2026,2026-11-25,,LIVE NATION CANADA (LN),16406.77,77036.26,0.0,0,0,2,13,0,0,International,Theater
Boy Golden,2026,2026-11-25,,LIVE NATION CANADA (LN),0.0,25737.07,428.0,0,0,2,0,0,1,International,Theater
Prateek Kuhad,2026,2026-11-25,,LIVE NATION CANADA (LN),0.0,311742.61,0.0,0,0,4,17,0,1,International,Club
The Reklaws,2026,2026-11-25,,EVENKO CO-PRO WITH LIVE NATION,0.0,156027.85,0.0,0,0,1,0,0,0,International,Theater
Eloise,2026,2026-11-25,,MCD PRODUCTIONS,0.0,0.0,54833.34,0,0,2,7,0,0,International,Club
Paris Paloma,2026,2026-11-25,,MCD PRODUCTIONS,182912.02,142732.72999999998,10609.18,0,0,6,10,0,0,International,Stadium
Eagles Of Death Metal,2026,2026-11-25,,MCD PRODUCTIONS,59829.990000000005,0.0,216321.55,0,1,10,30,0,0,International,Club
Waylon Wyatt,2026,2026-11-25,,MCD PRODUCTIONS,127869.14,0.0,0.0,0,0,2,8,0,0,International,Theater
Bleachers,2026,2026-11-25,,DF CONCERTS,0.0,4208643.78,0.0,6,4,15,43,0,7,International,Club
Picture This,2026,2026-11-25,,MCD PRODUCTIONS,4682702.09,2769789.99,3315593.18,0,17,15,30,5,3,International,Club
The Temperance Movement,2026,2026-11-25,,LIVE NATION MUSIC UK LTD,166743.47,0.0,0.0,0,0,1,20,0,0,International,Club
Zimmer90,2026,2026-11-25,,DF CONCERTS,169207.99,15899.83,24960.89,0,0,0,14,0,1,International,Club
Violent Vira,2026,2026-11-25,,"LIVE NATION UK FOR ARTIST, TOUR, FESTIVAL AND PRESALE NEWS",40733.0,21095.0,0.0,0,0,0,7,0,0,International,Club
Son Mieux,2026,2026-11-25,,LIVE NATION MUSIC UK LTD,32989.19,29983.95,14001.57,0,0,1,4,0,0,International,Club
Big Special,2026,2026-11-25,,"LIVE NATION UK FOR ARTIST, TOUR, FESTIVAL AND PRESALE NEWS",43373.62,29214.83,0.0,0,0,2,16,0,3,International,Club
CATTY,2026,2026-11-25,,LIVE NATION MUSIC UK LTD,0.0,0.0,0.0,0,0,0,0,0,1,International,Other
Dermot Kennedy,2026,2026-11-25,,LIVE NATION AUSTRALIA,715573.15,0.0,19937522.59,6,39,56,61,10,4,International,Theater
Aldous Harding,2026,2026-11-25,,LIVE NATION AUSTRALIA,0.0,0.0,190643.78,0,0,8,23,0,4,International,Theater
"SIX60, Nico &amp; Vinz",2026,2026-11-25,,OCESA,0.0,0.0,0.0,0,0,0,1,0,0,International,Club
Giant Rooks,2026,2026-11-25,,OCESA,1078245.57,4045025.2,274287.68,0,12,13,33,8,14,International,Club
Love of Lesbian,2026,2026-11-25,,OCESA,857279.6,532585.48,836237.5800000001,3,5,20,6,0,2,International,Theater
"Signal, Wordless Music Orchestra",2026,2026-11-25,,Live Nation GmbH,0.0,0.0,0.0,0,0,1,0,0,0,International,Theater
Kingfishr,2026,2026-11-25,,Live Nation España Red Path SL,3091421.36,557598.27,14731.39,0,5,7,20,6,4,International,Club
Hatsune Miku,2026,2026-11-25,,Live Nation España Red Path SL,0.0,7255816.05,0.0,0,16,23,1,0,0,International,Theater
Hatsune Miku,2026,2026-11-25,,Live Nation España Red Path SL,0.0,7255816.05,0.0,0,16,23,1,0,0,International,Theater
Remi,2026,2026-11-25,,Live Nation Venues Netherlands BV Afas Live,0.0,0.0,0.0,0,0,0,9,0,0,International,Club
glaive,2026,2026-11-25,,Live Nation Sp. z o.o.,87140.09,0.0,70042.53,0,0,4,26,0,1,International,Club
Remi,2026,2026-11-25,,Live Nation sp. z o.o.,0.0,0.0,0.0,0,0,0,9,0,0,International,Club
Jack &amp; Jack,2026,2026-11-25,,Live Nation sp. z o.o.,26915.8,216160.36,0.0,1,0,7,45,0,1,International,Club
Arkells,2026,2026-11-26,,LIVE NATION CANADA (LN),512843.52,911391.9,30606.5,0,22,9,64,0,6,International,Club
Default,2026,2026-11-26,,LIVE NATION CANADA (LN),0.0,0.0,0.0,0,0,0,1,0,0,International,Theater
"""Festival International de Jazz De Montreal"", Amanda Marshall",2026,2026-11-26,,LIVE NATION CANADA (LN),69717.79,0.0,0.0,0,0,1,0,0,0,International,Theater
"Allen, Mack, Myers, Moore",2026,2026-11-26,,LIVE NATION CANADA (LN),0.0,0.0,0.0,0,0,0,1,0,0,International,Club
Boy Golden,2026,2026-11-26,,LIVE NATION CANADA (LN),0.0,25737.07,428.0,0,0,2,0,0,1,International,Theater
"The A, B, C &amp; D Of Boogie Woogie",2026,2026-11-26,,LIVE NATION CANADA (LN),0.0,0.0,0.0,0,0,0,1,0,0,International,Arena
tripleS,2026,2026-11-26,,LIVE NATION CANADA (LN),535739.74,0.0,278437.12,0,0,13,6,0,0,International,Arena
America,2026,2026-11-26,,LIVE NATION CANADA (LN),4786730.81,4477164.55,1750231.2,5,8,180,41,0,14,International,Theater
Natalie MacMaster,2026,2026-11-26,,LIVE NATION CANADA (LN),0.0,0.0,0.0,0,0,23,2,0,1,International,Theater
"The A, B, C &amp; D Of Boogie Woogie",2026,2026-11-26,,LIVE NATION CANADA (LN),0.0,0.0,0.0,0,0,0,1,0,0,International,Club
Takuya Nakamura,2026,2026-11-26,,LIVE NATION CANADA (LN),2588.0,0.0,0.0,0,0,0,1,0,0,International,Club
The Stunning,2026,2026-11-26,,MCD PRODUCTIONS,159260.17,62895.84,61027.64,0,0,8,1,0,0,International,Theater
Electric Six,2026,2026-11-26,,MCD PRODUCTIONS,61624.82,57268.15,41714.11,0,0,17,105,0,0,International,Theater
Wil,2026,2026-11-26,,MCD PRODUCTIONS,0.0,0.0,0.0,0,0,0,3,0,0,International,Club
Neoni,2026,2026-11-26,,MCD PRODUCTIONS,0.0,0.0,0.0,0,0,0,0,0,1,International,Other
Yard Act,2026,2026-11-26,,LIVE NATION MUSIC UK LTD,0.0,177300.56,24995.34,0,0,4,16,0,2,International,Club
Picture This,2026,2026-11-26,,MCD PRODUCTIONS,4682702.09,2769789.99,3315593.18,0,17,15,30,5,3,International,Club
The Pretty Reckless,2026,2026-11-26,,LIVE NATION MUSIC UK LTD,39295.0,0.0,0.0,0,0,23,93,0,4,International,Club
Violent Vira,2026,2026-11-26,,"LIVE NATION UK FOR ARTIST, TOUR, FESTIVAL AND PRESALE NEWS",40733.0,21095.0,0.0,0,0,0,7,0,0,International,Club
CATTY,2026,2026-11-26,,LIVE NATION MUSIC UK LTD,0.0,0.0,0.0,0,0,0,0,0,1,International,Other
"""Gent Jazz Festival"", José González",2026,2026-11-26,,LIVE NATION MUSIC UK LTD,0.0,0.0,0.0,0,0,1,0,0,0,International,Theater
BUNT.,2026,2026-11-26,,"LIVE NATION UK FOR ARTIST, TOUR, FESTIVAL AND PRESALE NEWS",2542475.01,117613.25,11416.2,0,6,10,15,0,3,International,Club
Look Mum No Computer,2026,2026-11-26,,LIVE NATION MUSIC UK LTD,0.0,0.0,0.0,0,0,0,1,0,1,International,Club
,2026,2026-11-26,,"LIVE NATION UK FOR ARTIST, TOUR, FESTIVAL AND PRESALE NEWS",0.0,0.0,0.0,0,0,0,0,0,0,International,Other
Bicep,2026,2026-11-26,,LIVE NATION MUSIC UK LTD,0.0,128187.2,884263.4,0,2,5,2,1,0,International,Theater
Dizzee Rascal,2026,2026-11-26,,LIVE NATION AUSTRALIA,734263.18,558902.65,1192351.83,0,5,7,8,0,1,International,Club
Hayley Williams,2026,2026-11-26,,OCESA,0.0,0.0,0.0,0,0,7,3,2,0,International,Theater
Hayley Williams,2026,2026-11-26,,OCESA,0.0,0.0,0.0,0,0,7,3,2,0,International,Theater
"Justin, Scott And Spiegel",2026,2026-11-26,,OCESA,0.0,0.0,0.0,0,0,0,1,0,0,International,Club
Nacho Vegas,2026,2026-11-26,,OCESA,0.0,227871.74,0.0,0,1,8,2,0,2,International,Theater
The Great Divide,2026,2026-11-26,,Live Nation GmbH,0.0,2247.0,0.0,0,0,0,2,0,1,International,Club
Tiffany Day,2026,2026-11-26,,Live Nation Sp. z o.o.,18513.0,0.0,6951.0,0,0,0,6,0,0,International,Club
"Domi, Jazz Is Phsh",2026,2026-11-26,,Live Nation sp. z o.o.,0.0,0.0,0.0,0,0,0,1,0,0,International,Club
Macy Gray,2026,2026-11-26,,Live Nation Sp. z o.o.,285508.42,27492.0,286517.02,0,1,33,47,1,2,International,Club
"Hummer, SIN",2026,2026-11-26,,Live Nation sp. z o.o.,0.0,0.0,0.0,0,0,0,1,0,0,International,Club
Jack &amp; Jack,2026,2026-11-26,,Live Nation sp. z o.o.,26915.8,216160.36,0.0,1,0,7,45,0,1,International,Club
Trans-Siberian Orchestra,2026,2026-11-27,,LIVE NATION MUSIC,60413990.78,69204633.87,42632080.53,0,911,47,1,0,15,US,Arena
Trans-Siberian Orchestra,2026,2026-11-27,,LIVE NATION MUSIC,60413990.78,69204633.87,42632080.53,0,911,47,1,0,15,US,Arena
Jack Kays,2026,2026-11-27,,LIVE NATION MUSIC,71591.25,6807.0,9000.0,0,0,1,9,0,0,US,Club
Catch Your Breath,2026,2026-11-27,,LIVE NATION MUSIC,10444.0,0.0,0.0,0,0,0,6,0,0,US,Theater
Eagles,2026,2026-11-27,,LIVE NATION MUSIC,132995245.27,168150846.73,118468239.25,8,369,2,0,28,5,US,Arena
Rush,2026,2026-11-27,,LIVE NATION MUSIC,0.0,0.0,0.0,40,118,1,0,2,8,US,Arena
Trans-Siberian Orchestra,2026,2026-11-27,,LIVE NATION MUSIC,60413990.78,69204633.87,42632080.53,0,911,47,1,0,15,US,Arena
Trans-Siberian Orchestra,2026,2026-11-27,,LIVE NATION MUSIC,60413990.78,69204633.87,42632080.53,0,911,47,1,0,15,US,Arena
Jonas Brothers,2026,2026-11-27,,LIVE NATION MUSIC,81959444.45,30144554.31,109403725.33,84,205,28,1,31,5,US,Arena
Victor &amp; Leo,2026,2026-11-27,,LIVE NATION MUSIC,0.0,0.0,0.0,0,0,24,1,0,0,US,Theater
Gerardo Ortiz,2026,2026-11-27,,LIVE NATION MUSIC,761206.5,260251.5,320733.1,0,25,17,1,2,1,US,Theater
Aitana,2026,2026-11-27,,LIVE NATION MUSIC,10022719.03,1046744.51,9033891.4,8,27,6,0,22,8,US,Arena
Turnover,2026,2026-11-27,,LIVE NATION MUSIC,1497016.17,34201.28,13530.0,2,1,7,38,0,2,US,Arena
Blue October,2026,2026-11-27,,LIVE NATION MUSIC,380805.29,725828.84,1268376.38,4,2,79,177,1,3,US,Amphitheatre
Devault,2026,2026-11-27,,LIVE NATION MUSIC,0.0,22106.55,0.0,0,0,0,6,0,0,US,Club
Hunxho,2026,2026-11-27,,LIVE NATION MUSIC,78330.0,70430.0,0.0,0,0,0,2,0,0,US,Club
Alicia Villarreal,2026,2026-11-27,,LIVE NATION MUSIC,826817.98,1374508.36,306780.57999999996,1,4,29,4,0,0,US,Theater
Dark Star Orchestra,2026,2026-11-27,,LIVE NATION MUSIC,1550997.72,5590344.75,2726147.02,66,2,252,356,11,32,US,Club
Dark Star Orchestra,2026,2026-11-27,,LIVE NATION MUSIC,1550997.72,5590344.75,2726147.02,66,2,252,356,11,32,US,Club
Blackberry Smoke,2026,2026-11-27,,LIVE NATION MUSIC,970444.05,1380924.41,1282993.23,15,2,103,114,2,26,US,Club
Wage War,2026,2026-11-27,,LIVE NATION MUSIC,0.0,250965.5,163464.08000000002,0,1,4,25,0,1,US,Club
Sabaton,2026,2026-11-27,,LIVE NATION MUSIC,13311096.98,0.0,3200841.5700000003,0,31,18,33,0,0,US,Club
10 Years,2026,2026-11-27,,LIVE NATION MUSIC,35281.43,47010.25,6775.0,0,0,11,90,0,3,US,Club
"The Temptations, The Four Tops",2026,2026-11-27,,LIVE NATION MUSIC,3060639.51,1716878.2,2034411.11,9,20,173,22,0,4,US,Arena
The Urge,2026,2026-11-27,,LIVE NATION MUSIC,0.0,0.0,0.0,0,0,13,1,0,0,US,Theater
Forever,2026,2026-11-27,,LIVE NATION MUSIC,70329.51,0.0,0.0,0,1,0,0,0,0,US,Arena
Imminence,2026,2026-11-27,,LIVE NATION MUSIC,470438.32,155312.11,0.0,0,0,3,36,0,15,US,Club
Rav,2026,2026-11-27,,LIVE NATION MUSIC,0.0,0.0,7775.0,0,0,0,4,0,0,US,Club
Grupo Duelo,2026,2026-11-27,,HOUSE OF BLUES CONCERTS (HOB),0.0,49134.0,0.0,0,3,1,0,0,0,US,Arena
Angine de Poitrine,2026,2026-11-27,,LIVE NATION MUSIC,0.0,0.0,0.0,0,0,1,1,0,0,US,Club
Project Pat,2026,2026-11-27,,HOUSE OF BLUES CONCERTS (HOB),0.0,0.0,57365.0,0,0,0,3,0,0,US,Club
"Senses Fail, Saves The Day",2026,2026-11-27,,LIVE NATION MUSIC,0.0,78419.0,0.0,0,0,0,1,0,0,US,Club
Twiddle,2026,2026-11-27,,LIVE NATION MUSIC,0.0,0.0,308141.9,1,0,25,144,2,2,US,Theater
Trippie Redd,2026,2026-11-27,,LIVE NATION MUSIC,177248.89,171012.5,592049.0,4,5,6,7,0,1,US,Theater
The Pineapple Thief,2026,2026-11-27,,LIVE NATION MUSIC,16406.77,77036.26,0.0,0,0,2,13,0,0,US,Club
Band Of Horses,2026,2026-11-27,,FRANK PRODUCTIONS,442717.38,387852.65,434352.0,8,3,62,67,0,5,US,Theater
Twiddle,2026,2026-11-27,,LIVE NATION MUSIC,0.0,0.0,308141.9,1,0,25,144,2,2,US,Theater
Ian,2026,2026-11-27,,LIVE NATION MUSIC,168034.66,0.0,0.0,0,0,1,4,0,0,US,Club
Triumph,2026,2026-11-27,,LIVE NATION MUSIC,0.0,0.0,0.0,0,7,1,1,0,0,US,Arena
Tamar Braxton,2026,2026-11-27,,HOUSE OF BLUES CONCERTS (HOB),0.0,79409.4,0.0,0,0,7,8,0,0,US,Club
Kem,2026,2026-11-27,,LIVE NATION MUSIC,831025.5,1671400.29,1522783.05,10,15,69,4,0,0,US,Arena
Welshly Arms,2026,2026-11-27,,HOUSE OF BLUES CONCERTS (HOB),2650.0,0.0,28335.21,0,1,0,22,0,0,US,Club
Ra,2026,2026-11-27,,LIVE NATION MUSIC,910.56,0.0,0.0,0,0,0,2,0,0,US,Club
The Hotelier,2026,2026-11-27,,LIVE NATION MUSIC,27105.52,14400.0,0.0,0,0,1,6,0,0,US,Club
Res,2026,2026-11-27,,HOUSE OF BLUES CONCERTS (HOB),0.0,4353.0,14926.0,0,0,0,8,0,0,US,Club
"Baby Bash, Frankie J",2026,2026-11-27,,LIVE NATION MUSIC,0.0,0.0,0.0,0,0,0,1,0,0,US,Club
"""Past, Present, Future: A Dance Gala""",2026,2026-11-27,,LIVE NATION MUSIC,0.0,0.0,0.0,0,0,1,0,0,0,US,Theater
Dweezil Zappa,2026,2026-11-27,,LIVE NATION MUSIC,1060154.55,1718199.74,0.0,0,0,69,53,0,3,US,Theater
The Greyboy Allstars,2026,2026-11-27,,LIVE NATION MUSIC,18450.0,22000.0,0.0,0,0,5,30,0,0,US,Club
Bone Thugs-N-Harmony,2026,2026-11-27,,LIVE NATION MUSIC,64169.0,494120.43,110487.0,2,8,44,112,1,9,US,Theater
Cozy Worldwide,2026,2026-11-27,,HOUSE OF BLUES CONCERTS (HOB),5370.5,0.0,0.0,0,0,0,1,0,0,US,Club
PJ Morton,2026,2026-11-27,,LIVE NATION MUSIC,46060.5,822365.48,0.0,1,0,40,52,1,1,US,Theater
Rav,2026,2026-11-27,,LIVE NATION MUSIC,0.0,0.0,7775.0,0,0,0,4,0,0,US,Club
Don Broco,2026,2026-11-27,,LIVE NATION MUSIC,1659048.86,88819.81,2368375.41,0,13,29,31,0,4,US,Theater
Dave Hause,2026,2026-11-27,,LIVE NATION MUSIC,61081.71,114963.8,0.0,0,0,5,52,0,25,US,Club
Dope Ass Sneakers,2026,2026-11-27,,FRANK PRODUCTIONS,0.0,0.0,0.0,0,0,0,1,0,0,US,Club
Trivium,2026,2026-11-27,,LIVE NATION MUSIC,398903.12,0.0,378436.41,0,3,22,57,0,1,US,Arena
Gannon Fremin &amp; CCREV,2026,2026-11-27,,LIVE NATION MUSIC,825.0,0.0,0.0,0,0,0,1,0,0,US,Theater
Bleood,2026,2026-11-27,,LIVE NATION MUSIC,0.0,0.0,0.0,0,0,0,1,0,0,US,Theater
The Dickies,2026,2026-11-27,,LIVE NATION MUSIC,1620.0,2220.0,3395.0,0,0,0,12,0,0,US,Club
"Tres Clásicos del Rock - Tributo a The Doors, The Beatles &amp; Toncho Pilatos",2026,2026-11-27,,LIVE NATION MUSIC,0.0,0.0,13766.52,0,0,1,0,0,0,US,Arena
Trivium,2026,2026-11-27,,LIVE NATION MUSIC,398903.12,0.0,378436.41,0,3,22,57,0,1,US,Arena
R&amp;B Vibes Live,2026,2026-11-27,,LIVE NATION MUSIC,0.0,0.0,0.0,0,0,0,2,0,0,US,Club
Wild Child,2026,2026-11-27,,LIVE NATION MUSIC,0.0,66160.7,45598.0,0,0,1,96,0,1,US,Club
Broadway,2026,2026-11-27,,LIVE NATION MUSIC,0.0,0.0,0.0,0,0,0,2,0,0,US,Club
Celebration,2026,2026-11-27,,FRANK PRODUCTIONS,0.0,0.0,0.0,0,0,0,1,0,0,US,Theater
Nicole Atkins,2026,2026-11-27,,LIVE NATION MUSIC,0.0,2495.0,0.0,0,0,4,37,0,3,US,Club
"Tres Clásicos del Rock - Tributo a The Doors, The Beatles &amp; Toncho Pilatos",2026,2026-11-27,,LIVE NATION MUSIC,0.0,0.0,13766.52,0,0,1,0,0,0,US,Theater
M,2026,2026-11-27,,LIVE NATION MUSIC,0.0,0.0,286459.73,0,0,2,0,0,0,US,Theater
The Residents,2026,2026-11-27,,LIVE NATION MUSIC,0.0,0.0,7124.0,0,0,4,32,0,1,US,Theater
The Brook &amp; The Bluff,2026,2026-11-27,,LIVE NATION MUSIC,13195.0,54224.59,250521.71,0,0,7,36,0,1,US,Club
R&amp;B Vibes Live,2026,2026-11-27,,LIVE NATION MUSIC,0.0,0.0,0.0,0,0,0,2,0,0,US,Club
Crankdat,2026,2026-11-27,,LIVE NATION MUSIC,812116.3200000001,156729.33000000002,33893.95,1,0,4,14,0,0,US,Club
A Killer's Confession,2026,2026-11-27,,HOUSE OF BLUES CONCERTS (HOB),4000.0,4245.0,0.0,0,0,0,5,0,0,US,Club
AVELLO,2026,2026-11-27,,LIVE NATION MUSIC,0.0,0.0,0.0,0,0,0,2,0,0,US,Club
San Holo,2026,2026-11-27,,LIVE NATION MUSIC,286586.5,58302.0,420309.0,1,1,6,35,0,0,US,Club
Friday,2026,2026-11-27,,FRANK PRODUCTIONS,0.0,0.0,0.0,0,0,0,1,0,0,US,Club
Slaughter To Prevail,2026,2026-11-27,,LIVE NATION MUSIC,157166.6,52042.05,248864.27,0,4,13,23,0,1,US,Club
The Voices,2026,2026-11-27,,LIVE NATION MUSIC,6545.0,10741.0,0.0,0,0,0,4,0,0,US,Club
Underoath,2026,2026-11-27,,LIVE NATION CANADA (LN),0.0,418700.1,308406.2,0,2,22,75,0,4,International,Theater
Doja Cat,2026,2026-11-27,,EVENKO CO-PRO WITH LIVE NATION,7384674.46,7298161.81,31988065.4,0,39,0,9,0,0,International,Arena
Arkells,2026,2026-11-27,,LIVE NATION CANADA (LN),512843.52,911391.9,30606.5,0,22,9,64,0,6,International,Club
Tiny Habits,2026,2026-11-27,,LIVE NATION CANADA (LN),0.0,97332.67,7488.3,0,0,4,7,0,0,International,Club
"Steven Page, West Texas Symphony",2026,2026-11-27,,LIVE NATION CANADA (LN),18764.3,0.0,0.0,0,0,1,0,0,0,International,Theater
Father of Peace,2026,2026-11-27,,LIVE NATION CANADA (LN),0.0,0.0,0.0,0,0,0,1,0,0,International,Club
GWAR,2026,2026-11-27,,LIVE NATION CANADA (LN),232622.19,250475.13,96717.0,0,3,30,172,0,3,International,Theater
Natalie MacMaster,2026,2026-11-27,,LIVE NATION CANADA (LN),0.0,0.0,0.0,0,0,23,2,0,1,International,Theater
The Reklaws,2026,2026-11-27,,LIVE NATION CANADA (LN),0.0,156027.85,0.0,0,0,1,0,0,0,International,Arena
Blair Davie,2026,2026-11-27,,MCD PRODUCTIONS,5583.15,0.0,0.0,0,0,0,7,0,2,International,Club
Florence Road,2026,2026-11-27,,MCD PRODUCTIONS,29053.94,0.0,0.0,0,0,3,4,0,0,International,Theater
Eagles Of Death Metal,2026,2026-11-27,,MCD PRODUCTIONS,59829.990000000005,0.0,216321.55,0,1,10,30,0,0,International,Club
Ali Campbell,2026,2026-11-27,,MCD PRODUCTIONS,0.0,0.0,0.0,0,1,1,2,0,0,International,Theater
Mariah Carey,2026,2026-11-27,,"LIVE NATION UK FOR ARTIST, TOUR, FESTIVAL AND PRESALE NEWS",26731504.94,33616765.18,18316023.16,1,66,86,0,4,0,International,Arena
Embrace,2026,2026-11-27,,LIVE NATION (MUSIC) UK LTD (VENUES),0.0,919445.99,57998.07,0,1,14,7,0,0,International,Theater
The Pretty Reckless,2026,2026-11-27,,LIVE NATION MUSIC UK LTD,39295.0,0.0,0.0,0,0,23,93,0,4,International,Theater
Good Health Good Wealth,2026,2026-11-27,,"LIVE NATION UK FOR ARTIST, TOUR, FESTIVAL AND PRESALE NEWS",3601.02,0.0,0.0,0,0,0,2,0,0,International,Theater
BUNT.,2026,2026-11-27,,"LIVE NATION UK FOR ARTIST, TOUR, FESTIVAL AND PRESALE NEWS",2542475.01,117613.25,11416.2,0,6,10,15,0,3,International,Club
Harry Styles,2026,2026-11-27,,LIVE NATION AUSTRALIA,0.0,0.0,252490036.3,1,117,15,2,33,5,International,Stadium
DMA's,2026,2026-11-27,,LIVE NATION AUSTRALIA,0.0,0.0,724237.89,0,3,12,27,0,1,International,Theater
Dermot Kennedy,2026,2026-11-27,,LIVE NATION AUSTRALIA,715573.15,0.0,19937522.59,6,39,56,61,10,4,International,Arena
Aldous Harding,2026,2026-11-27,,LIVE NATION AUSTRALIA,0.0,0.0,190643.78,0,0,8,23,0,4,International,Theater
"Ris, John Urbano",2026,2026-11-27,,OCESA,0.0,0.0,0.0,0,0,0,1,0,0,International,Club
Insite,2026,2026-11-27,,OCESA,0.0,257266.01,67902.31,0,1,4,2,0,0,International,Theater
KATSEYE,2026,2026-11-27,,OCESA,3772036.89,0.0,0.0,0,1,5,2,0,0,International,Theater
RØZ,2026,2026-11-27,,OCESA,102479.76,0.0,0.0,0,1,0,1,0,0,International,Arena
Nasa Histoires,2026,2026-11-27,,OCESA,68652.48000000001,0.0,0.0,0,0,1,3,0,0,International,Club
The Prodigy,2026,2026-11-27,,Live Nation,4863836.569999999,1660677.42,4933551.51,2,57,12,1,3,5,International,Arena
Hardkiss,2026,2026-11-27,,Live Nation,0.0,0.0,39824.08,0,0,1,0,0,0,International,Theater
Freya Skye,2026,2026-11-27,,Live Nation España S.A.U.,0.0,0.0,0.0,0,0,6,2,0,0,International,Theater
Remi,2026,2026-11-27,,Live Nation Venues Netherlands BV Afas Live,0.0,0.0,0.0,0,0,0,9,0,0,International,Club
Pitbull,2026,2026-11-27,,Live Nation sp. z o.o.,16938177.86,38572623.0,4171765.41,116,90,54,7,17,12,International,Arena
Macy Gray,2026,2026-11-27,,Live Nation Sp. z o.o.,285508.42,27492.0,286517.02,0,1,33,47,1,2,International,Club
Nieve Ella,2026,2026-11-27,,Live Nation Sp. z o.o.,53870.34,10185.38,0.0,0,0,0,6,0,1,International,Club
Rikas,2026,2026-11-27,,Live Nation Sp. z o.o.,0.0,4248.02,0.0,0,0,1,4,0,1,International,Club
"Hummer, SIN",2026,2026-11-27,,Live Nation sp. z o.o.,0.0,0.0,0.0,0,0,0,1,0,0,International,Club
Tiffany Day,2026,2026-11-27,,LIVE NATION CZECH REPUBLIC s.r.o.,18513.0,0.0,6951.0,0,0,0,6,0,0,International,Club
Trans-Siberian Orchestra,2026,2026-11-28,,LIVE NATION MUSIC,60413990.78,69204633.87,42632080.53,0,911,47,1,0,15,US,Arena
Trans-Siberian Orchestra,2026,2026-11-28,,LIVE NATION MUSIC,60413990.78,69204633.87,42632080.53,0,911,47,1,0,15,US,Arena
Strings &amp; Heart,2026,2026-11-28,,FRANK PRODUCTIONS,6325.0,0.0,0.0,0,0,1,16,0,0,US,Theater
Rock,2026,2026-11-28,,LIVE NATION MUSIC,0.0,0.0,0.0,0,0,0,1,0,0,US,Club
Turnover,2026,2026-11-28,,LIVE NATION MUSIC,1497016.17,34201.28,13530.0,2,1,7,38,0,2,US,Theater
Punchline,2026,2026-11-28,,LIVE NATION MUSIC,0.0,0.0,0.0,0,0,1,2,0,0,US,Theater
Whitechapel,2026,2026-11-28,,LIVE NATION MUSIC,378503.41,16256.84,0.0,1,0,3,80,0,4,US,Theater
Whitechapel,2026,2026-11-28,,LIVE NATION MUSIC,378503.41,16256.84,0.0,1,0,3,80,0,4,US,Theater
Eagles,2026,2026-11-28,,LIVE NATION MUSIC,132995245.27,168150846.73,118468239.25,8,369,2,0,28,5,US,Arena
John Summit,2026,2026-11-28,,LIVE NATION MUSIC,1618895.52,6378033.54,2121909.0,1,6,4,6,1,1,US,Arena
Trans-Siberian Orchestra,2026,2026-11-28,,LIVE NATION MUSIC,60413990.78,69204633.87,42632080.53,0,911,47,1,0,15,US,Arena
Trans-Siberian Orchestra,2026,2026-11-28,,LIVE NATION MUSIC,60413990.78,69204633.87,42632080.53,0,911,47,1,0,15,US,Arena
Strings &amp; Heart,2026,2026-11-28,,FRANK PRODUCTIONS,6325.0,0.0,0.0,0,0,1,16,0,0,US,Theater
Pentatonix,2026,2026-11-28,,LIVE NATION MUSIC,10014000.83,20747784.25,16735657.71,59,174,94,50,3,9,US,Arena
Eliza,2026,2026-11-28,,LIVE NATION MUSIC,0.0,0.0,3339.85,0,0,0,1,0,0,US,Arena
Steve Lacy,2026,2026-11-28,,LIVE NATION MUSIC,0.0,0.0,48400.0,1,2,2,7,0,0,US,Theater
"The A, B, C &amp; D Of Boogie Woogie",2026,2026-11-28,,LIVE NATION MUSIC,0.0,0.0,0.0,0,0,0,1,0,0,US,Club
King Crimson,2026,2026-11-28,,LIVE NATION MUSIC,0.0,0.0,0.0,9,5,42,4,1,3,US,Theater
Dexter and The Moonrocks,2026,2026-11-28,,LIVE NATION MUSIC,116946.0,104565.0,62966.5,0,0,5,27,0,1,US,Club
Straight No Chaser,2026,2026-11-28,,LIVE NATION MUSIC,2299805.32,4207526.41,4491645.23,15,31,600,29,0,23,US,Theater
Blue October,2026,2026-11-28,,LIVE NATION MUSIC,380805.29,725828.84,1268376.38,4,2,79,177,1,3,US,Amphitheatre
Blue October,2026,2026-11-28,,LIVE NATION MUSIC,380805.29,725828.84,1268376.38,4,2,79,177,1,3,US,Amphitheatre
The Altons,2026,2026-11-28,,LIVE NATION MUSIC,58807.0,0.0,5756.0,0,0,7,10,0,2,US,Club
Imminence,2026,2026-11-28,,LIVE NATION MUSIC,470438.32,155312.11,0.0,0,0,3,36,0,15,US,Club
Big Head Todd &amp; The Monsters,2026,2026-11-28,,LIVE NATION MUSIC,1530350.0,3341487.26,3663794.64,40,1,52,108,1,11,US,Theater
Dark Star Orchestra,2026,2026-11-28,,LIVE NATION MUSIC,1550997.72,5590344.75,2726147.02,66,2,252,356,11,32,US,Club
Jonas Brothers,2026,2026-11-28,,LIVE NATION MUSIC,81959444.45,30144554.31,109403725.33,84,205,28,1,31,5,US,Arena
"Dragonforce, Amaranthe",2026,2026-11-28,,LIVE NATION MUSIC,0.0,247413.25,0.0,0,0,2,1,0,0,US,Theater
Trivium,2026,2026-11-28,,LIVE NATION MUSIC,398903.12,0.0,378436.41,0,3,22,57,0,1,US,Arena
Cynthia,2026,2026-11-28,,LIVE NATION MUSIC,0.0,0.0,0.0,0,1,1,0,0,0,US,Theater
Story of the Year,2026,2026-11-28,,LIVE NATION MUSIC,0.0,543140.6,46795.0,0,0,10,17,0,2,US,Club
Chase Matthew,2026,2026-11-28,,LIVE NATION MUSIC,188935.7,233874.39,222390.0,1,1,7,28,0,8,US,Theater
"Senses Fail, Saves The Day",2026,2026-11-28,,LIVE NATION MUSIC,0.0,78419.0,0.0,0,0,0,1,0,0,US,Theater
10 Years,2026,2026-11-28,,LIVE NATION MUSIC,35281.43,47010.25,6775.0,0,0,11,90,0,3,US,Club
Bear,2026,2026-11-28,,LIVE NATION MUSIC,0.0,0.0,0.0,0,0,0,1,0,0,US,Club
Upgrade,2026,2026-11-28,,LIVE NATION MUSIC,0.0,0.0,0.0,0,0,0,1,0,1,US,Club
Jonas Brothers,2026,2026-11-28,,LIVE NATION MUSIC,81959444.45,30144554.31,109403725.33,84,205,28,1,31,5,US,Arena
America,2026,2026-11-28,,LIVE NATION MUSIC,4786730.81,4477164.55,1750231.2,5,8,180,41,0,14,US,Theater
Tom Petty &amp; The Heartbreakers,2026,2026-11-28,,LIVE NATION MUSIC,0.0,0.0,0.0,31,71,1,1,3,1,US,Arena
Dweezil Zappa,2026,2026-11-28,,LIVE NATION MUSIC,1060154.55,1718199.74,0.0,0,0,69,53,0,3,US,Theater
Once &amp; Future Band,2026,2026-11-28,,LIVE NATION MUSIC,0.0,0.0,0.0,0,0,0,1,0,0,US,Club
Twiddle,2026,2026-11-28,,LIVE NATION MUSIC,0.0,0.0,308141.9,1,0,25,144,2,2,US,Theater
Bret Michaels,2026,2026-11-28,,LIVE NATION MUSIC,929706.53,1985269.87,4004033.12,26,12,49,42,0,24,US,Arena
Deerock,2026,2026-11-28,,LIVE NATION MUSIC,0.0,20705.0,4680.0,0,0,0,8,0,0,US,Club
Bone Thugs-N-Harmony,2026,2026-11-28,,LIVE NATION MUSIC,64169.0,494120.43,110487.0,2,8,44,112,1,9,US,Club
Tempo,2026,2026-11-28,,LIVE NATION MUSIC,0.0,0.0,0.0,0,1,0,0,0,0,US,Arena
Remi,2026,2026-11-28,,LIVE NATION MUSIC,0.0,0.0,0.0,0,0,0,9,0,0,US,Theater
Allman Betts Family Revival,2026,2026-11-28,,LIVE NATION MUSIC,1401926.49,1446679.28,0.0,1,0,39,2,0,0,US,Theater
Forever,2026,2026-11-28,,LIVE NATION MUSIC,70329.51,0.0,0.0,0,1,0,0,0,0,US,Theater
Trippie Redd,2026,2026-11-28,,LIVE NATION MUSIC,177248.89,171012.5,592049.0,4,5,6,7,0,1,US,Club
The Midnight,2026,2026-11-28,,LIVE NATION MUSIC,623554.29,301290.25,609328.26,1,0,26,53,0,2,US,Arena
Agent Orange,2026,2026-11-28,,LIVE NATION MUSIC,0.0,6845.0,9848.0,1,0,2,52,0,2,US,Club
Aly &amp; AJ,2026,2026-11-28,,LIVE NATION MUSIC,291554.29,0.0,453585.5,1,0,15,20,0,0,US,Club
Baby Smoove,2026,2026-11-28,,LIVE NATION MUSIC,0.0,0.0,29610.0,0,0,0,1,0,0,US,Club
Ray Volpe,2026,2026-11-28,,LIVE NATION MUSIC,80831.85,46085.11,54152.78,0,0,2,8,0,0,US,Arena
Xperience,2026,2026-11-28,,LIVE NATION MUSIC,0.0,0.0,0.0,0,0,0,2,0,0,US,Club
Charlton Singleton,2026,2026-11-28,,FRANK PRODUCTIONS,0.0,0.0,0.0,0,0,2,0,0,0,US,Theater
Flex,2026,2026-11-28,,HOUSE OF BLUES CONCERTS (HOB),682751.05,0.0,0.0,0,1,0,0,0,0,US,Arena
The Pineapple Thief,2026,2026-11-28,,HOUSE OF BLUES CONCERTS (HOB),16406.77,77036.26,0.0,0,0,2,13,0,0,US,Club
"David Clark, Bill Connors",2026,2026-11-28,,LIVE NATION MUSIC,0.0,0.0,0.0,0,0,1,0,0,0,US,Theater
Royal Bliss,2026,2026-11-28,,LIVE NATION MUSIC,3003.0,7200.0,26058.5,0,0,4,14,0,3,US,Club
Jackie Greene,2026,2026-11-28,,LIVE NATION MUSIC,60318.5,73034.5,27873.0,1,0,7,97,0,1,US,Club
Hunxho,2026,2026-11-28,,LIVE NATION MUSIC,78330.0,70430.0,0.0,0,0,0,2,0,0,US,Club
"""Rock, Reggae &amp; Relief""",2026,2026-11-28,,HOUSE OF BLUES CONCERTS (HOB),0.0,0.0,137000.0,0,0,0,0,0,1,US,Other
Jason Bonham,2026,2026-11-28,,LIVE NATION MUSIC,0.0,163048.0,39752.0,0,0,3,1,0,0,US,Theater
"Me, Grimlock!",2026,2026-11-28,,LIVE NATION MUSIC,198.0,0.0,0.0,0,0,0,1,0,0,US,Theater
Men Without Hats,2026,2026-11-28,,HOUSE OF BLUES CONCERTS (HOB),0.0,0.0,5705.0,0,0,1,4,0,0,US,Club
Guaco,2026,2026-11-28,,LIVE NATION MUSIC,120840.44,0.0,0.0,0,0,2,0,0,0,US,Theater
Hurricane Wisdom,2026,2026-11-28,,LIVE NATION MUSIC,11250.0,0.0,0.0,0,0,0,1,0,0,US,Club
Dillon Francis,2026,2026-11-28,,LIVE NATION MUSIC,93623.0,104232.5,172399.5,1,0,14,61,0,4,US,Club
Sean Canan's Voodoo Players,2026,2026-11-28,,LIVE NATION MUSIC,2225.0,4385.0,0.0,0,0,2,3,0,0,US,Theater
Decade,2026,2026-11-28,,FRANK PRODUCTIONS,14257.28,0.0,0.0,0,0,0,2,0,0,US,Theater
Token,2026,2026-11-28,,LIVE NATION MUSIC,0.0,0.0,42053.64,0,0,1,17,0,1,US,Theater
Alicia Villarreal,2026,2026-11-28,,LIVE NATION MUSIC,826817.98,1374508.36,306780.57999999996,1,4,29,4,0,0,US,Theater
"Joey Fatone, AJ McLean",2026,2026-11-28,,LIVE NATION MUSIC,0.0,1007339.51,0.0,1,0,6,2,0,0,US,Theater
Ought,2026,2026-11-28,,LIVE NATION MUSIC,0.0,0.0,0.0,0,0,0,11,0,0,US,Club
"Allen Stone, Ripe",2026,2026-11-28,,LIVE NATION MUSIC,29263.0,0.0,0.0,0,0,0,1,0,0,US,Club
Rage Against the Machine,2026,2026-11-28,,LIVE NATION MUSIC,0.0,0.0,0.0,0,6,0,0,1,0,US,Arena
"Dominic Sen, Noia",2026,2026-11-28,,LIVE NATION MUSIC,0.0,0.0,0.0,0,0,0,1,0,0,US,Theater
"""Past, Present, Future: A Dance Gala""",2026,2026-11-28,,FRANK PRODUCTIONS,0.0,0.0,0.0,0,0,1,0,0,0,US,Theater
Beartooth,2026,2026-11-28,,LIVE NATION MUSIC,0.0,1116351.8,389208.25,1,4,15,41,1,2,US,Club
"Tres Clásicos del Rock - Tributo a The Doors, The Beatles &amp; Toncho Pilatos",2026,2026-11-28,,LIVE NATION MUSIC,0.0,0.0,13766.52,0,0,1,0,0,0,US,Theater
Rival Sons,2026,2026-11-28,,LIVE NATION MUSIC,174160.14,116553.8,395290.35,0,2,30,81,0,1,US,Theater
Jerry &amp; Dawg Revisited,2026,2026-11-28,,LIVE NATION MUSIC,0.0,0.0,0.0,0,0,0,1,0,0,US,Club
Celebration,2026,2026-11-28,,FRANK PRODUCTIONS,0.0,0.0,0.0,0,0,0,1,0,0,US,Club
Dawns,2026,2026-11-28,,LIVE NATION MUSIC,0.0,0.0,0.0,0,0,0,1,0,0,US,Club
Celebration,2026,2026-11-28,,FRANK PRODUCTIONS,0.0,0.0,0.0,0,0,0,1,0,0,US,Club
Bo Napoleon,2026,2026-11-28,,LIVE NATION MUSIC,0.0,6085.0,4560.0,0,0,0,3,0,0,US,Club
"Distant, Left To Suffer",2026,2026-11-28,,LIVE NATION MUSIC,0.0,0.0,3610.0,0,0,0,1,0,0,US,Club
Triumph,2026,2026-11-28,,LIVE NATION MUSIC,0.0,0.0,0.0,0,7,1,1,0,0,US,Arena
Cletus &amp; Lori,2026,2026-11-28,,LIVE NATION MUSIC,0.0,0.0,0.0,0,0,0,1,0,0,US,Club
OZ,2026,2026-11-28,,LIVE NATION MUSIC,0.0,0.0,0.0,0,0,1,5,0,5,US,Theater
Project Pat,2026,2026-11-28,,HOUSE OF BLUES CONCERTS (HOB),0.0,0.0,57365.0,0,0,0,3,0,0,US,Club
Rival Sons,2026,2026-11-28,,LIVE NATION MUSIC,174160.14,116553.8,395290.35,0,2,30,81,0,1,US,Theater
J &amp; The Causeways,2026,2026-11-28,,LIVE NATION MUSIC,2003.0,0.0,0.0,0,0,0,2,0,0,US,Club
Fireside Collective,2026,2026-11-28,,LIVE NATION MUSIC,2935.0,3324.0,0.0,0,0,2,6,0,0,US,Club
Fireside Collective,2026,2026-11-28,,LIVE NATION MUSIC,2935.0,3324.0,0.0,0,0,2,6,0,0,US,Club
Celebration,2026,2026-11-28,,LIVE NATION MUSIC,0.0,0.0,0.0,0,0,0,1,0,0,US,Club
Underoath,2026,2026-11-28,,EVENKO CO-PRO WITH LIVE NATION,0.0,418700.1,308406.2,0,2,22,75,0,4,International,Club
A Boogie Wit Da Hoodie,2026,2026-11-28,,LIVE NATION CANADA (LN),557887.0,13225638.98,14494045.26,7,47,28,19,0,4,International,Arena
Default,2026,2026-11-28,,LIVE NATION CANADA (LN),0.0,0.0,0.0,0,0,0,1,0,0,International,Theater
"""Festival International de Jazz De Montreal"", Amanda Marshall",2026,2026-11-28,,LIVE NATION CANADA (LN),69717.79,0.0,0.0,0,0,1,0,0,0,International,Theater
Jann Arden,2026,2026-11-28,,LIVE NATION MUSIC,163468.85,381374.03,0.0,0,20,14,4,0,1,International,Theater
GWAR,2026,2026-11-28,,LIVE NATION MUSIC,232622.19,250475.13,96717.0,0,3,30,172,0,3,International,Theater
Lilyisthatyou,2026,2026-11-28,,LIVE NATION CANADA (LN),2952.21,0.0,0.0,0,0,1,0,0,0,International,Club
Matt Hansen,2026,2026-11-28,,LIVE NATION CANADA (LN),167808.59,12300.0,0.0,0,0,0,11,0,3,International,Theater
5 &amp; A Dime,2026,2026-11-28,,LIVE NATION CANADA (LN),0.0,0.0,6816.0,0,0,0,1,0,0,International,Theater
"Moving Mountains, Moneen",2026,2026-11-28,,LIVE NATION CANADA (LN),0.0,0.0,0.0,0,0,0,1,0,0,International,Theater
Venna,2026,2026-11-28,,LIVE NATION CANADA (LN),11964.17,8371.72,0.0,0,0,0,7,0,0,International,Club
Lost,2026,2026-11-28,,LIVE NATION CANADA (LN),0.0,0.0,36826.43,0,0,0,5,0,0,International,Club
R&amp;B Vibes Live,2026,2026-11-28,,LIVE NATION CANADA (LN),0.0,0.0,0.0,0,0,0,2,0,0,International,Club
Dea Matrona,2026,2026-11-28,,MCD PRODUCTIONS,6764.44,7842.05,2046.82,0,0,0,4,0,0,International,Club
Chris Rea,2026,2026-11-28,,MCD PRODUCTIONS,0.0,0.0,0.0,0,41,36,0,0,4,International,Theater
Jamie McIntyre,2026,2026-11-28,,MCD PRODUCTIONS,8700.76,0.0,0.0,0,0,0,3,0,0,International,Theater
Pixel Grip,2026,2026-11-28,,MCD PRODUCTIONS,55770.22,30057.0,0.0,0,0,0,18,0,0,International,Club
Tou,2026,2026-11-28,,MCD PRODUCTIONS,0.0,348354.82999999996,0.0,0,0,0,1,0,1,International,Theater
Willow,2026,2026-11-28,,MCD PRODUCTIONS,0.0,0.0,0.0,0,0,1,2,0,0,International,Club
Harry Styles,2026,2026-11-28,,LIVE NATION AUSTRALIA,0.0,0.0,252490036.3,1,117,15,2,33,5,International,Stadium
Dermot Kennedy,2026,2026-11-28,,LIVE NATION AUSTRALIA,715573.15,0.0,19937522.59,6,39,56,61,10,4,International,Arena
Aldous Harding,2026,2026-11-28,,LIVE NATION AUSTRALIA,0.0,0.0,190643.78,0,0,8,23,0,4,International,Theater
Flow,2026,2026-11-28,,OCESA,406551.66,631195.89,0.0,0,0,4,13,0,0,International,Club
Gene,2026,2026-11-28,,OCESA,0.0,0.0,0.0,0,0,1,1,0,0,International,Club
Flow,2026,2026-11-28,,OCESA,406551.66,631195.89,0.0,0,0,4,13,0,0,International,Club
Flow,2026,2026-11-28,,OCESA,406551.66,631195.89,0.0,0,0,4,13,0,0,International,Club
Gene,2026,2026-11-28,,OCESA,0.0,0.0,0.0,0,0,1,1,0,0,International,Club
Flow,2026,2026-11-28,,OCESA,406551.66,631195.89,0.0,0,0,4,13,0,0,International,Club
Disco Bahía,2026,2026-11-28,,OCESA,0.0,17032.52,0.0,0,0,1,0,0,0,International,Theater
KATSEYE,2026,2026-11-28,,OCESA,3772036.89,0.0,0.0,0,1,5,2,0,0,International,Theater
Rico &amp; Sticks,2026,2026-11-28,,OCESA,0.0,0.0,0.0,0,0,0,1,0,0,International,Club
Menudo,2026,2026-11-28,,OCESA,0.0,0.0,0.0,0,0,6,0,0,0,International,Theater
The Script,2026,2026-11-28,,Live Nation,11143320.6,15866245.59,48245.32,7,145,54,41,12,15,International,Arena
Papa Roach,2026,2026-11-28,,Live Nation,6752517.12,0.0,735256.75,2,20,17,38,0,4,International,Arena
Bryson Tiller,2026,2026-11-28,,Live Nation,0.0,14396903.73,1952369.56,10,20,31,34,0,2,International,Club
The Great Divide,2026,2026-11-28,,Live Nation,0.0,2247.0,0.0,0,0,0,2,0,1,International,Club
"Hombres G, Los Enanitos Verdes",2026,2026-11-28,,Live Nation España Golden Age SL,3449213.65,0.0,0.0,0,5,1,0,0,0,International,Arena
"Hombres G, Los Enanitos Verdes",2026,2026-11-28,,Live Nation España Golden Age SL,3449213.65,0.0,0.0,0,5,1,0,0,0,International,Arena
"Anarbor, Valencia",2026,2026-11-28,,Live Nation España S.A.U.,0.0,0.0,0.0,0,0,0,1,0,0,International,Arena
Grot,2026,2026-11-28,,Live Nation Venues Netherlands BV Afas Live,0.0,0.0,0.0,0,0,0,1,0,0,International,Club
Nach,2026,2026-11-28,,Live Nation sp. z o.o.,0.0,0.0,366455.81999999995,0,3,11,2,1,1,International,Theater
IOWA,2026,2026-11-28,,Live Nation Sp. z o.o.,0.0,0.0,0.0,0,0,0,2,0,0,International,Club
Tou,2026,2026-11-28,,Live Nation Sp. z o.o.,0.0,348354.82999999996,0.0,0,0,0,1,0,1,International,Club
Polyphia,2026,2026-11-28,,LIVE NATION CZECH REPUBLIC s.r.o.,0.0,121407.0,744654.76,0,0,3,49,0,1,International,Club
Trans-Siberian Orchestra,2026,2026-11-29,,LIVE NATION MUSIC,60413990.78,69204633.87,42632080.53,0,911,47,1,0,15,US,Arena
Underoath,2026,2026-11-29,,LIVE NATION MUSIC,0.0,418700.1,308406.2,0,2,22,75,0,4,US,Theater
Beartooth,2026,2026-11-29,,LIVE NATION MUSIC,0.0,1116351.8,389208.25,1,4,15,41,1,2,US,Club
Sabaton,2026,2026-11-29,,LIVE NATION MUSIC,13311096.98,0.0,3200841.5700000003,0,31,18,33,0,0,US,Club
Whitechapel,2026,2026-11-29,,LIVE NATION MUSIC,378503.41,16256.84,0.0,1,0,3,80,0,4,US,Club
"""Southern Soul, Boots, Brunch &amp; Line Dance Party""",2026,2026-11-29,,HOUSE OF BLUES CONCERTS (HOB),7285.0,0.0,0.0,0,0,0,2,0,0,US,Club
Story of the Year,2026,2026-11-29,,LIVE NATION MUSIC,0.0,543140.6,46795.0,0,0,10,17,0,2,US,Club
"Suicide Silence, Chelsea Grin",2026,2026-11-29,,LIVE NATION MUSIC,0.0,0.0,20000.0,0,0,0,1,0,0,US,Theater
Jerry &amp; Dawg Revisited,2026,2026-11-29,,LIVE NATION MUSIC,0.0,0.0,0.0,0,0,0,1,0,0,US,Club
Trans-Siberian Orchestra,2026,2026-11-29,,LIVE NATION MUSIC,60413990.78,69204633.87,42632080.53,0,911,47,1,0,15,US,Arena
John Summit,2026,2026-11-29,,LIVE NATION MUSIC,1618895.52,6378033.54,2121909.0,1,6,4,6,1,1,US,Arena
Doja Cat,2026,2026-11-29,,LIVE NATION MUSIC,7384674.46,7298161.81,31988065.4,0,39,0,9,0,0,US,Arena
Pentatonix,2026,2026-11-29,,LIVE NATION MUSIC,10014000.83,20747784.25,16735657.71,59,174,94,50,3,9,US,Arena
"The A, B, C &amp; D Of Boogie Woogie",2026,2026-11-29,,LIVE NATION MUSIC,0.0,0.0,0.0,0,0,0,1,0,0,US,Club
Kirk Franklin,2026,2026-11-29,,LIVE NATION MUSIC,0.0,7418069.73,10997635.59,1,40,37,3,0,2,US,Arena
Trivium,2026,2026-11-29,,LIVE NATION MUSIC,398903.12,0.0,378436.41,0,3,22,57,0,1,US,Club
Alicia Villarreal,2026,2026-11-29,,LIVE NATION MUSIC,826817.98,1374508.36,306780.57999999996,1,4,29,4,0,0,US,Theater
Hunxho,2026,2026-11-29,,LIVE NATION MUSIC,78330.0,70430.0,0.0,0,0,0,2,0,0,US,Club
Guaco,2026,2026-11-29,,LIVE NATION MUSIC,120840.44,0.0,0.0,0,0,2,0,0,0,US,Theater
"Joey Fatone, AJ McLean",2026,2026-11-29,,HOUSE OF BLUES CONCERTS (HOB),0.0,1007339.51,0.0,1,0,6,2,0,0,US,Theater
Aitana,2026,2026-11-29,,LIVE NATION MUSIC,10022719.03,1046744.51,9033891.4,8,27,6,0,22,8,US,Theater
Twiddle,2026,2026-11-29,,LIVE NATION MUSIC,0.0,0.0,308141.9,1,0,25,144,2,2,US,Theater
Men Without Hats,2026,2026-11-29,,LIVE NATION MUSIC,0.0,0.0,5705.0,0,0,1,4,0,0,US,Theater
Bear,2026,2026-11-29,,LIVE NATION MUSIC,0.0,0.0,0.0,0,0,0,1,0,0,US,Club
Yaelokre,2026,2026-11-29,,LIVE NATION MUSIC,68700.65,0.0,0.0,0,0,1,4,0,0,US,Club
Upgrade,2026,2026-11-29,,LIVE NATION MUSIC,0.0,0.0,0.0,0,0,0,1,0,1,US,Club
Allman Betts Family Revival,2026,2026-11-29,,LIVE NATION MUSIC,1401926.49,1446679.28,0.0,1,0,39,2,0,0,US,Arena
"""Laughs, Music, &amp; Vibes""",2026,2026-11-29,,LIVE NATION MUSIC,0.0,0.0,0.0,0,0,0,1,0,0,US,Club
K. Michelle,2026,2026-11-29,,HOUSE OF BLUES CONCERTS (HOB),228547.0,59597.6,54315.0,2,2,18,12,0,1,US,Theater
Louie TheSinger,2026,2026-11-29,,LIVE NATION MUSIC,0.0,0.0,0.0,0,0,0,1,0,0,US,Club
Forever,2026,2026-11-29,,LIVE NATION MUSIC,70329.51,0.0,0.0,0,1,0,0,0,0,US,Arena
1300SAINT,2026,2026-11-29,,LIVE NATION MUSIC,7140.0,0.0,0.0,0,0,0,2,0,0,US,Club
"Dragonforce, Amaranthe",2026,2026-11-29,,LIVE NATION MUSIC,0.0,247413.25,0.0,0,0,2,1,0,0,US,Theater
Montell Fish,2026,2026-11-29,,LIVE NATION MUSIC,850372.49,98486.05,0.0,0,0,3,6,0,0,US,Theater
The Pineapple Thief,2026,2026-11-29,,LIVE NATION MUSIC,16406.77,77036.26,0.0,0,0,2,13,0,0,US,Theater
The Stray Cats,2026,2026-11-29,,LIVE NATION MUSIC,0.0,370279.0,0.0,2,0,3,6,0,0,US,Club
Vacuum,2026,2026-11-29,,LIVE NATION MUSIC,0.0,0.0,0.0,0,0,0,1,0,0,US,Club
Turnover,2026,2026-11-29,,LIVE NATION CANADA (LN),1497016.17,34201.28,13530.0,2,1,7,38,0,2,International,Club
Yoshi,2026,2026-11-29,,LIVE NATION CANADA (LN),0.0,23524.65,0.0,0,0,0,1,0,0,International,Theater
"Jay Park, LNGSHOT, BIBI, Milli, AI, Kvi Baba",2026,2026-11-29,,LIVE NATION CANADA (LN),0.0,0.0,0.0,0,0,0,0,0,1,International,Other
"""Festival International de Jazz De Montreal"", Amanda Marshall",2026,2026-11-29,,LIVE NATION MUSIC,69717.79,0.0,0.0,0,0,1,0,0,0,International,Theater
Jann Arden,2026,2026-11-29,,LIVE NATION CANADA (LN),163468.85,381374.03,0.0,0,20,14,4,0,1,International,Arena
Matt Hansen,2026,2026-11-29,,LIVE NATION CANADA (LN),167808.59,12300.0,0.0,0,0,0,11,0,3,International,Theater
Night Lovell,2026,2026-11-29,,LIVE NATION CANADA (LN),250188.22,142802.5,0.0,0,0,6,15,0,1,International,Club
Mystery Jets,2026,2026-11-29,,MCD PRODUCTIONS,0.0,0.0,0.0,0,0,4,11,0,0,International,Club
Dylan John Thomas,2026,2026-11-29,,MCD PRODUCTIONS,0.0,515964.54,89537.26000000001,0,2,1,9,0,0,International,Club
Evergrey,2026,2026-11-29,,MCD PRODUCTIONS,0.0,155.69,0.0,0,0,0,5,0,0,International,Club
The Pretty Reckless,2026,2026-11-29,,LIVE NATION MUSIC UK LTD,39295.0,0.0,0.0,0,0,23,93,0,4,International,Club
Edis,2026,2026-11-29,,LIVE NATION MUSIC UK LTD,126024.2,0.0,0.0,0,1,0,0,0,0,International,Arena
Avatar,2026,2026-11-29,,DF CONCERTS,549363.65,456317.3,414674.53,0,1,12,50,0,4,International,Club
Rise Against,2026,2026-11-29,,LIVE NATION AUSTRALIA,4277860.61,678554.91,194297.26,27,65,68,73,4,10,International,Club
Joost Klein,2026,2026-11-29,,LIVE NATION AUSTRALIA,0.0,0.0,0.0,0,0,2,2,0,0,International,Theater
Aldous Harding,2026,2026-11-29,,LIVE NATION AUSTRALIA,0.0,0.0,190643.78,0,0,8,23,0,4,International,Arena
Flow,2026,2026-11-29,,OCESA,406551.66,631195.89,0.0,0,0,4,13,0,0,International,Club
Flow,2026,2026-11-29,,OCESA,406551.66,631195.89,0.0,0,0,4,13,0,0,International,Club
Gene,2026,2026-11-29,,OCESA,0.0,0.0,0.0,0,0,1,1,0,0,International,Club
Los Daniels,2026,2026-11-29,,OCESA,44096.2,0.0,0.0,0,0,2,1,0,2,International,Theater
The Mars Volta,2026,2026-11-29,,OCESA,323098.28,132861.5,1629960.96,0,3,13,11,0,0,International,Arena
Rea Garvey,2026,2026-11-29,,Live Nation GmbH,391987.43,549995.16,0.0,2,11,13,24,8,23,International,Theater
Arlo Parks,2026,2026-11-29,,Live Nation / Vega,0.0,188443.48,348313.02999999997,0,0,6,22,0,0,International,Club
The Last Internationale,2026,2026-11-29,,Live Nation,10152.16,0.0,19278.73,0,0,0,13,0,3,International,Club
DIO,2026,2026-11-29,,Live Nation España S.A.U.,32850.79,0.0,0.0,0,0,1,6,0,0,International,Club
IOWA,2026,2026-11-29,,Live Nation Sp. z o.o.,0.0,0.0,0.0,0,0,0,2,0,0,International,Club
Nach,2026,2026-11-29,,Live Nation sp. z o.o.,0.0,0.0,366455.81999999995,0,3,11,2,1,1,International,Theater
Polyphia,2026,2026-11-29,,Live Nation sp. z o.o.,0.0,121407.0,744654.76,0,0,3,49,0,1,International,Club
Macy Gray,2026,2026-11-29,,Live Nation Sp. z o.o.,285508.42,27492.0,286517.02,0,1,33,47,1,2,International,Club
Tou,2026,2026-11-29,,Live Nation sp. z o.o.,0.0,348354.82999999996,0.0,0,0,0,1,0,1,International,Club
The Neighbourhood,2026,2026-11-30,,LIVE NATION MUSIC,0.0,0.0,0.0,1,16,29,68,1,0,US,Arena
Jonas Brothers,2026,2026-11-30,,LIVE NATION MUSIC,81959444.45,30144554.31,109403725.33,84,205,28,1,31,5,US,Arena
Jason Bonham,2026,2026-11-30,,LIVE NATION MUSIC,0.0,163048.0,39752.0,0,0,3,1,0,0,US,Theater
"""Laughs, Music, &amp; Vibes""",2026,2026-11-30,,LIVE NATION MUSIC,0.0,0.0,0.0,0,0,0,1,0,0,US,Club
"Joey Fatone, AJ McLean",2026,2026-11-30,,LIVE NATION MUSIC,0.0,1007339.51,0.0,1,0,6,2,0,0,US,Theater
Triumph,2026,2026-11-30,,LIVE NATION MUSIC,0.0,0.0,0.0,0,7,1,1,0,0,US,Arena
"Senses Fail, Saves The Day",2026,2026-11-30,,LIVE NATION MUSIC,0.0,78419.0,0.0,0,0,0,1,0,0,US,Theater
Catch Your Breath,2026,2026-11-30,,LIVE NATION MUSIC,10444.0,0.0,0.0,0,0,0,6,0,0,US,Club
Trippie Redd,2026,2026-11-30,,LIVE NATION MUSIC,177248.89,171012.5,592049.0,4,5,6,7,0,1,US,Club
Babe Haven,2026,2026-11-30,,LIVE NATION MUSIC,11467.51,0.0,0.0,0,0,1,10,0,0,US,Club
Allman Betts Family Revival,2026,2026-11-30,,LIVE NATION MUSIC,1401926.49,1446679.28,0.0,1,0,39,2,0,0,US,Theater
Allman Betts Family Revival,2026,2026-11-30,,LIVE NATION MUSIC,1401926.49,1446679.28,0.0,1,0,39,2,0,0,US,Theater
Victor &amp; Leo,2026,2026-11-30,,LIVE NATION MUSIC,0.0,0.0,0.0,0,0,24,1,0,0,US,Theater
"Mic Crenshaw, Special Guests",2026,2026-11-30,,LIVE NATION MUSIC,0.0,0.0,0.0,0,0,0,1,0,0,US,Club
Die Spitz,2026,2026-11-30,,LIVE NATION MUSIC,19774.52,3750.0,0.0,0,0,0,10,0,1,US,Club
DJ Raphi,2026,2026-11-30,,LIVE NATION CANADA (LN),0.0,0.0,0.0,0,0,1,0,0,0,International,Theater
Allan Rayman,2026,2026-11-30,,LIVE NATION CANADA (LN),9388.09,20033.0,21458.28,1,0,3,31,0,0,International,Theater
Steve Lacy,2026,2026-11-30,,LIVE NATION CANADA (LN),0.0,0.0,48400.0,1,2,2,7,0,0,International,Arena
Bleachers,2026,2026-11-30,,MCD PRODUCTIONS,0.0,4208643.78,0.0,6,4,15,43,0,7,International,Theater
Mariah Carey,2026,2026-11-30,,"LIVE NATION UK FOR ARTIST, TOUR, FESTIVAL AND PRESALE NEWS",26731504.94,33616765.18,18316023.16,1,66,86,0,4,0,International,Arena
I Dont Know How But They Found Me,2026,2026-11-30,,"LIVE NATION UK FOR ARTIST, TOUR, FESTIVAL AND PRESALE NEWS",41672.0,210157.97,0.0,0,0,6,31,0,2,International,Club
The Temperance Movement,2026,2026-11-30,,LIVE NATION MUSIC UK LTD,166743.47,0.0,0.0,0,0,1,20,0,0,International,Club
Placebo,2026,2026-11-30,,DF CONCERTS,0.0,2551043.1,2841620.27,0,46,25,17,2,5,International,Arena
Oski,2026,2026-11-30,,Live Nation GmbH,2392.52,0.0,0.0,0,0,0,0,0,1,International,Other
EsDeeKid,2026,2026-11-30,,Live Nation Venues Netherlands BV Afas Live,0.0,0.0,0.0,0,0,0,1,0,0,International,Club
Depeche Mode,2026,2026-11-30,,LIVE NATION CZECH REPUBLIC s.r.o.,0.0,66359193.17,117146895.56,25,186,3,0,63,2,International,Arena
Underoath,2026,2026-12-01,,LIVE NATION MUSIC,0.0,418700.1,308406.2,0,2,22,75,0,4,US,Club
Beartooth,2026,2026-12-01,,LIVE NATION MUSIC,0.0,1116351.8,389208.25,1,4,15,41,1,2,US,Club
Story of the Year,2026,2026-12-01,,LIVE NATION MUSIC,0.0,543140.6,46795.0,0,0,10,17,0,2,US,Club
Kingdom Of Giants,2026,2026-12-01,,LIVE NATION MUSIC,0.0,0.0,1908.49,0,0,0,3,0,0,US,Theater
Doja Cat,2026,2026-12-01,,LIVE NATION MUSIC,7384674.46,7298161.81,31988065.4,0,39,0,9,0,0,US,Arena
Charlie &amp; Lucy,2026,2026-12-01,,LIVE NATION MUSIC,0.0,0.0,0.0,0,0,0,1,0,0,US,Theater
Lindsey Stirling,2026,2026-12-01,,LIVE NATION MUSIC,4394676.7,19515458.61,11167790.81,62,75,205,81,2,17,US,Theater
Rush,2026,2026-12-01,,LIVE NATION MUSIC,0.0,0.0,0.0,40,118,1,0,2,8,US,Arena
Sabaton,2026,2026-12-01,,LIVE NATION MUSIC,13311096.98,0.0,3200841.5700000003,0,31,18,33,0,0,US,Club
Aly &amp; AJ,2026,2026-12-01,,LIVE NATION MUSIC,291554.29,0.0,453585.5,1,0,15,20,0,0,US,Arena
Bear,2026,2026-12-01,,LIVE NATION MUSIC,0.0,0.0,0.0,0,0,0,1,0,0,US,Club
Upgrade,2026,2026-12-01,,LIVE NATION MUSIC,0.0,0.0,0.0,0,0,0,1,0,1,US,Club
Straight No Chaser,2026,2026-12-01,,LIVE NATION MUSIC,2299805.32,4207526.41,4491645.23,15,31,600,29,0,23,US,Theater
Forever,2026,2026-12-01,,LIVE NATION MUSIC,70329.51,0.0,0.0,0,1,0,0,0,0,US,Arena
Ashley McBryde,2026,2026-12-01,,LIVE NATION MUSIC,370311.6,589292.53,278363.78,0,0,23,16,0,1,US,Theater
Trippie Redd,2026,2026-12-01,,LIVE NATION MUSIC,177248.89,171012.5,592049.0,4,5,6,7,0,1,US,Arena
Triumph,2026,2026-12-01,,LIVE NATION MUSIC,0.0,0.0,0.0,0,7,1,1,0,0,US,Arena
"Senses Fail, Saves The Day",2026,2026-12-01,,LIVE NATION MUSIC,0.0,78419.0,0.0,0,0,0,1,0,0,US,Theater
10 Years,2026,2026-12-01,,LIVE NATION MUSIC,35281.43,47010.25,6775.0,0,0,11,90,0,3,US,Club
"Suicide Silence, Chelsea Grin",2026,2026-12-01,,LIVE NATION MUSIC,0.0,0.0,20000.0,0,0,0,1,0,0,US,Club
Imminence,2026,2026-12-01,,LIVE NATION MUSIC,470438.32,155312.11,0.0,0,0,3,36,0,15,US,Club
Tiny Habits,2026,2026-12-01,,LIVE NATION MUSIC,0.0,97332.67,7488.3,0,0,4,7,0,0,US,Theater
Montell Fish,2026,2026-12-01,,LIVE NATION MUSIC,850372.49,98486.05,0.0,0,0,3,6,0,0,US,Club
Nate Smith,2026,2026-12-01,,LIVE NATION MUSIC,309028.45999999996,407629.0,114637.89,0,1,10,27,0,2,US,Club
Josiah and The Bonnevilles,2026,2026-12-01,,FRANK PRODUCTIONS,69515.98999999999,42216.0,0.0,0,0,1,10,0,1,US,Club
We Are Scientists,2026,2026-12-01,,LIVE NATION MUSIC,60641.93,12551.7,47793.04,0,0,3,55,0,3,US,Club
Wishy,2026,2026-12-01,,LIVE NATION MUSIC,0.0,5540.0,0.0,0,0,0,1,0,0,US,Club
the olllam,2026,2026-12-01,,LIVE NATION MUSIC,0.0,0.0,0.0,0,0,1,2,0,0,US,Club
KING,2026,2026-12-01,,LIVE NATION MUSIC,0.0,26627.38,0.0,0,0,2,12,0,0,US,Club
"Love, Fraser",2026,2026-12-01,,LIVE NATION MUSIC,0.0,0.0,0.0,0,0,0,1,0,0,US,Theater
Pouya,2026,2026-12-01,,LIVE NATION MUSIC,198768.95,0.0,296648.0,0,0,21,62,0,4,US,Theater
Olivia Rodrigo,2026,2026-12-01,,LIVE NATION CANADA (LN),23420107.2,169307085.8,0.0,0,68,10,2,5,1,International,Arena
Jann Arden,2026,2026-12-01,,LIVE NATION CANADA (LN),163468.85,381374.03,0.0,0,20,14,4,0,1,International,Theater
Matt Hansen,2026,2026-12-01,,LIVE NATION CANADA (LN),167808.59,12300.0,0.0,0,0,0,11,0,3,International,Club
"Dragonforce, Amaranthe",2026,2026-12-01,,EVENKO CO-PRO WITH LIVE NATION,0.0,247413.25,0.0,0,0,2,1,0,0,International,Theater
"The A, B, C &amp; D Of Boogie Woogie",2026,2026-12-01,,LIVE NATION CANADA (LN),0.0,0.0,0.0,0,0,0,1,0,0,International,Theater
Jessie Ware,2026,2026-12-01,,MCD PRODUCTIONS,0.0,0.0,1453398.58,0,1,7,29,0,0,International,Theater
Hans Williams,2026,2026-12-01,,MCD PRODUCTIONS,0.0,20572.04,0.0,0,0,0,3,0,1,International,Club
Nemzzz,2026,2026-12-01,,MCD PRODUCTIONS,5228.55,58225.88,0.0,0,0,0,3,0,1,International,Club
I Dont Know How But They Found Me,2026,2026-12-01,,"LIVE NATION UK FOR ARTIST, TOUR, FESTIVAL AND PRESALE NEWS",41672.0,210157.97,0.0,0,0,6,31,0,2,International,Club
greek,2026,2026-12-01,,"LIVE NATION UK FOR ARTIST, TOUR, FESTIVAL AND PRESALE NEWS",0.0,0.0,0.0,0,0,0,2,0,0,International,Club
The Temperance Movement,2026,2026-12-01,,LIVE NATION MUSIC UK LTD,166743.47,0.0,0.0,0,0,1,20,0,0,International,Club
The Pretty Reckless,2026,2026-12-01,,LIVE NATION MUSIC UK LTD,39295.0,0.0,0.0,0,0,23,93,0,4,International,Theater
The Darkness,2026,2026-12-01,,MCD PRODUCTIONS,1126410.41,0.0,666107.48,0,4,21,58,0,4,International,Other
Hermanos Gutiérrez,2026,2026-12-01,,"LIVE NATION UK FOR ARTIST, TOUR, FESTIVAL AND PRESALE NEWS",1475655.72,315848.47,75081.67,1,0,15,10,0,1,International,Theater
Ali Campbell,2026,2026-12-01,,DF CONCERTS,0.0,0.0,0.0,0,1,1,2,0,0,International,Club
Ali Campbell,2026,2026-12-01,,DF CONCERTS,0.0,0.0,0.0,0,1,1,2,0,0,International,Club
Rise Against,2026,2026-12-01,,LIVE NATION AUSTRALIA,4277860.61,678554.91,194297.26,27,65,68,73,4,10,International,Club
Yuri,2026,2026-12-01,,OCESA,5889302.18,11821715.83,1229237.68,0,25,47,1,2,2,International,Theater
Kehlani,2026,2026-12-01,,Live Nation,1293539.15,4938822.87,1110931.32,4,14,20,29,0,0,International,Club
Kehlani,2026,2026-12-01,,Live Nation,1293539.15,4938822.87,1110931.32,4,14,20,29,0,0,International,Club
First Aid Kit,2026,2026-12-01,,Live Nation,0.0,63725.13,1512778.04,1,1,39,48,0,3,International,Club
Artemas,2026,2026-12-01,,Live Nation / Vega,30822.0,725837.64,0.0,0,0,10,22,0,1,International,Club
European,2026,2026-12-01,,Live Nation,0.0,0.0,0.0,0,0,1,0,0,0,International,Theater
Beth Hart,2026,2026-12-01,,Live Nation Venues Netherlands BV Afas Live,1568516.61,600861.0700000001,493581.99,1,2,48,45,0,2,International,Theater
Depeche Mode,2026,2026-12-01,,Live Nation Sp. z o.o.,0.0,66359193.17,117146895.56,25,186,3,0,63,2,International,Arena
Ant &amp; Dec,2026,2026-12-01,,LIVE NATION CZECH REPUBLIC s.r.o.,0.0,0.0,0.0,0,11,0,0,0,0,International,Arena
Trans-Siberian Orchestra,2026,2026-12-02,,LIVE NATION MUSIC,60413990.78,69204633.87,42632080.53,0,911,47,1,0,15,US,Arena
Turnover,2026,2026-12-02,,LIVE NATION MUSIC,1497016.17,34201.28,13530.0,2,1,7,38,0,2,US,Club
The Suicide Machines,2026,2026-12-02,,HOUSE OF BLUES CONCERTS (HOB),0.0,9952.0,0.0,0,0,0,4,0,0,US,Club
Static Dress,2026,2026-12-02,,LIVE NATION MUSIC,0.0,0.0,0.0,0,0,0,1,0,0,US,Club
The Silos,2026,2026-12-02,,LIVE NATION MUSIC,0.0,1200.0,1613.0,0,0,0,4,0,0,US,Club
Trans-Siberian Orchestra,2026,2026-12-02,,LIVE NATION MUSIC,60413990.78,69204633.87,42632080.53,0,911,47,1,0,15,US,Arena
Trans-Siberian Orchestra,2026,2026-12-02,,LIVE NATION MUSIC,60413990.78,69204633.87,42632080.53,0,911,47,1,0,15,US,Arena
Gracie Abrams,2026,2026-12-02,,LIVE NATION MUSIC,36388724.37,5296821.61,857658.6,5,28,12,17,0,1,US,Arena
Jonas Brothers,2026,2026-12-02,,LIVE NATION MUSIC,81959444.45,30144554.31,109403725.33,84,205,28,1,31,5,US,Arena
King Crimson,2026,2026-12-02,,LIVE NATION MUSIC,0.0,0.0,0.0,9,5,42,4,1,3,US,Theater
Trivium,2026,2026-12-02,,LIVE NATION MUSIC,398903.12,0.0,378436.41,0,3,22,57,0,1,US,Theater
Sabaton,2026,2026-12-02,,LIVE NATION MUSIC,13311096.98,0.0,3200841.5700000003,0,31,18,33,0,0,US,Club
Marcus King,2026,2026-12-02,,LIVE NATION MUSIC,501614.66,1069822.26,1348177.77,4,4,80,152,3,12,US,Club
"Senses Fail, Saves The Day",2026,2026-12-02,,HOUSE OF BLUES CONCERTS (HOB),0.0,78419.0,0.0,0,0,0,1,0,0,US,Club
Straight No Chaser,2026,2026-12-02,,LIVE NATION MUSIC,2299805.32,4207526.41,4491645.23,15,31,600,29,0,23,US,Theater
Forever,2026,2026-12-02,,LIVE NATION MUSIC,70329.51,0.0,0.0,0,1,0,0,0,0,US,Arena
Hunxho,2026,2026-12-02,,LIVE NATION MUSIC,78330.0,70430.0,0.0,0,0,0,2,0,0,US,Club
Eloise,2026,2026-12-02,,LIVE NATION MUSIC,0.0,0.0,54833.34,0,0,2,7,0,0,US,Club
Tha Dogg Pound,2026,2026-12-02,,LIVE NATION MUSIC,0.0,14725.0,0.0,0,0,0,1,0,0,US,Theater
"""Laughs, Music, &amp; Vibes""",2026,2026-12-02,,LIVE NATION MUSIC,0.0,0.0,0.0,0,0,0,1,0,0,US,Club
Temples,2026,2026-12-02,,LIVE NATION MUSIC,0.0,9700.0,38369.19,0,0,5,43,0,0,US,Club
Stephen Wilson Jr.,2026,2026-12-02,,LIVE NATION MUSIC,786854.57,66436.31,0.0,2,0,10,13,0,1,US,Club
Frost Children,2026,2026-12-02,,LIVE NATION MUSIC,34742.79,0.0,0.0,0,0,0,8,0,0,US,Club
"Leslie, Ghost Kitchen",2026,2026-12-02,,LIVE NATION MUSIC,0.0,0.0,298.0,0,0,0,1,0,0,US,Theater
"""NYC Winter Jazzfest"", Genevieve Artadi",2026,2026-12-02,,LIVE NATION MUSIC,0.0,5000.0,0.0,0,0,0,1,0,0,US,Theater
Jackyl,2026,2026-12-02,,LIVE NATION MUSIC,69168.0,37039.47,25998.0,0,0,8,35,0,2,US,Club
Aly &amp; AJ,2026,2026-12-02,,LIVE NATION MUSIC,291554.29,0.0,453585.5,1,0,15,20,0,0,US,Club
"Ruth Moody, Anthony da Costa",2026,2026-12-02,,LIVE NATION TENNESSEE,0.0,0.0,0.0,0,0,0,1,0,0,US,Club
"Tres Clásicos del Rock - Tributo a The Doors, The Beatles &amp; Toncho Pilatos",2026,2026-12-02,,LIVE NATION MUSIC,0.0,0.0,13766.52,0,0,1,0,0,0,US,Theater
Scarlet Demore,2026,2026-12-02,,LIVE NATION MUSIC,0.0,0.0,1255.0,0,0,0,1,0,0,US,Club
"""Past, Present, Future: A Dance Gala""",2026,2026-12-02,,LIVE NATION MUSIC,0.0,0.0,0.0,0,0,1,0,0,0,US,Theater
Peppermint,2026,2026-12-02,,LIVE NATION MUSIC,0.0,0.0,0.0,0,0,0,3,0,0,US,Club
"Tres Clásicos del Rock - Tributo a The Doors, The Beatles &amp; Toncho Pilatos",2026,2026-12-02,,LIVE NATION MUSIC,0.0,0.0,13766.52,0,0,1,0,0,0,US,Theater
The Gringos,2026,2026-12-02,,FRANK PRODUCTIONS,0.0,0.0,0.0,0,0,0,1,0,0,US,Theater
Aly &amp; AJ,2026,2026-12-02,,LIVE NATION MUSIC,291554.29,0.0,453585.5,1,0,15,20,0,0,US,Club
Forever,2026,2026-12-02,,LIVE NATION MUSIC,70329.51,0.0,0.0,0,1,0,0,0,0,US,Theater
Forever,2026,2026-12-02,,LIVE NATION MUSIC,70329.51,0.0,0.0,0,1,0,0,0,0,US,Theater
Victor &amp; Leo,2026,2026-12-02,,LIVE NATION MUSIC,0.0,0.0,0.0,0,0,24,1,0,0,US,Theater
Victor &amp; Leo,2026,2026-12-02,,LIVE NATION MUSIC,0.0,0.0,0.0,0,0,24,1,0,0,US,Theater
"Dragonforce, Amaranthe",2026,2026-12-02,,LIVE NATION CANADA (LN),0.0,247413.25,0.0,0,0,2,1,0,0,International,Theater
Olivia Rodrigo,2026,2026-12-02,,LIVE NATION CANADA (LN),23420107.2,169307085.8,0.0,0,68,10,2,5,1,International,Arena
Dweezil Zappa,2026,2026-12-02,,LIVE NATION CANADA (LN),1060154.55,1718199.74,0.0,0,0,69,53,0,3,International,Theater
"""Festival International de Jazz De Montreal"", Amanda Marshall",2026,2026-12-02,,LIVE NATION MUSIC,69717.79,0.0,0.0,0,0,1,0,0,0,International,Arena
Edward &amp; Graham,2026,2026-12-02,,LIVE NATION CANADA (LN),0.0,0.0,0.0,0,0,0,1,0,0,International,Club
Riso,2026,2026-12-02,,LIVE NATION CANADA (LN),0.0,0.0,0.0,0,0,0,1,0,0,International,Club
Rich The Kid,2026,2026-12-02,,LIVE NATION CANADA (LN),0.0,0.0,43955.66,0,0,0,7,0,0,International,Theater
The Underachievers,2026,2026-12-02,,LIVE NATION CANADA (LN),0.0,0.0,0.0,0,0,2,21,0,0,International,Club
Jessie Ware,2026,2026-12-02,,MCD PRODUCTIONS,0.0,0.0,1453398.58,0,1,7,29,0,0,International,Theater
The Darkness,2026,2026-12-02,,MCD PRODUCTIONS,1126410.41,0.0,666107.48,0,4,21,58,0,4,International,Club
Bloc Party,2026,2026-12-02,,DF CONCERTS,4617080.56,353727.51,1939103.48,6,15,23,27,2,3,International,Club
Dayseeker,2026,2026-12-02,,LIVE NATION MUSIC UK LTD,137359.47,823493.32,21480.0,0,0,13,30,0,2,International,Club
Ash,2026,2026-12-02,,LIVE NATION (MUSIC) UK LTD (VENUES),151298.03,87177.61,42433.350000000006,0,0,7,34,0,0,International,Theater
Wil,2026,2026-12-02,,"LIVE NATION UK FOR ARTIST, TOUR, FESTIVAL AND PRESALE NEWS",0.0,0.0,0.0,0,0,0,3,0,0,International,Club
Hermanos Gutiérrez,2026,2026-12-02,,"LIVE NATION UK FOR ARTIST, TOUR, FESTIVAL AND PRESALE NEWS",1475655.72,315848.47,75081.67,1,0,15,10,0,1,International,Theater
Bloc Party,2026,2026-12-02,,DF CONCERTS,4617080.56,353727.51,1939103.48,6,15,23,27,2,3,International,Club
Harry Styles,2026,2026-12-02,,LIVE NATION AUSTRALIA,0.0,0.0,252490036.3,1,117,15,2,33,5,International,Stadium
Guns N' Roses,2026,2026-12-02,,LIVE NATION AUSTRALIA,129172927.51,0.0,110479876.13,7,135,11,22,196,18,International,Stadium
Joost Klein,2026,2026-12-02,,LIVE NATION AUSTRALIA,0.0,0.0,0.0,0,0,2,2,0,0,International,Theater
James Blake,2026,2026-12-02,,LIVE NATION AUSTRALIA,67251.97,151716.84,945662.87,3,6,32,64,0,0,International,Club
Kali Uchis,2026,2026-12-02,,OCESA,22079868.67,0.0,12660196.02,6,29,16,19,0,1,International,Arena
Eslabon Armado,2026,2026-12-02,,OCESA,2431052.63,1261289.0,3416776.95,1,8,20,1,0,0,International,Theater
Bulldozer,2026,2026-12-02,,Live Nation,0.0,0.0,5000.0,0,0,0,2,0,0,International,Club
Beabadoobee,2026,2026-12-02,,Live Nation Venues Netherlands BV Afas Live,801797.5,2506361.44,323192.05,1,2,23,27,0,1,International,Club
Rosalie,2026,2026-12-02,,Live Nation sp. z o.o.,0.0,0.0,0.0,0,0,0,1,0,0,International,Club
Depeche Mode,2026,2026-12-02,,Live Nation Sp. z o.o.,0.0,66359193.17,117146895.56,25,186,3,0,63,2,International,Arena
iLe,2026,2026-12-02,,Live Nation sp. z o.o.,24306.42,0.0,0.0,0,0,2,5,0,0,International,Club
"Chris Brown, Usher",2026,2026-12-03,,LIVE NATION MUSIC,0.0,0.0,0.0,0,0,0,0,18,0,US,Stadium
Gracie Abrams,2026,2026-12-03,,LIVE NATION MUSIC,36388724.37,5296821.61,857658.6,5,28,12,17,0,1,US,Arena
Trans-Siberian Orchestra,2026,2026-12-03,,LIVE NATION MUSIC,60413990.78,69204633.87,42632080.53,0,911,47,1,0,15,US,Arena
Trans-Siberian Orchestra,2026,2026-12-03,,LIVE NATION MUSIC,60413990.78,69204633.87,42632080.53,0,911,47,1,0,15,US,Arena
Pentatonix,2026,2026-12-03,,LIVE NATION MUSIC,10014000.83,20747784.25,16735657.71,59,174,94,50,3,9,US,Arena
Rawayana,2026,2026-12-03,,LIVE NATION MUSIC,0.0,1859072.56,268722.57,0,16,7,9,1,1,US,Arena
Rush,2026,2026-12-03,,LIVE NATION MUSIC,0.0,0.0,0.0,40,118,1,0,2,8,US,Arena
Stephen Wilson Jr.,2026,2026-12-03,,LIVE NATION MUSIC,786854.57,66436.31,0.0,2,0,10,13,0,1,US,Arena
Reel Big Fish,2026,2026-12-03,,LIVE NATION MUSIC,0.0,0.0,0.0,2,0,18,100,0,2,US,Club
Randall King,2026,2026-12-03,,LIVE NATION MUSIC,995139.33,1097338.8,1008108.13,11,1,38,238,1,20,US,Club
10 Years,2026,2026-12-03,,LIVE NATION MUSIC,35281.43,47010.25,6775.0,0,0,11,90,0,3,US,Club
Daily Bread,2026,2026-12-03,,LIVE NATION MUSIC,1463202.24,566802.2,17130.0,3,0,0,11,0,0,US,Club
Imminence,2026,2026-12-03,,LIVE NATION MUSIC,470438.32,155312.11,0.0,0,0,3,36,0,15,US,Theater
Montell Fish,2026,2026-12-03,,LIVE NATION MUSIC,850372.49,98486.05,0.0,0,0,3,6,0,0,US,Club
Meta &amp; The Cornerstones,2026,2026-12-03,,LIVE NATION MUSIC,0.0,3014.0,0.0,0,0,0,3,0,0,US,Theater
Jason Bonham,2026,2026-12-03,,LIVE NATION MUSIC,0.0,163048.0,39752.0,0,0,3,1,0,0,US,Theater
Fetty Wap,2026,2026-12-03,,LIVE NATION MUSIC,0.0,0.0,0.0,0,2,6,13,0,0,US,Club
America,2026,2026-12-03,,LIVE NATION MUSIC,4786730.81,4477164.55,1750231.2,5,8,180,41,0,14,US,Theater
King Crimson,2026,2026-12-03,,LIVE NATION MUSIC,0.0,0.0,0.0,9,5,42,4,1,3,US,Theater
Bear,2026,2026-12-03,,LIVE NATION MUSIC,0.0,0.0,0.0,0,0,0,1,0,0,US,Club
Alter Bridge,2026,2026-12-03,,LIVE NATION MUSIC,0.0,0.0,1508123.42,1,40,41,59,1,6,US,Club
State Champs,2026,2026-12-03,,LIVE NATION MUSIC,202412.59,75375.0,0.0,0,0,9,29,0,0,US,Club
Venna,2026,2026-12-03,,LIVE NATION MUSIC,11964.17,8371.72,0.0,0,0,0,7,0,0,US,Club
Upgrade,2026,2026-12-03,,LIVE NATION MUSIC,0.0,0.0,0.0,0,0,0,1,0,1,US,Club
Hanson,2026,2026-12-03,,LIVE NATION MUSIC,287461.5,0.0,0.0,3,1,70,106,1,9,US,Arena
"Allen, Mack, Myers, Moore",2026,2026-12-03,,LIVE NATION MUSIC,0.0,0.0,0.0,0,0,0,1,0,0,US,Club
Trivium,2026,2026-12-03,,LIVE NATION MUSIC,398903.12,0.0,378436.41,0,3,22,57,0,1,US,Theater
The Pineapple Thief,2026,2026-12-03,,LIVE NATION MUSIC,16406.77,77036.26,0.0,0,0,2,13,0,0,US,Theater
Allman Betts Family Revival,2026,2026-12-03,,LIVE NATION MUSIC,1401926.49,1446679.28,0.0,1,0,39,2,0,0,US,Theater
Tommy Emmanuel,2026,2026-12-03,,FRANK PRODUCTIONS,381234.37,414263.54,630168.4299999999,0,1,267,67,0,20,US,Theater
Forever,2026,2026-12-03,,LIVE NATION MUSIC,70329.51,0.0,0.0,0,1,0,0,0,0,US,Theater
Lil Tracy,2026,2026-12-03,,LIVE NATION MUSIC,262699.75,42922.5,41942.0,0,0,0,14,0,0,US,Club
Scotty McCreery,2026,2026-12-03,,LIVE NATION MUSIC,190666.0,382318.19,1415836.53,4,7,75,12,1,13,US,Theater
Whitechapel,2026,2026-12-03,,LIVE NATION MUSIC,378503.41,16256.84,0.0,1,0,3,80,0,4,US,Club
"The A, B, C &amp; D Of Boogie Woogie",2026,2026-12-03,,LIVE NATION MUSIC,0.0,0.0,0.0,0,0,0,1,0,0,US,Club
Autumn!,2026,2026-12-03,,LIVE NATION MUSIC,0.0,0.0,0.0,0,0,3,3,0,0,US,Club
Three Dog Night,2026,2026-12-03,,LIVE NATION MUSIC,1653251.69,1897466.3,1809550.27,11,10,139,35,0,11,US,Theater
Alicia Villarreal,2026,2026-12-03,,LIVE NATION MUSIC,826817.98,1374508.36,306780.57999999996,1,4,29,4,0,0,US,Theater
Dark Star Orchestra,2026,2026-12-03,,LIVE NATION MUSIC,1550997.72,5590344.75,2726147.02,66,2,252,356,11,32,US,Theater
"Tres Clásicos del Rock - Tributo a The Doors, The Beatles &amp; Toncho Pilatos",2026,2026-12-03,,LIVE NATION MUSIC,0.0,0.0,13766.52,0,0,1,0,0,0,US,Theater
Dark Star Orchestra,2026,2026-12-03,,LIVE NATION MUSIC,1550997.72,5590344.75,2726147.02,66,2,252,356,11,32,US,Theater
R&amp;B Vibes Live,2026,2026-12-03,,LIVE NATION MUSIC,0.0,0.0,0.0,0,0,0,2,0,0,US,Theater
Eddie 9V,2026,2026-12-03,,LIVE NATION MUSIC,87159.23,73638.02,49374.0,0,0,5,63,0,1,US,Theater
"Elita, Sunday Cruise",2026,2026-12-03,,LIVE NATION MUSIC,0.0,0.0,0.0,0,0,0,1,0,0,US,Club
Takuya Nakamura,2026,2026-12-03,,LIVE NATION MUSIC,2588.0,0.0,0.0,0,0,0,1,0,0,US,Club
Sabaton,2026,2026-12-03,,LIVE NATION MUSIC,13311096.98,0.0,3200841.5700000003,0,31,18,33,0,0,US,Club
Daisy Grenade,2026,2026-12-03,,FRANK PRODUCTIONS,0.0,0.0,0.0,0,0,0,1,0,0,US,Club
Eloise,2026,2026-12-03,,LIVE NATION MUSIC,0.0,0.0,54833.34,0,0,2,7,0,0,US,Club
James Hunter Six,2026,2026-12-03,,LIVE NATION MUSIC,0.0,0.0,0.0,0,1,6,26,0,1,US,Club
KING,2026,2026-12-03,,LIVE NATION MUSIC,0.0,26627.38,0.0,0,0,2,12,0,0,US,Club
The Trews,2026,2026-12-03,,LIVE NATION CANADA (LN),0.0,47773.83,0.0,0,0,9,15,0,6,International,Club
"Bush, Marshall, Meyer, and Meyer",2026,2026-12-03,,LIVE NATION CANADA (LN),0.0,0.0,49840.0,0,0,1,0,0,0,International,Theater
Jann Arden,2026,2026-12-03,,LIVE NATION CANADA (LN),163468.85,381374.03,0.0,0,20,14,4,0,1,International,Theater
Enter Shikari,2026,2026-12-03,,MCD PRODUCTIONS,143338.19,1397539.45,140032.41,0,10,33,119,0,8,International,Theater
Rin,2026,2026-12-03,,MCD PRODUCTIONS,0.0,0.0,944381.57,0,2,1,1,0,0,International,Arena
Simple Things,2026,2026-12-03,,MCD PRODUCTIONS,7728.84,3525.2,0.0,0,0,0,4,0,0,International,Club
Ethan Regan,2026,2026-12-03,,MCD PRODUCTIONS,39313.28,2015.0,0.0,0,0,0,7,0,0,International,Club
"The Wreckery, Halfway",2026,2026-12-03,,MCD PRODUCTIONS,0.0,3932.99,0.0,0,0,0,1,0,0,International,Club
I Dont Know How But They Found Me,2026,2026-12-03,,"LIVE NATION UK FOR ARTIST, TOUR, FESTIVAL AND PRESALE NEWS",41672.0,210157.97,0.0,0,0,6,31,0,2,International,Club
Dayseeker,2026,2026-12-03,,LIVE NATION MUSIC UK LTD,137359.47,823493.32,21480.0,0,0,13,30,0,2,International,Club
The Pretty Reckless,2026,2026-12-03,,DF CONCERTS,39295.0,0.0,0.0,0,0,23,93,0,4,International,Club
Nemzzz,2026,2026-12-03,,LIVE NATION MUSIC UK LTD,5228.55,58225.88,0.0,0,0,0,3,0,1,International,Club
DMA's,2026,2026-12-03,,LIVE NATION AUSTRALIA,0.0,0.0,724237.89,0,3,12,27,0,1,International,Club
Bruno Mars,2026,2026-12-03,,LIVE NATION MUSIC,42422958.0,280515343.74,87980695.9,12,221,88,9,45,8,International,Stadium
Emmanuel &amp; Mijares,2026,2026-12-03,,OCESA,2606004.45,10420069.05,5582201.26,1,2,43,0,1,2,International,Theater
Oski,2026,2026-12-03,,Live Nation GmbH,2392.52,0.0,0.0,0,0,0,0,0,1,International,Other
Beabadoobee,2026,2026-12-03,,Live Nation Venues Netherlands BV Afas Live,801797.5,2506361.44,323192.05,1,2,23,27,0,1,International,Club
Pitbull,2026,2026-12-03,,Live Nation sp. z o.o.,16938177.86,38572623.0,4171765.41,116,90,54,7,17,12,International,Arena
Depeche Mode,2026,2026-12-03,,Live Nation Sp. z o.o.,0.0,66359193.17,117146895.56,25,186,3,0,63,2,International,Arena
Fejká,2026,2026-12-03,,Live Nation sp. z o.o.,11291.14,0.0,0.0,0,0,0,2,0,0,International,Club
Baby Lasagna,2026,2026-12-03,,LIVE NATION CZECH REPUBLIC s.r.o.,35688.08,37861.85,0.0,0,0,2,0,0,1,International,Theater
Trans-Siberian Orchestra,2026,2026-12-04,,LIVE NATION MUSIC,60413990.78,69204633.87,42632080.53,0,911,47,1,0,15,US,Arena
Beartooth,2026,2026-12-04,,LIVE NATION MUSIC,0.0,1116351.8,389208.25,1,4,15,41,1,2,US,Amphitheatre
Destruction,2026,2026-12-04,,LIVE NATION MUSIC,0.0,0.0,0.0,0,0,1,8,0,0,US,Club
"Senses Fail, Saves The Day",2026,2026-12-04,,LIVE NATION MUSIC,0.0,78419.0,0.0,0,0,0,1,0,0,US,Club
Caspian,2026,2026-12-04,,LIVE NATION MUSIC,0.0,10752.0,0.0,0,0,0,18,0,0,US,Club
Hunxho,2026,2026-12-04,,LIVE NATION MUSIC,78330.0,70430.0,0.0,0,0,0,2,0,0,US,Club
Beartooth,2026,2026-12-04,,LIVE NATION MUSIC,0.0,1116351.8,389208.25,1,4,15,41,1,2,US,Amphitheatre
Eagles,2026,2026-12-04,,LIVE NATION MUSIC,132995245.27,168150846.73,118468239.25,8,369,2,0,28,5,US,Arena
The Neighbourhood,2026,2026-12-04,,LIVE NATION MUSIC,0.0,0.0,0.0,1,16,29,68,1,0,US,Club
Trans-Siberian Orchestra,2026,2026-12-04,,LIVE NATION MUSIC,60413990.78,69204633.87,42632080.53,0,911,47,1,0,15,US,Arena
John Summit,2026,2026-12-04,,LIVE NATION MUSIC,1618895.52,6378033.54,2121909.0,1,6,4,6,1,1,US,Arena
Trans-Siberian Orchestra,2026,2026-12-04,,LIVE NATION MUSIC,60413990.78,69204633.87,42632080.53,0,911,47,1,0,15,US,Arena
Trans-Siberian Orchestra,2026,2026-12-04,,LIVE NATION MUSIC,60413990.78,69204633.87,42632080.53,0,911,47,1,0,15,US,Arena
Lil Wayne,2026,2026-12-04,,LIVE NATION MUSIC,14623973.69,7295726.66,6308307.5,12,96,7,4,0,2,US,Arena
Trivium,2026,2026-12-04,,LIVE NATION MUSIC,398903.12,0.0,378436.41,0,3,22,57,0,1,US,Theater
Dierks Bentley,2026,2026-12-04,,LIVE NATION MUSIC,23283552.15,5144701.87,10487202.74,156,93,21,11,2,8,US,Amphitheatre
ZULAN,2026,2026-12-04,,LIVE NATION MUSIC,133795.0,0.0,0.0,0,0,0,6,0,0,US,Club
Fetty Wap,2026,2026-12-04,,LIVE NATION MUSIC,0.0,0.0,0.0,0,2,6,13,0,0,US,Theater
Brett Eldredge,2026,2026-12-04,,LIVE NATION MUSIC,1974280.17,2272843.56,1768405.49,5,5,39,13,0,0,US,Arena
Angine de Poitrine,2026,2026-12-04,,LIVE NATION MUSIC,0.0,0.0,0.0,0,0,1,1,0,0,US,Club
Pedro Fernández,2026,2026-12-04,,LIVE NATION MUSIC,1779091.23,1070035.34,992662.55,2,12,11,0,0,0,US,Theater
Story of the Year,2026,2026-12-04,,LIVE NATION MUSIC,0.0,543140.6,46795.0,0,0,10,17,0,2,US,Club
Dexter and The Moonrocks,2026,2026-12-04,,LIVE NATION MUSIC,116946.0,104565.0,62966.5,0,0,5,27,0,1,US,Club
"Tres Clásicos del Rock - Tributo a The Doors, The Beatles &amp; Toncho Pilatos",2026,2026-12-04,,LIVE NATION MUSIC,0.0,0.0,13766.52,0,0,1,0,0,0,US,Theater
Trey Songz,2026,2026-12-04,,LIVE NATION MUSIC,0.0,760437.12,738288.35,0,9,37,12,0,0,US,Arena
Paul Anka,2026,2026-12-04,,LIVE NATION MUSIC,1081980.03,1742187.49,1467619.8,1,13,135,8,0,2,US,Arena
Hudson Westbrook,2026,2026-12-04,,LIVE NATION MUSIC,602736.6,16045.0,0.0,1,1,1,7,0,1,US,Theater
Meta &amp; The Cornerstones,2026,2026-12-04,,LIVE NATION MUSIC,0.0,3014.0,0.0,0,0,0,3,0,0,US,Theater
Meta &amp; The Cornerstones,2026,2026-12-04,,LIVE NATION MUSIC,0.0,3014.0,0.0,0,0,0,3,0,0,US,Theater
Allman Betts Family Revival,2026,2026-12-04,,LIVE NATION MUSIC,1401926.49,1446679.28,0.0,1,0,39,2,0,0,US,Theater
State Champs,2026,2026-12-04,,LIVE NATION MUSIC,202412.59,75375.0,0.0,0,0,9,29,0,0,US,Club
The Stray Cats,2026,2026-12-04,,LIVE NATION MUSIC,0.0,370279.0,0.0,2,0,3,6,0,0,US,Arena
Shakey Graves,2026,2026-12-04,,LIVE NATION MUSIC,530628.21,401599.02,1244604.5,18,0,48,154,2,15,US,Club
Bleood,2026,2026-12-04,,LIVE NATION MUSIC,0.0,0.0,0.0,0,0,0,1,0,0,US,Club
Aly &amp; AJ,2026,2026-12-04,,FRANK PRODUCTIONS,291554.29,0.0,453585.5,1,0,15,20,0,0,US,Club
Dogs in a Pile,2026,2026-12-04,,LIVE NATION MUSIC,368395.66,180530.5,5966.0,2,0,11,94,1,1,US,Club
Waterparks,2026,2026-12-04,,LIVE NATION MUSIC,117382.5,400433.43,506216.67,0,0,9,35,0,1,US,Club
Blue October,2026,2026-12-04,,LIVE NATION MUSIC,380805.29,725828.84,1268376.38,4,2,79,177,1,3,US,Club
Big Daddy Kane,2026,2026-12-04,,LIVE NATION MUSIC,72524.0,321132.8,0.0,1,1,2,18,0,1,US,Theater
Yo La Tengo,2026,2026-12-04,,LIVE NATION MUSIC,96030.59,110201.0,455309.1,0,0,28,74,0,1,US,Club
Matteo Bocelli,2026,2026-12-04,,FRANK PRODUCTIONS,684789.47,1884744.89,710092.01,0,2,37,6,0,0,US,Theater
Spike and the Gimme Gimmes,2026,2026-12-04,,LIVE NATION MUSIC,33672.42,168116.91,44925.22,1,0,0,27,0,0,US,Club
Cross Canadian Ragweed,2026,2026-12-04,,LIVE NATION MUSIC,0.0,0.0,0.0,2,0,3,4,0,1,US,Club
That Arena Rock Show,2026,2026-12-04,,LIVE NATION MUSIC,317044.25,184812.5,100286.25,6,1,21,7,0,2,US,Theater
Hanson,2026,2026-12-04,,LIVE NATION MUSIC,287461.5,0.0,0.0,3,1,70,106,1,9,US,Club
Santa,2026,2026-12-04,,LIVE NATION MUSIC,324513.2,0.0,0.0,0,3,0,0,0,0,US,Arena
"Suicide Silence, Chelsea Grin",2026,2026-12-04,,LIVE NATION MUSIC,0.0,0.0,20000.0,0,0,0,1,0,0,US,Theater
Mac McAnally,2026,2026-12-04,,LIVE NATION MUSIC,467631.5,2220994.96,126008.0,2,0,38,58,0,7,US,Arena
Eric Prydz,2026,2026-12-04,,LIVE NATION MUSIC,191090.0,4317463.3,3496749.66,0,10,3,14,0,1,US,Club
Postmodern Jukebox,2026,2026-12-04,,LIVE NATION MUSIC,3423282.53,2913423.2,3309873.83,0,9,407,107,0,34,US,Theater
Rhye,2026,2026-12-04,,LIVE NATION MUSIC,0.0,0.0,0.0,0,1,7,31,0,0,US,Theater
"Allen Stone, Ripe",2026,2026-12-04,,LIVE NATION MUSIC,29263.0,0.0,0.0,0,0,0,1,0,0,US,Theater
Circle Jerks,2026,2026-12-04,,LIVE NATION MUSIC,38644.6,0.0,72543.0,0,0,3,20,0,0,US,Theater
nimino,2026,2026-12-04,,LIVE NATION MUSIC,16454.15,15630.52,0.0,0,0,2,5,0,0,US,Theater
Grayscale,2026,2026-12-04,,LIVE NATION MUSIC,9717.15,0.0,8537.0,0,0,1,9,0,0,US,Club
Pearl Jam,2026,2026-12-04,,HOUSE OF BLUES CONCERTS (HOB),23156565.0,121388609.61,20469249.0,5,96,1,0,26,2,US,Arena
Sin Bandera,2026,2026-12-04,,LIVE NATION MUSIC,0.0,429183.87,5207476.83,2,28,22,2,2,1,US,Theater
Juice,2026,2026-12-04,,LIVE NATION MUSIC,0.0,28340.0,1830.0,0,0,1,5,0,0,US,Club
David Archuleta,2026,2026-12-04,,LIVE NATION MUSIC,133603.5,36584.0,0.0,0,0,24,28,0,0,US,Club
Dark Star Orchestra,2026,2026-12-04,,LIVE NATION MUSIC,1550997.72,5590344.75,2726147.02,66,2,252,356,11,32,US,Theater
"The A, B, C &amp; D Of Boogie Woogie",2026,2026-12-04,,LIVE NATION MUSIC,0.0,0.0,0.0,0,0,0,1,0,0,US,Club
Boney James,2026,2026-12-04,,LIVE NATION MUSIC,448798.35,809105.63,728952.0,8,0,83,34,0,0,US,Theater
Thee Sinseers,2026,2026-12-04,,LIVE NATION MUSIC,30027.5,63265.0,6350.0,1,0,0,12,0,0,US,Theater
"""Laughs, Music, &amp; Vibes""",2026,2026-12-04,,LIVE NATION MUSIC,0.0,0.0,0.0,0,0,0,1,0,0,US,Club
Dark Star Orchestra,2026,2026-12-04,,LIVE NATION MUSIC,1550997.72,5590344.75,2726147.02,66,2,252,356,11,32,US,Theater
"Elita, Sunday Cruise",2026,2026-12-04,,LIVE NATION MUSIC,0.0,0.0,0.0,0,0,0,1,0,0,US,Club
Couch Dog,2026,2026-12-04,,LIVE NATION MUSIC,13815.46,0.0,0.0,1,0,0,7,0,0,US,Club
Anthony Gomes,2026,2026-12-04,,LIVE NATION MUSIC,10620.0,3435.0,0.0,0,0,8,20,0,2,US,Theater
Steely Dan,2026,2026-12-04,,FRANK PRODUCTIONS,0.0,0.0,0.0,70,18,86,9,0,7,US,Theater
Landon Conrath,2026,2026-12-04,,LIVE NATION TENNESSEE,9788.31,16590.0,1375.0,0,0,0,17,0,0,US,Club
Kip Moore,2026,2026-12-04,,LIVE NATION MUSIC,977585.78,881524.0,2477186.23,15,25,90,90,1,9,US,Club
Noise Pollution,2026,2026-12-04,,LIVE NATION MUSIC,0.0,12999.16,0.0,0,0,1,1,0,1,US,Club
Oliver Hazard,2026,2026-12-04,,LIVE NATION MUSIC,48157.71,69634.41,0.0,1,0,1,21,0,1,US,Club
"In, Flew Ants",2026,2026-12-04,,FRANK PRODUCTIONS,0.0,0.0,0.0,0,0,0,2,0,0,US,Club
Citizen Zero,2026,2026-12-04,,LIVE NATION MUSIC,0.0,0.0,0.0,0,0,0,1,0,0,US,Club
Varsity,2026,2026-12-04,,FRANK PRODUCTIONS,0.0,0.0,0.0,0,1,0,5,0,0,US,Club
"Steve Martin, Martin Short",2026,2026-12-04,,LIVE NATION MUSIC,6161329.33,5056126.6,4691814.43,27,10,125,3,0,2,US,Arena
David Archuleta,2026,2026-12-04,,LIVE NATION MUSIC,133603.5,36584.0,0.0,0,0,24,28,0,0,US,Club
Khan,2026,2026-12-04,,LIVE NATION MUSIC,6080.72,0.0,0.0,0,0,0,1,0,0,US,Club
Soccer Mommy,2026,2026-12-04,,LIVE NATION MUSIC,257014.8,4765.9,92616.97,0,0,7,45,0,1,US,Theater
Foster &amp; Allen,2026,2026-12-04,,LIVE NATION MUSIC,0.0,0.0,0.0,0,1,38,15,0,38,US,Theater
Jeff The Brotherhood,2026,2026-12-04,,LIVE NATION MUSIC,0.0,0.0,0.0,0,0,0,28,0,0,US,Club
Autumn!,2026,2026-12-04,,LIVE NATION MUSIC,0.0,0.0,0.0,0,0,3,3,0,0,US,Club
Hanson,2026,2026-12-04,,LIVE NATION MUSIC,287461.5,0.0,0.0,3,1,70,106,1,9,US,Club
"Dragonforce, Amaranthe",2026,2026-12-04,,LIVE NATION MUSIC,0.0,247413.25,0.0,0,0,2,1,0,0,US,Theater
Riot Ten,2026,2026-12-04,,LIVE NATION MUSIC,27638.58,12761.13,13835.0,1,0,2,23,0,1,US,Club
Riot Ten,2026,2026-12-04,,LIVE NATION MUSIC,27638.58,12761.13,13835.0,1,0,2,23,0,1,US,Club
"Dragonforce, Amaranthe",2026,2026-12-04,,LIVE NATION MUSIC,0.0,247413.25,0.0,0,0,2,1,0,0,US,Theater
Little River Band,2026,2026-12-04,,LIVE NATION CANADA (LN),1149808.05,1572256.34,1160914.45,14,1,111,26,0,19,International,Arena
Colin James,2026,2026-12-04,,LIVE NATION CANADA (LN),114118.84,141198.48,77650.2,0,2,43,9,0,0,International,Theater
TALK,2026,2026-12-04,,LIVE NATION CANADA (LN),0.0,86810.81,39322.02,0,0,1,8,0,0,International,Club
Jann Arden,2026,2026-12-04,,LIVE NATION CANADA (LN),163468.85,381374.03,0.0,0,20,14,4,0,1,International,Theater
The Tenors,2026,2026-12-04,,LIVE NATION MUSIC,40639.97,151406.29,81378.0,3,16,87,9,0,6,International,Theater
America,2026,2026-12-04,,LIVE NATION CANADA (LN),4786730.81,4477164.55,1750231.2,5,8,180,41,0,14,International,Theater
10 Years,2026,2026-12-04,,LIVE NATION CANADA (LN),35281.43,47010.25,6775.0,0,0,11,90,0,3,International,Club
The Funk Hunters,2026,2026-12-04,,LIVE NATION CANADA (LN),0.0,0.0,5080.0,0,0,0,10,0,0,International,Theater
Starjunk 95,2026,2026-12-04,,LIVE NATION CANADA (LN),11000.0,0.0,0.0,0,0,0,4,0,0,International,Club
Forever,2026,2026-12-04,,LIVE NATION CANADA (LN),70329.51,0.0,0.0,0,1,0,0,0,0,International,Club
Lucy Bedroque,2026,2026-12-04,,LIVE NATION CANADA (LN),0.0,0.0,0.0,0,0,1,2,0,0,International,Theater
Enter Shikari,2026,2026-12-04,,MCD PRODUCTIONS,143338.19,1397539.45,140032.41,0,10,33,119,0,8,International,Theater
Genesis Owusu,2026,2026-12-04,,MCD PRODUCTIONS,0.0,30818.45,479809.0,0,2,8,19,0,1,International,Club
One Night In Nashville,2026,2026-12-04,,MCD PRODUCTIONS,84906.76,13159.03,0.0,0,0,0,5,0,1,International,Club
Phil Collins,2026,2026-12-04,,MCD PRODUCTIONS,0.0,0.0,0.0,1,39,2,0,18,1,International,Theater
Jamie Duffy,2026,2026-12-04,,MCD PRODUCTIONS,100108.31,0.0,0.0,0,0,1,2,0,0,International,Theater
I Dont Know How But They Found Me,2026,2026-12-04,,"LIVE NATION UK FOR ARTIST, TOUR, FESTIVAL AND PRESALE NEWS",41672.0,210157.97,0.0,0,0,6,31,0,2,International,Club
BRAT,2026,2026-12-04,,LIVE NATION MUSIC UK LTD,0.0,22448.23,0.0,0,0,1,3,0,0,International,Club
Northside,2026,2026-12-04,,DF CONCERTS,13618.4,0.0,0.0,0,0,0,1,0,0,International,Club
Self Deception,2026,2026-12-04,,LIVE NATION MUSIC UK LTD,23785.76,14950.4,0.0,0,0,1,3,0,1,International,Club
Rat &amp; Co,2026,2026-12-04,,"LIVE NATION UK FOR ARTIST, TOUR, FESTIVAL AND PRESALE NEWS",0.0,0.0,0.0,0,0,0,2,0,0,International,Club
Harry Styles,2026,2026-12-04,,LIVE NATION AUSTRALIA,0.0,0.0,252490036.3,1,117,15,2,33,5,International,Stadium
A Perfect Circle,2026,2026-12-04,,LIVE NATION AUSTRALIA,0.0,818100.0,0.0,11,41,13,2,0,1,International,Arena
Wolf Alice,2026,2026-12-04,,LIVE NATION AUSTRALIA,3076968.13,0.0,0.0,0,6,20,66,0,3,International,Club
Joost Klein,2026,2026-12-04,,LIVE NATION AUSTRALIA,0.0,0.0,0.0,0,0,2,2,0,0,International,Club
Bruno Mars,2026,2026-12-04,,LIVE NATION MUSIC,42422958.0,280515343.74,87980695.9,12,221,88,9,45,8,International,Stadium
Caifanes,2026,2026-12-04,,OCESA,11228657.5,8803975.02,6125837.01,6,46,57,15,17,13,International,Arena
"In, Flew Ants",2026,2026-12-04,,OCESA,0.0,0.0,0.0,0,0,0,2,0,0,International,Club
David Bisbal,2026,2026-12-04,,OCESA,6822534.13,6134250.71,10430917.14,5,32,58,9,24,16,International,Theater
"Love, Fraser",2026,2026-12-04,,OCESA,0.0,0.0,0.0,0,0,0,1,0,0,International,Club
Lit Killah,2026,2026-12-04,,OCESA,153813.67,104692.89,137135.99,1,3,2,0,0,1,International,Arena
Beabadoobee,2026,2026-12-04,,Live Nation,801797.5,2506361.44,323192.05,1,2,23,27,0,1,International,Club
The Great Divide,2026,2026-12-04,,Live Nation GmbH,0.0,2247.0,0.0,0,0,0,2,0,1,International,Theater
Home Sweet Home,2026,2026-12-04,,Live Nation GmbH,0.0,0.0,0.0,0,0,0,3,0,0,International,Club
Polyphia,2026,2026-12-04,,Live Nation,0.0,121407.0,744654.76,0,0,3,49,0,1,International,Club
Beth Hart,2026,2026-12-04,,Live Nation Venues Netherlands BV Afas Live,1568516.61,600861.0700000001,493581.99,1,2,48,45,0,2,International,Theater
Tou,2026,2026-12-04,,Live Nation Sp. z o.o.,0.0,348354.82999999996,0.0,0,0,0,1,0,1,International,Club
Tonic,2026,2026-12-04,,LIVE NATION CZECH REPUBLIC s.r.o.,0.0,0.0,0.0,0,1,0,2,0,0,International,Club
Trans-Siberian Orchestra,2026,2026-12-05,,LIVE NATION MUSIC,60413990.78,69204633.87,42632080.53,0,911,47,1,0,15,US,Arena
Underoath,2026,2026-12-05,,LIVE NATION MUSIC,0.0,418700.1,308406.2,0,2,22,75,0,4,US,Arena
GWAR,2026,2026-12-05,,HOUSE OF BLUES CONCERTS (HOB),232622.19,250475.13,96717.0,0,3,30,172,0,3,US,Club
Triple Charm,2026,2026-12-05,,LIVE NATION MUSIC,8361.24,0.0,0.0,0,0,0,2,0,0,US,Club
Pouya,2026,2026-12-05,,LIVE NATION MUSIC,198768.95,0.0,296648.0,0,0,21,62,0,4,US,Club
State Champs,2026,2026-12-05,,LIVE NATION MUSIC,202412.59,75375.0,0.0,0,0,9,29,0,0,US,Club
Winter,2026,2026-12-05,,LIVE NATION MUSIC,0.0,0.0,0.0,0,0,0,1,0,0,US,Club
Earlybirds Club,2026,2026-12-05,,LIVE NATION MUSIC,18020.0,0.0,0.0,0,0,1,15,0,0,US,Club
Beartooth,2026,2026-12-05,,LIVE NATION MUSIC,0.0,1116351.8,389208.25,1,4,15,41,1,2,US,Theater
Beartooth,2026,2026-12-05,,LIVE NATION MUSIC,0.0,1116351.8,389208.25,1,4,15,41,1,2,US,Theater
Eagles,2026,2026-12-05,,LIVE NATION MUSIC,132995245.27,168150846.73,118468239.25,8,369,2,0,28,5,US,Arena
"Chris Brown, Usher",2026,2026-12-05,,LIVE NATION MUSIC,0.0,0.0,0.0,0,0,0,0,18,0,US,Stadium
The Neighbourhood,2026,2026-12-05,,LIVE NATION MUSIC,0.0,0.0,0.0,1,16,29,68,1,0,US,Club
Trans-Siberian Orchestra,2026,2026-12-05,,LIVE NATION MUSIC,60413990.78,69204633.87,42632080.53,0,911,47,1,0,15,US,Arena
Rawayana,2026,2026-12-05,,LIVE NATION MUSIC,0.0,1859072.56,268722.57,0,16,7,9,1,1,US,Arena
Jonas Brothers,2026,2026-12-05,,LIVE NATION MUSIC,81959444.45,30144554.31,109403725.33,84,205,28,1,31,5,US,Arena
John Summit,2026,2026-12-05,,LIVE NATION MUSIC,1618895.52,6378033.54,2121909.0,1,6,4,6,1,1,US,Arena
Pentatonix,2026,2026-12-05,,LIVE NATION MUSIC,10014000.83,20747784.25,16735657.71,59,174,94,50,3,9,US,Arena
Triumph,2026,2026-12-05,,LIVE NATION MUSIC,0.0,0.0,0.0,0,7,1,1,0,0,US,Arena
Allman Betts Family Revival,2026,2026-12-05,,LIVE NATION MUSIC,1401926.49,1446679.28,0.0,1,0,39,2,0,0,US,Theater
Dierks Bentley,2026,2026-12-05,,LIVE NATION MUSIC,23283552.15,5144701.87,10487202.74,156,93,21,11,2,8,US,Amphitheatre
Brett Eldredge,2026,2026-12-05,,LIVE NATION MUSIC,1974280.17,2272843.56,1768405.49,5,5,39,13,0,0,US,Arena
Bonobo,2026,2026-12-05,,LIVE NATION MUSIC,562170.98,308843.21,344813.57,1,5,22,126,2,4,US,Club
Alicia Villarreal,2026,2026-12-05,,LIVE NATION MUSIC,826817.98,1374508.36,306780.57999999996,1,4,29,4,0,0,US,Theater
Angine de Poitrine,2026,2026-12-05,,LIVE NATION MUSIC,0.0,0.0,0.0,0,0,1,1,0,0,US,Club
Victor &amp; Leo,2026,2026-12-05,,LIVE NATION MUSIC,0.0,0.0,0.0,0,0,24,1,0,0,US,Theater
Thundercat,2026,2026-12-05,,LIVE NATION MUSIC,166095.0,81082.15,903432.94,2,0,14,40,0,2,US,Club
Rick Springfield,2026,2026-12-05,,LIVE NATION MUSIC,311315.5,910660.35,1841833.11,21,5,91,39,0,10,US,Theater
Spike and the Gimme Gimmes,2026,2026-12-05,,LIVE NATION MUSIC,33672.42,168116.91,44925.22,1,0,0,27,0,0,US,Club
Darius Rucker,2026,2026-12-05,,LIVE NATION MUSIC,3803999.88,304151.56,3499067.7,96,38,55,10,0,12,US,Theater
Sara Bareilles,2026,2026-12-05,,EMPORIUM PRESENTS,0.0,0.0,0.0,12,6,27,45,0,1,US,Arena
Bear,2026,2026-12-05,,LIVE NATION MUSIC,0.0,0.0,0.0,0,0,0,1,0,0,US,Club
Upgrade,2026,2026-12-05,,LIVE NATION MUSIC,0.0,0.0,0.0,0,0,0,1,0,1,US,Club
Billy Joel,2026,2026-12-05,,LIVE NATION MUSIC,3491813.0,75703106.41,44904542.17,2,122,6,0,59,1,US,Arena
Trivium,2026,2026-12-05,,LIVE NATION MUSIC,398903.12,0.0,378436.41,0,3,22,57,0,1,US,Club
Meta &amp; The Cornerstones,2026,2026-12-05,,LIVE NATION MUSIC,0.0,3014.0,0.0,0,0,0,3,0,0,US,Theater
"Senses Fail, Saves The Day",2026,2026-12-05,,LIVE NATION MUSIC,0.0,78419.0,0.0,0,0,0,1,0,0,US,Theater
Gilberto Santa Rosa,2026,2026-12-05,,LIVE NATION MUSIC,2647487.35,5258703.0,2490623.87,3,15,74,8,0,0,US,Theater
Yung Gravy,2026,2026-12-05,,LIVE NATION MUSIC,206906.93,654682.31,71100.12,0,2,7,36,0,1,US,Theater
Clay Walker,2026,2026-12-05,,LIVE NATION MUSIC,266807.6,184717.55,192286.46,3,1,23,5,0,2,US,Theater
"The A, B, C &amp; D Of Boogie Woogie",2026,2026-12-05,,LIVE NATION MUSIC,0.0,0.0,0.0,0,0,0,1,0,0,US,Club
Dogs in a Pile,2026,2026-12-05,,LIVE NATION MUSIC,368395.66,180530.5,5966.0,2,0,11,94,1,1,US,Club
"""SummerStage"", Two Door Cinema Club, Friends",2026,2026-12-05,,LIVE NATION MUSIC,0.0,0.0,0.0,1,0,0,0,0,0,US,Amphitheatre
"The A, B, C &amp; D Of Boogie Woogie",2026,2026-12-05,,LIVE NATION MUSIC,0.0,0.0,0.0,0,0,0,1,0,0,US,Arena
Engelbert Humperdinck,2026,2026-12-05,,LIVE NATION MUSIC,351992.52,1641074.5,1001430.14,0,3,126,20,0,6,US,Theater
Yo La Tengo,2026,2026-12-05,,LIVE NATION MUSIC,96030.59,110201.0,455309.1,0,0,28,74,0,1,US,Club
Sister Hazel,2026,2026-12-05,,LIVE NATION MUSIC,44301.4,8950.0,22455.0,2,1,31,49,0,2,US,Club
Montell Fish,2026,2026-12-05,,HOUSE OF BLUES CONCERTS (HOB),850372.49,98486.05,0.0,0,0,3,6,0,0,US,Club
Sister Hazel,2026,2026-12-05,,LIVE NATION MUSIC,44301.4,8950.0,22455.0,2,1,31,49,0,2,US,Club
Randall King,2026,2026-12-05,,LIVE NATION MUSIC,995139.33,1097338.8,1008108.13,11,1,38,238,1,20,US,Club
Dweezil Zappa,2026,2026-12-05,,HOUSE OF BLUES CONCERTS (HOB),1060154.55,1718199.74,0.0,0,0,69,53,0,3,US,Theater
Chase Petra,2026,2026-12-05,,LIVE NATION MUSIC,11741.0,0.0,2512.09,0,0,0,3,0,0,US,Club
Two Friends,2026,2026-12-05,,LIVE NATION MUSIC,1519122.6,2266046.77,601149.51,3,2,7,26,0,1,US,Club
"""Past, Present, Future: A Dance Gala""",2026,2026-12-05,,LIVE NATION MUSIC,0.0,0.0,0.0,0,0,1,0,0,0,US,Club
Yacht Lobsters,2026,2026-12-05,,LIVE NATION MUSIC,4230.0,8267.5,7345.0,0,0,0,8,0,0,US,Theater
Matt Hansen,2026,2026-12-05,,LIVE NATION MUSIC,167808.59,12300.0,0.0,0,0,0,11,0,3,US,Club
BRESH,2026,2026-12-05,,LIVE NATION MUSIC,472640.02,156161.44,55249.81,0,2,4,14,0,1,US,Theater
Grayscale,2026,2026-12-05,,LIVE NATION MUSIC,9717.15,0.0,8537.0,0,0,1,9,0,0,US,Theater
Lucy Bedroque,2026,2026-12-05,,LIVE NATION MUSIC,0.0,0.0,0.0,0,0,1,2,0,0,US,Theater
Willy Chirino,2026,2026-12-05,,LIVE NATION MUSIC,0.0,0.0,627643.92,0,0,10,2,0,0,US,Club
Imminence,2026,2026-12-05,,LIVE NATION MUSIC,470438.32,155312.11,0.0,0,0,3,36,0,15,US,Club
Nghtmre,2026,2026-12-05,,LIVE NATION MUSIC,22110.0,75320.0,123110.5,0,0,8,29,0,0,US,Club
Dark Star Orchestra,2026,2026-12-05,,LIVE NATION MUSIC,1550997.72,5590344.75,2726147.02,66,2,252,356,11,32,US,Amphitheatre
Matisyahu,2026,2026-12-05,,LIVE NATION MUSIC,131917.72,155193.0,176217.44,4,1,46,148,0,2,US,Theater
Fireworks,2026,2026-12-05,,LIVE NATION MUSIC,0.0,0.0,0.0,0,0,1,7,0,0,US,Club
Sind,2026,2026-12-05,,LIVE NATION MUSIC,0.0,10768.04,0.0,0,0,0,5,0,0,US,Club
Pedro Fernández,2026,2026-12-05,,LIVE NATION MUSIC,1779091.23,1070035.34,992662.55,2,12,11,0,0,0,US,Theater
Kip Moore,2026,2026-12-05,,LIVE NATION MUSIC,977585.78,881524.0,2477186.23,15,25,90,90,1,9,US,Club
The Holidays,2026,2026-12-05,,LIVE NATION MUSIC,0.0,0.0,0.0,0,0,0,2,0,0,US,Theater
R&amp;B Vibes Live,2026,2026-12-05,,LIVE NATION MUSIC,0.0,0.0,0.0,0,0,0,2,0,0,US,Club
Sabaton,2026,2026-12-05,,LIVE NATION MUSIC,13311096.98,0.0,3200841.5700000003,0,31,18,33,0,0,US,Club
Insomnium,2026,2026-12-05,,LIVE NATION MUSIC,64768.380000000005,39199.35,15069.36,0,0,0,11,0,1,US,Theater
Meredith Marks,2026,2026-12-05,,LIVE NATION MUSIC,0.0,0.0,0.0,0,0,0,1,0,0,US,Club
Destruction,2026,2026-12-05,,LIVE NATION MUSIC,0.0,0.0,0.0,0,0,1,8,0,0,US,Club
ear,2026,2026-12-05,,HOUSE OF BLUES CONCERTS (HOB),0.0,0.0,3000.0,0,0,0,0,0,1,US,Other
Chrissy Chlapecka,2026,2026-12-05,,LIVE NATION MUSIC,0.0,0.0,0.0,0,0,0,2,0,0,US,Club
AZ,2026,2026-12-05,,LIVE NATION MUSIC,75395.0,0.0,0.0,0,0,0,6,0,0,US,Club
Sisters,2026,2026-12-05,,LIVE NATION MUSIC,0.0,0.0,0.0,0,0,0,1,0,0,US,Club
"Steve Martin, Martin Short",2026,2026-12-05,,LIVE NATION MUSIC,6161329.33,5056126.6,4691814.43,27,10,125,3,0,2,US,Theater
The Bouncing Souls,2026,2026-12-05,,LIVE NATION CANADA (LN),55095.0,0.0,40794.0,0,0,8,32,0,2,International,Club
The Trews,2026,2026-12-05,,LIVE NATION CANADA (LN),0.0,47773.83,0.0,0,0,9,15,0,6,International,Theater
Little River Band,2026,2026-12-05,,LIVE NATION CANADA (LN),1149808.05,1572256.34,1160914.45,14,1,111,26,0,19,International,Theater
Marianas Trench,2026,2026-12-05,,LIVE NATION MUSIC,521250.96,502970.06,0.0,3,42,24,47,0,1,International,Arena
"""Festival International de Jazz De Montreal"", Amanda Marshall",2026,2026-12-05,,LIVE NATION CANADA (LN),69717.79,0.0,0.0,0,0,1,0,0,0,International,Theater
Jady,2026,2026-12-05,,LIVE NATION CANADA (LN),29812.5,24895.0,6000.0,0,0,2,4,0,0,International,Club
John Craigie,2026,2026-12-05,,LIVE NATION CANADA (LN),150897.09,154651.68,210735.5,2,0,9,72,0,5,International,Theater
Aaron Rowe,2026,2026-12-05,,MCD PRODUCTIONS,16170.69,0.0,0.0,0,0,1,2,0,0,International,Theater
The Frank And Walters,2026,2026-12-05,,MCD PRODUCTIONS,0.0,0.0,0.0,0,0,0,3,0,0,International,Club
Bryson Tiller,2026,2026-12-05,,LIVE NATION MUSIC UK LTD,0.0,14396903.73,1952369.56,10,20,31,34,0,2,International,Arena
BRAT,2026,2026-12-05,,LIVE NATION MUSIC UK LTD,0.0,22448.23,0.0,0,0,1,3,0,0,International,Theater
Rin,2026,2026-12-05,,"LIVE NATION UK FOR ARTIST, TOUR, FESTIVAL AND PRESALE NEWS",0.0,0.0,944381.57,0,2,1,1,0,0,International,Arena
Self Deception,2026,2026-12-05,,LIVE NATION MUSIC UK LTD,23785.76,14950.4,0.0,0,0,1,3,0,1,International,Club
Guns N' Roses,2026,2026-12-05,,LIVE NATION AUSTRALIA,129172927.51,0.0,110479876.13,7,135,11,22,196,18,International,Stadium
Dylan Gossett,2026,2026-12-05,,LIVE NATION AUSTRALIA,499984.99,391766.02,0.0,0,0,5,18,0,1,International,Theater
Dizzee Rascal,2026,2026-12-05,,LIVE NATION AUSTRALIA,734263.18,558902.65,1192351.83,0,5,7,8,0,1,International,Club
J. Cole,2026,2026-12-05,,LIVE NATION AUSTRALIA,0.0,2084747.68,0.0,25,121,50,39,2,2,International,Arena
Simi,2026,2026-12-05,,OCESA,0.0,0.0,0.0,0,0,0,1,0,0,International,Club
Simi,2026,2026-12-05,,OCESA,0.0,0.0,0.0,0,0,0,1,0,0,International,Club
Gene,2026,2026-12-05,,OCESA,0.0,0.0,0.0,0,0,1,1,0,0,International,Club
"Love, Fraser",2026,2026-12-05,,OCESA,0.0,0.0,0.0,0,0,0,1,0,0,International,Club
Yuridia,2026,2026-12-05,,OCESA,3643074.04,11045017.92,1351399.31,0,24,43,2,8,1,International,Theater
Caifanes,2026,2026-12-05,,OCESA,11228657.5,8803975.02,6125837.01,6,46,57,15,17,13,International,Arena
"In, Flew Ants",2026,2026-12-05,,OCESA,0.0,0.0,0.0,0,0,0,2,0,0,International,Club
Motel,2026,2026-12-05,,OCESA,0.0,0.0,39263.59,0,0,1,2,0,1,International,Club
Banda Machos,2026,2026-12-05,,OCESA,74195.0,262605.0,0.0,0,0,6,0,0,0,International,Theater
Natalia Lacunza,2026,2026-12-05,,OCESA,0.0,0.0,0.0,0,0,0,1,0,0,International,Club
America,2026,2026-12-05,,OCESA,4786730.81,4477164.55,1750231.2,5,8,180,41,0,14,International,Theater
Phoebe Bridgers,2026,2026-12-05,,Live Nation,0.0,0.0,784568.04,8,2,7,20,1,6,International,Club
Kehlani,2026,2026-12-05,,Live Nation GmbH,1293539.15,4938822.87,1110931.32,4,14,20,29,0,0,International,Club
Kehlani,2026,2026-12-05,,Live Nation GmbH,1293539.15,4938822.87,1110931.32,4,14,20,29,0,0,International,Club
"Hombres G, Los Enanitos Verdes",2026,2026-12-05,,Live Nation España Golden Age SL,3449213.65,0.0,0.0,0,5,1,0,0,0,International,Arena
"Hombres G, Los Enanitos Verdes",2026,2026-12-05,,Live Nation España Golden Age SL,3449213.65,0.0,0.0,0,5,1,0,0,0,International,Arena
The Sheepdogs,2026,2026-12-05,,Live Nation España S.A.U.,0.0,20496.19,2689.0,1,0,7,56,0,4,International,Club
Pol,2026,2026-12-05,,Live Nation sp. z o.o.,6311.03,20388.51,0.0,0,0,1,8,0,0,International,Club
Defying Gravity,2026,2026-12-05,,Live Nation Sp. z o.o.,900.0,0.0,0.0,0,0,0,3,0,1,International,Club
Kodaline,2026,2026-12-05,,LIVE NATION CZECH REPUBLIC s.r.o.,0.0,80672.06,817989.84,0,5,21,75,7,6,International,Club
Chelsea Wolfe,2026,2026-12-05,,LIVE NATION CZECH REPUBLIC s.r.o.,97294.63,261345.05,0.0,0,0,2,49,0,0,International,Club
Trans-Siberian Orchestra,2026,2026-12-06,,LIVE NATION MUSIC,60413990.78,69204633.87,42632080.53,0,911,47,1,0,15,US,Arena
Trans-Siberian Orchestra,2026,2026-12-06,,LIVE NATION MUSIC,60413990.78,69204633.87,42632080.53,0,911,47,1,0,15,US,Arena
Pentatonix,2026,2026-12-06,,LIVE NATION MUSIC,10014000.83,20747784.25,16735657.71,59,174,94,50,3,9,US,Arena
Underoath,2026,2026-12-06,,LIVE NATION MUSIC,0.0,418700.1,308406.2,0,2,22,75,0,4,US,Club
Stars,2026,2026-12-06,,LIVE NATION MUSIC,0.0,35980.0,29820.25,0,0,21,84,0,0,US,Theater
State Champs,2026,2026-12-06,,HOUSE OF BLUES CONCERTS (HOB),202412.59,75375.0,0.0,0,0,9,29,0,0,US,Club
Lord Huron,2026,2026-12-06,,LIVE NATION MUSIC,9005021.75,1783437.4,653823.52,34,6,50,96,2,12,US,Club
Turnover,2026,2026-12-06,,LIVE NATION MUSIC,1497016.17,34201.28,13530.0,2,1,7,38,0,2,US,Club
Sister Hazel,2026,2026-12-06,,LIVE NATION MUSIC,44301.4,8950.0,22455.0,2,1,31,49,0,2,US,Club
GWAR,2026,2026-12-06,,LIVE NATION MUSIC,232622.19,250475.13,96717.0,0,3,30,172,0,3,US,Theater
"Dragonforce, Amaranthe",2026,2026-12-06,,LIVE NATION MUSIC,0.0,247413.25,0.0,0,0,2,1,0,0,US,Theater
"Natalie Grant, Danny Gokey",2026,2026-12-06,,LIVE NATION MUSIC,45912.13,301294.16000000003,0.0,0,0,19,0,0,3,US,Arena
Bodysnatcher,2026,2026-12-06,,LIVE NATION MUSIC,21465.27,42335.0,211619.0,0,0,9,53,0,1,US,Theater
Trans-Siberian Orchestra,2026,2026-12-06,,LIVE NATION MUSIC,60413990.78,69204633.87,42632080.53,0,911,47,1,0,15,US,Arena
"Chris Brown, Usher",2026,2026-12-06,,LIVE NATION MUSIC,0.0,0.0,0.0,0,0,0,0,18,0,US,Stadium
Trans-Siberian Orchestra,2026,2026-12-06,,LIVE NATION MUSIC,60413990.78,69204633.87,42632080.53,0,911,47,1,0,15,US,Arena
Rawayana,2026,2026-12-06,,LIVE NATION MUSIC,0.0,1859072.56,268722.57,0,16,7,9,1,1,US,Arena
Gracie Abrams,2026,2026-12-06,,LIVE NATION MUSIC,36388724.37,5296821.61,857658.6,5,28,12,17,0,1,US,Arena
Forever,2026,2026-12-06,,LIVE NATION MUSIC,70329.51,0.0,0.0,0,1,0,0,0,0,US,Arena
Triumph,2026,2026-12-06,,LIVE NATION MUSIC,0.0,0.0,0.0,0,7,1,1,0,0,US,Theater
"The A, B, C &amp; D Of Boogie Woogie",2026,2026-12-06,,LIVE NATION MUSIC,0.0,0.0,0.0,0,0,0,1,0,0,US,Club
Sabaton,2026,2026-12-06,,LIVE NATION MUSIC,13311096.98,0.0,3200841.5700000003,0,31,18,33,0,0,US,Theater
The Holidays,2026,2026-12-06,,LIVE NATION MUSIC,0.0,0.0,0.0,0,0,0,2,0,0,US,Theater
Fetty Wap,2026,2026-12-06,,LIVE NATION MUSIC,0.0,0.0,0.0,0,2,6,13,0,0,US,Theater
Allman Betts Family Revival,2026,2026-12-06,,LIVE NATION MUSIC,1401926.49,1446679.28,0.0,1,0,39,2,0,0,US,Theater
Shakey Graves,2026,2026-12-06,,LIVE NATION MUSIC,530628.21,401599.02,1244604.5,18,0,48,154,2,15,US,Club
Alicia Villarreal,2026,2026-12-06,,LIVE NATION MUSIC,826817.98,1374508.36,306780.57999999996,1,4,29,4,0,0,US,Theater
Boney James,2026,2026-12-06,,HOUSE OF BLUES CONCERTS (HOB),448798.35,809105.63,728952.0,8,0,83,34,0,0,US,Theater
"Senses Fail, Saves The Day",2026,2026-12-06,,LIVE NATION MUSIC,0.0,78419.0,0.0,0,0,0,1,0,0,US,Club
Bear,2026,2026-12-06,,LIVE NATION MUSIC,0.0,0.0,0.0,0,0,0,1,0,0,US,Club
Upgrade,2026,2026-12-06,,LIVE NATION MUSIC,0.0,0.0,0.0,0,0,0,1,0,1,US,Club
Waterparks,2026,2026-12-06,,LIVE NATION MUSIC,117382.5,400433.43,506216.67,0,0,9,35,0,1,US,Club
Trippie Redd,2026,2026-12-06,,LIVE NATION MUSIC,177248.89,171012.5,592049.0,4,5,6,7,0,1,US,Theater
Yo La Tengo,2026,2026-12-06,,LIVE NATION MUSIC,96030.59,110201.0,455309.1,0,0,28,74,0,1,US,Club
Smith &amp; Liddle,2026,2026-12-06,,LIVE NATION MUSIC,0.0,0.0,0.0,0,0,0,1,0,0,US,Club
Amanda Perez,2026,2026-12-06,,LIVE NATION MUSIC,0.0,0.0,0.0,0,0,0,1,0,0,US,Club
The Pineapple Thief,2026,2026-12-06,,LIVE NATION MUSIC,16406.77,77036.26,0.0,0,0,2,13,0,0,US,Club
Sin Bandera,2026,2026-12-06,,LIVE NATION MUSIC,0.0,429183.87,5207476.83,2,28,22,2,2,1,US,Arena
Forever,2026,2026-12-06,,LIVE NATION MUSIC,70329.51,0.0,0.0,0,1,0,0,0,0,US,Theater
Yung Gravy,2026,2026-12-06,,LIVE NATION MUSIC,206906.93,654682.31,71100.12,0,2,7,36,0,1,US,Theater
Elías Medina,2026,2026-12-06,,LIVE NATION MUSIC,290273.83,12287.0,87825.96,0,0,6,2,0,0,US,Theater
Night Lovell,2026,2026-12-06,,HOUSE OF BLUES CONCERTS (HOB),250188.22,142802.5,0.0,0,0,6,15,0,1,US,Club
Victor &amp; Leo,2026,2026-12-06,,LIVE NATION MUSIC,0.0,0.0,0.0,0,0,24,1,0,0,US,Theater
Imminence,2026,2026-12-06,,LIVE NATION MUSIC,470438.32,155312.11,0.0,0,0,3,36,0,15,US,Theater
Hunxho,2026,2026-12-06,,LIVE NATION MUSIC,78330.0,70430.0,0.0,0,0,0,2,0,0,US,Club
R&amp;B Vibes Live,2026,2026-12-06,,LIVE NATION MUSIC,0.0,0.0,0.0,0,0,0,2,0,0,US,Club
The Underachievers,2026,2026-12-06,,LIVE NATION MUSIC,0.0,0.0,0.0,0,0,2,21,0,0,US,Theater
Bleood,2026,2026-12-06,,LIVE NATION MUSIC,0.0,0.0,0.0,0,0,0,1,0,0,US,Theater
Eloise,2026,2026-12-06,,LIVE NATION MUSIC,0.0,0.0,54833.34,0,0,2,7,0,0,US,Club
Jason Bonham,2026,2026-12-06,,LIVE NATION MUSIC,0.0,163048.0,39752.0,0,0,3,1,0,0,US,Theater
R&amp;B Vibes Live,2026,2026-12-06,,HOUSE OF BLUES CONCERTS (HOB),0.0,0.0,0.0,0,0,0,2,0,0,US,Club
"""Festival International de Jazz De Montreal"", Elijah Fox",2026,2026-12-06,,LIVE NATION MUSIC,5649.83,0.0,0.0,0,0,1,0,0,0,US,Theater
WORSHIP,2026,2026-12-06,,LIVE NATION MUSIC,0.0,66050.0,0.0,0,0,0,1,0,0,US,Club
Exhumed,2026,2026-12-06,,LIVE NATION MUSIC,0.0,0.0,0.0,0,0,0,13,0,3,US,Club
Chrissy Chlapecka,2026,2026-12-06,,LIVE NATION MUSIC,0.0,0.0,0.0,0,0,0,2,0,0,US,Club
Anthony Gomes,2026,2026-12-06,,FRANK PRODUCTIONS,10620.0,3435.0,0.0,0,0,8,20,0,2,US,Club
Sisters,2026,2026-12-06,,LIVE NATION MUSIC,0.0,0.0,0.0,0,0,0,1,0,0,US,Club
Tommy Emmanuel,2026,2026-12-06,,LIVE NATION MUSIC,381234.37,414263.54,630168.4299999999,0,1,267,67,0,20,US,Theater
Tommy Emmanuel,2026,2026-12-06,,LIVE NATION MUSIC,381234.37,414263.54,630168.4299999999,0,1,267,67,0,20,US,Theater
"""Festival International de Jazz De Montreal"", Amanda Marshall",2026,2026-12-06,,LIVE NATION CANADA (LN),69717.79,0.0,0.0,0,0,1,0,0,0,International,Theater
10 Years,2026,2026-12-06,,LIVE NATION CANADA (LN),35281.43,47010.25,6775.0,0,0,11,90,0,3,International,Club
Gallant,2026,2026-12-06,,LIVE NATION CANADA (LN),27355.0,0.0,0.0,0,0,1,13,0,1,International,Club
Picture This,2026,2026-12-06,,MCD PRODUCTIONS,4682702.09,2769789.99,3315593.18,0,17,15,30,5,3,International,Theater
Aaron Rowe,2026,2026-12-06,,MCD PRODUCTIONS,16170.69,0.0,0.0,0,0,1,2,0,0,International,Theater
Tinie Tempah,2026,2026-12-06,,MCD PRODUCTIONS,0.0,0.0,0.0,0,9,1,6,0,0,International,Theater
Barenaked Ladies,2026,2026-12-06,,DF CONCERTS,1938722.88,1826010.29,2196874.4,117,27,93,26,5,9,International,Theater
Dayseeker,2026,2026-12-06,,LIVE NATION MUSIC UK LTD,137359.47,823493.32,21480.0,0,0,13,30,0,2,International,Club
The Twilight Sad,2026,2026-12-06,,DF CONCERTS,0.0,43756.77,0.0,0,0,4,31,0,3,International,Theater
Prateek Kuhad,2026,2026-12-06,,LIVE NATION MUSIC UK LTD,0.0,311742.61,0.0,0,0,4,17,0,1,International,Club
Nemzzz,2026,2026-12-06,,LIVE NATION MUSIC UK LTD,5228.55,58225.88,0.0,0,0,0,3,0,1,International,Club
Dylan Gossett,2026,2026-12-06,,LIVE NATION AUSTRALIA,499984.99,391766.02,0.0,0,0,5,18,0,1,International,Club
J. Cole,2026,2026-12-06,,LIVE NATION AUSTRALIA,0.0,2084747.68,0.0,25,121,50,39,2,2,International,Arena
Caifanes,2026,2026-12-06,,OCESA,11228657.5,8803975.02,6125837.01,6,46,57,15,17,13,International,Arena
"Sue, Matt &amp; Phil Live!",2026,2026-12-06,,OCESA,1067771.08,0.0,0.0,0,3,19,1,0,0,International,Theater
Home Sweet Home,2026,2026-12-06,,Live Nation GmbH,0.0,0.0,0.0,0,0,0,3,0,0,International,Club
The Sheepdogs,2026,2026-12-06,,Live Nation España S.A.U.,0.0,20496.19,2689.0,1,0,7,56,0,4,International,Club
"Oneida, IE, Matt Mehlan",2026,2026-12-06,,Live Nation Sp. z o.o.,0.0,0.0,0.0,0,0,0,1,0,0,International,Club
Tou,2026,2026-12-06,,Live Nation sp. z o.o.,0.0,348354.82999999996,0.0,0,0,0,1,0,1,International,Club
Defying Gravity,2026,2026-12-06,,Live Nation Sp. z o.o.,900.0,0.0,0.0,0,0,0,3,0,1,International,Club
Sultan,2026,2026-12-06,,Live Nation sp. z o.o.,0.0,0.0,0.0,0,0,0,3,0,0,International,Club
Imminence,2026,2026-12-07,,LIVE NATION MUSIC,470438.32,155312.11,0.0,0,0,3,36,0,15,US,Club
Beartooth,2026,2026-12-07,,LIVE NATION MUSIC,0.0,1116351.8,389208.25,1,4,15,41,1,2,US,Club
Olivia Rodrigo,2026,2026-12-07,,LIVE NATION MUSIC,23420107.2,169307085.8,0.0,0,68,10,2,5,1,US,Arena
Gracie Abrams,2026,2026-12-07,,LIVE NATION MUSIC,36388724.37,5296821.61,857658.6,5,28,12,17,0,1,US,Arena
Pentatonix,2026,2026-12-07,,LIVE NATION MUSIC,10014000.83,20747784.25,16735657.71,59,174,94,50,3,9,US,Arena
10 Years,2026,2026-12-07,,LIVE NATION MUSIC,35281.43,47010.25,6775.0,0,0,11,90,0,3,US,Club
Trippie Redd,2026,2026-12-07,,LIVE NATION MUSIC,177248.89,171012.5,592049.0,4,5,6,7,0,1,US,Theater
Jonas Brothers,2026,2026-12-07,,LIVE NATION MUSIC,81959444.45,30144554.31,109403725.33,84,205,28,1,31,5,US,Arena
Yung Gravy,2026,2026-12-07,,HOUSE OF BLUES CONCERTS (HOB),206906.93,654682.31,71100.12,0,2,7,36,0,1,US,Club
Jonas Brothers,2026,2026-12-07,,LIVE NATION MUSIC,81959444.45,30144554.31,109403725.33,84,205,28,1,31,5,US,Arena
Waterparks,2026,2026-12-07,,LIVE NATION MUSIC,117382.5,400433.43,506216.67,0,0,9,35,0,1,US,Club
Yo La Tengo,2026,2026-12-07,,LIVE NATION MUSIC,96030.59,110201.0,455309.1,0,0,28,74,0,1,US,Club
Jason Bonham,2026,2026-12-07,,LIVE NATION MUSIC,0.0,163048.0,39752.0,0,0,3,1,0,0,US,Theater
Gabriel &amp; Dresden,2026,2026-12-07,,LIVE NATION MUSIC,5318.75,0.0,8655.0,0,0,0,3,0,0,US,Club
Tommy Emmanuel,2026,2026-12-07,,LIVE NATION MUSIC,381234.37,414263.54,630168.4299999999,0,1,267,67,0,20,US,Theater
Gabriella,2026,2026-12-07,,LIVE NATION CANADA (LN),0.0,6582.18,0.0,0,0,5,4,0,5,International,Theater
Austra,2026,2026-12-07,,MCD PRODUCTIONS,0.0,0.0,0.0,0,0,2,31,0,0,International,Theater
Picture This,2026,2026-12-07,,MCD PRODUCTIONS,4682702.09,2769789.99,3315593.18,0,17,15,30,5,3,International,Theater
Barenaked Ladies,2026,2026-12-07,,DF CONCERTS,1938722.88,1826010.29,2196874.4,117,27,93,26,5,9,International,Club
Tiffany Day,2026,2026-12-07,,"LIVE NATION UK FOR ARTIST, TOUR, FESTIVAL AND PRESALE NEWS",18513.0,0.0,6951.0,0,0,0,6,0,0,International,Theater
Boston Manor,2026,2026-12-07,,"LIVE NATION UK FOR ARTIST, TOUR, FESTIVAL AND PRESALE NEWS",7172.5,8088.32,33060.84,0,0,0,9,0,1,International,Club
Run,2026,2026-12-07,,"LIVE NATION UK FOR ARTIST, TOUR, FESTIVAL AND PRESALE NEWS",0.0,0.0,0.0,0,0,0,1,0,0,International,Theater
Nemzzz,2026,2026-12-07,,"LIVE NATION UK FOR ARTIST, TOUR, FESTIVAL AND PRESALE NEWS",5228.55,58225.88,0.0,0,0,0,3,0,1,International,Club
Bruno Mars,2026,2026-12-07,,LIVE NATION MUSIC,42422958.0,280515343.74,87980695.9,12,221,88,9,45,8,International,Stadium
Home Sweet Home,2026,2026-12-07,,Live Nation GmbH,0.0,0.0,0.0,0,0,0,3,0,0,International,Club
Europe,2026,2026-12-07,,Live Nation,105381.03,0.0,383950.78,0,2,8,2,3,2,International,Theater
Underoath,2026,2026-12-08,,LIVE NATION MUSIC,0.0,418700.1,308406.2,0,2,22,75,0,4,US,Club
Smith &amp; Liddle,2026,2026-12-08,,LIVE NATION MUSIC,0.0,0.0,0.0,0,0,0,1,0,0,US,Club
Bit Brigade,2026,2026-12-08,,LIVE NATION MUSIC,16847.5,64634.0,22460.0,0,0,1,37,0,0,US,Theater
"XOXO, Cody",2026,2026-12-08,,LIVE NATION MUSIC,0.0,32585.0,0.0,0,0,0,1,0,0,US,Club
Bodysnatcher,2026,2026-12-08,,LIVE NATION MUSIC,21465.27,42335.0,211619.0,0,0,9,53,0,1,US,Theater
Olivia Rodrigo,2026,2026-12-08,,LIVE NATION MUSIC,23420107.2,169307085.8,0.0,0,68,10,2,5,1,US,Arena
Stevie Wonder,2026,2026-12-08,,LIVE NATION MUSIC,5077947.359999999,8495068.84,0.0,1,43,5,1,1,0,US,Theater
Triumph,2026,2026-12-08,,LIVE NATION MUSIC,0.0,0.0,0.0,0,7,1,1,0,0,US,Arena
Victor &amp; Leo,2026,2026-12-08,,LIVE NATION MUSIC,0.0,0.0,0.0,0,0,24,1,0,0,US,Theater
Sabaton,2026,2026-12-08,,LIVE NATION MUSIC,13311096.98,0.0,3200841.5700000003,0,31,18,33,0,0,US,Club
Whitechapel,2026,2026-12-08,,LIVE NATION MUSIC,378503.41,16256.84,0.0,1,0,3,80,0,4,US,Club
"Dragonforce, Amaranthe",2026,2026-12-08,,LIVE NATION MUSIC,0.0,247413.25,0.0,0,0,2,1,0,0,US,Theater
"Senses Fail, Saves The Day",2026,2026-12-08,,LIVE NATION MUSIC,0.0,78419.0,0.0,0,0,0,1,0,0,US,Club
Matt Hansen,2026,2026-12-08,,LIVE NATION MUSIC,167808.59,12300.0,0.0,0,0,0,11,0,3,US,Club
Weir,2026,2026-12-08,,LIVE NATION MUSIC,0.0,0.0,0.0,0,0,0,1,0,0,US,Club
Turnover,2026,2026-12-08,,LIVE NATION MUSIC,1497016.17,34201.28,13530.0,2,1,7,38,0,2,US,Theater
Yo La Tengo,2026,2026-12-08,,LIVE NATION MUSIC,96030.59,110201.0,455309.1,0,0,28,74,0,1,US,Club
Forever,2026,2026-12-08,,LIVE NATION MUSIC,70329.51,0.0,0.0,0,1,0,0,0,0,US,Arena
Eloise,2026,2026-12-08,,LIVE NATION MUSIC,0.0,0.0,54833.34,0,0,2,7,0,0,US,Club
"The A, B, C &amp; D Of Boogie Woogie",2026,2026-12-08,,LIVE NATION MUSIC,0.0,0.0,0.0,0,0,0,1,0,0,US,Theater
"Jay Park, LNGSHOT, BIBI, Milli, AI, Kvi Baba",2026,2026-12-08,,LIVE NATION MUSIC,0.0,0.0,0.0,0,0,0,0,0,1,US,Other
KEEP,2026,2026-12-08,,LIVE NATION MUSIC,0.0,0.0,0.0,0,0,0,1,0,0,US,Club
"""NYC Winter Jazzfest"", Genevieve Artadi",2026,2026-12-08,,LIVE NATION MUSIC,0.0,5000.0,0.0,0,0,0,1,0,0,US,Club
The Underachievers,2026,2026-12-08,,LIVE NATION MUSIC,0.0,0.0,0.0,0,0,2,21,0,0,US,Club
WORSHIP,2026,2026-12-08,,LIVE NATION MUSIC,0.0,66050.0,0.0,0,0,0,1,0,0,US,Club
"""Festival International de Jazz De Montreal"", Amanda Marshall",2026,2026-12-08,,LIVE NATION CANADA (LN),69717.79,0.0,0.0,0,0,1,0,0,0,International,Theater
King Buffalo,2026,2026-12-08,,LIVE NATION CANADA (LN),6070.0,13717.0,5145.0,0,0,0,21,0,1,International,Club
Jann Arden,2026,2026-12-08,,LIVE NATION MUSIC,163468.85,381374.03,0.0,0,20,14,4,0,1,International,Theater
Daisy Grenade,2026,2026-12-08,,LIVE NATION CANADA (LN),0.0,0.0,0.0,0,0,0,1,0,0,International,Club
Upgrade,2026,2026-12-08,,LIVE NATION MUSIC,0.0,0.0,0.0,0,0,0,1,0,1,International,Club
Syd,2026,2026-12-08,,LIVE NATION CANADA (LN),0.0,0.0,0.0,0,0,0,1,0,0,International,Club
Austra,2026,2026-12-08,,MCD PRODUCTIONS,0.0,0.0,0.0,0,0,2,31,0,0,International,Theater
SLIFT,2026,2026-12-08,,MCD PRODUCTIONS,0.0,142707.13,6745.0,0,0,1,17,0,2,International,Club
Child of Prague,2026,2026-12-08,,MCD PRODUCTIONS,0.0,0.0,0.0,0,0,0,1,0,0,International,Club
Kehlani,2026,2026-12-08,,"LIVE NATION UK FOR ARTIST, TOUR, FESTIVAL AND PRESALE NEWS",1293539.15,4938822.87,1110931.32,4,14,20,29,0,0,International,Club
Boston Manor,2026,2026-12-08,,"LIVE NATION UK FOR ARTIST, TOUR, FESTIVAL AND PRESALE NEWS",7172.5,8088.32,33060.84,0,0,0,9,0,1,International,Club
The Darkness,2026,2026-12-08,,DF CONCERTS,1126410.41,0.0,666107.48,0,4,21,58,0,4,International,Club
Big Special,2026,2026-12-08,,"LIVE NATION UK FOR ARTIST, TOUR, FESTIVAL AND PRESALE NEWS",43373.62,29214.83,0.0,0,0,2,16,0,3,International,Club
The Darkness,2026,2026-12-08,,DF CONCERTS,1126410.41,0.0,666107.48,0,4,21,58,0,4,International,Club
Kehlani,2026,2026-12-08,,"LIVE NATION UK FOR ARTIST, TOUR, FESTIVAL AND PRESALE NEWS",1293539.15,4938822.87,1110931.32,4,14,20,29,0,0,International,Club
Guns N' Roses,2026,2026-12-08,,LIVE NATION AUSTRALIA,129172927.51,0.0,110479876.13,7,135,11,22,196,18,International,Stadium
Queens of The Stone Age,2026,2026-12-08,,LIVE NATION AUSTRALIA,6746918.8,5025958.14,9267901.4,10,75,60,21,1,11,International,Arena
Suki Waterhouse,2026,2026-12-08,,LIVE NATION AUSTRALIA,63447.01,1845642.36,489285.46,1,0,11,37,0,0,International,Club
Dylan Gossett,2026,2026-12-08,,LIVE NATION AUSTRALIA,499984.99,391766.02,0.0,0,0,5,18,0,1,International,Theater
A Perfect Circle,2026,2026-12-08,,LIVE NATION AUSTRALIA,0.0,818100.0,0.0,11,41,13,2,0,1,International,Arena
BabyMonster,2026,2026-12-08,,LIVE NATION AUSTRALIA,9276359.87,0.0,0.0,0,10,0,0,0,0,International,Arena
Bruno Mars,2026,2026-12-08,,LIVE NATION MUSIC,42422958.0,280515343.74,87980695.9,12,221,88,9,45,8,International,Stadium
ATARASHII GAKKO!,2026,2026-12-08,,OCESA,244056.0,1000528.92,0.0,0,4,5,0,0,0,International,Theater
Polyphia,2026,2026-12-08,,Live Nation Venues Netherlands BV Afas Live,0.0,121407.0,744654.76,0,0,3,49,0,1,International,Club
Eli,2026,2026-12-08,,Live Nation sp. z o.o.,0.0,0.0,0.0,0,0,0,1,0,0,International,Club
"Senses Fail, Saves The Day",2026,2026-12-09,,LIVE NATION MUSIC,0.0,78419.0,0.0,0,0,0,1,0,0,US,Club
Gabriella,2026,2026-12-09,,LIVE NATION MUSIC,0.0,6582.18,0.0,0,0,5,4,0,5,US,Theater
Trans-Siberian Orchestra,2026,2026-12-09,,LIVE NATION MUSIC,60413990.78,69204633.87,42632080.53,0,911,47,1,0,15,US,Arena
Pentatonix,2026,2026-12-09,,LIVE NATION MUSIC,10014000.83,20747784.25,16735657.71,59,174,94,50,3,9,US,Arena
Trans-Siberian Orchestra,2026,2026-12-09,,LIVE NATION MUSIC,60413990.78,69204633.87,42632080.53,0,911,47,1,0,15,US,Arena
Jonas Brothers,2026,2026-12-09,,LIVE NATION MUSIC,81959444.45,30144554.31,109403725.33,84,205,28,1,31,5,US,Arena
Stevie Wonder,2026,2026-12-09,,LIVE NATION MUSIC,5077947.359999999,8495068.84,0.0,1,43,5,1,1,0,US,Theater
Gracie Abrams,2026,2026-12-09,,LIVE NATION MUSIC,36388724.37,5296821.61,857658.6,5,28,12,17,0,1,US,Arena
The Dresden Dolls,2026,2026-12-09,,LIVE NATION MUSIC,0.0,84600.0,47582.0,1,0,3,8,0,0,US,Club
Stephen Wilson Jr.,2026,2026-12-09,,LIVE NATION MUSIC,786854.57,66436.31,0.0,2,0,10,13,0,1,US,Club
Jason Bonham,2026,2026-12-09,,LIVE NATION MUSIC,0.0,163048.0,39752.0,0,0,3,1,0,0,US,Theater
"The A, B, C &amp; D Of Boogie Woogie",2026,2026-12-09,,LIVE NATION MUSIC,0.0,0.0,0.0,0,0,0,1,0,0,US,Amphitheatre
The String Cheese Incident,2026,2026-12-09,,LIVE NATION MUSIC,1786812.0,1997311.65,1388387.48,31,7,38,22,0,3,US,Theater
David Bisbal,2026,2026-12-09,,LIVE NATION MUSIC,6822534.13,6134250.71,10430917.14,5,32,58,9,24,16,US,Theater
Dexter and The Moonrocks,2026,2026-12-09,,LIVE NATION MUSIC,116946.0,104565.0,62966.5,0,0,5,27,0,1,US,Club
Jamey Johnson,2026,2026-12-09,,LIVE NATION MUSIC,968702.9,754442.41,316104.0,26,7,63,46,0,29,US,Theater
Victor &amp; Leo,2026,2026-12-09,,LIVE NATION MUSIC,0.0,0.0,0.0,0,0,24,1,0,0,US,Theater
Whitechapel,2026,2026-12-09,,LIVE NATION MUSIC,378503.41,16256.84,0.0,1,0,3,80,0,4,US,Club
10 Years,2026,2026-12-09,,LIVE NATION MUSIC,35281.43,47010.25,6775.0,0,0,11,90,0,3,US,Club
Yung Gravy,2026,2026-12-09,,LIVE NATION MUSIC,206906.93,654682.31,71100.12,0,2,7,36,0,1,US,Theater
Yo La Tengo,2026,2026-12-09,,LIVE NATION MUSIC,96030.59,110201.0,455309.1,0,0,28,74,0,1,US,Club
Imminence,2026,2026-12-09,,FRANK PRODUCTIONS,470438.32,155312.11,0.0,0,0,3,36,0,15,US,Club
The Jayhawks,2026,2026-12-09,,LIVE NATION MUSIC,33795.0,90651.0,83559.5,2,0,31,66,0,0,US,Theater
"""Past, Present, Future: A Dance Gala""",2026,2026-12-09,,LIVE NATION MUSIC,0.0,0.0,0.0,0,0,1,0,0,0,US,Theater
Turnover,2026,2026-12-09,,LIVE NATION MUSIC,1497016.17,34201.28,13530.0,2,1,7,38,0,2,US,Club
Eloise,2026,2026-12-09,,LIVE NATION MUSIC,0.0,0.0,54833.34,0,0,2,7,0,0,US,Club
Jon B,2026,2026-12-09,,LIVE NATION MUSIC,149874.51,211838.95,181255.45,0,0,2,37,0,0,US,Theater
"Dragonforce, Amaranthe",2026,2026-12-09,,LIVE NATION MUSIC,0.0,247413.25,0.0,0,0,2,1,0,0,US,Theater
Downtown,2026,2026-12-09,,FRANK PRODUCTIONS,0.0,0.0,0.0,0,0,0,2,0,0,US,Club
Secondhand Serenade,2026,2026-12-09,,LIVE NATION MUSIC,16018.5,0.0,0.0,1,0,1,34,0,0,US,Club
the olllam,2026,2026-12-09,,LIVE NATION MUSIC,0.0,0.0,0.0,0,0,1,2,0,0,US,Club
Gallant,2026,2026-12-09,,LIVE NATION MUSIC,27355.0,0.0,0.0,0,0,1,13,0,1,US,Theater
"Tres Clásicos del Rock - Tributo a The Doors, The Beatles &amp; Toncho Pilatos",2026,2026-12-09,,LIVE NATION MUSIC,0.0,0.0,13766.52,0,0,1,0,0,0,US,Arena
Anna,2026,2026-12-09,,LIVE NATION MUSIC,7768357.97,1602600.58,133801.17,0,7,8,7,2,12,US,Other
Blue,2026,2026-12-09,,FRANK PRODUCTIONS,0.0,1858561.33,0.0,0,10,37,12,0,3,US,Theater
"Tres Clásicos del Rock - Tributo a The Doors, The Beatles &amp; Toncho Pilatos",2026,2026-12-09,,LIVE NATION MUSIC,0.0,0.0,13766.52,0,0,1,0,0,0,US,Arena
Beartooth,2026,2026-12-09,,LIVE NATION MUSIC,0.0,1116351.8,389208.25,1,4,15,41,1,2,US,Theater
Sabaton,2026,2026-12-09,,LIVE NATION MUSIC,13311096.98,0.0,3200841.5700000003,0,31,18,33,0,0,US,Club
Runner,2026,2026-12-09,,LIVE NATION MUSIC,0.0,0.0,1027.36,0,0,0,0,0,1,US,Other
The Pineapple Thief,2026,2026-12-09,,LIVE NATION MUSIC,16406.77,77036.26,0.0,0,0,2,13,0,0,US,Theater
"""idobi Radio Summer School"", Honey Revenge",2026,2026-12-09,,LIVE NATION MUSIC,0.0,0.0,0.0,0,0,0,1,0,0,US,Club
"""idobi Radio Summer School"", Honey Revenge",2026,2026-12-09,,LIVE NATION MUSIC,0.0,0.0,0.0,0,0,0,1,0,0,US,Club
Beartooth,2026,2026-12-09,,LIVE NATION MUSIC,0.0,1116351.8,389208.25,1,4,15,41,1,2,US,Theater
Ben Chapman,2026,2026-12-09,,LIVE NATION TENNESSEE,958.0,606.0,1562.0,0,0,0,5,0,0,US,Club
Chris &amp; Rich Robinson,2026,2026-12-09,,LIVE NATION MUSIC,0.0,0.0,0.0,0,0,0,2,0,0,US,Arena
David Archuleta,2026,2026-12-09,,LIVE NATION CANADA (LN),133603.5,36584.0,0.0,0,0,24,28,0,0,International,Theater
Jann Arden,2026,2026-12-09,,LIVE NATION CANADA (LN),163468.85,381374.03,0.0,0,20,14,4,0,1,International,Arena
Jann Arden,2026,2026-12-09,,LIVE NATION MUSIC,163468.85,381374.03,0.0,0,20,14,4,0,1,International,Arena
Montell Fish,2026,2026-12-09,,LIVE NATION CANADA (LN),850372.49,98486.05,0.0,0,0,3,6,0,0,International,Theater
Sevendust,2026,2026-12-09,,MCD PRODUCTIONS,170093.58000000002,0.0,0.0,0,2,20,79,0,6,International,Club
Leap,2026,2026-12-09,,MCD PRODUCTIONS,26077.87,26464.69,10457.61,0,0,1,7,0,2,International,Club
Ash,2026,2026-12-09,,MCD PRODUCTIONS,151298.03,87177.61,42433.350000000006,0,0,7,34,0,0,International,Theater
Portugal. The Man,2026,2026-12-09,,DF CONCERTS,268855.1,1792804.9,766356.87,17,2,53,100,1,7,International,Club
BRAT,2026,2026-12-09,,DF CONCERTS,0.0,22448.23,0.0,0,0,1,3,0,0,International,Club
Boston Manor,2026,2026-12-09,,"LIVE NATION UK FOR ARTIST, TOUR, FESTIVAL AND PRESALE NEWS",7172.5,8088.32,33060.84,0,0,0,9,0,1,International,Club
Rin,2026,2026-12-09,,"LIVE NATION UK FOR ARTIST, TOUR, FESTIVAL AND PRESALE NEWS",0.0,0.0,944381.57,0,2,1,1,0,0,International,Arena
Suki Waterhouse,2026,2026-12-09,,LIVE NATION AUSTRALIA,63447.01,1845642.36,489285.46,1,0,11,37,0,0,International,Theater
Baby Keem,2026,2026-12-09,,LIVE NATION AUSTRALIA,0.0,0.0,0.0,0,0,3,12,0,0,International,Theater
Gorillaz,2026,2026-12-09,,OCESA,2844527.25,0.0,5075.0,8,77,15,1,3,1,International,Arena
Home Sweet Home,2026,2026-12-09,,Live Nation GmbH,0.0,0.0,0.0,0,0,0,3,0,0,International,Arena
The Scratch,2026,2026-12-09,,Live Nation,25618.32,5648.55,185084.67,0,0,3,13,0,3,International,Club
Rikas,2026,2026-12-09,,Live Nation España S.A.U.,0.0,4248.02,0.0,0,0,1,4,0,1,International,Club
Eli,2026,2026-12-09,,Live Nation sp. z o.o.,0.0,0.0,0.0,0,0,0,1,0,0,International,Club
Lady A,2026,2026-12-10,,LIVE NATION MUSIC,1095003.77,182525.0,2177571.5300000003,76,123,61,9,0,14,US,Arena
Pentatonix,2026,2026-12-10,,LIVE NATION MUSIC,10014000.83,20747784.25,16735657.71,59,174,94,50,3,9,US,Arena
Trans-Siberian Orchestra,2026,2026-12-10,,LIVE NATION MUSIC,60413990.78,69204633.87,42632080.53,0,911,47,1,0,15,US,Arena
Triumph,2026,2026-12-10,,LIVE NATION MUSIC,0.0,0.0,0.0,0,7,1,1,0,0,US,Arena
Trans-Siberian Orchestra,2026,2026-12-10,,LIVE NATION MUSIC,60413990.78,69204633.87,42632080.53,0,911,47,1,0,15,US,Arena
Gracie Abrams,2026,2026-12-10,,LIVE NATION MUSIC,36388724.37,5296821.61,857658.6,5,28,12,17,0,1,US,Arena
Brett Eldredge,2026,2026-12-10,,LIVE NATION MUSIC,1974280.17,2272843.56,1768405.49,5,5,39,13,0,0,US,Theater
"The A, B, C &amp; D Of Boogie Woogie",2026,2026-12-10,,LIVE NATION MUSIC,0.0,0.0,0.0,0,0,0,1,0,0,US,Theater
Jason Bonham,2026,2026-12-10,,LIVE NATION MUSIC,0.0,163048.0,39752.0,0,0,3,1,0,0,US,Theater
The String Cheese Incident,2026,2026-12-10,,LIVE NATION MUSIC,1786812.0,1997311.65,1388387.48,31,7,38,22,0,3,US,Theater
Jonas Brothers,2026,2026-12-10,,LIVE NATION MUSIC,81959444.45,30144554.31,109403725.33,84,205,28,1,31,5,US,Arena
Yung Gravy,2026,2026-12-10,,LIVE NATION MUSIC,206906.93,654682.31,71100.12,0,2,7,36,0,1,US,Club
Beartooth,2026,2026-12-10,,LIVE NATION MUSIC,0.0,1116351.8,389208.25,1,4,15,41,1,2,US,Club
Jamey Johnson,2026,2026-12-10,,LIVE NATION MUSIC,968702.9,754442.41,316104.0,26,7,63,46,0,29,US,Club
Bleood,2026,2026-12-10,,LIVE NATION MUSIC,0.0,0.0,0.0,0,0,0,1,0,0,US,Club
Wyatt Flores,2026,2026-12-10,,LIVE NATION MUSIC,438749.65,925820.77,33065.0,0,0,12,22,0,3,US,Club
Yo La Tengo,2026,2026-12-10,,LIVE NATION MUSIC,96030.59,110201.0,455309.1,0,0,28,74,0,1,US,Club
Strawberry Guy,2026,2026-12-10,,LIVE NATION MUSIC,0.0,17830.48,7000.0,0,0,0,4,0,0,US,Club
They Are Gutting A Body Of Water,2026,2026-12-10,,LIVE NATION MUSIC,0.0,0.0,3293.0,0,0,1,1,0,0,US,Club
"Suicide Silence, Chelsea Grin",2026,2026-12-10,,LIVE NATION MUSIC,0.0,0.0,20000.0,0,0,0,1,0,0,US,Club
Joe Jordan,2026,2026-12-10,,LIVE NATION MUSIC,5540.0,0.0,0.0,0,0,0,4,0,0,US,Club
Atreyu,2026,2026-12-10,,LIVE NATION MUSIC,381937.5,0.0,169450.65,0,2,11,52,0,0,US,Club
King Buffalo,2026,2026-12-10,,LIVE NATION MUSIC,6070.0,13717.0,5145.0,0,0,0,21,0,1,US,Theater
David Bisbal,2026,2026-12-10,,LIVE NATION MUSIC,6822534.13,6134250.71,10430917.14,5,32,58,9,24,16,US,Theater
"The A, B, C &amp; D Of Boogie Woogie",2026,2026-12-10,,LIVE NATION MUSIC,0.0,0.0,0.0,0,0,0,1,0,0,US,Club
Crystal Gayle,2026,2026-12-10,,LIVE NATION MUSIC,0.0,0.0,38717.5,0,0,9,1,0,1,US,Arena
SWIM,2026,2026-12-10,,LIVE NATION MUSIC,104959.34,0.0,901379.46,0,0,2,3,0,0,US,Club
Temples,2026,2026-12-10,,FRANK PRODUCTIONS,0.0,9700.0,38369.19,0,0,5,43,0,0,US,Club
Forever,2026,2026-12-10,,LIVE NATION MUSIC,70329.51,0.0,0.0,0,1,0,0,0,0,US,Arena
Forever,2026,2026-12-10,,LIVE NATION MUSIC,70329.51,0.0,0.0,0,1,0,0,0,0,US,Arena
Trev,2026,2026-12-10,,LIVE NATION MUSIC,0.0,0.0,0.0,0,0,0,1,0,0,US,Club
Chris Mitchell,2026,2026-12-10,,HOUSE OF BLUES CONCERTS (HOB),0.0,0.0,0.0,0,0,0,1,0,0,US,Club
Turnover,2026,2026-12-10,,LIVE NATION MUSIC,1497016.17,34201.28,13530.0,2,1,7,38,0,2,US,Club
Glass,2026,2026-12-10,,LIVE NATION MUSIC,0.0,0.0,0.0,0,0,1,0,0,0,US,Theater
Daisy Grenade,2026,2026-12-10,,LIVE NATION MUSIC,0.0,0.0,0.0,0,0,0,1,0,0,US,Club
Venna,2026,2026-12-10,,LIVE NATION MUSIC,11964.17,8371.72,0.0,0,0,0,7,0,0,US,Club
Jon B,2026,2026-12-10,,LIVE NATION MUSIC,149874.51,211838.95,181255.45,0,0,2,37,0,0,US,Club
Jon B,2026,2026-12-10,,LIVE NATION MUSIC,149874.51,211838.95,181255.45,0,0,2,37,0,0,US,Club
Imminence,2026,2026-12-10,,LIVE NATION MUSIC,470438.32,155312.11,0.0,0,0,3,36,0,15,US,Theater
Bear,2026,2026-12-10,,LIVE NATION MUSIC,0.0,0.0,0.0,0,0,0,1,0,0,US,Theater
Renee Christine,2026,2026-12-10,,LIVE NATION MUSIC,0.0,0.0,0.0,0,0,0,1,0,0,US,Club
Imminence,2026,2026-12-10,,LIVE NATION MUSIC,470438.32,155312.11,0.0,0,0,3,36,0,15,US,Theater
Turnover,2026,2026-12-10,,LIVE NATION MUSIC,1497016.17,34201.28,13530.0,2,1,7,38,0,2,US,Club
Bear,2026,2026-12-10,,LIVE NATION MUSIC,0.0,0.0,0.0,0,0,0,1,0,0,US,Theater
Upgrade,2026,2026-12-10,,LIVE NATION MUSIC,0.0,0.0,0.0,0,0,0,1,0,1,US,Theater
Eddie 9V,2026,2026-12-10,,LIVE NATION TENNESSEE,87159.23,73638.02,49374.0,0,0,5,63,0,1,US,Club
"""Festival International de Jazz De Montreal"", Amanda Marshall",2026,2026-12-10,,EVENKO CO-PRO WITH LIVE NATION,69717.79,0.0,0.0,0,0,1,0,0,0,International,Arena
Rush,2026,2026-12-10,,LIVE NATION CANADA (LN),0.0,0.0,0.0,40,118,1,0,2,8,International,Arena
Kapo,2026,2026-12-10,,LIVE NATION CANADA (LN),231335.0,0.0,0.0,0,5,3,0,1,0,International,Arena
The Coronas,2026,2026-12-10,,MCD PRODUCTIONS,591776.8300000001,887341.76,739800.3,0,5,27,26,3,5,International,Theater
Tiffany Day,2026,2026-12-10,,MCD PRODUCTIONS,18513.0,0.0,6951.0,0,0,0,6,0,0,International,Club
Pa Sheehy,2026,2026-12-10,,MCD PRODUCTIONS,6367.71,34490.23,76775.62,0,0,5,11,0,1,International,Club
Artemas,2026,2026-12-10,,DF CONCERTS,30822.0,725837.64,0.0,0,0,10,22,0,1,International,Club
BRAT,2026,2026-12-10,,DF CONCERTS,0.0,22448.23,0.0,0,0,1,3,0,0,International,Club
Bex,2026,2026-12-10,,"LIVE NATION UK FOR ARTIST, TOUR, FESTIVAL AND PRESALE NEWS",0.0,0.0,0.0,0,0,0,1,0,0,International,Club
The Pogues,2026,2026-12-10,,MCD PRODUCTIONS,1334471.27,368185.06,0.0,2,5,9,11,2,3,International,Club
Cher,2026,2026-12-10,,"LIVE NATION UK FOR ARTIST, TOUR, FESTIVAL AND PRESALE NEWS",0.0,0.0,0.0,0,122,46,0,1,0,International,Arena
Rin,2026,2026-12-10,,"LIVE NATION UK FOR ARTIST, TOUR, FESTIVAL AND PRESALE NEWS",0.0,0.0,944381.57,0,2,1,1,0,0,International,Arena
Spacey Jane,2026,2026-12-10,,LIVE NATION AUSTRALIA,264502.9,0.0,823808.77,0,2,6,15,1,3,International,Club
Aria,2026,2026-12-10,,OCESA,0.0,0.0,0.0,0,0,1,2,0,0,International,Club
Aterciopelados,2026,2026-12-10,,OCESA,61183.24,184317.98,0.0,0,0,3,14,0,0,International,Theater
Rikas,2026,2026-12-10,,Live Nation España S.A.U.,0.0,4248.02,0.0,0,0,1,4,0,1,International,Club
Remi,2026,2026-12-10,,Live Nation sp. z o.o.,0.0,0.0,0.0,0,0,0,9,0,0,International,Club
Trans-Siberian Orchestra,2026,2026-12-11,,LIVE NATION MUSIC,60413990.78,69204633.87,42632080.53,0,911,47,1,0,15,US,Arena
Trans-Siberian Orchestra,2026,2026-12-11,,LIVE NATION MUSIC,60413990.78,69204633.87,42632080.53,0,911,47,1,0,15,US,Arena
Underoath,2026,2026-12-11,,LIVE NATION MUSIC,0.0,418700.1,308406.2,0,2,22,75,0,4,US,Club
"Senses Fail, Saves The Day",2026,2026-12-11,,LIVE NATION MUSIC,0.0,78419.0,0.0,0,0,0,1,0,0,US,Theater
Tall Heights,2026,2026-12-11,,LIVE NATION MUSIC,0.0,2830.0,0.0,0,0,0,23,0,0,US,Club
Bodysnatcher,2026,2026-12-11,,LIVE NATION MUSIC,21465.27,42335.0,211619.0,0,0,9,53,0,1,US,Club
Eagles,2026,2026-12-11,,LIVE NATION MUSIC,132995245.27,168150846.73,118468239.25,8,369,2,0,28,5,US,Arena
Jason Aldean,2026,2026-12-11,,LIVE NATION MUSIC,8109101.5,1628067.5,40640365.7,240,235,4,1,16,6,US,Stadium
"Chris Brown, Usher",2026,2026-12-11,,LIVE NATION MUSIC,0.0,0.0,0.0,0,0,0,0,18,0,US,Stadium
Olivia Rodrigo,2026,2026-12-11,,LIVE NATION MUSIC,23420107.2,169307085.8,0.0,0,68,10,2,5,1,US,Arena
Trans-Siberian Orchestra,2026,2026-12-11,,LIVE NATION MUSIC,60413990.78,69204633.87,42632080.53,0,911,47,1,0,15,US,Arena
Trans-Siberian Orchestra,2026,2026-12-11,,LIVE NATION MUSIC,60413990.78,69204633.87,42632080.53,0,911,47,1,0,15,US,Arena
Creed,2026,2026-12-11,,LIVE NATION MUSIC,32214102.45,63346616.86,0.0,50,42,18,2,3,1,US,Amphitheatre
"The A, B, C &amp; D Of Boogie Woogie",2026,2026-12-11,,LIVE NATION MUSIC,0.0,0.0,0.0,0,0,0,1,0,0,US,Arena
Brett Eldredge,2026,2026-12-11,,LIVE NATION MUSIC,1974280.17,2272843.56,1768405.49,5,5,39,13,0,0,US,Theater
Tinlicker,2026,2026-12-11,,LIVE NATION MUSIC,0.0,288077.94,226265.83,0,1,4,11,0,1,US,Club
Sam Barber,2026,2026-12-11,,LIVE NATION MUSIC,783059.37,461944.33,0.0,7,2,3,16,0,3,US,Theater
Marisela,2026,2026-12-11,,LIVE NATION MUSIC,1351098.95,3546468.3,4123649.99,0,14,57,4,1,6,US,Theater
Kip Moore,2026,2026-12-11,,LIVE NATION MUSIC,977585.78,881524.0,2477186.23,15,25,90,90,1,9,US,Arena
"Earth, Wind &amp; Fire",2026,2026-12-11,,LIVE NATION MUSIC,11282927.15,1131593.0,1437255.0,68,42,129,11,3,20,US,Theater
Virtual Riot,2026,2026-12-11,,LIVE NATION MUSIC,22313.22,18175.0,0.0,0,0,0,7,0,0,US,Club
Randy Rogers Band,2026,2026-12-11,,LIVE NATION MUSIC,107755.0,343845.5,88505.0,32,0,15,67,0,8,US,Theater
Yacht,2026,2026-12-11,,LIVE NATION MUSIC,0.0,0.0,0.0,0,0,1,36,0,0,US,Club
GWAR,2026,2026-12-11,,LIVE NATION MUSIC,232622.19,250475.13,96717.0,0,3,30,172,0,3,US,Club
Sabaton,2026,2026-12-11,,LIVE NATION MUSIC,13311096.98,0.0,3200841.5700000003,0,31,18,33,0,0,US,Club
The Waterboys,2026,2026-12-11,,LIVE NATION MUSIC,3409133.15,646041.61,1495434.26,4,5,141,47,0,6,US,Theater
Avery Anna,2026,2026-12-11,,LIVE NATION MUSIC,64422.0,18000.0,11491.0,0,0,3,10,0,0,US,Club
Jesse Malin,2026,2026-12-11,,LIVE NATION MUSIC,0.0,0.0,7123.38,0,0,1,26,0,0,US,Club
Turnpike Troubadours,2026,2026-12-11,,LIVE NATION MUSIC,2346574.06,4318554.92,3521142.51,29,12,42,108,4,12,US,Club
Yo La Tengo,2026,2026-12-11,,LIVE NATION MUSIC,96030.59,110201.0,455309.1,0,0,28,74,0,1,US,Club
Jason Bonham,2026,2026-12-11,,HOUSE OF BLUES CONCERTS (HOB),0.0,163048.0,39752.0,0,0,3,1,0,0,US,Theater
Whitechapel,2026,2026-12-11,,LIVE NATION MUSIC,378503.41,16256.84,0.0,1,0,3,80,0,4,US,Theater
The Strike,2026,2026-12-11,,LIVE NATION MUSIC,0.0,21920.0,0.0,0,0,0,6,0,0,US,Club
Strawberry Guy,2026,2026-12-11,,LIVE NATION MUSIC,0.0,17830.48,7000.0,0,0,0,4,0,0,US,Club
Spafford,2026,2026-12-11,,LIVE NATION MUSIC,291110.5,260718.0,104096.5,0,0,13,139,0,8,US,Theater
Jorma Kaukonen,2026,2026-12-11,,LIVE NATION MUSIC,84257.0,120840.7,69473.0,1,0,11,37,3,4,US,Club
Aria,2026,2026-12-11,,LIVE NATION MUSIC,0.0,0.0,0.0,0,0,1,2,0,0,US,Arena
Alicia Villarreal,2026,2026-12-11,,HOUSE OF BLUES CONCERTS (HOB),826817.98,1374508.36,306780.57999999996,1,4,29,4,0,0,US,Theater
Chris Janson,2026,2026-12-11,,LIVE NATION MUSIC,301639.1,425894.3,419483.4,3,8,27,13,1,8,US,Theater
"Dragonforce, Amaranthe",2026,2026-12-11,,LIVE NATION MUSIC,0.0,247413.25,0.0,0,0,2,1,0,0,US,Theater
10 Years,2026,2026-12-11,,LIVE NATION MUSIC,35281.43,47010.25,6775.0,0,0,11,90,0,3,US,Club
Linkin Park,2026,2026-12-11,,LIVE NATION MUSIC,160555235.67,27568154.22,0.0,2,100,2,2,33,0,US,Arena
Yung Gravy,2026,2026-12-11,,LIVE NATION MUSIC,206906.93,654682.31,71100.12,0,2,7,36,0,1,US,Club
Stephen Wilson Jr.,2026,2026-12-11,,LIVE NATION MUSIC,786854.57,66436.31,0.0,2,0,10,13,0,1,US,Club
Thievery Corporation,2026,2026-12-11,,LIVE NATION MUSIC,1324868.33,862273.24,500615.5,16,0,23,79,0,2,US,Club
The Taylor Party: The TS Dance Party,2026,2026-12-11,,LIVE NATION MUSIC,0.0,14181.0,0.0,0,0,0,1,0,0,US,Theater
Forever,2026,2026-12-11,,LIVE NATION MUSIC,70329.51,0.0,0.0,0,1,0,0,0,0,US,Theater
American Football,2026,2026-12-11,,LIVE NATION MUSIC,80724.0,101715.0,28705.0,0,0,5,20,0,0,US,Club
Harbour,2026,2026-12-11,,LIVE NATION MUSIC,55592.03,0.0,104133.0,0,0,2,44,0,0,US,Club
The Mavericks,2026,2026-12-11,,LIVE NATION MUSIC,401893.0,1182887.57,2625453.41,8,1,166,62,0,13,US,Theater
"Tres Clásicos del Rock - Tributo a The Doors, The Beatles &amp; Toncho Pilatos",2026,2026-12-11,,LIVE NATION MUSIC,0.0,0.0,13766.52,0,0,1,0,0,0,US,Theater
SWIM,2026,2026-12-11,,LIVE NATION MUSIC,104959.34,0.0,901379.46,0,0,2,3,0,0,US,Club
Big B,2026,2026-12-11,,LIVE NATION MUSIC,0.0,0.0,0.0,0,0,0,4,0,0,US,Club
Sicard Hollow,2026,2026-12-11,,LIVE NATION TENNESSEE,3925.0,2820.0,5025.0,0,0,0,7,0,0,US,Club
Jeremy McComb,2026,2026-12-11,,LIVE NATION MUSIC,0.0,0.0,0.0,0,0,1,1,0,0,US,Club
Meredith Marks,2026,2026-12-11,,LIVE NATION MUSIC,0.0,0.0,0.0,0,0,0,1,0,0,US,Theater
William Clark Green,2026,2026-12-11,,FRANK PRODUCTIONS,2448.05,2210.0,6010.0,4,0,7,35,0,1,US,Club
"Tres Clásicos del Rock - Tributo a The Doors, The Beatles &amp; Toncho Pilatos",2026,2026-12-11,,LIVE NATION MUSIC,0.0,0.0,13766.52,0,0,1,0,0,0,US,Theater
Futurebirds,2026,2026-12-11,,LIVE NATION MUSIC,115808.0,200201.0,139862.02000000002,0,0,9,88,0,1,US,Club
Futurebirds,2026,2026-12-11,,LIVE NATION MUSIC,115808.0,200201.0,139862.02000000002,0,0,9,88,0,1,US,Club
Ellie Holcomb,2026,2026-12-11,,LIVE NATION MUSIC,0.0,0.0,32603.5,0,1,3,1,0,0,US,Theater
Joshua Ray Walker,2026,2026-12-11,,LIVE NATION MUSIC,0.0,0.0,5901.14,0,0,0,7,0,1,US,Club
Trev,2026,2026-12-11,,LIVE NATION MUSIC,0.0,0.0,0.0,0,0,0,1,0,0,US,Club
Palmer Squares,2026,2026-12-11,,LIVE NATION MUSIC,0.0,511.0,0.0,0,0,0,2,0,2,US,Club
"""Festival International de Jazz De Montreal"", Amanda Marshall",2026,2026-12-11,,LIVE NATION CANADA (LN),69717.79,0.0,0.0,0,0,1,0,0,0,International,Arena
Imminence,2026,2026-12-11,,LIVE NATION CANADA (LN),470438.32,155312.11,0.0,0,0,3,36,0,15,International,Club
Jann Arden,2026,2026-12-11,,LIVE NATION MUSIC,163468.85,381374.03,0.0,0,20,14,4,0,1,International,Arena
Jann Arden,2026,2026-12-11,,LIVE NATION CANADA (LN),163468.85,381374.03,0.0,0,20,14,4,0,1,International,Arena
Jamie Fine,2026,2026-12-11,,LIVE NATION CANADA (LN),34241.97,0.0,0.0,0,0,1,3,0,0,International,Theater
Wolf Parade,2026,2026-12-11,,LIVE NATION CANADA (LN),0.0,0.0,0.0,0,0,6,31,0,3,International,Club
"Vale, Dzo-Nga",2026,2026-12-11,,LIVE NATION CANADA (LN),0.0,0.0,0.0,0,0,0,1,0,0,International,Club
The Coronas,2026,2026-12-11,,MCD PRODUCTIONS,591776.8300000001,887341.76,739800.3,0,5,27,26,3,5,International,Theater
"Ital, Laurel Halo",2026,2026-12-11,,MCD PRODUCTIONS,0.0,0.0,0.0,0,0,0,1,0,0,International,Club
Esmeralda Road,2026,2026-12-11,,MCD PRODUCTIONS,3192.48,0.0,0.0,0,0,0,1,0,0,International,Club
Skerryvore,2026,2026-12-11,,MCD PRODUCTIONS,8469.0,6728.0,117685.75,0,0,25,7,0,2,International,Theater
Kasabian,2026,2026-12-11,,"LIVE NATION UK FOR ARTIST, TOUR, FESTIVAL AND PRESALE NEWS",856507.22,3720306.03,604952.34,0,40,18,36,2,6,International,Arena
Polyphia,2026,2026-12-11,,LIVE NATION MUSIC UK LTD,0.0,121407.0,744654.76,0,0,3,49,0,1,International,Club
Rin,2026,2026-12-11,,"LIVE NATION UK FOR ARTIST, TOUR, FESTIVAL AND PRESALE NEWS",0.0,0.0,944381.57,0,2,1,1,0,0,International,Theater
Thrown,2026,2026-12-11,,"LIVE NATION UK FOR ARTIST, TOUR, FESTIVAL AND PRESALE NEWS",486533.87,19505.85,0.0,0,0,6,34,0,0,International,Club
Waterloo,2026,2026-12-11,,LIVE NATION (MUSIC) UK LTD (VENUES),0.0,0.0,0.0,0,2,0,0,0,0,International,Arena
Chris &amp; Rich Robinson,2026,2026-12-11,,"LIVE NATION UK FOR ARTIST, TOUR, FESTIVAL AND PRESALE NEWS",0.0,0.0,0.0,0,0,0,2,0,0,International,Club
Guns N' Roses,2026,2026-12-11,,LIVE NATION AUSTRALIA,129172927.51,0.0,110479876.13,7,135,11,22,196,18,International,Stadium
Queens of The Stone Age,2026,2026-12-11,,LIVE NATION AUSTRALIA,6746918.8,5025958.14,9267901.4,10,75,60,21,1,11,International,Arena
Spacey Jane,2026,2026-12-11,,LIVE NATION AUSTRALIA,264502.9,0.0,823808.77,0,2,6,15,1,3,International,Club
Bruno Mars,2026,2026-12-11,,LIVE NATION MUSIC,42422958.0,280515343.74,87980695.9,12,221,88,9,45,8,International,Stadium
Caifanes,2026,2026-12-11,,OCESA,11228657.5,8803975.02,6125837.01,6,46,57,15,17,13,International,Theater
Aria,2026,2026-12-11,,OCESA,0.0,0.0,0.0,0,0,1,2,0,0,International,Club
Home Sweet Home,2026,2026-12-11,,Live Nation GmbH,0.0,0.0,0.0,0,0,0,3,0,0,International,Club
"Hombres G, Los Enanitos Verdes",2026,2026-12-11,,Live Nation España Golden Age SL,3449213.65,0.0,0.0,0,5,1,0,0,0,International,Arena
"Hombres G, Los Enanitos Verdes",2026,2026-12-11,,Live Nation España Golden Age SL,3449213.65,0.0,0.0,0,5,1,0,0,0,International,Arena
Pol,2026,2026-12-11,,Live Nation sp. z o.o.,6311.03,20388.51,0.0,0,0,1,8,0,0,International,Club
"I, Colossus",2026,2026-12-11,,Live Nation sp. z o.o.,0.0,0.0,0.0,0,0,0,1,0,0,International,Club
"Oneida, IE, Matt Mehlan",2026,2026-12-11,,Live Nation Sp. z o.o.,0.0,0.0,0.0,0,0,0,1,0,0,International,Club
Trans-Siberian Orchestra,2026,2026-12-12,,LIVE NATION MUSIC,60413990.78,69204633.87,42632080.53,0,911,47,1,0,15,US,Arena
Underoath,2026,2026-12-12,,LIVE NATION MUSIC,0.0,418700.1,308406.2,0,2,22,75,0,4,US,Club
The Suicide Machines,2026,2026-12-12,,LIVE NATION MUSIC,0.0,9952.0,0.0,0,0,0,4,0,0,US,Club
Motherfolk,2026,2026-12-12,,LIVE NATION MUSIC,15445.25,0.0,1755.0,0,0,1,14,0,0,US,Club
Eagles,2026,2026-12-12,,LIVE NATION MUSIC,132995245.27,168150846.73,118468239.25,8,369,2,0,28,5,US,Arena
"Chris Brown, Usher",2026,2026-12-12,,LIVE NATION MUSIC,0.0,0.0,0.0,0,0,0,0,18,0,US,Stadium
Trans-Siberian Orchestra,2026,2026-12-12,,LIVE NATION MUSIC,60413990.78,69204633.87,42632080.53,0,911,47,1,0,15,US,Arena
Olivia Rodrigo,2026,2026-12-12,,LIVE NATION MUSIC,23420107.2,169307085.8,0.0,0,68,10,2,5,1,US,Arena
John Summit,2026,2026-12-12,,LIVE NATION MUSIC,1618895.52,6378033.54,2121909.0,1,6,4,6,1,1,US,Arena
Creed,2026,2026-12-12,,LIVE NATION MUSIC,32214102.45,63346616.86,0.0,50,42,18,2,3,1,US,Amphitheatre
Pentatonix,2026,2026-12-12,,LIVE NATION MUSIC,10014000.83,20747784.25,16735657.71,59,174,94,50,3,9,US,Arena
Lord Huron,2026,2026-12-12,,LIVE NATION MUSIC,9005021.75,1783437.4,653823.52,34,6,50,96,2,12,US,Club
Jonas Brothers,2026,2026-12-12,,LIVE NATION MUSIC,81959444.45,30144554.31,109403725.33,84,205,28,1,31,5,US,Arena
Eliza,2026,2026-12-12,,LIVE NATION MUSIC,0.0,0.0,3339.85,0,0,0,1,0,0,US,Theater
"Earth, Wind &amp; Fire",2026,2026-12-12,,LIVE NATION MUSIC,11282927.15,1131593.0,1437255.0,68,42,129,11,3,20,US,Theater
Beartooth,2026,2026-12-12,,LIVE NATION MUSIC,0.0,1116351.8,389208.25,1,4,15,41,1,2,US,Theater
Triumph,2026,2026-12-12,,LIVE NATION MUSIC,0.0,0.0,0.0,0,7,1,1,0,0,US,Arena
David Rawlings,2026,2026-12-12,,LIVE NATION MUSIC,0.0,0.0,0.0,0,0,9,6,0,0,US,Theater
Chris &amp; Rich Robinson,2026,2026-12-12,,LIVE NATION MUSIC,0.0,0.0,0.0,0,0,0,2,0,0,US,Club
Virtual Riot,2026,2026-12-12,,LIVE NATION MUSIC,22313.22,18175.0,0.0,0,0,0,7,0,0,US,Club
nimino,2026,2026-12-12,,LIVE NATION MUSIC,16454.15,15630.52,0.0,0,0,2,5,0,0,US,Club
Yung Gravy,2026,2026-12-12,,LIVE NATION MUSIC,206906.93,654682.31,71100.12,0,2,7,36,0,1,US,Club
Thievery Corporation,2026,2026-12-12,,LIVE NATION MUSIC,1324868.33,862273.24,500615.5,16,0,23,79,0,2,US,Club
"Jagged Edge, Dru Hill",2026,2026-12-12,,LIVE NATION MUSIC,0.0,0.0,0.0,0,1,0,0,0,0,US,Arena
Wild Pink,2026,2026-12-12,,LIVE NATION MUSIC,14894.87,9220.0,0.0,0,0,0,17,0,3,US,Club
Story of the Year,2026,2026-12-12,,LIVE NATION MUSIC,0.0,543140.6,46795.0,0,0,10,17,0,2,US,Club
KING,2026,2026-12-12,,LIVE NATION MUSIC,0.0,26627.38,0.0,0,0,2,12,0,0,US,Club
Spike and the Gimme Gimmes,2026,2026-12-12,,LIVE NATION MUSIC,33672.42,168116.91,44925.22,1,0,0,27,0,0,US,Club
"Drop Dead, Gorgeous",2026,2026-12-12,,LIVE NATION MUSIC,0.0,0.0,0.0,0,0,0,9,0,0,US,Club
Jorma Kaukonen,2026,2026-12-12,,LIVE NATION MUSIC,84257.0,120840.7,69473.0,1,0,11,37,3,4,US,Club
Winyah,2026,2026-12-12,,LIVE NATION MUSIC,12400.0,0.0,0.0,0,0,1,4,0,0,US,Club
Voyage - Celebrating the Music of Journey,2026,2026-12-12,,HOUSE OF BLUES CONCERTS (HOB),322022.33999999997,406040.6,465475.15,2,0,28,47,0,3,US,Club
Stephen Wilson Jr.,2026,2026-12-12,,LIVE NATION MUSIC,786854.57,66436.31,0.0,2,0,10,13,0,1,US,Club
Juice,2026,2026-12-12,,LIVE NATION MUSIC,0.0,28340.0,1830.0,0,0,1,5,0,0,US,Club
Kip Moore,2026,2026-12-12,,FRANK PRODUCTIONS,977585.78,881524.0,2477186.23,15,25,90,90,1,9,US,Theater
Bear,2026,2026-12-12,,HOUSE OF BLUES CONCERTS (HOB),0.0,0.0,0.0,0,0,0,1,0,0,US,Club
Upgrade,2026,2026-12-12,,LIVE NATION MUSIC,0.0,0.0,0.0,0,0,0,1,0,1,US,Club
Donnie Iris &amp; The Cruisers,2026,2026-12-12,,LIVE NATION MUSIC,24053.0,34475.0,0.0,0,0,3,4,0,0,US,Arena
Timmy Trumpet,2026,2026-12-12,,LIVE NATION MUSIC,447446.01,138470.0,42979.5,1,2,1,9,2,1,US,Club
Octave Cat,2026,2026-12-12,,LIVE NATION MUSIC,2590.0,0.0,6572.0,0,0,0,9,0,0,US,Club
Zebra,2026,2026-12-12,,LIVE NATION MUSIC,11838.0,83347.25,77559.75,0,0,8,11,0,0,US,Club
Brett Eldredge,2026,2026-12-12,,LIVE NATION MUSIC,1974280.17,2272843.56,1768405.49,5,5,39,13,0,0,US,Theater
"Tres Clásicos del Rock - Tributo a The Doors, The Beatles &amp; Toncho Pilatos",2026,2026-12-12,,LIVE NATION MUSIC,0.0,0.0,13766.52,0,0,1,0,0,0,US,Theater
Croce Plays Croce,2026,2026-12-12,,LIVE NATION MUSIC,20613.0,0.0,0.0,1,0,2,0,0,0,US,Theater
Brett Eldredge,2026,2026-12-12,,LIVE NATION MUSIC,1974280.17,2272843.56,1768405.49,5,5,39,13,0,0,US,Theater
Couch Dog,2026,2026-12-12,,LIVE NATION MUSIC,13815.46,0.0,0.0,1,0,0,7,0,0,US,Club
America,2026,2026-12-12,,LIVE NATION MUSIC,4786730.81,4477164.55,1750231.2,5,8,180,41,0,14,US,Theater
Night Lovell,2026,2026-12-12,,LIVE NATION MUSIC,250188.22,142802.5,0.0,0,0,6,15,0,1,US,Theater
Blue October,2026,2026-12-12,,LIVE NATION MUSIC,380805.29,725828.84,1268376.38,4,2,79,177,1,3,US,Arena
Colour Revolt,2026,2026-12-12,,LIVE NATION TENNESSEE,0.0,0.0,0.0,0,0,0,7,0,1,US,Club
Xperience,2026,2026-12-12,,LIVE NATION MUSIC,0.0,0.0,0.0,0,0,0,2,0,0,US,Club
Dave Simonett,2026,2026-12-12,,LIVE NATION MUSIC,0.0,0.0,0.0,0,0,1,7,0,0,US,Club
Dizgo,2026,2026-12-12,,LIVE NATION MUSIC,31648.0,33570.74,0.0,0,0,0,16,0,4,US,Club
Futurebirds,2026,2026-12-12,,LIVE NATION MUSIC,115808.0,200201.0,139862.02000000002,0,0,9,88,0,1,US,Club
"Tres Clásicos del Rock - Tributo a The Doors, The Beatles &amp; Toncho Pilatos",2026,2026-12-12,,LIVE NATION MUSIC,0.0,0.0,13766.52,0,0,1,0,0,0,US,Theater
Armstrong,2026,2026-12-12,,LIVE NATION MUSIC,0.0,0.0,0.0,0,0,0,1,0,0,US,Club
Naethan Apollo,2026,2026-12-12,,LIVE NATION MUSIC,0.0,0.0,0.0,0,0,0,2,0,1,US,Club
Seven Circle Sunrise,2026,2026-12-12,,LIVE NATION MUSIC,0.0,0.0,0.0,0,0,0,1,0,0,US,Theater
"Dragonforce, Amaranthe",2026,2026-12-12,,LIVE NATION MUSIC,0.0,247413.25,0.0,0,0,2,1,0,0,US,Theater
"Dragonforce, Amaranthe",2026,2026-12-12,,LIVE NATION MUSIC,0.0,247413.25,0.0,0,0,2,1,0,0,US,Theater
LeAnn Rimes,2026,2026-12-12,,LIVE NATION MUSIC,1076242.51,745040.8300000001,824319.23,3,5,76,11,0,13,US,Theater
Sabaton,2026,2026-12-12,,LIVE NATION MUSIC,13311096.98,0.0,3200841.5700000003,0,31,18,33,0,0,US,Theater
Sabaton,2026,2026-12-12,,LIVE NATION MUSIC,13311096.98,0.0,3200841.5700000003,0,31,18,33,0,0,US,Theater
Whitechapel,2026,2026-12-12,,LIVE NATION MUSIC,378503.41,16256.84,0.0,1,0,3,80,0,4,US,Club
Whitechapel,2026,2026-12-12,,LIVE NATION MUSIC,378503.41,16256.84,0.0,1,0,3,80,0,4,US,Club
"Dragonforce, Amaranthe",2026,2026-12-12,,LIVE NATION MUSIC,0.0,247413.25,0.0,0,0,2,1,0,0,US,Theater
Eddie 9V,2026,2026-12-12,,LIVE NATION MUSIC,87159.23,73638.02,49374.0,0,0,5,63,0,1,US,Club
"Prof, Yelawolf, That Mexican Ot",2026,2026-12-12,,FRANK PRODUCTIONS,0.0,0.0,0.0,0,0,0,1,0,0,US,Theater
"Senses Fail, Saves The Day",2026,2026-12-12,,LIVE NATION CANADA (LN),0.0,78419.0,0.0,0,0,0,1,0,0,International,Club
Rush,2026,2026-12-12,,LIVE NATION CANADA (LN),0.0,0.0,0.0,40,118,1,0,2,8,International,Arena
Choir! Choir! Choir!,2026,2026-12-12,,LIVE NATION CANADA (LN),245644.85,180598.09,123176.27,0,0,22,23,0,0,International,Theater
Jann Arden,2026,2026-12-12,,LIVE NATION MUSIC,163468.85,381374.03,0.0,0,20,14,4,0,1,International,Arena
Jann Arden,2026,2026-12-12,,LIVE NATION CANADA (LN),163468.85,381374.03,0.0,0,20,14,4,0,1,International,Arena
Victor &amp; Leo,2026,2026-12-12,,LIVE NATION CANADA (LN),0.0,0.0,0.0,0,0,24,1,0,0,International,Arena
Wolf Parade,2026,2026-12-12,,LIVE NATION CANADA (LN),0.0,0.0,0.0,0,0,6,31,0,3,International,Club
Jamie Fine,2026,2026-12-12,,LIVE NATION CANADA (LN),34241.97,0.0,0.0,0,0,1,3,0,0,International,Club
"The Temptations, The Four Tops",2026,2026-12-12,,LIVE NATION CANADA (LN),3060639.51,1716878.2,2034411.11,9,20,173,22,0,4,International,Arena
Neve,2026,2026-12-12,,LIVE NATION CANADA (LN),930.81,0.0,0.0,0,0,0,1,0,0,International,Club
The Coronas,2026,2026-12-12,,MCD PRODUCTIONS,591776.8300000001,887341.76,739800.3,0,5,27,26,3,5,International,Theater
Picture This,2026,2026-12-12,,MCD PRODUCTIONS,4682702.09,2769789.99,3315593.18,0,17,15,30,5,3,International,Arena
The Blades,2026,2026-12-12,,MCD PRODUCTIONS,22793.57,19901.96,20428.07,0,0,12,1,0,0,International,Theater
Kevin Atwater,2026,2026-12-12,,MCD PRODUCTIONS,13507.0,0.0,0.0,0,0,0,2,0,0,International,Club
IAM,2026,2026-12-12,,MCD PRODUCTIONS,136932.94,79582.96,0.0,0,2,1,5,0,1,International,Club
The Pogues,2026,2026-12-12,,MCD PRODUCTIONS,1334471.27,368185.06,0.0,2,5,9,11,2,3,International,Arena
Esmeralda Road,2026,2026-12-12,,MCD PRODUCTIONS,3192.48,0.0,0.0,0,0,0,1,0,0,International,Club
Artemas,2026,2026-12-12,,LIVE NATION MUSIC UK LTD,30822.0,725837.64,0.0,0,0,10,22,0,1,International,Club
Kodaline,2026,2026-12-12,,LIVE NATION MUSIC UK LTD,0.0,80672.06,817989.84,0,5,21,75,7,6,International,Club
BRAT,2026,2026-12-12,,"LIVE NATION UK FOR ARTIST, TOUR, FESTIVAL AND PRESALE NEWS",0.0,22448.23,0.0,0,0,1,3,0,0,International,Club
Polyphia,2026,2026-12-12,,"LIVE NATION UK FOR ARTIST, TOUR, FESTIVAL AND PRESALE NEWS",0.0,121407.0,744654.76,0,0,3,49,0,1,International,Club
Celebration,2026,2026-12-12,,LIVE NATION MUSIC (VENUES) LTD (NEW),0.0,0.0,0.0,0,0,0,1,0,0,International,Theater
Harry Styles,2026,2026-12-12,,LIVE NATION AUSTRALIA,0.0,0.0,252490036.3,1,117,15,2,33,5,International,Stadium
Suki Waterhouse,2026,2026-12-12,,LIVE NATION AUSTRALIA,63447.01,1845642.36,489285.46,1,0,11,37,0,0,International,Theater
"August Burns Red, The Amity Affliction",2026,2026-12-12,,LIVE NATION AUSTRALIA,0.0,0.0,0.0,0,0,0,1,0,0,International,Club
Dylan Gossett,2026,2026-12-12,,LIVE NATION AUSTRALIA,499984.99,391766.02,0.0,0,0,5,18,0,1,International,Club
Los Bukis,2026,2026-12-12,,OCESA,0.0,15998261.0,1592576.25,2,0,13,0,13,0,International,Stadium
Motel,2026,2026-12-12,,OCESA,0.0,0.0,39263.59,0,0,1,2,0,1,International,Theater
Rea Garvey,2026,2026-12-12,,Live Nation GmbH,391987.43,549995.16,0.0,2,11,13,24,8,23,International,Theater
Home Sweet Home,2026,2026-12-12,,Live Nation GmbH,0.0,0.0,0.0,0,0,0,3,0,0,International,Club
"Hombres G, Los Enanitos Verdes",2026,2026-12-12,,Live Nation España Golden Age SL,3449213.65,0.0,0.0,0,5,1,0,0,0,International,Arena
"Hombres G, Los Enanitos Verdes",2026,2026-12-12,,Live Nation España Golden Age SL,3449213.65,0.0,0.0,0,5,1,0,0,0,International,Arena
Nach,2026,2026-12-12,,Live Nation Venues Netherlands BV Afas Live,0.0,0.0,366455.81999999995,0,3,11,2,1,1,International,Theater
Dayseeker,2026,2026-12-12,,Live Nation Sp. z o.o.,137359.47,823493.32,21480.0,0,0,13,30,0,2,International,Club
Trans-Siberian Orchestra,2026,2026-12-13,,LIVE NATION MUSIC,60413990.78,69204633.87,42632080.53,0,911,47,1,0,15,US,Arena
Underoath,2026,2026-12-13,,LIVE NATION MUSIC,0.0,418700.1,308406.2,0,2,22,75,0,4,US,Club
"West, Bruce Jr. &amp; Laing",2026,2026-12-13,,LIVE NATION MUSIC,0.0,0.0,0.0,0,0,3,0,0,0,US,Theater
Story of the Year,2026,2026-12-13,,LIVE NATION MUSIC,0.0,543140.6,46795.0,0,0,10,17,0,2,US,Club
Parker,2026,2026-12-13,,LIVE NATION MUSIC,0.0,0.0,920.0,0,0,0,1,0,0,US,Theater
"""Southern Soul, Boots, Brunch &amp; Line Dance Party""",2026,2026-12-13,,HOUSE OF BLUES CONCERTS (HOB),7285.0,0.0,0.0,0,0,0,2,0,0,US,Club
The Last Bison,2026,2026-12-13,,LIVE NATION MUSIC,0.0,0.0,0.0,0,0,2,12,1,0,US,Club
Tamar Braxton,2026,2026-12-13,,LIVE NATION MUSIC,0.0,79409.4,0.0,0,0,7,8,0,0,US,Club
Trans-Siberian Orchestra,2026,2026-12-13,,LIVE NATION MUSIC,60413990.78,69204633.87,42632080.53,0,911,47,1,0,15,US,Arena
Lord Huron,2026,2026-12-13,,LIVE NATION MUSIC,9005021.75,1783437.4,653823.52,34,6,50,96,2,12,US,Club
Pink Martini,2026,2026-12-13,,LIVE NATION MUSIC,1949450.9,1049813.93,659213.3099999999,25,1,165,20,1,10,US,Theater
Grupo Duelo,2026,2026-12-13,,LIVE NATION MUSIC,0.0,49134.0,0.0,0,3,1,0,0,0,US,Theater
David Bisbal,2026,2026-12-13,,LIVE NATION MUSIC,6822534.13,6134250.71,10430917.14,5,32,58,9,24,16,US,Club
"Dragonforce, Amaranthe",2026,2026-12-13,,LIVE NATION MUSIC,0.0,247413.25,0.0,0,0,2,1,0,0,US,Theater
Dexter and The Moonrocks,2026,2026-12-13,,LIVE NATION MUSIC,116946.0,104565.0,62966.5,0,0,5,27,0,1,US,Club
David Rawlings,2026,2026-12-13,,LIVE NATION MUSIC,0.0,0.0,0.0,0,0,9,6,0,0,US,Theater
Chris Mitchell,2026,2026-12-13,,LIVE NATION MUSIC,0.0,0.0,0.0,0,0,0,1,0,0,US,Club
Violent Femmes,2026,2026-12-13,,LIVE NATION MUSIC,708366.74,903420.48,678257.21,3,0,27,42,0,1,US,Club
Bear,2026,2026-12-13,,LIVE NATION MUSIC,0.0,0.0,0.0,0,0,0,1,0,0,US,Club
Upgrade,2026,2026-12-13,,LIVE NATION MUSIC,0.0,0.0,0.0,0,0,0,1,0,1,US,Club
Whitechapel,2026,2026-12-13,,HOUSE OF BLUES CONCERTS (HOB),378503.41,16256.84,0.0,1,0,3,80,0,4,US,Club
Smith &amp; Liddle,2026,2026-12-13,,LIVE NATION MUSIC,0.0,0.0,0.0,0,0,0,1,0,0,US,Theater
Born of Osiris,2026,2026-12-13,,LIVE NATION MUSIC,36454.0,0.0,12944.0,0,0,6,48,0,0,US,Club
Jorma Kaukonen,2026,2026-12-13,,LIVE NATION MUSIC,84257.0,120840.7,69473.0,1,0,11,37,3,4,US,Club
Hunxho,2026,2026-12-13,,LIVE NATION MUSIC,78330.0,70430.0,0.0,0,0,0,2,0,0,US,Club
Forever,2026,2026-12-13,,LIVE NATION MUSIC,70329.51,0.0,0.0,0,1,0,0,0,0,US,Theater
Beartooth,2026,2026-12-13,,LIVE NATION MUSIC,0.0,1116351.8,389208.25,1,4,15,41,1,2,US,Club
Mack Keane,2026,2026-12-13,,LIVE NATION MUSIC,0.0,0.0,0.0,1,0,0,6,0,0,US,Club
Kapo,2026,2026-12-13,,LIVE NATION MUSIC,231335.0,0.0,0.0,0,5,3,0,1,0,US,Arena
Alicia Villarreal,2026,2026-12-13,,LIVE NATION MUSIC,826817.98,1374508.36,306780.57999999996,1,4,29,4,0,0,US,Theater
"The A, B, C &amp; D Of Boogie Woogie",2026,2026-12-13,,LIVE NATION MUSIC,0.0,0.0,0.0,0,0,0,1,0,0,US,Club
Croce Plays Croce,2026,2026-12-13,,LIVE NATION MUSIC,20613.0,0.0,0.0,1,0,2,0,0,0,US,Theater
SPEED,2026,2026-12-13,,LIVE NATION MUSIC,30152.31,0.0,0.0,0,0,0,1,0,0,US,Theater
Tamar Braxton,2026,2026-12-13,,LIVE NATION MUSIC,0.0,79409.4,0.0,0,0,7,8,0,0,US,Club
Mark O'Connor,2026,2026-12-13,,LIVE NATION MUSIC,91905.5,266481.0,420587.5,1,1,51,6,0,3,US,Arena
"Tres Clásicos del Rock - Tributo a The Doors, The Beatles &amp; Toncho Pilatos",2026,2026-12-13,,LIVE NATION MUSIC,0.0,0.0,13766.52,0,0,1,0,0,0,US,Theater
Chris Farren,2026,2026-12-13,,LIVE NATION MUSIC,0.0,0.0,0.0,0,0,0,2,0,0,US,Club
Girl Named Tom,2026,2026-12-13,,LIVE NATION MUSIC,75409.25,232396.41,351223.79,1,1,23,19,0,0,US,Theater
"Tres Clásicos del Rock - Tributo a The Doors, The Beatles &amp; Toncho Pilatos",2026,2026-12-13,,LIVE NATION MUSIC,0.0,0.0,13766.52,0,0,1,0,0,0,US,Theater
Venna,2026,2026-12-13,,HOUSE OF BLUES CONCERTS (HOB),11964.17,8371.72,0.0,0,0,0,7,0,0,US,Club
Mannheim Steamroller,2026,2026-12-13,,LIVE NATION MUSIC,9970694.32,10547142.94,10769263.45,3,175,866,9,0,25,US,Arena
Mannheim Steamroller,2026,2026-12-13,,LIVE NATION MUSIC,9970694.32,10547142.94,10769263.45,3,175,866,9,0,25,US,Arena
John R. Miller,2026,2026-12-13,,LIVE NATION TENNESSEE,0.0,6705.0,3559.0,0,0,0,9,0,1,US,Club
"Senses Fail, Saves The Day",2026,2026-12-13,,EVENKO CO-PRO WITH LIVE NATION,0.0,78419.0,0.0,0,0,0,1,0,0,International,Club
Shakey Graves,2026,2026-12-13,,LIVE NATION CANADA (LN),530628.21,401599.02,1244604.5,18,0,48,154,2,15,International,Club
Jann Arden,2026,2026-12-13,,LIVE NATION CANADA (LN),163468.85,381374.03,0.0,0,20,14,4,0,1,International,Theater
The Pineapple Thief,2026,2026-12-13,,LIVE NATION CANADA (LN),16406.77,77036.26,0.0,0,0,2,13,0,0,International,Theater
Imminence,2026,2026-12-13,,EVENKO CO-PRO WITH LIVE NATION,470438.32,155312.11,0.0,0,0,3,36,0,15,International,Club
Jake Vaadeland,2026,2026-12-13,,LIVE NATION CANADA (LN),650.0,877.21,8248.61,0,0,0,2,0,1,International,Theater
America,2026,2026-12-13,,LIVE NATION CANADA (LN),4786730.81,4477164.55,1750231.2,5,8,180,41,0,14,International,Club
The Coronas,2026,2026-12-13,,MCD PRODUCTIONS,591776.8300000001,887341.76,739800.3,0,5,27,26,3,5,International,Theater
Picture This,2026,2026-12-13,,MCD PRODUCTIONS,4682702.09,2769789.99,3315593.18,0,17,15,30,5,3,International,Arena
Artemas,2026,2026-12-13,,LIVE NATION MUSIC UK LTD,30822.0,725837.64,0.0,0,0,10,22,0,1,International,Club
Kasabian,2026,2026-12-13,,DF CONCERTS,856507.22,3720306.03,604952.34,0,40,18,36,2,6,International,Arena
Kasabian,2026,2026-12-13,,DF CONCERTS,856507.22,3720306.03,604952.34,0,40,18,36,2,6,International,Arena
Blondshell,2026,2026-12-13,,DF CONCERTS,124103.75,21093.51,13640.92,0,0,3,12,0,0,International,Club
Boston Manor,2026,2026-12-13,,"LIVE NATION UK FOR ARTIST, TOUR, FESTIVAL AND PRESALE NEWS",7172.5,8088.32,33060.84,0,0,0,9,0,1,International,Club
Versa,2026,2026-12-13,,DF CONCERTS,2160.0,0.0,0.0,0,0,0,8,0,0,International,Club
Thrown,2026,2026-12-13,,LIVE NATION MUSIC UK LTD,486533.87,19505.85,0.0,0,0,6,34,0,0,International,Club
Harry Styles,2026,2026-12-13,,LIVE NATION AUSTRALIA,0.0,0.0,252490036.3,1,117,15,2,33,5,International,Stadium
A Perfect Circle,2026,2026-12-13,,LIVE NATION AUSTRALIA,0.0,818100.0,0.0,11,41,13,2,0,1,International,Arena
San Venus,2026,2026-12-13,,OCESA,1486.64,0.0,0.0,0,0,1,0,0,0,International,Theater
"Hummer, SIN",2026,2026-12-13,,Live Nation sp. z o.o.,0.0,0.0,0.0,0,0,0,1,0,0,International,Club
Bryan Adams,2026,2026-12-13,,LIVE NATION CZECH REPUBLIC s.r.o.,36301093.83,29271692.68,25946523.41,50,463,227,9,38,69,International,Arena
Gracie Abrams,2026,2026-12-14,,LIVE NATION MUSIC,36388724.37,5296821.61,857658.6,5,28,12,17,0,1,US,Arena
"Love, Fraser",2026,2026-12-14,,LIVE NATION MUSIC,0.0,0.0,0.0,0,0,0,1,0,0,US,Theater
One Night Only,2026,2026-12-14,,LIVE NATION MUSIC,0.0,0.0,0.0,0,0,1,6,0,1,US,Theater
"The A, B, C &amp; D Of Boogie Woogie",2026,2026-12-14,,LIVE NATION MUSIC,0.0,0.0,0.0,0,0,0,1,0,0,US,Theater
Victor &amp; Leo,2026,2026-12-14,,LIVE NATION MUSIC,0.0,0.0,0.0,0,0,24,1,0,0,US,Theater
Whitechapel,2026,2026-12-14,,HOUSE OF BLUES CONCERTS (HOB),378503.41,16256.84,0.0,1,0,3,80,0,4,US,Club
"""Past, Present, Future: A Dance Gala""",2026,2026-12-14,,LIVE NATION MUSIC,0.0,0.0,0.0,0,0,1,0,0,0,US,Theater
Bryan Andrews,2026,2026-12-14,,LIVE NATION MUSIC,0.0,453.0,0.0,0,0,0,1,0,0,US,Club
Hunxho,2026,2026-12-14,,LIVE NATION MUSIC,78330.0,70430.0,0.0,0,0,0,2,0,0,US,Theater
Shakey Graves,2026,2026-12-14,,LIVE NATION CANADA (LN),530628.21,401599.02,1244604.5,18,0,48,154,2,15,International,Club
Razorlight,2026,2026-12-14,,MCD PRODUCTIONS,636211.96,20388.7,1240940.96,0,1,19,15,0,2,International,Theater
Artemas,2026,2026-12-14,,LIVE NATION MUSIC UK LTD,30822.0,725837.64,0.0,0,0,10,22,0,1,International,Club
Sevendust,2026,2026-12-14,,LIVE NATION MUSIC UK LTD,170093.58000000002,0.0,0.0,0,2,20,79,0,6,International,Club
Kodaline,2026,2026-12-14,,DF CONCERTS,0.0,80672.06,817989.84,0,5,21,75,7,6,International,Theater
Florence Road,2026,2026-12-14,,MCD PRODUCTIONS,29053.94,0.0,0.0,0,0,3,4,0,0,International,Theater
BRAT,2026,2026-12-14,,LIVE NATION MUSIC UK LTD,0.0,22448.23,0.0,0,0,1,3,0,0,International,Club
Cruel,2026,2026-12-14,,"LIVE NATION UK FOR ARTIST, TOUR, FESTIVAL AND PRESALE NEWS",0.0,4415.0,0.0,0,0,0,1,0,0,International,Club
Boston Manor,2026,2026-12-14,,"LIVE NATION UK FOR ARTIST, TOUR, FESTIVAL AND PRESALE NEWS",7172.5,8088.32,33060.84,0,0,0,9,0,1,International,Club
MattstaGraham,2026,2026-12-14,,"LIVE NATION UK FOR ARTIST, TOUR, FESTIVAL AND PRESALE NEWS",0.0,0.0,0.0,0,0,0,1,0,0,International,Club
Guns N' Roses,2026,2026-12-14,,LIVE NATION AUSTRALIA,129172927.51,0.0,110479876.13,7,135,11,22,196,18,International,Stadium
Baby Keem,2026,2026-12-14,,LIVE NATION AUSTRALIA,0.0,0.0,0.0,0,0,3,12,0,0,International,Theater
"Senses Fail, Saves The Day",2026,2026-12-15,,LIVE NATION MUSIC,0.0,78419.0,0.0,0,0,0,1,0,0,US,Club
Pentatonix,2026,2026-12-15,,LIVE NATION MUSIC,10014000.83,20747784.25,16735657.71,59,174,94,50,3,9,US,Arena
Olivia Rodrigo,2026,2026-12-15,,LIVE NATION MUSIC,23420107.2,169307085.8,0.0,0,68,10,2,5,1,US,Arena
Jonas Brothers,2026,2026-12-15,,LIVE NATION MUSIC,81959444.45,30144554.31,109403725.33,84,205,28,1,31,5,US,Arena
CeCe Winans,2026,2026-12-15,,LIVE NATION MUSIC,6013416.11,4129990.1,2849626.35,1,5,125,0,0,5,US,Theater
Trippie Redd,2026,2026-12-15,,LIVE NATION MUSIC,177248.89,171012.5,592049.0,4,5,6,7,0,1,US,Club
Brandi Carlile,2026,2026-12-15,,LIVE NATION MUSIC,3315699.58,3024414.0,4196113.21,55,11,118,71,2,10,US,Theater
"The A, B, C &amp; D Of Boogie Woogie",2026,2026-12-15,,LIVE NATION MUSIC,0.0,0.0,0.0,0,0,0,1,0,0,US,Arena
Lucy Bedroque,2026,2026-12-15,,LIVE NATION MUSIC,0.0,0.0,0.0,0,0,1,2,0,0,US,Club
Smith &amp; Liddle,2026,2026-12-15,,LIVE NATION MUSIC,0.0,0.0,0.0,0,0,0,1,0,0,US,Arena
Yung Gravy,2026,2026-12-15,,LIVE NATION MUSIC,206906.93,654682.31,71100.12,0,2,7,36,0,1,US,Club
Haley Heynderickx,2026,2026-12-15,,LIVE NATION MUSIC,0.0,63136.5,14578.0,0,0,2,12,0,0,US,Club
David Bisbal,2026,2026-12-15,,HOUSE OF BLUES CONCERTS (HOB),6822534.13,6134250.71,10430917.14,5,32,58,9,24,16,US,Theater
Chris Isaak,2026,2026-12-15,,LIVE NATION MUSIC,1011365.7,532352.62,1343994.51,22,5,120,68,1,7,US,Arena
Underoath,2026,2026-12-15,,LIVE NATION MUSIC,0.0,418700.1,308406.2,0,2,22,75,0,4,US,Theater
Night Lovell,2026,2026-12-15,,LIVE NATION MUSIC,250188.22,142802.5,0.0,0,0,6,15,0,1,US,Theater
Underoath,2026,2026-12-15,,LIVE NATION MUSIC,0.0,418700.1,308406.2,0,2,22,75,0,4,US,Theater
Born of Osiris,2026,2026-12-15,,FRANK PRODUCTIONS,36454.0,0.0,12944.0,0,0,6,48,0,0,US,Club
Beartooth,2026,2026-12-15,,LIVE NATION MUSIC,0.0,1116351.8,389208.25,1,4,15,41,1,2,US,Arena
"Allen Stone, Ripe",2026,2026-12-15,,LIVE NATION MUSIC,29263.0,0.0,0.0,0,0,0,1,0,0,US,Club
"Drive-By Truckers, Deer Tick",2026,2026-12-15,,FRANK PRODUCTIONS,117192.0,0.0,0.0,0,0,1,1,0,0,US,Club
Forever,2026,2026-12-15,,LIVE NATION MUSIC,70329.51,0.0,0.0,0,1,0,0,0,0,US,Theater
Forever,2026,2026-12-15,,LIVE NATION MUSIC,70329.51,0.0,0.0,0,1,0,0,0,0,US,Theater
Beartooth,2026,2026-12-15,,LIVE NATION MUSIC,0.0,1116351.8,389208.25,1,4,15,41,1,2,US,Arena
Upgrade,2026,2026-12-15,,LIVE NATION MUSIC,0.0,0.0,0.0,0,0,0,1,0,1,US,Theater
Rush,2026,2026-12-15,,LIVE NATION CANADA (LN),0.0,0.0,0.0,40,118,1,0,2,8,International,Arena
Jann Arden,2026,2026-12-15,,LIVE NATION CANADA (LN),163468.85,381374.03,0.0,0,20,14,4,0,1,International,Theater
Jake Vaadeland,2026,2026-12-15,,LIVE NATION MUSIC,650.0,877.21,8248.61,0,0,0,2,0,1,International,Theater
Picture This,2026,2026-12-15,,MCD PRODUCTIONS,4682702.09,2769789.99,3315593.18,0,17,15,30,5,3,International,Club
Florence Road,2026,2026-12-15,,MCD PRODUCTIONS,29053.94,0.0,0.0,0,0,3,4,0,0,International,Theater
Mammoth,2026,2026-12-15,,MCD PRODUCTIONS,38655.0,232565.45,199756.01,0,0,4,23,0,1,International,Club
Big Sleep,2026,2026-12-15,,MCD PRODUCTIONS,17856.0,0.0,0.0,0,0,1,0,0,0,International,Theater
Sevendust,2026,2026-12-15,,LIVE NATION MUSIC UK LTD,170093.58000000002,0.0,0.0,0,2,20,79,0,6,International,Club
Kodaline,2026,2026-12-15,,LIVE NATION MUSIC UK LTD,0.0,80672.06,817989.84,0,5,21,75,7,6,International,Theater
Jamie T,2026,2026-12-15,,DF CONCERTS,0.0,0.0,0.0,0,1,6,9,0,0,International,Theater
BRAT,2026,2026-12-15,,"LIVE NATION UK FOR ARTIST, TOUR, FESTIVAL AND PRESALE NEWS",0.0,22448.23,0.0,0,0,1,3,0,0,International,Theater
Polyphia,2026,2026-12-15,,LIVE NATION MUSIC UK LTD,0.0,121407.0,744654.76,0,0,3,49,0,1,International,Club
Boston Manor,2026,2026-12-15,,"LIVE NATION UK FOR ARTIST, TOUR, FESTIVAL AND PRESALE NEWS",7172.5,8088.32,33060.84,0,0,0,9,0,1,International,Club
MattstaGraham,2026,2026-12-15,,"LIVE NATION UK FOR ARTIST, TOUR, FESTIVAL AND PRESALE NEWS",0.0,0.0,0.0,0,0,0,1,0,0,International,Club
"Jagged Edge, Dru Hill",2026,2026-12-15,,Live Nation Venues Netherlands BV Afas Live,0.0,0.0,0.0,0,1,0,0,0,0,International,Arena
Trans-Siberian Orchestra,2026,2026-12-16,,LIVE NATION MUSIC,60413990.78,69204633.87,42632080.53,0,911,47,1,0,15,US,Arena
Olivia Rodrigo,2026,2026-12-16,,LIVE NATION MUSIC,23420107.2,169307085.8,0.0,0,68,10,2,5,1,US,Arena
Trans-Siberian Orchestra,2026,2026-12-16,,LIVE NATION MUSIC,60413990.78,69204633.87,42632080.53,0,911,47,1,0,15,US,Arena
Chris Tomlin,2026,2026-12-16,,LIVE NATION MUSIC,3337453.94,8538502.05,4355523.7,44,202,192,1,1,29,US,Arena
"The A, B, C &amp; D Of Boogie Woogie",2026,2026-12-16,,LIVE NATION MUSIC,0.0,0.0,0.0,0,0,0,1,0,0,US,Theater
Lindsey Stirling,2026,2026-12-16,,LIVE NATION MUSIC,4394676.7,19515458.61,11167790.81,62,75,205,81,2,17,US,Theater
Beartooth,2026,2026-12-16,,LIVE NATION MUSIC,0.0,1116351.8,389208.25,1,4,15,41,1,2,US,Theater
Bear,2026,2026-12-16,,LIVE NATION MUSIC,0.0,0.0,0.0,0,0,0,1,0,0,US,Club
Underoath,2026,2026-12-16,,LIVE NATION MUSIC,0.0,418700.1,308406.2,0,2,22,75,0,4,US,Arena
Upgrade,2026,2026-12-16,,LIVE NATION MUSIC,0.0,0.0,0.0,0,0,0,1,0,1,US,Club
American Football,2026,2026-12-16,,LIVE NATION MUSIC,80724.0,101715.0,28705.0,0,0,5,20,0,0,US,Club
Brandi Carlile,2026,2026-12-16,,LIVE NATION MUSIC,3315699.58,3024414.0,4196113.21,55,11,118,71,2,10,US,Theater
Yung Gravy,2026,2026-12-16,,LIVE NATION MUSIC,206906.93,654682.31,71100.12,0,2,7,36,0,1,US,Club
"Senses Fail, Saves The Day",2026,2026-12-16,,LIVE NATION MUSIC,0.0,78419.0,0.0,0,0,0,1,0,0,US,Theater
Trivium,2026,2026-12-16,,LIVE NATION MUSIC,398903.12,0.0,378436.41,0,3,22,57,0,1,US,Club
Aaron Lewis &amp; The Stateliners,2026,2026-12-16,,LIVE NATION MUSIC,1103582.79,0.0,0.0,0,1,14,4,0,3,US,Arena
"""Past, Present, Future: A Dance Gala""",2026,2026-12-16,,HOUSE OF BLUES CONCERTS (HOB),0.0,0.0,0.0,0,0,1,0,0,0,US,Theater
Forever,2026,2026-12-16,,LIVE NATION MUSIC,70329.51,0.0,0.0,0,1,0,0,0,0,US,Theater
Motown &amp; More: A Tribute To Motown &amp; Soul Legends,2026,2026-12-16,,LIVE NATION MUSIC,52460.0,0.0,0.0,0,0,1,0,0,0,US,Theater
Brett Eldredge,2026,2026-12-16,,LIVE NATION MUSIC,1974280.17,2272843.56,1768405.49,5,5,39,13,0,0,US,Theater
Night Lovell,2026,2026-12-16,,LIVE NATION MUSIC,250188.22,142802.5,0.0,0,0,6,15,0,1,US,Club
Victor &amp; Leo,2026,2026-12-16,,LIVE NATION MUSIC,0.0,0.0,0.0,0,0,24,1,0,0,US,Theater
Edward &amp; Graham,2026,2026-12-16,,LIVE NATION MUSIC,0.0,0.0,0.0,0,0,0,1,0,0,US,Club
Peppermint,2026,2026-12-16,,LIVE NATION MUSIC,0.0,0.0,0.0,0,0,0,3,0,0,US,Club
feeble little horse,2026,2026-12-16,,LIVE NATION MUSIC,21240.08,0.0,0.0,0,0,0,3,0,0,US,Club
Shade,2026,2026-12-16,,FRANK PRODUCTIONS,0.0,0.0,0.0,0,0,0,2,0,0,US,Club
feeble little horse,2026,2026-12-16,,LIVE NATION MUSIC,21240.08,0.0,0.0,0,0,0,3,0,0,US,Club
Daily Bread,2026,2026-12-16,,LIVE NATION MUSIC,1463202.24,566802.2,17130.0,3,0,0,11,0,0,US,Club
Daily Bread,2026,2026-12-16,,LIVE NATION MUSIC,1463202.24,566802.2,17130.0,3,0,0,11,0,0,US,Club
Jann Arden,2026,2026-12-16,,LIVE NATION MUSIC,163468.85,381374.03,0.0,0,20,14,4,0,1,International,Theater
Picture This,2026,2026-12-16,,MCD PRODUCTIONS,4682702.09,2769789.99,3315593.18,0,17,15,30,5,3,International,Club
Florence Road,2026,2026-12-16,,MCD PRODUCTIONS,29053.94,0.0,0.0,0,0,3,4,0,0,International,Theater
Bleech 9:3,2026,2026-12-16,,MCD PRODUCTIONS,0.0,0.0,0.0,0,0,0,2,0,0,International,Club
Kasabian,2026,2026-12-16,,LIVE NATION MUSIC UK LTD,856507.22,3720306.03,604952.34,0,40,18,36,2,6,International,Arena
"Green Lung, Unto Others",2026,2026-12-16,,LIVE NATION MUSIC UK LTD,51940.08,0.0,0.0,0,0,1,3,0,1,International,Club
Kodaline,2026,2026-12-16,,LIVE NATION MUSIC UK LTD,0.0,80672.06,817989.84,0,5,21,75,7,6,International,Club
Jamie T,2026,2026-12-16,,DF CONCERTS,0.0,0.0,0.0,0,1,6,9,0,0,International,Theater
BRAT,2026,2026-12-16,,"LIVE NATION UK FOR ARTIST, TOUR, FESTIVAL AND PRESALE NEWS",0.0,22448.23,0.0,0,0,1,3,0,0,International,Club
Cruel,2026,2026-12-16,,"LIVE NATION UK FOR ARTIST, TOUR, FESTIVAL AND PRESALE NEWS",0.0,4415.0,0.0,0,0,0,1,0,0,International,Club
Michael Head &amp; The Red Elastic Band,2026,2026-12-16,,"LIVE NATION UK FOR ARTIST, TOUR, FESTIVAL AND PRESALE NEWS",0.0,3790.6,0.0,0,0,1,0,0,0,International,Theater
Polyphia,2026,2026-12-16,,LIVE NATION MUSIC UK LTD,0.0,121407.0,744654.76,0,0,3,49,0,1,International,Club
Maná,2026,2026-12-16,,OCESA,0.0,0.0,0.0,0,1,0,0,0,0,International,Arena
Rosalie,2026,2026-12-16,,Live Nation sp. z o.o.,0.0,0.0,0.0,0,0,0,1,0,0,International,Club
Remi,2026,2026-12-16,,Live Nation sp. z o.o.,0.0,0.0,0.0,0,0,0,9,0,0,International,Club
Lady A,2026,2026-12-17,,LIVE NATION MUSIC,1095003.77,182525.0,2177571.5300000003,76,123,61,9,0,14,US,Theater
Trans-Siberian Orchestra,2026,2026-12-17,,LIVE NATION MUSIC,60413990.78,69204633.87,42632080.53,0,911,47,1,0,15,US,Arena
Brandi Carlile,2026,2026-12-17,,LIVE NATION MUSIC,3315699.58,3024414.0,4196113.21,55,11,118,71,2,10,US,Theater
Midland,2026,2026-12-17,,LIVE NATION MUSIC,1185651.42,1223148.0,621092.74,11,3,20,16,0,7,US,Arena
Matisyahu,2026,2026-12-17,,HOUSE OF BLUES CONCERTS (HOB),131917.72,155193.0,176217.44,4,1,46,148,0,2,US,Club
Josiah and The Bonnevilles,2026,2026-12-17,,LIVE NATION MUSIC,69515.98999999999,42216.0,0.0,0,0,1,10,0,1,US,Club
Hunxho,2026,2026-12-17,,LIVE NATION MUSIC,78330.0,70430.0,0.0,0,0,0,2,0,0,US,Club
Thee Sinseers,2026,2026-12-17,,LIVE NATION MUSIC,30027.5,63265.0,6350.0,1,0,0,12,0,0,US,Club
112,2026,2026-12-17,,LIVE NATION MUSIC,333803.75,54692.0,0.0,1,1,11,3,0,1,US,Theater
Set Your Goals,2026,2026-12-17,,LIVE NATION MUSIC,0.0,0.0,0.0,0,0,0,9,0,0,US,Theater
Patrice Roberts,2026,2026-12-17,,LIVE NATION MUSIC,21585.0,33270.0,0.0,0,0,0,2,0,0,US,Club
Blue October,2026,2026-12-17,,LIVE NATION MUSIC,380805.29,725828.84,1268376.38,4,2,79,177,1,3,US,Theater
Mondo Cozmo,2026,2026-12-17,,LIVE NATION MUSIC,0.0,4629.0,0.0,0,0,0,9,0,0,US,Club
Edward &amp; Graham,2026,2026-12-17,,LIVE NATION MUSIC,0.0,0.0,0.0,0,0,0,1,0,0,US,Club
Will Downing,2026,2026-12-17,,LIVE NATION MUSIC,158979.74,407438.95,229434.0,6,0,34,31,0,0,US,Theater
Eyes Set To Kill,2026,2026-12-17,,HOUSE OF BLUES CONCERTS (HOB),0.0,28036.0,626.93,0,0,0,19,0,0,US,Club
Rush,2026,2026-12-17,,LIVE NATION CANADA (LN),0.0,0.0,0.0,40,118,1,0,2,8,International,Arena
"Kim Mitchell, David Wilcox",2026,2026-12-17,,LIVE NATION MUSIC,0.0,0.0,0.0,0,0,2,0,0,0,International,Theater
Blondshell,2026,2026-12-17,,MCD PRODUCTIONS,124103.75,21093.51,13640.92,0,0,3,12,0,0,International,Club
Scustin,2026,2026-12-17,,MCD PRODUCTIONS,0.0,0.0,0.0,0,0,0,1,0,0,International,Club
Amble,2026,2026-12-17,,MCD PRODUCTIONS,4723469.38,406488.11,0.0,0,5,9,43,2,5,International,Theater
ALL,2026,2026-12-17,,MCD PRODUCTIONS,0.0,0.0,0.0,0,0,0,2,0,0,International,Club
Chelsea Wolfe,2026,2026-12-17,,LIVE NATION MUSIC UK LTD,97294.63,261345.05,0.0,0,0,2,49,0,0,International,Club
Cruel,2026,2026-12-17,,"LIVE NATION UK FOR ARTIST, TOUR, FESTIVAL AND PRESALE NEWS",0.0,4415.0,0.0,0,0,0,1,0,0,International,Club
Maná,2026,2026-12-17,,OCESA,0.0,0.0,0.0,0,1,0,0,0,0,International,Arena
Enjambre,2026,2026-12-17,,OCESA,3338655.8,1393977.74,1501082.42,2,6,36,10,2,11,International,Theater
Rea Garvey,2026,2026-12-17,,Live Nation GmbH,391987.43,549995.16,0.0,2,11,13,24,8,23,International,Club
Rosalie,2026,2026-12-17,,Live Nation sp. z o.o.,0.0,0.0,0.0,0,0,0,1,0,0,International,Club
Remi,2026,2026-12-17,,Live Nation sp. z o.o.,0.0,0.0,0.0,0,0,0,9,0,0,International,Club
"Hummer, SIN",2026,2026-12-17,,Live Nation sp. z o.o.,0.0,0.0,0.0,0,0,0,1,0,0,International,Club
YT,2026,2026-12-17,,LIVE NATION CZECH REPUBLIC s.r.o.,31993.79,0.0,0.0,0,0,0,3,0,0,International,Club
Trans-Siberian Orchestra,2026,2026-12-18,,LIVE NATION MUSIC,60413990.78,69204633.87,42632080.53,0,911,47,1,0,15,US,Arena
Underoath,2026,2026-12-18,,LIVE NATION MUSIC,0.0,418700.1,308406.2,0,2,22,75,0,4,US,Arena
"Senses Fail, Saves The Day",2026,2026-12-18,,LIVE NATION MUSIC,0.0,78419.0,0.0,0,0,0,1,0,0,US,Club
Into It. Over It.,2026,2026-12-18,,LIVE NATION MUSIC,0.0,0.0,3995.0,0,0,0,18,0,2,US,Club
Street Dogs,2026,2026-12-18,,LIVE NATION MUSIC,30614.0,0.0,0.0,0,0,0,24,0,0,US,Club
Trivium,2026,2026-12-18,,LIVE NATION MUSIC,398903.12,0.0,378436.41,0,3,22,57,0,1,US,Club
Gracie Abrams,2026,2026-12-18,,LIVE NATION MUSIC,36388724.37,5296821.61,857658.6,5,28,12,17,0,1,US,Arena
Trans-Siberian Orchestra,2026,2026-12-18,,LIVE NATION MUSIC,60413990.78,69204633.87,42632080.53,0,911,47,1,0,15,US,Arena
Trans-Siberian Orchestra,2026,2026-12-18,,LIVE NATION MUSIC,60413990.78,69204633.87,42632080.53,0,911,47,1,0,15,US,Arena
Trans-Siberian Orchestra,2026,2026-12-18,,LIVE NATION MUSIC,60413990.78,69204633.87,42632080.53,0,911,47,1,0,15,US,Arena
Straight No Chaser,2026,2026-12-18,,LIVE NATION MUSIC,2299805.32,4207526.41,4491645.23,15,31,600,29,0,23,US,Arena
Brett Eldredge,2026,2026-12-18,,LIVE NATION MUSIC,1974280.17,2272843.56,1768405.49,5,5,39,13,0,0,US,Theater
Lindsey Stirling,2026,2026-12-18,,LIVE NATION MUSIC,4394676.7,19515458.61,11167790.81,62,75,205,81,2,17,US,Theater
Blue October,2026,2026-12-18,,LIVE NATION MUSIC,380805.29,725828.84,1268376.38,4,2,79,177,1,3,US,Theater
Beartooth,2026,2026-12-18,,LIVE NATION MUSIC,0.0,1116351.8,389208.25,1,4,15,41,1,2,US,Club
The Starting Line,2026,2026-12-18,,LIVE NATION MUSIC,102124.25,0.0,0.0,0,0,1,8,0,0,US,Club
"Tanguero, Inc",2026,2026-12-18,,LIVE NATION MUSIC,0.0,0.0,0.0,0,0,1,0,0,0,US,Theater
David Bisbal,2026,2026-12-18,,LIVE NATION MUSIC,6822534.13,6134250.71,10430917.14,5,32,58,9,24,16,US,Theater
David Rawlings,2026,2026-12-18,,LIVE NATION MUSIC,0.0,0.0,0.0,0,0,9,6,0,0,US,Theater
Electron,2026,2026-12-18,,LIVE NATION MUSIC,0.0,0.0,0.0,0,0,0,11,0,0,US,Theater
Tab Benoit,2026,2026-12-18,,LIVE NATION MUSIC,1819488.65,983585.58,1424527.01,5,0,211,221,2,8,US,Club
AJ Ghent,2026,2026-12-18,,LIVE NATION MUSIC,104824.0,61143.26,0.0,0,0,1,26,0,0,US,Club
Will Downing,2026,2026-12-18,,HOUSE OF BLUES CONCERTS (HOB),158979.74,407438.95,229434.0,6,0,34,31,0,0,US,Theater
Trippie Redd,2026,2026-12-18,,LIVE NATION MUSIC,177248.89,171012.5,592049.0,4,5,6,7,0,1,US,Club
112,2026,2026-12-18,,LIVE NATION MUSIC,333803.75,54692.0,0.0,1,1,11,3,0,1,US,Arena
Lil Kim,2026,2026-12-18,,LIVE NATION MUSIC,0.0,0.0,0.0,0,2,3,4,0,0,US,Theater
Set Your Goals,2026,2026-12-18,,LIVE NATION MUSIC,0.0,0.0,0.0,0,0,0,9,0,0,US,Club
Daily Bread,2026,2026-12-18,,LIVE NATION MUSIC,1463202.24,566802.2,17130.0,3,0,0,11,0,0,US,Club
Matthew West,2026,2026-12-18,,LIVE NATION MUSIC,367142.75,1472660.0,1620545.0,2,22,202,0,0,35,US,Theater
Death Angel,2026,2026-12-18,,LIVE NATION MUSIC,132615.0,0.0,0.0,0,0,1,13,0,2,US,Theater
Emancipator,2026,2026-12-18,,LIVE NATION MUSIC,56566.0,28350.0,131285.0,2,0,8,102,0,10,US,Club
Allman Betts Family Revival,2026,2026-12-18,,LIVE NATION MUSIC,1401926.49,1446679.28,0.0,1,0,39,2,0,0,US,Theater
Bruce &amp; Wij,2026,2026-12-18,,HOUSE OF BLUES CONCERTS (HOB),0.0,0.0,103055.96,0,0,12,3,0,11,US,Theater
Jake &amp; Papa,2026,2026-12-18,,LIVE NATION MUSIC,0.0,0.0,0.0,0,0,0,1,0,0,US,Club
Richard Marx,2026,2026-12-18,,LIVE NATION MUSIC,0.0,299398.92000000004,1079196.6,3,3,69,36,0,6,US,Theater
Miniature Tigers,2026,2026-12-18,,LIVE NATION MUSIC,0.0,0.0,0.0,0,0,0,12,0,0,US,Club
Metallica,2026,2026-12-18,,HOUSE OF BLUES CONCERTS (HOB),137107458.47,179373637.38,146435306.85,0,95,4,4,135,10,US,Stadium
Island,2026,2026-12-18,,LIVE NATION MUSIC,0.0,0.0,0.0,0,0,0,5,0,0,US,Club
Ben Rector,2026,2026-12-18,,LIVE NATION MUSIC,1425937.0,250398.75,573059.7,5,2,65,56,0,5,US,Theater
Eddie 9V,2026,2026-12-18,,LIVE NATION MUSIC,87159.23,73638.02,49374.0,0,0,5,63,0,1,US,Club
"""British Rock Royalty - Celebrating The Music Of Pink Floyd, Queen, The Who &amp; Led Zeppelin""",2026,2026-12-18,,HOUSE OF BLUES CONCERTS (HOB),0.0,0.0,0.0,1,0,2,0,0,0,US,Theater
"Or, The Whale",2026,2026-12-18,,LIVE NATION MUSIC,0.0,0.0,0.0,0,0,0,3,0,0,US,Club
Ben Rector,2026,2026-12-18,,LIVE NATION MUSIC,1425937.0,250398.75,573059.7,5,2,65,56,0,5,US,Theater
Smith &amp; Liddle,2026,2026-12-18,,LIVE NATION MUSIC,0.0,0.0,0.0,0,0,0,1,0,0,US,Theater
Smith &amp; Liddle,2026,2026-12-18,,LIVE NATION MUSIC,0.0,0.0,0.0,0,0,0,1,0,0,US,Theater
Kip Moore,2026,2026-12-18,,LIVE NATION CANADA (LN),977585.78,881524.0,2477186.23,15,25,90,90,1,9,International,Theater
The Funk Hunters,2026,2026-12-18,,LIVE NATION CANADA (LN),0.0,0.0,5080.0,0,0,0,10,0,0,International,Club
The Clockworks,2026,2026-12-18,,MCD PRODUCTIONS,0.0,32226.35,0.0,0,0,1,9,0,0,International,Club
Jamie McIntyre,2026,2026-12-18,,MCD PRODUCTIONS,8700.76,0.0,0.0,0,0,0,3,0,0,International,Club
World News,2026,2026-12-18,,MCD PRODUCTIONS,0.0,0.0,0.0,0,0,0,2,0,0,International,Club
Amble,2026,2026-12-18,,MCD PRODUCTIONS,4723469.38,406488.11,0.0,0,5,9,43,2,5,International,Theater
DUG,2026,2026-12-18,,MCD PRODUCTIONS,38342.31,4462.45,0.0,0,0,2,3,0,1,International,Club
Chris &amp; Rich Robinson,2026,2026-12-18,,LIVE NATION (MUSIC) UK LTD (VENUES),0.0,0.0,0.0,0,0,0,2,0,0,International,Theater
Kasabian,2026,2026-12-18,,"LIVE NATION UK FOR ARTIST, TOUR, FESTIVAL AND PRESALE NEWS",856507.22,3720306.03,604952.34,0,40,18,36,2,6,International,Arena
"Green Lung, Unto Others",2026,2026-12-18,,LIVE NATION MUSIC UK LTD,51940.08,0.0,0.0,0,0,1,3,0,1,International,Club
Picture This,2026,2026-12-18,,MCD PRODUCTIONS,4682702.09,2769789.99,3315593.18,0,17,15,30,5,3,International,Club
Cruel,2026,2026-12-18,,"LIVE NATION UK FOR ARTIST, TOUR, FESTIVAL AND PRESALE NEWS",0.0,4415.0,0.0,0,0,0,1,0,0,International,Club
Ministry of Sound Classical,2026,2026-12-18,,LIVE NATION MUSIC (VENUES) LTD (NEW),1161923.5,303193.92000000004,160546.03,1,1,1,0,0,3,International,Other
División Minúscula,2026,2026-12-18,,OCESA,0.0,720459.43,164558.03000000003,0,2,21,3,0,1,International,Arena
Rea Garvey,2026,2026-12-18,,Live Nation GmbH,391987.43,549995.16,0.0,2,11,13,24,8,23,International,Club
The Ocean,2026,2026-12-18,,Live Nation / Vega,0.0,116686.23,0.0,0,0,1,10,0,1,International,Club
European,2026,2026-12-18,,Live Nation Sp. z o.o.,0.0,0.0,0.0,0,0,1,0,0,0,International,Theater
Rosalie,2026,2026-12-18,,Live Nation sp. z o.o.,0.0,0.0,0.0,0,0,0,1,0,0,International,Club
Ra,2026,2026-12-18,,LIVE NATION CZECH REPUBLIC s.r.o.,910.56,0.0,0.0,0,0,0,2,0,0,International,Club
Trans-Siberian Orchestra,2026,2026-12-19,,LIVE NATION MUSIC,60413990.78,69204633.87,42632080.53,0,911,47,1,0,15,US,Arena
Trans-Siberian Orchestra,2026,2026-12-19,,LIVE NATION MUSIC,60413990.78,69204633.87,42632080.53,0,911,47,1,0,15,US,Arena
Straight No Chaser,2026,2026-12-19,,LIVE NATION MUSIC,2299805.32,4207526.41,4491645.23,15,31,600,29,0,23,US,Arena
Trivium,2026,2026-12-19,,LIVE NATION MUSIC,398903.12,0.0,378436.41,0,3,22,57,0,1,US,Club
Insomnium,2026,2026-12-19,,LIVE NATION MUSIC,64768.380000000005,39199.35,15069.36,0,0,0,11,0,1,US,Club
"Senses Fail, Saves The Day",2026,2026-12-19,,LIVE NATION MUSIC,0.0,78419.0,0.0,0,0,0,1,0,0,US,Club
"DJ Moma, Showcase, Flygerian",2026,2026-12-19,,LIVE NATION MUSIC,0.0,0.0,0.0,0,0,0,1,0,0,US,Club
Ben Rector,2026,2026-12-19,,LIVE NATION MUSIC,1425937.0,250398.75,573059.7,5,2,65,56,0,5,US,Theater
Ben Rector,2026,2026-12-19,,LIVE NATION MUSIC,1425937.0,250398.75,573059.7,5,2,65,56,0,5,US,Theater
Trans-Siberian Orchestra,2026,2026-12-19,,LIVE NATION MUSIC,60413990.78,69204633.87,42632080.53,0,911,47,1,0,15,US,Arena
Trans-Siberian Orchestra,2026,2026-12-19,,LIVE NATION MUSIC,60413990.78,69204633.87,42632080.53,0,911,47,1,0,15,US,Arena
Gracie Abrams,2026,2026-12-19,,LIVE NATION MUSIC,36388724.37,5296821.61,857658.6,5,28,12,17,0,1,US,Arena
Wet,2026,2026-12-19,,LIVE NATION MUSIC,9380.0,0.0,0.0,0,0,0,33,0,0,US,Arena
Jonas Brothers,2026,2026-12-19,,LIVE NATION MUSIC,81959444.45,30144554.31,109403725.33,84,205,28,1,31,5,US,Arena
Stevie Wonder,2026,2026-12-19,,LIVE NATION MUSIC,5077947.359999999,8495068.84,0.0,1,43,5,1,1,0,US,Arena
Pentatonix,2026,2026-12-19,,LIVE NATION MUSIC,10014000.83,20747784.25,16735657.71,59,174,94,50,3,9,US,Arena
Straight No Chaser,2026,2026-12-19,,LIVE NATION MUSIC,2299805.32,4207526.41,4491645.23,15,31,600,29,0,23,US,Arena
Brett Eldredge,2026,2026-12-19,,LIVE NATION MUSIC,1974280.17,2272843.56,1768405.49,5,5,39,13,0,0,US,Theater
Lindsey Stirling,2026,2026-12-19,,LIVE NATION MUSIC,4394676.7,19515458.61,11167790.81,62,75,205,81,2,17,US,Theater
Mike Sherm,2026,2026-12-19,,LIVE NATION MUSIC,45930.0,51415.0,0.0,0,0,0,9,0,0,US,Theater
Blue October,2026,2026-12-19,,LIVE NATION MUSIC,380805.29,725828.84,1268376.38,4,2,79,177,1,3,US,Theater
Yacht Rock Revue,2026,2026-12-19,,LIVE NATION MUSIC,1682225.71,924667.35,2361704.07,27,0,59,134,0,13,US,Theater
Earl Sweatshirt,2026,2026-12-19,,LIVE NATION MUSIC,145905.72999999998,0.0,304502.67,0,0,7,36,0,0,US,Club
Forever,2026,2026-12-19,,LIVE NATION MUSIC,70329.51,0.0,0.0,0,1,0,0,0,0,US,Theater
Olivia Rodrigo,2026,2026-12-19,,LIVE NATION MUSIC,23420107.2,169307085.8,0.0,0,68,10,2,5,1,US,Arena
Tech N9ne,2026,2026-12-19,,LIVE NATION MUSIC,123074.0,0.0,47331.0,8,24,170,444,0,32,US,Theater
"The A, B, C &amp; D Of Boogie Woogie",2026,2026-12-19,,LIVE NATION MUSIC,0.0,0.0,0.0,0,0,0,1,0,0,US,Club
Herman's Hermits starring Peter Noone,2026,2026-12-19,,LIVE NATION MUSIC,515275.79,200831.5,183793.65,1,1,63,41,0,4,US,Theater
Get The Led Out,2026,2026-12-19,,LIVE NATION MUSIC,3814847.0,4311871.59,3899697.73,73,8,482,140,2,34,US,Theater
Miniature Tigers,2026,2026-12-19,,LIVE NATION MUSIC,0.0,0.0,0.0,0,0,0,12,0,0,US,Club
Penelope Road,2026,2026-12-19,,LIVE NATION MUSIC,35384.5,0.0,0.0,0,0,0,6,0,0,US,Club
Allman Betts Family Revival,2026,2026-12-19,,LIVE NATION MUSIC,1401926.49,1446679.28,0.0,1,0,39,2,0,0,US,Theater
"""Past, Present, Future: A Dance Gala""",2026,2026-12-19,,LIVE NATION MUSIC,0.0,0.0,0.0,0,0,1,0,0,0,US,Theater
Jupiter Coyote,2026,2026-12-19,,LIVE NATION MUSIC,0.0,0.0,0.0,0,0,1,1,0,0,US,Theater
Beartooth,2026,2026-12-19,,LIVE NATION MUSIC,0.0,1116351.8,389208.25,1,4,15,41,1,2,US,Club
Set Your Goals,2026,2026-12-19,,LIVE NATION MUSIC,0.0,0.0,0.0,0,0,0,9,0,0,US,Club
Breathe Carolina,2026,2026-12-19,,LIVE NATION MUSIC,0.0,0.0,0.0,0,0,1,19,0,1,US,Theater
Bruce &amp; Wij,2026,2026-12-19,,LIVE NATION MUSIC,0.0,0.0,103055.96,0,0,12,3,0,11,US,Theater
Lyfe Jennings,2026,2026-12-19,,HOUSE OF BLUES CONCERTS (HOB),199575.55,470747.78,225833.0,1,0,10,53,0,0,US,Club
Grahame Lesh,2026,2026-12-19,,LIVE NATION MUSIC,0.0,6920.0,0.0,0,0,0,1,0,0,US,Club
Said The Sky,2026,2026-12-19,,LIVE NATION MUSIC,0.0,0.0,0.0,0,0,2,12,0,0,US,Club
Guns N' Roses,2026,2026-12-19,,HOUSE OF BLUES CONCERTS (HOB),129172927.51,0.0,110479876.13,7,135,11,22,196,18,US,Stadium
Meredith Marks,2026,2026-12-19,,LIVE NATION MUSIC,0.0,0.0,0.0,0,0,0,1,0,0,US,Theater
Drag The River,2026,2026-12-19,,LIVE NATION MUSIC,0.0,0.0,0.0,0,0,0,1,0,0,US,Club
System of a Clown,2026,2026-12-19,,LIVE NATION MUSIC,580.0,0.0,0.0,0,0,0,2,0,0,US,Theater
Yaelokre,2026,2026-12-19,,LIVE NATION MUSIC,68700.65,0.0,0.0,0,0,1,4,0,0,US,Theater
Ben Rector,2026,2026-12-19,,LIVE NATION MUSIC,1425937.0,250398.75,573059.7,5,2,65,56,0,5,US,Theater
"""Past, Present, Future: A Dance Gala""",2026,2026-12-19,,LIVE NATION MUSIC,0.0,0.0,0.0,0,0,1,0,0,0,US,Theater
Postmodern Jukebox,2026,2026-12-19,,LIVE NATION MUSIC,3423282.53,2913423.2,3309873.83,0,9,407,107,0,34,US,Theater
Hunxho,2026,2026-12-19,,HOUSE OF BLUES CONCERTS (HOB),78330.0,70430.0,0.0,0,0,0,2,0,0,US,Club
Ben Rector,2026,2026-12-19,,LIVE NATION MUSIC,1425937.0,250398.75,573059.7,5,2,65,56,0,5,US,Theater
Emancipator,2026,2026-12-19,,LIVE NATION MUSIC,56566.0,28350.0,131285.0,2,0,8,102,0,10,US,Club
Emancipator,2026,2026-12-19,,LIVE NATION MUSIC,56566.0,28350.0,131285.0,2,0,8,102,0,10,US,Club
"Prof, Yelawolf, That Mexican Ot",2026,2026-12-19,,LIVE NATION MUSIC,0.0,0.0,0.0,0,0,0,1,0,0,US,Club
"Allen Stone, Ripe",2026,2026-12-19,,LIVE NATION CANADA (LN),29263.0,0.0,0.0,0,0,0,1,0,0,International,Club
Crankdat,2026,2026-12-19,,LIVE NATION MUSIC,812116.3200000001,156729.33000000002,33893.95,1,0,4,14,0,0,International,Arena
Jason Ross,2026,2026-12-19,,LIVE NATION CANADA (LN),0.0,17131.65,0.0,0,0,1,6,0,0,International,Club
The Funk Hunters,2026,2026-12-19,,LIVE NATION CANADA (LN),0.0,0.0,5080.0,0,0,0,10,0,0,International,Club
Amtrac,2026,2026-12-19,,LIVE NATION CANADA (LN),0.0,0.0,35933.0,0,0,0,10,0,0,International,Club
Sky,2026,2026-12-19,,LIVE NATION CANADA (LN),0.0,0.0,3180.0,0,0,0,1,0,0,International,Theater
High On Fire,2026,2026-12-19,,MCD PRODUCTIONS,10192.0,20300.0,0.0,0,0,6,53,0,0,International,Club
Jamie McIntyre,2026,2026-12-19,,MCD PRODUCTIONS,8700.76,0.0,0.0,0,0,0,3,0,0,International,Club
Amble,2026,2026-12-19,,MCD PRODUCTIONS,4723469.38,406488.11,0.0,0,5,9,43,2,5,International,Theater
DUG,2026,2026-12-19,,MCD PRODUCTIONS,38342.31,4462.45,0.0,0,0,2,3,0,1,International,Club
Picture This,2026,2026-12-19,,MCD PRODUCTIONS,4682702.09,2769789.99,3315593.18,0,17,15,30,5,3,International,Club
Los Bukis,2026,2026-12-19,,OCESA,0.0,15998261.0,1592576.25,2,0,13,0,13,0,International,Stadium
Rea Garvey,2026,2026-12-19,,Live Nation GmbH,391987.43,549995.16,0.0,2,11,13,24,8,23,International,Club
Avatar,2026,2026-12-19,,Live Nation Sp. z o.o.,549363.65,456317.3,414674.53,0,1,12,50,0,4,International,Club
Trans-Siberian Orchestra,2026,2026-12-20,,LIVE NATION MUSIC,60413990.78,69204633.87,42632080.53,0,911,47,1,0,15,US,Arena
Trans-Siberian Orchestra,2026,2026-12-20,,LIVE NATION MUSIC,60413990.78,69204633.87,42632080.53,0,911,47,1,0,15,US,Arena
Straight No Chaser,2026,2026-12-20,,LIVE NATION MUSIC,2299805.32,4207526.41,4491645.23,15,31,600,29,0,23,US,Arena
Goldfish,2026,2026-12-20,,LIVE NATION MUSIC,14927.0,0.0,0.0,0,0,1,28,0,0,US,Club
Baby Smoove,2026,2026-12-20,,LIVE NATION MUSIC,0.0,0.0,29610.0,0,0,0,1,0,0,US,Club
Taylor &amp; The Wild Now,2026,2026-12-20,,FRANK PRODUCTIONS,0.0,0.0,0.0,0,0,0,3,0,0,US,Club
Wheelhouse,2026,2026-12-20,,FRANK PRODUCTIONS,0.0,4260.0,0.0,0,0,0,1,0,0,US,Club
Trans-Siberian Orchestra,2026,2026-12-20,,LIVE NATION MUSIC,60413990.78,69204633.87,42632080.53,0,911,47,1,0,15,US,Arena
Trans-Siberian Orchestra,2026,2026-12-20,,LIVE NATION MUSIC,60413990.78,69204633.87,42632080.53,0,911,47,1,0,15,US,Arena
Gracie Abrams,2026,2026-12-20,,LIVE NATION MUSIC,36388724.37,5296821.61,857658.6,5,28,12,17,0,1,US,Arena
Pentatonix,2026,2026-12-20,,LIVE NATION MUSIC,10014000.83,20747784.25,16735657.71,59,174,94,50,3,9,US,Arena
Patrice Roberts,2026,2026-12-20,,LIVE NATION MUSIC,21585.0,33270.0,0.0,0,0,0,2,0,0,US,Club
Blue October,2026,2026-12-20,,LIVE NATION MUSIC,380805.29,725828.84,1268376.38,4,2,79,177,1,3,US,Theater
Shaun Cassidy,2026,2026-12-20,,LIVE NATION MUSIC,251312.73,55190.0,104061.5,0,0,8,14,0,0,US,Club
Olivia Rodrigo,2026,2026-12-20,,LIVE NATION MUSIC,23420107.2,169307085.8,0.0,0,68,10,2,5,1,US,Arena
Dead Poet Society,2026,2026-12-20,,LIVE NATION MUSIC,0.0,95493.81,8199.75,0,0,0,18,0,1,US,Club
Forever,2026,2026-12-20,,LIVE NATION MUSIC,70329.51,0.0,0.0,0,1,0,0,0,0,US,Theater
Richard Marx,2026,2026-12-20,,LIVE NATION MUSIC,0.0,299398.92000000004,1079196.6,3,3,69,36,0,6,US,Theater
Allman Betts Family Revival,2026,2026-12-20,,LIVE NATION MUSIC,1401926.49,1446679.28,0.0,1,0,39,2,0,0,US,Theater
"Senses Fail, Saves The Day",2026,2026-12-20,,LIVE NATION MUSIC,0.0,78419.0,0.0,0,0,0,1,0,0,US,Theater
Postmodern Jukebox,2026,2026-12-20,,LIVE NATION MUSIC,3423282.53,2913423.2,3309873.83,0,9,407,107,0,34,US,Theater
Samantha Fish,2026,2026-12-20,,LIVE NATION MUSIC,227840.93,340430.78,88562.14,2,0,30,77,0,1,US,Club
"Prof, Yelawolf, That Mexican Ot",2026,2026-12-20,,LIVE NATION MUSIC,0.0,0.0,0.0,0,0,0,1,0,0,US,Club
Night Lovell,2026,2026-12-20,,LIVE NATION CANADA (LN),250188.22,142802.5,0.0,0,0,6,15,0,1,International,Club
Amble,2026,2026-12-20,,MCD PRODUCTIONS,4723469.38,406488.11,0.0,0,5,9,43,2,5,International,Theater
Morgana,2026,2026-12-20,,MCD PRODUCTIONS,13556.01,0.0,0.0,0,0,1,0,0,1,International,Theater
BRAT,2026,2026-12-20,,LIVE NATION MUSIC UK LTD,0.0,22448.23,0.0,0,0,1,3,0,0,International,Club
Michael Head &amp; The Red Elastic Band,2026,2026-12-20,,"LIVE NATION UK FOR ARTIST, TOUR, FESTIVAL AND PRESALE NEWS",0.0,3790.6,0.0,0,0,1,0,0,0,International,Theater
Queens of The Stone Age,2026,2026-12-20,,LIVE NATION AUSTRALIA,6746918.8,5025958.14,9267901.4,10,75,60,21,1,11,International,Arena
Javiera Mena,2026,2026-12-20,,OCESA,0.0,0.0,0.0,0,0,0,2,0,0,International,Club
Selah Sue,2026,2026-12-20,,Live Nation,0.0,52072.82,0.0,1,3,1,15,0,3,International,Club
Pol,2026,2026-12-20,,Live Nation sp. z o.o.,6311.03,20388.51,0.0,0,0,1,8,0,0,International,Club
Jonas Brothers,2026,2026-12-21,,LIVE NATION MUSIC,81959444.45,30144554.31,109403725.33,84,205,28,1,31,5,US,Arena
Lindsey Stirling,2026,2026-12-21,,LIVE NATION MUSIC,4394676.7,19515458.61,11167790.81,62,75,205,81,2,17,US,Theater
Amble,2026,2026-12-21,,MCD PRODUCTIONS,4723469.38,406488.11,0.0,0,5,9,43,2,5,International,Theater
BIIRD,2026,2026-12-21,,"LIVE NATION UK FOR ARTIST, TOUR, FESTIVAL AND PRESALE NEWS",0.0,0.0,0.0,0,0,0,3,0,0,International,Club
Trans-Siberian Orchestra,2026,2026-12-22,,LIVE NATION MUSIC,60413990.78,69204633.87,42632080.53,0,911,47,1,0,15,US,Arena
Trans-Siberian Orchestra,2026,2026-12-22,,LIVE NATION MUSIC,60413990.78,69204633.87,42632080.53,0,911,47,1,0,15,US,Arena
Trans-Siberian Orchestra,2026,2026-12-22,,LIVE NATION MUSIC,60413990.78,69204633.87,42632080.53,0,911,47,1,0,15,US,Arena
Pentatonix,2026,2026-12-22,,LIVE NATION MUSIC,10014000.83,20747784.25,16735657.71,59,174,94,50,3,9,US,Arena
Trans-Siberian Orchestra,2026,2026-12-22,,LIVE NATION MUSIC,60413990.78,69204633.87,42632080.53,0,911,47,1,0,15,US,Arena
Jonas Brothers,2026,2026-12-22,,LIVE NATION MUSIC,81959444.45,30144554.31,109403725.33,84,205,28,1,31,5,US,Arena
Trans-Siberian Orchestra,2026,2026-12-22,,LIVE NATION MUSIC,60413990.78,69204633.87,42632080.53,0,911,47,1,0,15,US,Arena
Trans-Siberian Orchestra,2026,2026-12-22,,LIVE NATION MUSIC,60413990.78,69204633.87,42632080.53,0,911,47,1,0,15,US,Arena
Trippie Redd,2026,2026-12-22,,LIVE NATION MUSIC,177248.89,171012.5,592049.0,4,5,6,7,0,1,US,Theater
Ellie Holcomb,2026,2026-12-22,,LIVE NATION MUSIC,0.0,0.0,32603.5,0,1,3,1,0,0,US,Theater
Hunxho,2026,2026-12-22,,HOUSE OF BLUES CONCERTS (HOB),78330.0,70430.0,0.0,0,0,0,2,0,0,US,Club
Chris &amp; Rich Robinson,2026,2026-12-22,,HOUSE OF BLUES CONCERTS (HOB),0.0,0.0,0.0,0,0,0,2,0,0,US,Club
Night Lovell,2026,2026-12-22,,LIVE NATION CANADA (LN),250188.22,142802.5,0.0,0,0,6,15,0,1,International,Theater
Trans-Siberian Orchestra,2026,2026-12-23,,LIVE NATION MUSIC,60413990.78,69204633.87,42632080.53,0,911,47,1,0,15,US,Arena
Trans-Siberian Orchestra,2026,2026-12-23,,LIVE NATION MUSIC,60413990.78,69204633.87,42632080.53,0,911,47,1,0,15,US,Arena
The Boys,2026,2026-12-23,,HOUSE OF BLUES CONCERTS (HOB),0.0,0.0,0.0,0,0,1,0,0,0,US,Theater
Trans-Siberian Orchestra,2026,2026-12-23,,LIVE NATION MUSIC,60413990.78,69204633.87,42632080.53,0,911,47,1,0,15,US,Arena
Trans-Siberian Orchestra,2026,2026-12-23,,LIVE NATION MUSIC,60413990.78,69204633.87,42632080.53,0,911,47,1,0,15,US,Arena
Straight No Chaser,2026,2026-12-23,,LIVE NATION MUSIC,2299805.32,4207526.41,4491645.23,15,31,600,29,0,23,US,Theater
Lindsey Stirling,2026,2026-12-23,,LIVE NATION MUSIC,4394676.7,19515458.61,11167790.81,62,75,205,81,2,17,US,Theater
Hunxho,2026,2026-12-23,,HOUSE OF BLUES CONCERTS (HOB),78330.0,70430.0,0.0,0,0,0,2,0,0,US,Club
Lindsey Stirling,2026,2026-12-23,,LIVE NATION MUSIC,4394676.7,19515458.61,11167790.81,62,75,205,81,2,17,US,Theater
Jeff &amp; Sheri Easter,2026,2026-12-23,,LIVE NATION MUSIC,0.0,17572.3,0.0,0,0,2,0,0,0,US,Theater
NU,2026,2026-12-24,,LIVE NATION MUSIC,0.0,0.0,0.0,0,0,0,1,0,0,US,Club
Trans-Siberian Orchestra,2026,2026-12-26,,FRANK PRODUCTIONS,60413990.78,69204633.87,42632080.53,0,911,47,1,0,15,US,Arena
Mannheim Steamroller,2026,2026-12-26,,LIVE NATION MUSIC,9970694.32,10547142.94,10769263.45,3,175,866,9,0,25,US,Theater
Backstreet Boys,2026,2026-12-26,,LIVE NATION MUSIC,65138687.18,0.0,42749575.69,70,246,48,2,11,10,US,Arena
Trans-Siberian Orchestra,2026,2026-12-26,,FRANK PRODUCTIONS,60413990.78,69204633.87,42632080.53,0,911,47,1,0,15,US,Arena
Get The Led Out,2026,2026-12-26,,LIVE NATION MUSIC,3814847.0,4311871.59,3899697.73,73,8,482,140,2,34,US,Theater
Steve Aoki,2026,2026-12-26,,LIVE NATION MUSIC,1015049.0,331427.0,851696.9,2,21,85,201,6,145,US,Club
Multunes,2026,2026-12-26,,DF CONCERTS,0.0,0.0,0.0,0,0,1,0,0,0,International,Theater
Coco,2026,2026-12-26,,OCESA,9800.75,4004.47,0.0,0,0,0,4,0,0,International,Club
Trans-Siberian Orchestra,2026,2026-12-27,,LIVE NATION MUSIC,60413990.78,69204633.87,42632080.53,0,911,47,1,0,15,US,Arena
Trans-Siberian Orchestra,2026,2026-12-27,,LIVE NATION MUSIC,60413990.78,69204633.87,42632080.53,0,911,47,1,0,15,US,Arena
Stars,2026,2026-12-27,,LIVE NATION MUSIC,0.0,35980.0,29820.25,0,0,21,84,0,0,US,Club
"""Southern Soul, Boots, Brunch &amp; Line Dance Party""",2026,2026-12-27,,LIVE NATION MUSIC,7285.0,0.0,0.0,0,0,0,2,0,0,US,Club
"""Southern Soul, Boots, Brunch &amp; Line Dance Party""",2026,2026-12-27,,LIVE NATION MUSIC,7285.0,0.0,0.0,0,0,0,2,0,0,US,Club
"""Southern Soul, Boots, Brunch &amp; Line Dance Party""",2026,2026-12-27,,HOUSE OF BLUES CONCERTS (HOB),7285.0,0.0,0.0,0,0,0,2,0,0,US,Club
Backstreet Boys,2026,2026-12-27,,LIVE NATION MUSIC,65138687.18,0.0,42749575.69,70,246,48,2,11,10,US,Arena
Trans-Siberian Orchestra,2026,2026-12-27,,LIVE NATION MUSIC,60413990.78,69204633.87,42632080.53,0,911,47,1,0,15,US,Arena
Trans-Siberian Orchestra,2026,2026-12-27,,LIVE NATION MUSIC,60413990.78,69204633.87,42632080.53,0,911,47,1,0,15,US,Arena
Get The Led Out,2026,2026-12-27,,LIVE NATION MUSIC,3814847.0,4311871.59,3899697.73,73,8,482,140,2,34,US,Theater
Billy Joel,2026,2026-12-27,,HOUSE OF BLUES CONCERTS (HOB),3491813.0,75703106.41,44904542.17,2,122,6,0,59,1,US,Arena
Stars,2026,2026-12-27,,LIVE NATION MUSIC,0.0,35980.0,29820.25,0,0,21,84,0,0,US,Club
Toadies,2026,2026-12-28,,HOUSE OF BLUES CONCERTS (HOB),25040.0,0.0,0.0,2,0,9,53,0,1,US,Club
Gov't Mule,2026,2026-12-28,,LIVE NATION MUSIC,654821.23,500126.15,1343458.73,33,0,120,95,1,16,US,Theater
Kinderen voor Kinderen,2026,2026-12-28,,Live Nation Venues Netherlands BV Afas Live,0.0,0.0,0.0,0,0,1,0,0,0,International,Theater
Kinderen voor Kinderen,2026,2026-12-28,,Live Nation Venues Netherlands BV Afas Live,0.0,0.0,0.0,0,0,1,0,0,0,International,Theater
Trans-Siberian Orchestra,2026,2026-12-29,,LIVE NATION MUSIC,60413990.78,69204633.87,42632080.53,0,911,47,1,0,15,US,Arena
Trans-Siberian Orchestra,2026,2026-12-29,,LIVE NATION MUSIC,60413990.78,69204633.87,42632080.53,0,911,47,1,0,15,US,Arena
Gov't Mule,2026,2026-12-29,,LIVE NATION MUSIC,654821.23,500126.15,1343458.73,33,0,120,95,1,16,US,Theater
Toadies,2026,2026-12-29,,LIVE NATION MUSIC,25040.0,0.0,0.0,2,0,9,53,0,1,US,Theater
Marc Rebillet,2026,2026-12-29,,LIVE NATION MUSIC,256237.07,1027143.47,813561.4,2,1,12,24,0,4,US,Club
Blue Dogs,2026,2026-12-29,,FRANK PRODUCTIONS,0.0,0.0,0.0,0,0,2,3,0,0,US,Theater
Pandora's Box - The Ultimate Aerosmith Tribute,2026,2026-12-29,,HOUSE OF BLUES CONCERTS (HOB),30478.61,0.0,12381.08,0,0,2,9,0,0,US,Club
Trans-Siberian Orchestra,2026,2026-12-29,,LIVE NATION CANADA (LN),60413990.78,69204633.87,42632080.53,0,911,47,1,0,15,International,Arena
Trans-Siberian Orchestra,2026,2026-12-29,,LIVE NATION CANADA (LN),60413990.78,69204633.87,42632080.53,0,911,47,1,0,15,International,Arena
Kinderen voor Kinderen,2026,2026-12-29,,Live Nation Venues Netherlands BV Afas Live,0.0,0.0,0.0,0,0,1,0,0,0,International,Theater
Kinderen voor Kinderen,2026,2026-12-29,,Live Nation Venues Netherlands BV Afas Live,0.0,0.0,0.0,0,0,1,0,0,0,International,Theater
Trans-Siberian Orchestra,2026,2026-12-30,,LIVE NATION MUSIC,60413990.78,69204633.87,42632080.53,0,911,47,1,0,15,US,Arena
Trans-Siberian Orchestra,2026,2026-12-30,,LIVE NATION MUSIC,60413990.78,69204633.87,42632080.53,0,911,47,1,0,15,US,Arena
Stars,2026,2026-12-30,,LIVE NATION MUSIC,0.0,35980.0,29820.25,0,0,21,84,0,0,US,Arena
Widespread Panic,2026,2026-12-30,,LIVE NATION MUSIC,9653571.5,2825134.0,6328087.49,96,32,157,20,4,8,US,Arena
Widespread Panic,2026,2026-12-30,,LIVE NATION MUSIC,9653571.5,2825134.0,6328087.49,96,32,157,20,4,8,US,Arena
Spoon,2026,2026-12-30,,LIVE NATION MUSIC,0.0,77161.58,230859.88,2,0,31,52,0,3,US,Theater
Jin,2026,2026-12-30,,LIVE NATION MUSIC,46010679.65,0.0,0.0,0,6,0,0,2,1,US,Arena
Marc Rebillet,2026,2026-12-30,,LIVE NATION MUSIC,256237.07,1027143.47,813561.4,2,1,12,24,0,4,US,Club
Pigeons Playing Ping Pong,2026,2026-12-30,,LIVE NATION MUSIC,446438.84,1120502.27,597257.17,4,0,20,142,2,3,US,Theater
Pigeons Playing Ping Pong,2026,2026-12-30,,LIVE NATION MUSIC,446438.84,1120502.27,597257.17,4,0,20,142,2,3,US,Theater
TopHouse,2026,2026-12-30,,LIVE NATION MUSIC,465628.3,239769.0,35292.0,1,0,7,39,1,5,US,Club
Andrew Bayer,2026,2026-12-30,,LIVE NATION CANADA (LN),7700.0,0.0,0.0,0,1,0,6,0,1,International,Club
Scratchcard Wednesday,2026,2026-12-30,,DF CONCERTS,5014.5,1635.27,3906.78,0,0,0,3,0,0,International,Club
Kinderen voor Kinderen,2026,2026-12-30,,Live Nation Venues Netherlands BV Afas Live,0.0,0.0,0.0,0,0,1,0,0,0,International,Theater
Kinderen voor Kinderen,2026,2026-12-30,,Live Nation Venues Netherlands BV Afas Live,0.0,0.0,0.0,0,0,1,0,0,0,International,Theater
Backstreet Boys,2026,2026-12-31,,LIVE NATION MUSIC,65138687.18,0.0,42749575.69,70,246,48,2,11,10,US,Arena
Flatland Cavalry,2026,2026-12-31,,EMPORIUM PRESENTS,859529.3,1784450.86,247872.0,10,1,15,38,0,5,US,Arena
Gov't Mule,2026,2026-12-31,,LIVE NATION MUSIC,654821.23,500126.15,1343458.73,33,0,120,95,1,16,US,Theater
The Avett Brothers,2026,2026-12-31,,LIVE NATION MUSIC,4437914.83,7207733.859999999,3925516.5,138,102,134,31,1,25,US,Arena
DJ Cassidy,2026,2026-12-31,,LIVE NATION MUSIC,0.0,664466.75,895139.5,0,1,3,0,0,0,US,Theater
The Polish Ambassador,2026,2026-12-31,,LIVE NATION MUSIC,282906.0,80535.0,32049.0,6,0,11,76,0,4,US,Theater
Dark Star Orchestra,2026,2026-12-31,,LIVE NATION MUSIC,1550997.72,5590344.75,2726147.02,66,2,252,356,11,32,US,Theater
Pigeons Playing Ping Pong,2026,2026-12-31,,LIVE NATION MUSIC,446438.84,1120502.27,597257.17,4,0,20,142,2,3,US,Club
Kenny &amp; Dolly,2026,2026-12-31,,LIVE NATION MUSIC,15909.5,0.0,0.0,0,0,1,0,0,0,US,Theater
Widespread Panic,2026,2026-12-31,,LIVE NATION MUSIC,9653571.5,2825134.0,6328087.49,96,32,157,20,4,8,US,Arena
Sevendust,2026,2026-12-31,,HOUSE OF BLUES CONCERTS (HOB),170093.58000000002,0.0,0.0,0,2,20,79,0,6,US,Club
Futurebirds,2026,2026-12-31,,FRANK PRODUCTIONS,115808.0,200201.0,139862.02000000002,0,0,9,88,0,1,US,Theater
Marc Rebillet,2026,2026-12-31,,LIVE NATION MUSIC,256237.07,1027143.47,813561.4,2,1,12,24,0,4,US,Club
Red Wanting Blue,2026,2026-12-31,,HOUSE OF BLUES CONCERTS (HOB),23414.8,29452.58,10430.0,0,0,8,64,0,4,US,Club
The Meters,2026,2026-12-31,,LIVE NATION MUSIC,0.0,0.0,0.0,0,0,2,0,0,0,US,Theater
Trish Toledo,2026,2026-12-31,,LIVE NATION MUSIC,0.0,29875.0,7090.0,0,0,0,3,0,0,US,Theater
The Hooten Hallers,2026,2026-12-31,,FRANK PRODUCTIONS,3258.0,7376.0,2828.5,0,0,0,13,0,3,US,Club
TopHouse,2026,2026-12-31,,LIVE NATION MUSIC,465628.3,239769.0,35292.0,1,0,7,39,1,5,US,Club
Magoo,2026,2026-12-31,,LIVE NATION MUSIC,28982.74,3015.0,0.0,0,0,2,28,0,2,US,Club
Cro,2026,2026-12-31,,LIVE NATION MUSIC,2149149.04,3936706.68,1670698.03,4,19,0,3,2,7,US,Arena
Whethan,2026,2026-12-31,,LIVE NATION MUSIC,0.0,14505.0,0.0,0,0,2,31,0,1,US,Club
Whethan,2026,2026-12-31,,LIVE NATION MUSIC,0.0,14505.0,0.0,0,0,2,31,0,1,US,Club
"Shrimpnose, Joe Nora, Somni",2026,2026-12-31,,LIVE NATION MUSIC,0.0,0.0,0.0,0,0,0,1,0,0,US,Arena
Once &amp; Future Band,2026,2026-12-31,,MCD PRODUCTIONS,0.0,0.0,0.0,0,0,0,1,0,0,International,Club
Any Given Day,2026,2026-12-31,,Live Nation,0.0,18616.83,0.0,0,0,1,3,0,0,International,Club
