artist,event year,event date,event quarter,promoter name,2025 gross,2024 gross,2023 gross,Amphitheatre,Arena,Theater,Club,Stadium,other,Most likely venue
Backstreet Boys,2027,2027-01-01,,LIVE NATION MUSIC,65138687.18,0.0,42749575.69,70,246,48,2,11,10,Arena
DJ Cassidy,2027,2027-01-01,,LIVE NATION MUSIC,0.0,664466.75,895139.5,0,1,3,0,0,0,Theater
Dark Star Orchestra,2027,2027-01-01,,LIVE NATION MUSIC,1550997.72,5590344.75,2726147.02,66,2,252,356,11,32,Theater
"Shrimpnose, Joe Nora, Somni",2027,2027-01-01,,LIVE NATION MUSIC,0.0,0.0,0.0,0,0,0,1,0,0,Arena
Backstreet Boys,2027,2027-01-02,,LIVE NATION MUSIC,65138687.18,0.0,42749575.69,70,246,48,2,11,10,Arena
Neurosis,2027,2027-01-02,,LIVE NATION MUSIC,0.0,0.0,0.0,0,0,1,22,0,0,Club
Dark Star Orchestra,2027,2027-01-02,,LIVE NATION MUSIC,1550997.72,5590344.75,2726147.02,66,2,252,356,11,32,Theater
Gin &amp; Moonshine,2027,2027-01-02,,LIVE NATION MUSIC,0.0,0.0,0.0,0,0,1,0,0,0,Theater
3BallMTY,2027,2027-01-02,,LIVE NATION MUSIC,42432.0,0.0,0.0,0,0,0,3,0,0,Club
3BallMTY,2027,2027-01-02,,LIVE NATION MUSIC,42432.0,0.0,0.0,0,0,0,3,0,0,Club
The Bridge City Sinners,2027,2027-01-02,,LIVE NATION CANADA (LN),17580.0,43965.12,64605.0,0,0,2,18,0,2,Club
Lord Huron,2027,2027-01-05,,LIVE NATION CANADA (LN),9005021.75,1783437.4,653823.52,34,6,50,96,2,12,Theater
Lord Huron,2027,2027-01-06,,LIVE NATION CANADA (LN),9005021.75,1783437.4,653823.52,34,6,50,96,2,12,Theater
Left &amp; Right,2027,2027-01-07,,LIVE NATION MUSIC,0.0,0.0,0.0,0,0,0,1,0,0,Theater
Black Veil Brides,2027,2027-01-07,,MCD PRODUCTIONS,0.0,128076.4,750431.12,0,6,24,65,0,0,Theater
Yacht Rock Revue,2027,2027-01-08,,LIVE NATION MUSIC,1682225.71,924667.35,2361704.07,27,0,59,134,0,13,Club
Fleetwood Mac,2027,2027-01-08,,LIVE NATION MUSIC,0.0,35419.68,0.0,4,206,1,0,3,1,Arena
"""Past, Present, Future: A Dance Gala""",2027,2027-01-08,,FRANK PRODUCTIONS,0.0,0.0,0.0,0,0,1,0,0,0,Theater
"""Past, Present, Future: A Dance Gala""",2027,2027-01-08,,FRANK PRODUCTIONS,0.0,0.0,0.0,0,0,1,0,0,0,Theater
Led Zeppelin 2,2027,2027-01-08,,LIVE NATION MUSIC,0.0,37262.0,2836.0,0,0,3,42,0,0,Club
Led Zeppelin 2,2027,2027-01-08,,LIVE NATION MUSIC,0.0,37262.0,2836.0,0,0,3,42,0,0,Club
Taylor &amp; The Wild Now,2027,2027-01-08,,LIVE NATION MUSIC,0.0,0.0,0.0,0,0,0,3,0,0,Club
Hairball,2027,2027-01-08,,LIVE NATION MUSIC,214776.9,887207.0,802869.13,7,39,62,34,1,12,Arena
Black Jacket Symphony,2027,2027-01-08,,EMPORIUM PRESENTS,766104.4,782504.15,627644.4,0,0,136,38,0,1,Arena
Xperience,2027,2027-01-08,,FRANK PRODUCTIONS,0.0,0.0,0.0,0,0,0,2,0,0,Theater
"Joey Fatone, AJ McLean",2027,2027-01-08,,LIVE NATION MUSIC,0.0,1007339.51,0.0,1,0,6,2,0,0,Theater
"Tres Clásicos del Rock - Tributo a The Doors, The Beatles &amp; Toncho Pilatos",2027,2027-01-08,,LIVE NATION MUSIC,0.0,0.0,13766.52,0,0,1,0,0,0,Theater
"Tres Clásicos del Rock - Tributo a The Doors, The Beatles &amp; Toncho Pilatos",2027,2027-01-08,,LIVE NATION MUSIC,0.0,0.0,13766.52,0,0,1,0,0,0,Theater
Marianas Trench,2027,2027-01-08,,LIVE NATION MUSIC,521250.96,502970.06,0.0,3,42,24,47,0,1,Theater
Supersonic,2027,2027-01-08,,LIVE NATION CANADA (LN),0.0,0.0,0.0,0,0,0,1,0,0,Club
CID,2027,2027-01-09,,LIVE NATION MUSIC,6900.0,0.0,310.0,0,0,0,5,0,0,Club
Yacht Rock Revue,2027,2027-01-09,,LIVE NATION MUSIC,1682225.71,924667.35,2361704.07,27,0,59,134,0,13,Club
STELLA LEFTY,2027,2027-01-09,,LIVE NATION MUSIC,0.0,0.0,0.0,0,0,0,1,0,0,Club
"""Past, Present, Future: A Dance Gala""",2027,2027-01-09,,FRANK PRODUCTIONS,0.0,0.0,0.0,0,0,1,0,0,0,Theater
Black Jacket Symphony,2027,2027-01-09,,EMPORIUM PRESENTS,766104.4,782504.15,627644.4,0,0,136,38,0,1,Arena
Ninajirachi,2027,2027-01-09,,LIVE NATION MUSIC,31299.82,0.0,713.04,0,0,4,4,0,0,Club
Led Zeppelin 2,2027,2027-01-09,,LIVE NATION MUSIC,0.0,37262.0,2836.0,0,0,3,42,0,0,Club
Fleetwood Mac,2027,2027-01-09,,FRANK PRODUCTIONS,0.0,35419.68,0.0,4,206,1,0,3,1,Theater
Meredith Marks,2027,2027-01-09,,LIVE NATION MUSIC,0.0,0.0,0.0,0,0,0,1,0,0,Club
Fleetwood Mac,2027,2027-01-09,,LIVE NATION MUSIC,0.0,35419.68,0.0,4,206,1,0,3,1,Theater
R&amp;B Vibes Live,2027,2027-01-09,,LIVE NATION MUSIC,0.0,0.0,0.0,0,0,0,2,0,0,Theater
Deep Cuts,2027,2027-01-09,,FRANK PRODUCTIONS,0.0,0.0,0.0,0,0,0,3,0,0,Theater
R&amp;B Vibes Live,2027,2027-01-09,,LIVE NATION MUSIC,0.0,0.0,0.0,0,0,0,2,0,0,Theater
Supersonic,2027,2027-01-09,,LIVE NATION CANADA (LN),0.0,0.0,0.0,0,0,0,1,0,0,Theater
Mary Coughlan,2027,2027-01-09,,MCD PRODUCTIONS,0.0,48341.47,0.0,0,0,3,0,0,0,Theater
Lord Huron,2027,2027-01-10,,LIVE NATION MUSIC,9005021.75,1783437.4,653823.52,34,6,50,96,2,12,Club
Yacht Rock Revue,2027,2027-01-10,,LIVE NATION MUSIC,1682225.71,924667.35,2361704.07,27,0,59,134,0,13,Club
Sawyer Hill,2027,2027-01-10,,MCD PRODUCTIONS,37539.14,18871.47,0.0,0,0,1,10,0,0,Club
Isaiah Rashad,2027,2027-01-10,,MCD PRODUCTIONS,0.0,274022.0,388038.79,0,1,16,46,0,0,Theater
Black Veil Brides,2027,2027-01-10,,LIVE NATION MUSIC UK LTD,0.0,128076.4,750431.12,0,6,24,65,0,0,Theater
Bright Eyes,2027,2027-01-11,,LIVE NATION MUSIC,1167935.45,0.0,334447.0,9,0,29,34,2,7,Club
Lord Huron,2027,2027-01-11,,LIVE NATION MUSIC,9005021.75,1783437.4,653823.52,34,6,50,96,2,12,Club
Black Veil Brides,2027,2027-01-11,,LIVE NATION MUSIC UK LTD,0.0,128076.4,750431.12,0,6,24,65,0,0,Club
Bright Eyes,2027,2027-01-12,,LIVE NATION MUSIC,1167935.45,0.0,334447.0,9,0,29,34,2,7,Club
Olivia Rodrigo,2027,2027-01-12,,LIVE NATION MUSIC,23420107.2,169307085.8,0.0,0,68,10,2,5,1,Arena
Lord Huron,2027,2027-01-12,,LIVE NATION MUSIC,9005021.75,1783437.4,653823.52,34,6,50,96,2,12,Club
STELLA LEFTY,2027,2027-01-12,,LIVE NATION CANADA (LN),0.0,0.0,0.0,0,0,0,1,0,0,Club
Black Veil Brides,2027,2027-01-12,,"LIVE NATION UK FOR ARTIST, TOUR, FESTIVAL AND PRESALE NEWS",0.0,128076.4,750431.12,0,6,24,65,0,0,Club
Imminence,2027,2027-01-12,,"LIVE NATION UK FOR ARTIST, TOUR, FESTIVAL AND PRESALE NEWS",470438.32,155312.11,0.0,0,0,3,36,0,15,Club
Olivia Rodrigo,2027,2027-01-13,,LIVE NATION MUSIC,23420107.2,169307085.8,0.0,0,68,10,2,5,1,Arena
STELLA LEFTY,2027,2027-01-13,,LIVE NATION CANADA (LN),0.0,0.0,0.0,0,0,0,1,0,0,Club
Meredith Marks,2027,2027-01-13,,LIVE NATION CANADA (LN),0.0,0.0,0.0,0,0,0,1,0,0,Club
Adéla,2027,2027-01-13,,MCD PRODUCTIONS,0.0,0.0,0.0,0,0,0,1,0,0,Theater
Imminence,2027,2027-01-13,,LIVE NATION MUSIC UK LTD,470438.32,155312.11,0.0,0,0,3,36,0,15,Club
Bright Eyes,2027,2027-01-14,,LIVE NATION MUSIC,1167935.45,0.0,334447.0,9,0,29,34,2,7,Club
Once &amp; Future Band,2027,2027-01-14,,LIVE NATION MUSIC,0.0,0.0,0.0,0,0,0,1,0,0,Club
Rob Thomas,2027,2027-01-14,,LIVE NATION MUSIC,5097385.08,1905526.25,571162.5,11,10,67,18,3,8,Theater
Es Show,2027,2027-01-14,,LIVE NATION MUSIC,0.0,0.0,16897.46,0,0,1,0,0,0,Theater
"Mic Crenshaw, Special Guests",2027,2027-01-14,,LIVE NATION MUSIC,0.0,0.0,0.0,0,0,0,1,0,0,Club
Jesse Cook,2027,2027-01-14,,LIVE NATION MUSIC,90288.01,289718.41,497600.25,2,0,150,57,0,4,Theater
Jesse Cook,2027,2027-01-14,,LIVE NATION MUSIC,90288.01,289718.41,497600.25,2,0,150,57,0,4,Theater
Jesse Cook,2027,2027-01-14,,LIVE NATION MUSIC,90288.01,289718.41,497600.25,2,0,150,57,0,4,Theater
Adéla,2027,2027-01-14,,MCD PRODUCTIONS,0.0,0.0,0.0,0,0,0,1,0,0,Theater
aespa,2027,2027-01-14,,LIVE NATION MUSIC UK LTD,14143082.18,2543904.85,5743138.49,0,16,7,1,0,0,Arena
aespa,2027,2027-01-14,,LIVE NATION MUSIC UK LTD,14143082.18,2543904.85,5743138.49,0,16,7,1,0,0,Arena
Black Veil Brides,2027,2027-01-14,,"LIVE NATION UK FOR ARTIST, TOUR, FESTIVAL AND PRESALE NEWS",0.0,128076.4,750431.12,0,6,24,65,0,0,Club
Eagles,2027,2027-01-15,,LIVE NATION MUSIC,132995245.27,168150846.73,118468239.25,8,369,2,0,28,5,Arena
Elvis &amp; Friends by Hector Ortiz,2027,2027-01-15,,LIVE NATION MUSIC,0.0,51323.01,0.0,0,1,1,1,0,0,Arena
Ninajirachi,2027,2027-01-15,,LIVE NATION MUSIC,31299.82,0.0,713.04,0,0,4,4,0,0,Club
Rob Thomas,2027,2027-01-15,,LIVE NATION MUSIC,5097385.08,1905526.25,571162.5,11,10,67,18,3,8,Arena
Black Jacket Symphony,2027,2027-01-15,,EMPORIUM PRESENTS,766104.4,782504.15,627644.4,0,0,136,38,0,1,Theater
Atmosphere,2027,2027-01-15,,FRANK PRODUCTIONS,807138.44,892702.91,342711.76,11,7,35,156,0,7,Club
"Me, Grimlock!",2027,2027-01-15,,LIVE NATION MUSIC,198.0,0.0,0.0,0,0,0,1,0,0,Club
Once &amp; Future Band,2027,2027-01-15,,LIVE NATION MUSIC,0.0,0.0,0.0,0,0,0,1,0,0,Arena
Ra,2027,2027-01-15,,LIVE NATION MUSIC,910.56,0.0,0.0,0,0,0,2,0,0,Club
"""British Rock Royalty - Celebrating The Music Of Pink Floyd, Queen, The Who &amp; Led Zeppelin""",2027,2027-01-15,,LIVE NATION MUSIC,0.0,0.0,0.0,1,0,2,0,0,0,Theater
Jesse Cook,2027,2027-01-15,,LIVE NATION MUSIC,90288.01,289718.41,497600.25,2,0,150,57,0,4,Theater
Jesse Cook,2027,2027-01-15,,LIVE NATION MUSIC,90288.01,289718.41,497600.25,2,0,150,57,0,4,Theater
John Cameron Mitchell,2027,2027-01-15,,LIVE NATION MUSIC,0.0,0.0,41390.0,0,0,3,8,0,0,Theater
STELLA LEFTY,2027,2027-01-15,,EVENKO CO-PRO WITH LIVE NATION,0.0,0.0,0.0,0,0,0,1,0,0,Club
3 Inches Of Blood,2027,2027-01-15,,LIVE NATION CANADA (LN),0.0,24888.58,0.0,0,0,1,7,0,1,Club
Wage War,2027,2027-01-15,,LIVE NATION MUSIC UK LTD,0.0,250965.5,163464.08000000002,0,1,4,25,0,1,Club
Catch Your Breath,2027,2027-01-15,,"LIVE NATION UK FOR ARTIST, TOUR, FESTIVAL AND PRESALE NEWS",10444.0,0.0,0.0,0,0,0,6,0,0,Club
Black Veil Brides,2027,2027-01-15,,LIVE NATION MUSIC UK LTD,0.0,128076.4,750431.12,0,6,24,65,0,0,Club
Amani Burnham,2027,2027-01-16,,LIVE NATION MUSIC,0.0,0.0,0.0,0,0,0,0,0,1,Other
Eagles,2027,2027-01-16,,LIVE NATION MUSIC,132995245.27,168150846.73,118468239.25,8,369,2,0,28,5,Arena
Olivia Rodrigo,2027,2027-01-16,,LIVE NATION MUSIC,23420107.2,169307085.8,0.0,0,68,10,2,5,1,Arena
Ra,2027,2027-01-16,,LIVE NATION MUSIC,910.56,0.0,0.0,0,0,0,2,0,0,Arena
Rob Thomas,2027,2027-01-16,,LIVE NATION MUSIC,5097385.08,1905526.25,571162.5,11,10,67,18,3,8,Theater
Black Jacket Symphony,2027,2027-01-16,,FRANK PRODUCTIONS,766104.4,782504.15,627644.4,0,0,136,38,0,1,Theater
Zeppelin USA,2027,2027-01-16,,LIVE NATION MUSIC,18890.0,20398.0,108379.5,0,0,6,8,0,0,Club
The Phil Collins Experience,2027,2027-01-16,,LIVE NATION MUSIC,163970.34,130198.6,19667.0,1,0,12,2,0,1,Theater
Rav,2027,2027-01-16,,LIVE NATION MUSIC,0.0,0.0,7775.0,0,0,0,4,0,0,Club
Pink Floyd Laser Spectacular,2027,2027-01-16,,LIVE NATION MUSIC,194055.0,268761.9,309460.05,6,7,75,33,0,11,Theater
Eli,2027,2027-01-16,,LIVE NATION MUSIC,0.0,0.0,0.0,0,0,0,1,0,0,Theater
ALL,2027,2027-01-16,,LIVE NATION MUSIC,0.0,0.0,0.0,0,0,0,2,0,0,Theater
SL,2027,2027-01-16,,LIVE NATION MUSIC,3100.02,0.0,104470.61,0,0,4,5,0,1,Club
Devin Cuddy Band,2027,2027-01-16,,LIVE NATION MUSIC,0.0,0.0,0.0,0,0,1,0,0,0,Theater
3 Inches Of Blood,2027,2027-01-16,,LIVE NATION CANADA (LN),0.0,24888.58,0.0,0,0,1,7,0,1,Club
aespa,2027,2027-01-16,,LIVE NATION MUSIC UK LTD,14143082.18,2543904.85,5743138.49,0,16,7,1,0,0,Arena
Five Finger Death Punch,2027,2027-01-16,,LIVE NATION MUSIC UK LTD,485138.13,5167906.39,0.0,12,74,25,39,1,4,Arena
Five Finger Death Punch,2027,2027-01-16,,LIVE NATION MUSIC UK LTD,485138.13,5167906.39,0.0,12,74,25,39,1,4,Arena
Wage War,2027,2027-01-16,,LIVE NATION MUSIC UK LTD,0.0,250965.5,163464.08000000002,0,1,4,25,0,1,Club
Holly Humberstone,2027,2027-01-16,,"LIVE NATION UK FOR ARTIST, TOUR, FESTIVAL AND PRESALE NEWS",0.0,556625.21,30671.33,0,0,5,29,0,0,Club
Black Veil Brides,2027,2027-01-16,,LIVE NATION MUSIC UK LTD,0.0,128076.4,750431.12,0,6,24,65,0,0,Club
Olivia Rodrigo,2027,2027-01-17,,LIVE NATION MUSIC,23420107.2,169307085.8,0.0,0,68,10,2,5,1,Arena
STELLA LEFTY,2027,2027-01-17,,LIVE NATION MUSIC,0.0,0.0,0.0,0,0,0,1,0,0,Theater
"The A, B, C &amp; D Of Boogie Woogie",2027,2027-01-17,,LIVE NATION MUSIC,0.0,0.0,0.0,0,0,0,1,0,0,Theater
Sons,2027,2027-01-17,,FRANK PRODUCTIONS,6417.28,0.0,0.0,0,0,0,4,0,0,Theater
Jesse Cook,2027,2027-01-17,,LIVE NATION MUSIC,90288.01,289718.41,497600.25,2,0,150,57,0,4,Theater
Missio,2027,2027-01-17,,HOUSE OF BLUES CONCERTS (HOB),0.0,21443.08,0.0,0,0,2,28,0,2,Club
Five Finger Death Punch,2027,2027-01-17,,LIVE NATION MUSIC UK LTD,485138.13,5167906.39,0.0,12,74,25,39,1,4,Arena
Five Finger Death Punch,2027,2027-01-17,,LIVE NATION MUSIC UK LTD,485138.13,5167906.39,0.0,12,74,25,39,1,4,Arena
Wage War,2027,2027-01-17,,LIVE NATION MUSIC UK LTD,0.0,250965.5,163464.08000000002,0,1,4,25,0,1,Club
Dave Hause,2027,2027-01-17,,DF CONCERTS,61081.71,114963.8,0.0,0,0,5,52,0,25,Club
Holly Humberstone,2027,2027-01-17,,"LIVE NATION UK FOR ARTIST, TOUR, FESTIVAL AND PRESALE NEWS",0.0,556625.21,30671.33,0,0,5,29,0,0,Club
Adéla,2027,2027-01-17,,DF CONCERTS,0.0,0.0,0.0,0,0,0,1,0,0,Club
STELLA LEFTY,2027,2027-01-19,,LIVE NATION MUSIC,0.0,0.0,0.0,0,0,0,1,0,0,Club
"The Milk Carton Kids, Sierra Hull",2027,2027-01-19,,MCD PRODUCTIONS,0.0,0.0,0.0,0,0,1,0,0,0,Theater
Olivia Rodrigo,2027,2027-01-20,,LIVE NATION MUSIC,23420107.2,169307085.8,0.0,0,68,10,2,5,1,Arena
STELLA LEFTY,2027,2027-01-20,,LIVE NATION MUSIC,0.0,0.0,0.0,0,0,0,1,0,0,Club
Santana,2027,2027-01-20,,HOUSE OF BLUES CONCERTS (HOB),10372269.62,0.0,3349278.95,59,103,47,16,7,8,Arena
Leo Kottke,2027,2027-01-20,,FRANK PRODUCTIONS,99974.75,170525.5,103871.0,1,0,68,81,0,3,Theater
Yacht Rock Revue,2027,2027-01-20,,LIVE NATION MUSIC,1682225.71,924667.35,2361704.07,27,0,59,134,0,13,Amphitheatre
Yacht Rock Revue,2027,2027-01-20,,LIVE NATION MUSIC,1682225.71,924667.35,2361704.07,27,0,59,134,0,13,Amphitheatre
Jesse Cook,2027,2027-01-20,,LIVE NATION MUSIC,90288.01,289718.41,497600.25,2,0,150,57,0,4,Theater
almost monday,2027,2027-01-20,,MCD PRODUCTIONS,58670.4,0.0,2884.0,0,0,0,9,0,1,Club
Holly Humberstone,2027,2027-01-20,,MCD PRODUCTIONS,0.0,556625.21,30671.33,0,0,5,29,0,0,Theater
Wage War,2027,2027-01-20,,LIVE NATION MUSIC UK LTD,0.0,250965.5,163464.08000000002,0,1,4,25,0,1,Club
julie,2027,2027-01-21,,LIVE NATION MUSIC,96153.31,69155.0,11485.740000000002,0,0,4,9,0,0,Theater
Olivia Rodrigo,2027,2027-01-21,,LIVE NATION MUSIC,23420107.2,169307085.8,0.0,0,68,10,2,5,1,Arena
Santana,2027,2027-01-21,,HOUSE OF BLUES CONCERTS (HOB),10372269.62,0.0,3349278.95,59,103,47,16,7,8,Arena
Dylan Scott,2027,2027-01-21,,LIVE NATION MUSIC,1081569.85,344692.27,235879.0,2,6,6,28,0,6,Club
Jesse Cook,2027,2027-01-21,,LIVE NATION MUSIC,90288.01,289718.41,497600.25,2,0,150,57,0,4,Club
"Jagged Edge, Dru Hill",2027,2027-01-21,,LIVE NATION CANADA (LN),0.0,0.0,0.0,0,1,0,0,0,0,Arena
Ninajirachi,2027,2027-01-21,,LIVE NATION CANADA (LN),31299.82,0.0,713.04,0,0,4,4,0,0,Club
Electric Callboy,2027,2027-01-21,,MCD PRODUCTIONS,5718524.73,3961061.36,2684526.25,2,25,9,19,0,2,Arena
Eagles,2027,2027-01-22,,LIVE NATION MUSIC,132995245.27,168150846.73,118468239.25,8,369,2,0,28,5,Arena
STELLA LEFTY,2027,2027-01-22,,LIVE NATION MUSIC,0.0,0.0,0.0,0,0,0,1,0,0,Club
"""AMA Music Festival"", Alan Walker",2027,2027-01-22,,LIVE NATION MUSIC,0.0,0.0,0.0,0,0,0,0,0,1,Amphitheatre
julie,2027,2027-01-22,,LIVE NATION MUSIC,96153.31,69155.0,11485.740000000002,0,0,4,9,0,0,Theater
Ra,2027,2027-01-22,,HOUSE OF BLUES CONCERTS (HOB),910.56,0.0,0.0,0,0,0,2,0,0,Club
Dylan Scott,2027,2027-01-22,,LIVE NATION MUSIC,1081569.85,344692.27,235879.0,2,6,6,28,0,6,Club
Meredith Marks,2027,2027-01-22,,LIVE NATION MUSIC,0.0,0.0,0.0,0,0,0,1,0,0,Theater
Taylor Simon King,2027,2027-01-22,,FRANK PRODUCTIONS,17751.0,39932.7,0.0,0,0,1,1,0,0,Theater
Rav,2027,2027-01-22,,LIVE NATION MUSIC,0.0,0.0,7775.0,0,0,0,4,0,0,Club
Iron Maiden,2027,2027-01-22,,LIVE NATION MUSIC,101820128.39,66715059.9,43129700.35,63,249,3,2,90,7,Theater
Madds Buckley,2027,2027-01-22,,LIVE NATION MUSIC,0.0,3020.0,0.0,0,0,1,0,0,0,Theater
Boy Golden,2027,2027-01-22,,LIVE NATION MUSIC,0.0,25737.07,428.0,0,0,2,0,0,1,Theater
Boy Golden,2027,2027-01-22,,LIVE NATION MUSIC,0.0,25737.07,428.0,0,0,2,0,0,1,Theater
April Wine,2027,2027-01-22,,LIVE NATION CANADA (LN),34519.0,52015.58,31760.44,1,0,6,8,0,5,Club
Hilary Duff,2027,2027-01-22,,LIVE NATION CANADA (LN),0.0,0.0,0.0,22,2,1,0,0,0,Arena
Ninajirachi,2027,2027-01-22,,LIVE NATION CANADA (LN),31299.82,0.0,713.04,0,0,4,4,0,0,Club
Anthony Gomes,2027,2027-01-22,,MCD PRODUCTIONS,10620.0,3435.0,0.0,0,0,8,20,0,2,Club
Five Finger Death Punch,2027,2027-01-22,,LIVE NATION MUSIC UK LTD,485138.13,5167906.39,0.0,12,74,25,39,1,4,Arena
Black Stone Cherry,2027,2027-01-22,,LIVE NATION MUSIC UK LTD,50036.0,706530.44,586709.16,0,14,10,47,0,3,Club
Boys Of Fall,2027,2027-01-23,,LIVE NATION MUSIC,0.0,0.0,3022.0,0,0,0,1,0,0,Club
Eagles,2027,2027-01-23,,LIVE NATION MUSIC,132995245.27,168150846.73,118468239.25,8,369,2,0,28,5,Arena
Joyce Manor,2027,2027-01-23,,LIVE NATION MUSIC,33600.0,29212.5,32432.0,0,0,5,53,0,1,Club
STELLA LEFTY,2027,2027-01-23,,LIVE NATION MUSIC,0.0,0.0,0.0,0,0,0,1,0,0,Club
Santana,2027,2027-01-23,,HOUSE OF BLUES CONCERTS (HOB),10372269.62,0.0,3349278.95,59,103,47,16,7,8,Arena
"""AMA Music Festival"", Alan Walker",2027,2027-01-23,,LIVE NATION MUSIC,0.0,0.0,0.0,0,0,0,0,0,1,Theater
"Mic Crenshaw, Special Guests",2027,2027-01-23,,LIVE NATION MUSIC,0.0,0.0,0.0,0,0,0,1,0,0,Arena
The 8-Bit Big Band,2027,2027-01-23,,LIVE NATION MUSIC,95821.5,0.0,0.0,0,0,1,1,0,0,Club
Corey Kent,2027,2027-01-23,,HOUSE OF BLUES CONCERTS (HOB),82481.43000000001,33691.0,44166.0,0,0,5,14,0,1,Club
Rare Earth,2027,2027-01-23,,LIVE NATION MUSIC,0.0,0.0,0.0,0,0,0,4,0,0,Arena
Dylan Scott,2027,2027-01-23,,LIVE NATION MUSIC,1081569.85,344692.27,235879.0,2,6,6,28,0,6,Theater
The Last Gang,2027,2027-01-23,,LIVE NATION MUSIC,0.0,0.0,362.36,0,0,0,1,0,1,Club
Tom Petty &amp; The Heartbreakers,2027,2027-01-23,,LIVE NATION MUSIC,0.0,0.0,0.0,31,71,1,1,3,1,Arena
Atmosphere,2027,2027-01-23,,LIVE NATION MUSIC,807138.44,892702.91,342711.76,11,7,35,156,0,7,Club
AIR,2027,2027-01-23,,LIVE NATION MUSIC,1629035.89,5729457.01,0.0,4,2,26,15,1,1,Theater
AIR,2027,2027-01-23,,LIVE NATION MUSIC,1629035.89,5729457.01,0.0,4,2,26,15,1,1,Theater
Hilary Duff,2027,2027-01-23,,LIVE NATION CANADA (LN),0.0,0.0,0.0,22,2,1,0,0,0,Arena
Five Finger Death Punch,2027,2027-01-23,,LIVE NATION MUSIC UK LTD,485138.13,5167906.39,0.0,12,74,25,39,1,4,Arena
Black Stone Cherry,2027,2027-01-23,,LIVE NATION MUSIC UK LTD,50036.0,706530.44,586709.16,0,14,10,47,0,3,Club
Tou,2027,2027-01-23,,"LIVE NATION UK FOR ARTIST, TOUR, FESTIVAL AND PRESALE NEWS",0.0,348354.82999999996,0.0,0,0,0,1,0,1,Club
SiM,2027,2027-01-23,,LIVE NATION MUSIC UK LTD,0.0,78357.29000000001,0.0,0,0,0,4,0,0,Club
Dead Poet Society,2027,2027-01-23,,Live Nation España S.A.U.,0.0,95493.81,8199.75,0,0,0,18,0,1,Club
Olivia Rodrigo,2027,2027-01-24,,LIVE NATION MUSIC,23420107.2,169307085.8,0.0,0,68,10,2,5,1,Arena
Santana,2027,2027-01-24,,HOUSE OF BLUES CONCERTS (HOB),10372269.62,0.0,3349278.95,59,103,47,16,7,8,Arena
Tommy Emmanuel,2027,2027-01-24,,FRANK PRODUCTIONS,381234.37,414263.54,630168.4299999999,0,1,267,67,0,20,Theater
BIG ASS TRUCK,2027,2027-01-24,,"LIVE NATION UK FOR ARTIST, TOUR, FESTIVAL AND PRESALE NEWS",0.0,0.0,0.0,0,0,1,0,0,0,Theater
Dead Poet Society,2027,2027-01-24,,Live Nation España S.A.U.,0.0,95493.81,8199.75,0,0,0,18,0,1,Club
Olivia Rodrigo,2027,2027-01-25,,LIVE NATION MUSIC,23420107.2,169307085.8,0.0,0,68,10,2,5,1,Arena
STELLA LEFTY,2027,2027-01-25,,LIVE NATION MUSIC,0.0,0.0,0.0,0,0,0,1,0,0,Club
"Kim Mitchell, David Wilcox",2027,2027-01-25,,LIVE NATION CANADA (LN),0.0,0.0,0.0,0,0,2,0,0,0,Theater
Black Stone Cherry,2027,2027-01-25,,LIVE NATION MUSIC UK LTD,50036.0,706530.44,586709.16,0,14,10,47,0,3,Theater
SiM,2027,2027-01-25,,LIVE NATION MUSIC UK LTD,0.0,78357.29000000001,0.0,0,0,0,4,0,0,Club
Gracie Abrams,2027,2027-01-26,,LIVE NATION MUSIC,36388724.37,5296821.61,857658.6,5,28,12,17,0,1,Arena
STELLA LEFTY,2027,2027-01-26,,LIVE NATION MUSIC,0.0,0.0,0.0,0,0,0,1,0,0,Club
Smith &amp; Liddle,2027,2027-01-26,,HOUSE OF BLUES CONCERTS (HOB),0.0,0.0,0.0,0,0,0,1,0,0,Club
Seb Lowe,2027,2027-01-26,,LIVE NATION MUSIC,8901.57,18909.11,5668.59,0,0,1,7,0,0,Theater
Yacht Rock Revue,2027,2027-01-26,,LIVE NATION MUSIC,1682225.71,924667.35,2361704.07,27,0,59,134,0,13,Theater
Celebration,2027,2027-01-26,,LIVE NATION MUSIC,0.0,0.0,0.0,0,0,0,1,0,0,Theater
Hilary Duff,2027,2027-01-26,,LIVE NATION CANADA (LN),0.0,0.0,0.0,22,2,1,0,0,0,Amphitheatre
Atmosphere,2027,2027-01-26,,LIVE NATION CANADA (LN),807138.44,892702.91,342711.76,11,7,35,156,0,7,Club
Whitechapel,2027,2027-01-26,,MCD PRODUCTIONS,378503.41,16256.84,0.0,1,0,3,80,0,4,Club
Black Stone Cherry,2027,2027-01-26,,LIVE NATION MUSIC UK LTD,50036.0,706530.44,586709.16,0,14,10,47,0,3,Club
Holly Humberstone,2027,2027-01-26,,LIVE NATION MUSIC UK LTD,0.0,556625.21,30671.33,0,0,5,29,0,0,Club
Tou,2027,2027-01-26,,LIVE NATION MUSIC UK LTD,0.0,348354.82999999996,0.0,0,0,0,1,0,1,Club
Gracie Abrams,2027,2027-01-27,,LIVE NATION MUSIC,36388724.37,5296821.61,857658.6,5,28,12,17,0,1,Arena
Santana,2027,2027-01-27,,HOUSE OF BLUES CONCERTS (HOB),10372269.62,0.0,3349278.95,59,103,47,16,7,8,Arena
,2027,2027-01-27,,LIVE NATION MUSIC,0.0,0.0,0.0,0,0,0,0,0,0,Other
Ibeyi,2027,2027-01-27,,LIVE NATION MUSIC,0.0,0.0,67870.0,1,0,4,32,0,0,Theater
Yacht Rock Revue,2027,2027-01-27,,LIVE NATION MUSIC,1682225.71,924667.35,2361704.07,27,0,59,134,0,13,Arena
Low,2027,2027-01-27,,LIVE NATION MUSIC,0.0,0.0,0.0,0,0,4,33,0,1,Club
Peace,2027,2027-01-27,,LIVE NATION MUSIC,0.0,0.0,11034.52,0,0,1,17,0,0,Club
Yacht Rock Revue,2027,2027-01-27,,LIVE NATION MUSIC,1682225.71,924667.35,2361704.07,27,0,59,134,0,13,Arena
Hilary Duff,2027,2027-01-27,,LIVE NATION CANADA (LN),0.0,0.0,0.0,22,2,1,0,0,0,Amphitheatre
Battle Beast,2027,2027-01-27,,MCD PRODUCTIONS,1214771.1,417265.55,25927.07,0,3,11,30,0,7,Theater
Two Door Cinema Club,2027,2027-01-27,,LIVE NATION MUSIC UK LTD,0.0,2811716.67,777788.89,4,7,43,87,3,5,Arena
Metallica,2027,2027-01-28,,LIVE NATION MUSIC,137107458.47,179373637.38,146435306.85,0,95,4,4,135,10,Stadium
Metallica,2027,2027-01-28,,LIVE NATION MUSIC,137107458.47,179373637.38,146435306.85,0,95,4,4,135,10,Stadium
Olivia Rodrigo,2027,2027-01-28,,LIVE NATION MUSIC,23420107.2,169307085.8,0.0,0,68,10,2,5,1,Arena
Santana,2027,2027-01-28,,HOUSE OF BLUES CONCERTS (HOB),10372269.62,0.0,3349278.95,59,103,47,16,7,8,Arena
STELLA LEFTY,2027,2027-01-28,,LIVE NATION MUSIC,0.0,0.0,0.0,0,0,0,1,0,0,Club
"The A, B, C &amp; D Of Boogie Woogie",2027,2027-01-28,,LIVE NATION MUSIC,0.0,0.0,0.0,0,0,0,1,0,0,Theater
The California Honeydrops,2027,2027-01-28,,LIVE NATION MUSIC,196173.0,360738.34,203241.5,4,0,12,81,0,1,Theater
The California Honeydrops,2027,2027-01-28,,LIVE NATION MUSIC,196173.0,360738.34,203241.5,4,0,12,81,0,1,Theater
Ibeyi,2027,2027-01-28,,LIVE NATION MUSIC,0.0,0.0,67870.0,1,0,4,32,0,0,Club
Tommy Emmanuel,2027,2027-01-28,,LIVE NATION MUSIC,381234.37,414263.54,630168.4299999999,0,1,267,67,0,20,Theater
Jesse Cook,2027,2027-01-28,,LIVE NATION MUSIC,90288.01,289718.41,497600.25,2,0,150,57,0,4,Theater
Braxton Keith,2027,2027-01-28,,LIVE NATION MUSIC,976729.78,461719.5,69209.91,1,1,10,65,0,3,Club
Tenille Townes,2027,2027-01-28,,EVENKO CO-PRO WITH LIVE NATION,0.0,146604.66,26508.27,0,0,7,8,0,1,Theater
Meredith Marks,2027,2027-01-28,,LIVE NATION CANADA (LN),0.0,0.0,0.0,0,0,0,1,0,0,Club
The Snuts,2027,2027-01-28,,MCD PRODUCTIONS,0.0,826646.8,475102.52,0,1,15,23,0,2,Club
Two Door Cinema Club,2027,2027-01-28,,"LIVE NATION UK FOR ARTIST, TOUR, FESTIVAL AND PRESALE NEWS",0.0,2811716.67,777788.89,4,7,43,87,3,5,Arena
Massive Wagons,2027,2027-01-28,,LIVE NATION MUSIC (VENUES) LTD (NEW),6473.82,30463.81,0.0,0,0,1,3,0,0,Theater
Tou,2027,2027-01-28,,"LIVE NATION UK FOR ARTIST, TOUR, FESTIVAL AND PRESALE NEWS",0.0,348354.82999999996,0.0,0,0,0,1,0,1,Club
"""Past, Present, Future: A Dance Gala""",2027,2027-01-29,,LIVE NATION MUSIC,0.0,0.0,0.0,0,0,1,0,0,0,Theater
"""Past, Present, Future: A Dance Gala""",2027,2027-01-29,,LIVE NATION MUSIC,0.0,0.0,0.0,0,0,1,0,0,0,Theater
Gracie Abrams,2027,2027-01-29,,LIVE NATION MUSIC,36388724.37,5296821.61,857658.6,5,28,12,17,0,1,Arena
Olivia Rodrigo,2027,2027-01-29,,LIVE NATION MUSIC,23420107.2,169307085.8,0.0,0,68,10,2,5,1,Arena
"Chicago, Styx",2027,2027-01-29,,LIVE NATION MUSIC,0.0,0.0,0.0,0,0,1,0,0,0,Theater
Sin Bandera,2027,2027-01-29,,LIVE NATION MUSIC,0.0,429183.87,5207476.83,2,28,22,2,2,1,Arena
Smith &amp; Liddle,2027,2027-01-29,,LIVE NATION MUSIC,0.0,0.0,0.0,0,0,0,1,0,0,Club
Meredith Marks,2027,2027-01-29,,LIVE NATION MUSIC,0.0,0.0,0.0,0,0,0,1,0,0,Club
Sons,2027,2027-01-29,,HOUSE OF BLUES CONCERTS (HOB),6417.28,0.0,0.0,0,0,0,4,0,0,Club
"The A, B, C &amp; D Of Boogie Woogie",2027,2027-01-29,,LIVE NATION MUSIC,0.0,0.0,0.0,0,0,0,1,0,0,Theater
Rav,2027,2027-01-29,,LIVE NATION MUSIC,0.0,0.0,7775.0,0,0,0,4,0,0,Club
The California Honeydrops,2027,2027-01-29,,LIVE NATION MUSIC,196173.0,360738.34,203241.5,4,0,12,81,0,1,Theater
Dan &amp; Al,2027,2027-01-29,,LIVE NATION MUSIC,5119.0,6185.05,0.0,0,0,0,6,0,0,Club
GL,2027,2027-01-29,,LIVE NATION MUSIC,0.0,0.0,0.0,0,0,0,2,0,0,Arena
Vansire,2027,2027-01-29,,LIVE NATION MUSIC,33557.01,13750.0,0.0,0,0,0,8,0,0,Theater
"Our House - A Tribute To The Music of Crosby, Stills, Nash, and Young",2027,2027-01-29,,FRANK PRODUCTIONS,25561.0,0.0,0.0,0,0,1,0,0,0,Theater
Jesse Cook,2027,2027-01-29,,LIVE NATION MUSIC,90288.01,289718.41,497600.25,2,0,150,57,0,4,Theater
Jesse Cook,2027,2027-01-29,,LIVE NATION MUSIC,90288.01,289718.41,497600.25,2,0,150,57,0,4,Arena
Ibeyi,2027,2027-01-29,,LIVE NATION MUSIC,0.0,0.0,67870.0,1,0,4,32,0,0,Club
Hilary Duff,2027,2027-01-29,,LIVE NATION CANADA (LN),0.0,0.0,0.0,22,2,1,0,0,0,Arena
The Musical Box,2027,2027-01-29,,LIVE NATION CANADA (LN),727487.62,1211966.78,1066475.68,0,6,102,42,0,4,Theater
Scouting For Girls,2027,2027-01-29,,MCD PRODUCTIONS,0.0,1210770.47,1179227.98,0,7,66,23,0,2,Theater
Good Health Good Wealth,2027,2027-01-29,,MCD PRODUCTIONS,3601.02,0.0,0.0,0,0,0,2,0,0,Club
Walt Disco,2027,2027-01-29,,"LIVE NATION UK FOR ARTIST, TOUR, FESTIVAL AND PRESALE NEWS",0.0,12425.41,1462.86,0,0,1,10,0,3,Club
Whitechapel,2027,2027-01-29,,LIVE NATION MUSIC UK LTD,378503.41,16256.84,0.0,1,0,3,80,0,4,Club
"""AMA Music Festival"", Alan Walker",2027,2027-01-30,,LIVE NATION MUSIC,0.0,0.0,0.0,0,0,0,0,0,1,Other
Black Jacket Symphony,2027,2027-01-30,,EMPORIUM PRESENTS,766104.4,782504.15,627644.4,0,0,136,38,0,1,Theater
"""Past, Present, Future: A Dance Gala""",2027,2027-01-30,,LIVE NATION MUSIC,0.0,0.0,0.0,0,0,1,0,0,0,Theater
"""Past, Present, Future: A Dance Gala""",2027,2027-01-30,,LIVE NATION MUSIC,0.0,0.0,0.0,0,0,1,0,0,0,Theater
Metallica,2027,2027-01-30,,LIVE NATION MUSIC,137107458.47,179373637.38,146435306.85,0,95,4,4,135,10,Stadium
Christine D'Clario,2027,2027-01-30,,LIVE NATION MUSIC,0.0,368239.0,0.0,0,8,4,0,0,5,Theater
Santana,2027,2027-01-30,,HOUSE OF BLUES CONCERTS (HOB),10372269.62,0.0,3349278.95,59,103,47,16,7,8,Arena
"Chicago, Styx",2027,2027-01-30,,LIVE NATION MUSIC,0.0,0.0,0.0,0,0,1,0,0,0,Theater
STELLA LEFTY,2027,2027-01-30,,HOUSE OF BLUES CONCERTS (HOB),0.0,0.0,0.0,0,0,0,1,0,0,Club
Once &amp; Future Band,2027,2027-01-30,,LIVE NATION MUSIC,0.0,0.0,0.0,0,0,0,1,0,0,Theater
Black Jacket Symphony,2027,2027-01-30,,EMPORIUM PRESENTS,766104.4,782504.15,627644.4,0,0,136,38,0,1,Theater
Meredith Marks,2027,2027-01-30,,LIVE NATION MUSIC,0.0,0.0,0.0,0,0,0,1,0,0,Club
"Jagged Edge, Dru Hill",2027,2027-01-30,,LIVE NATION MUSIC,0.0,0.0,0.0,0,1,0,0,0,0,Arena
M,2027,2027-01-30,,LIVE NATION MUSIC,0.0,0.0,286459.73,0,0,2,0,0,0,Theater
The California Honeydrops,2027,2027-01-30,,LIVE NATION MUSIC,196173.0,360738.34,203241.5,4,0,12,81,0,1,Theater
Atmosphere,2027,2027-01-30,,LIVE NATION MUSIC,807138.44,892702.91,342711.76,11,7,35,156,0,7,Club
Ra,2027,2027-01-30,,LIVE NATION MUSIC,910.56,0.0,0.0,0,0,0,2,0,0,Club
Nonpoint,2027,2027-01-30,,LIVE NATION MUSIC,196402.25,7615.0,0.0,0,0,13,65,0,1,Theater
Sons,2027,2027-01-30,,LIVE NATION MUSIC,6417.28,0.0,0.0,0,0,0,4,0,0,Theater
Jupiter Coyote,2027,2027-01-30,,FRANK PRODUCTIONS,0.0,0.0,0.0,0,0,1,1,0,0,Club
Ye,2027,2027-01-30,,LIVE NATION MUSIC,0.0,4414246.96,0.0,2,63,1,0,6,2,Arena
Marty Stuart,2027,2027-01-30,,LIVE NATION MUSIC,151442.62,0.0,251568.5,1,1,80,41,0,12,Theater
Hilary Duff,2027,2027-01-30,,LIVE NATION MUSIC,0.0,0.0,0.0,22,2,1,0,0,0,Arena
The Musical Box,2027,2027-01-30,,LIVE NATION CANADA (LN),727487.62,1211966.78,1066475.68,0,6,102,42,0,4,Theater
RØRY,2027,2027-01-30,,LIVE NATION MUSIC UK LTD,162724.57,11465.86,0.0,0,0,2,6,0,1,Club
The Scratch,2027,2027-01-30,,LIVE NATION MUSIC UK LTD,25618.32,5648.55,185084.67,0,0,3,13,0,3,Theater
SiM,2027,2027-01-30,,LIVE NATION MUSIC UK LTD,0.0,78357.29000000001,0.0,0,0,0,4,0,0,Club
Whitechapel,2027,2027-01-30,,LIVE NATION MUSIC UK LTD,378503.41,16256.84,0.0,1,0,3,80,0,4,Club
Gracie Abrams,2027,2027-01-31,,LIVE NATION MUSIC,36388724.37,5296821.61,857658.6,5,28,12,17,0,1,Arena
julie,2027,2027-01-31,,LIVE NATION MUSIC,96153.31,69155.0,11485.740000000002,0,0,4,9,0,0,Theater
Santana,2027,2027-01-31,,HOUSE OF BLUES CONCERTS (HOB),10372269.62,0.0,3349278.95,59,103,47,16,7,8,Arena
"""AMA Music Festival"", Alan Walker",2027,2027-01-31,,FRANK PRODUCTIONS,0.0,0.0,0.0,0,0,0,0,0,1,Theater
Twilight,2027,2027-01-31,,LIVE NATION MUSIC,0.0,160837.65000000002,0.0,0,0,2,0,0,0,Theater
Smith &amp; Liddle,2027,2027-01-31,,LIVE NATION MUSIC,0.0,0.0,0.0,0,0,0,1,0,0,Club
STELLA LEFTY,2027,2027-01-31,,LIVE NATION MUSIC,0.0,0.0,0.0,0,0,0,1,0,0,Theater
STELLA LEFTY,2027,2027-01-31,,LIVE NATION MUSIC,0.0,0.0,0.0,0,0,0,1,0,0,Theater
La Roux,2027,2027-01-31,,LIVE NATION CANADA (LN),0.0,0.0,0.0,1,2,16,29,0,0,Theater
Dead Poet Society,2027,2027-01-31,,MCD PRODUCTIONS,0.0,95493.81,8199.75,0,0,0,18,0,1,Club
Black Stone Cherry,2027,2027-01-31,,LIVE NATION MUSIC UK LTD,50036.0,706530.44,586709.16,0,14,10,47,0,3,Club
BIG ASS TRUCK,2027,2027-01-31,,"LIVE NATION UK FOR ARTIST, TOUR, FESTIVAL AND PRESALE NEWS",0.0,0.0,0.0,0,0,1,0,0,0,Theater
RØRY,2027,2027-01-31,,DF CONCERTS,162724.57,11465.86,0.0,0,0,2,6,0,1,Club
Whitechapel,2027,2027-01-31,,LIVE NATION MUSIC UK LTD,378503.41,16256.84,0.0,1,0,3,80,0,4,Club
Barcelona,2027,2027-01-31,,"Live Nation España No Limits, SL",0.0,0.0,0.0,0,0,0,11,0,0,Club
Gracie Abrams,2027,2027-02-01,,LIVE NATION MUSIC,36388724.37,5296821.61,857658.6,5,28,12,17,0,1,Arena
Melrose Avenue,2027,2027-02-01,,LIVE NATION MUSIC UK LTD,37415.27,0.0,0.0,0,0,1,5,0,0,Club
Lauren Sanderson,2027,2027-02-01,,"LIVE NATION UK FOR ARTIST, TOUR, FESTIVAL AND PRESALE NEWS",0.0,20673.0,22912.57,0,0,1,13,0,0,Club
Cameron Whitcomb,2027,2027-02-01,,DF CONCERTS,169356.41999999998,20541.0,0.0,0,0,5,16,0,0,Club
Whitechapel,2027,2027-02-01,,LIVE NATION MUSIC UK LTD,378503.41,16256.84,0.0,1,0,3,80,0,4,Club
Christine D'Clario,2027,2027-02-02,,LIVE NATION MUSIC,0.0,368239.0,0.0,0,8,4,0,0,5,Theater
Christine D'Clario,2027,2027-02-02,,LIVE NATION MUSIC,0.0,368239.0,0.0,0,8,4,0,0,5,Theater
Christine D'Clario,2027,2027-02-02,,LIVE NATION MUSIC,0.0,368239.0,0.0,0,8,4,0,0,5,Arena
Celebration,2027,2027-02-02,,LIVE NATION MUSIC,0.0,0.0,0.0,0,0,0,1,0,0,Theater
"""Past, Present, Future: A Dance Gala""",2027,2027-02-02,,LIVE NATION MUSIC,0.0,0.0,0.0,0,0,1,0,0,0,Theater
La Roux,2027,2027-02-02,,LIVE NATION MUSIC,0.0,0.0,0.0,1,2,16,29,0,0,Club
Nemzzz,2027,2027-02-02,,LIVE NATION MUSIC,5228.55,58225.88,0.0,0,0,0,3,0,1,Club
Hilary Duff,2027,2027-02-02,,LIVE NATION CANADA (LN),0.0,0.0,0.0,22,2,1,0,0,0,Arena
Emeli Sandé,2027,2027-02-02,,MCD PRODUCTIONS,0.0,120595.6,0.0,2,10,7,24,0,2,Theater
Black Stone Cherry,2027,2027-02-02,,LIVE NATION MUSIC UK LTD,50036.0,706530.44,586709.16,0,14,10,47,0,3,Club
"Chicago, Styx",2027,2027-02-03,,LIVE NATION MUSIC,0.0,0.0,0.0,0,0,1,0,0,0,Theater
Jesse Cook,2027,2027-02-03,,EMPORIUM PRESENTS,90288.01,289718.41,497600.25,2,0,150,57,0,4,Theater
Blue October,2027,2027-02-03,,LIVE NATION MUSIC,380805.29,725828.84,1268376.38,4,2,79,177,1,3,Theater
"The A, B, C &amp; D Of Boogie Woogie",2027,2027-02-03,,LIVE NATION MUSIC,0.0,0.0,0.0,0,0,0,1,0,0,Theater
Rayland Baxter,2027,2027-02-03,,FRANK PRODUCTIONS,149279.27,94808.0,65497.0,0,0,7,63,1,2,Theater
"The A, B, C &amp; D Of Boogie Woogie",2027,2027-02-03,,LIVE NATION MUSIC,0.0,0.0,0.0,0,0,0,1,0,0,Theater
Bo Staloch,2027,2027-02-03,,LIVE NATION TENNESSEE,35132.94,2370.0,0.0,0,0,1,10,0,0,Club
French 79,2027,2027-02-03,,LIVE NATION CANADA (LN),25948.05,92369.72,62875.06,0,1,1,9,0,1,Theater
Cameron Whitcomb,2027,2027-02-03,,MCD PRODUCTIONS,169356.41999999998,20541.0,0.0,0,0,5,16,0,0,Theater
Black Stone Cherry,2027,2027-02-03,,LIVE NATION MUSIC UK LTD,50036.0,706530.44,586709.16,0,14,10,47,0,3,Club
Melrose Avenue,2027,2027-02-03,,LIVE NATION MUSIC UK LTD,37415.27,0.0,0.0,0,0,1,5,0,0,Club
Dagny,2027,2027-02-03,,LIVE NATION MUSIC UK LTD,0.0,26519.79,0.0,0,0,3,4,0,1,Club
Lauren Sanderson,2027,2027-02-03,,LIVE NATION MUSIC UK LTD,0.0,20673.0,22912.57,0,0,1,13,0,0,Club
RØRY,2027,2027-02-03,,"LIVE NATION UK FOR ARTIST, TOUR, FESTIVAL AND PRESALE NEWS",162724.57,11465.86,0.0,0,0,2,6,0,1,Club
Dead Poet Society,2027,2027-02-03,,"LIVE NATION UK FOR ARTIST, TOUR, FESTIVAL AND PRESALE NEWS",0.0,95493.81,8199.75,0,0,0,18,0,1,Club
Metallica,2027,2027-02-04,,LIVE NATION MUSIC,137107458.47,179373637.38,146435306.85,0,95,4,4,135,10,Stadium
Metallica,2027,2027-02-04,,LIVE NATION MUSIC,137107458.47,179373637.38,146435306.85,0,95,4,4,135,10,Stadium
Yuridia,2027,2027-02-04,,LIVE NATION MUSIC,3643074.04,11045017.92,1351399.31,0,24,43,2,8,1,Theater
As I Lay Dying,2027,2027-02-04,,LIVE NATION MUSIC,7966.32,122103.5,0.0,0,2,12,56,0,1,Arena
Dylan Scott,2027,2027-02-04,,LIVE NATION MUSIC,1081569.85,344692.27,235879.0,2,6,6,28,0,6,Club
Celebration,2027,2027-02-04,,LIVE NATION MUSIC,0.0,0.0,0.0,0,0,0,1,0,0,Club
Twilight,2027,2027-02-04,,LIVE NATION MUSIC,0.0,160837.65000000002,0.0,0,0,2,0,0,0,Theater
Death From Above 1979,2027,2027-02-04,,LIVE NATION MUSIC,149301.86000000002,114819.82,16545.0,0,2,7,52,0,3,Club
Black Jacket Symphony,2027,2027-02-04,,EMPORIUM PRESENTS,766104.4,782504.15,627644.4,0,0,136,38,0,1,Theater
Blue October,2027,2027-02-04,,LIVE NATION MUSIC,380805.29,725828.84,1268376.38,4,2,79,177,1,3,Arena
Marian Hill,2027,2027-02-04,,LIVE NATION MUSIC,0.0,0.0,0.0,0,0,4,51,0,1,Club
Blue October,2027,2027-02-04,,LIVE NATION MUSIC,380805.29,725828.84,1268376.38,4,2,79,177,1,3,Arena
Hilary Duff,2027,2027-02-04,,LIVE NATION CANADA (LN),0.0,0.0,0.0,22,2,1,0,0,0,Arena
Ibeyi,2027,2027-02-04,,LIVE NATION CANADA (LN),0.0,0.0,67870.0,1,0,4,32,0,0,Club
Tyler Braden,2027,2027-02-04,,MCD PRODUCTIONS,24451.73,11568.0,0.0,0,0,2,6,0,0,Club
Melrose Avenue,2027,2027-02-04,,LIVE NATION MUSIC UK LTD,37415.27,0.0,0.0,0,0,1,5,0,0,Club
Braxton Keith,2027,2027-02-05,,LIVE NATION MUSIC,976729.78,461719.5,69209.91,1,1,10,65,0,3,Club
Lando,2027,2027-02-05,,LIVE NATION MUSIC,0.0,0.0,0.0,0,0,0,1,0,0,Club
"Chicago, Styx",2027,2027-02-05,,LIVE NATION MUSIC,0.0,0.0,0.0,0,0,1,0,0,0,Theater
Polyphia,2027,2027-02-05,,LIVE NATION MUSIC,0.0,121407.0,744654.76,0,0,3,49,0,1,Theater
Blue October,2027,2027-02-05,,LIVE NATION MUSIC,380805.29,725828.84,1268376.38,4,2,79,177,1,3,Club
Dylan Scott,2027,2027-02-05,,LIVE NATION MUSIC,1081569.85,344692.27,235879.0,2,6,6,28,0,6,Theater
Black Jacket Symphony,2027,2027-02-05,,EMPORIUM PRESENTS,766104.4,782504.15,627644.4,0,0,136,38,0,1,Theater
Death From Above 1979,2027,2027-02-05,,LIVE NATION MUSIC,149301.86000000002,114819.82,16545.0,0,2,7,52,0,3,Club
Ra,2027,2027-02-05,,LIVE NATION MUSIC,910.56,0.0,0.0,0,0,0,2,0,0,Theater
Corey Kent,2027,2027-02-05,,LIVE NATION MUSIC,82481.43000000001,33691.0,44166.0,0,0,5,14,0,1,Theater
Once &amp; Future Band,2027,2027-02-05,,LIVE NATION MUSIC,0.0,0.0,0.0,0,0,0,1,0,0,Theater
The Hur,2027,2027-02-05,,LIVE NATION MUSIC,0.0,0.0,0.0,0,0,0,1,0,0,Club
Rayland Baxter,2027,2027-02-05,,LIVE NATION TENNESSEE,149279.27,94808.0,65497.0,0,0,7,63,1,2,Club
Big Richard,2027,2027-02-05,,LIVE NATION MUSIC,85871.0,50698.0,26474.0,1,0,2,28,0,1,Club
Romare,2027,2027-02-05,,LIVE NATION MUSIC,0.0,4763.15,0.0,0,0,0,2,0,0,Club
Houndmouth,2027,2027-02-05,,LIVE NATION CANADA (LN),485615.93,156197.0,466832.0,1,0,26,112,0,3,Club
Hilary Duff,2027,2027-02-05,,EVENKO CO-PRO WITH LIVE NATION,0.0,0.0,0.0,22,2,1,0,0,0,Arena
Beverly Glenn-Copeland,2027,2027-02-05,,LIVE NATION CANADA (LN),13026.57,0.0,0.0,0,0,0,1,0,0,Theater
The Highstool Prophets,2027,2027-02-05,,MCD PRODUCTIONS,111459.62,18154.36,0.0,0,1,2,6,0,0,Arena
Nothing But Thieves,2027,2027-02-05,,"LIVE NATION UK FOR ARTIST, TOUR, FESTIVAL AND PRESALE NEWS",606164.47,4488559.03,3193861.94,0,12,35,74,0,8,Club
Lauren Sanderson,2027,2027-02-05,,"LIVE NATION UK FOR ARTIST, TOUR, FESTIVAL AND PRESALE NEWS",0.0,20673.0,22912.57,0,0,1,13,0,0,Club
The Scratch,2027,2027-02-05,,LIVE NATION MUSIC UK LTD,25618.32,5648.55,185084.67,0,0,3,13,0,3,Club
Cameron Whitcomb,2027,2027-02-05,,"LIVE NATION UK FOR ARTIST, TOUR, FESTIVAL AND PRESALE NEWS",169356.41999999998,20541.0,0.0,0,0,5,16,0,0,Club
As Everything Unfolds,2027,2027-02-05,,"LIVE NATION UK FOR ARTIST, TOUR, FESTIVAL AND PRESALE NEWS",34677.88,0.0,21993.44,0,0,0,9,0,4,Club
Black Jacket Symphony,2027,2027-02-06,,EMPORIUM PRESENTS,766104.4,782504.15,627644.4,0,0,136,38,0,1,Theater
Lando,2027,2027-02-06,,LIVE NATION MUSIC,0.0,0.0,0.0,0,0,0,1,0,0,Club
Metallica,2027,2027-02-06,,LIVE NATION MUSIC,137107458.47,179373637.38,146435306.85,0,95,4,4,135,10,Stadium
Dylan Scott,2027,2027-02-06,,LIVE NATION MUSIC,1081569.85,344692.27,235879.0,2,6,6,28,0,6,Club
"Chicago, Styx",2027,2027-02-06,,LIVE NATION MUSIC,0.0,0.0,0.0,0,0,1,0,0,0,Theater
Once &amp; Future Band,2027,2027-02-06,,LIVE NATION MUSIC,0.0,0.0,0.0,0,0,0,1,0,0,Arena
Yuridia,2027,2027-02-06,,LIVE NATION MUSIC,3643074.04,11045017.92,1351399.31,0,24,43,2,8,1,Theater
Blue October,2027,2027-02-06,,LIVE NATION MUSIC,380805.29,725828.84,1268376.38,4,2,79,177,1,3,Club
Black Jacket Symphony,2027,2027-02-06,,EMPORIUM PRESENTS,766104.4,782504.15,627644.4,0,0,136,38,0,1,Theater
Death From Above 1979,2027,2027-02-06,,LIVE NATION MUSIC,149301.86000000002,114819.82,16545.0,0,2,7,52,0,3,Club
Polyphia,2027,2027-02-06,,HOUSE OF BLUES CONCERTS (HOB),0.0,121407.0,744654.76,0,0,3,49,0,1,Club
"The A, B, C &amp; D Of Boogie Woogie",2027,2027-02-06,,EMPORIUM PRESENTS,0.0,0.0,0.0,0,0,0,1,0,0,Theater
"My Brother, My Brother And Me",2027,2027-02-06,,LIVE NATION MUSIC,186713.0,434102.0,50994.5,0,0,27,6,0,0,Arena
Ibeyi,2027,2027-02-06,,LIVE NATION MUSIC,0.0,0.0,67870.0,1,0,4,32,0,0,Club
Odezenne,2027,2027-02-06,,LIVE NATION MUSIC,31575.29,0.0,0.0,0,0,1,1,0,1,Club
TopHouse,2027,2027-02-06,,FRANK PRODUCTIONS,465628.3,239769.0,35292.0,1,0,7,39,1,5,Club
Big Richard,2027,2027-02-06,,LIVE NATION MUSIC,85871.0,50698.0,26474.0,1,0,2,28,0,1,Club
Kingdom,2027,2027-02-06,,HOUSE OF BLUES CONCERTS (HOB),7887.49,8506.01,0.0,0,0,2,2,0,0,Club
Houndmouth,2027,2027-02-06,,LIVE NATION CANADA (LN),485615.93,156197.0,466832.0,1,0,26,112,0,3,Club
Valley,2027,2027-02-06,,LIVE NATION CANADA (LN),3907.06,45202.45,72551.74,0,0,2,8,0,0,Club
Celebration,2027,2027-02-06,,LIVE NATION CANADA (LN),0.0,0.0,0.0,0,0,0,1,0,0,Club
Jesse Roper,2027,2027-02-06,,LIVE NATION CANADA (LN),600.0,0.0,0.0,0,0,0,1,0,0,Club
Ovlov,2027,2027-02-06,,MCD PRODUCTIONS,0.0,0.0,8775.0,0,0,0,1,0,0,Club
The Highstool Prophets,2027,2027-02-06,,MCD PRODUCTIONS,111459.62,18154.36,0.0,0,1,2,6,0,0,Theater
The Doors Alive,2027,2027-02-06,,MCD PRODUCTIONS,42538.07,0.0,37483.72,0,0,16,0,0,0,Theater
RØRY,2027,2027-02-06,,LIVE NATION MUSIC UK LTD,162724.57,11465.86,0.0,0,0,2,6,0,1,Club
Yuridia,2027,2027-02-07,,LIVE NATION MUSIC,3643074.04,11045017.92,1351399.31,0,24,43,2,8,1,Arena
Blue October,2027,2027-02-07,,LIVE NATION MUSIC,380805.29,725828.84,1268376.38,4,2,79,177,1,3,Club
Madds Buckley,2027,2027-02-07,,LIVE NATION MUSIC,0.0,3020.0,0.0,0,0,1,0,0,0,Club
Hilary Duff,2027,2027-02-07,,LIVE NATION CANADA (LN),0.0,0.0,0.0,22,2,1,0,0,0,Arena
Cameron Whitcomb,2027,2027-02-07,,LIVE NATION MUSIC UK LTD,169356.41999999998,20541.0,0.0,0,0,5,16,0,0,Club
Frozen Soul,2027,2027-02-07,,"LIVE NATION UK FOR ARTIST, TOUR, FESTIVAL AND PRESALE NEWS",0.0,9899.3,9093.2,0,0,1,4,0,0,Club
Bo Staloch,2027,2027-02-08,,LIVE NATION MUSIC,35132.94,2370.0,0.0,0,0,1,10,0,0,Club
South Arcade,2027,2027-02-08,,MCD PRODUCTIONS,67467.17000000001,1565.91,0.0,0,0,2,6,0,0,Theater
Nothing But Thieves,2027,2027-02-08,,LIVE NATION MUSIC UK LTD,606164.47,4488559.03,3193861.94,0,12,35,74,0,8,Arena
Remember Monday,2027,2027-02-08,,"LIVE NATION UK FOR ARTIST, TOUR, FESTIVAL AND PRESALE NEWS",18803.04,7357.56,0.0,0,0,0,2,0,1,Club
Polyphia,2027,2027-02-09,,LIVE NATION MUSIC,0.0,121407.0,744654.76,0,0,3,49,0,1,Club
"""AMA Music Festival"", Alan Walker",2027,2027-02-09,,LIVE NATION MUSIC,0.0,0.0,0.0,0,0,0,0,0,1,Other
Tou,2027,2027-02-09,,LIVE NATION MUSIC,0.0,348354.82999999996,0.0,0,0,0,1,0,1,Club
"The A, B, C &amp; D Of Boogie Woogie",2027,2027-02-09,,LIVE NATION MUSIC,0.0,0.0,0.0,0,0,0,1,0,0,Club
STELLA LEFTY,2027,2027-02-09,,LIVE NATION MUSIC,0.0,0.0,0.0,0,0,0,1,0,0,Club
Celebration,2027,2027-02-09,,LIVE NATION MUSIC,0.0,0.0,0.0,0,0,0,1,0,0,Club
Rhiannon Giddens,2027,2027-02-09,,LIVE NATION MUSIC,401888.0,282213.42,222354.33,0,0,48,24,0,2,Theater
Bo Staloch,2027,2027-02-09,,LIVE NATION MUSIC,35132.94,2370.0,0.0,0,0,1,10,0,0,Club
Ibeyi,2027,2027-02-09,,LIVE NATION MUSIC,0.0,0.0,67870.0,1,0,4,32,0,0,Theater
Dexter and The Moonrocks,2027,2027-02-09,,LIVE NATION CANADA (LN),116946.0,104565.0,62966.5,0,0,5,27,0,1,Arena
Jake Bugg,2027,2027-02-09,,MCD PRODUCTIONS,0.0,401151.73,0.0,1,7,36,57,1,2,Theater
Corella,2027,2027-02-09,,MCD PRODUCTIONS,9954.43,33446.16,7671.96,0,0,0,10,0,1,Club
Theory of a Deadman,2027,2027-02-09,,LIVE NATION MUSIC UK LTD,296436.67,670368.53,0.0,0,3,45,86,0,9,Club
Remember Monday,2027,2027-02-09,,LIVE NATION MUSIC UK LTD,18803.04,7357.56,0.0,0,0,0,2,0,1,Club
Europe,2027,2027-02-09,,Live Nation España Red Path SL,105381.03,0.0,383950.78,0,2,8,2,3,2,Theater
"""AMA Music Festival"", Alan Walker",2027,2027-02-10,,LIVE NATION MUSIC,0.0,0.0,0.0,0,0,0,0,0,1,Theater
Collective Soul,2027,2027-02-10,,LIVE NATION MUSIC,363658.5,151598.9,483005.2,15,3,53,43,0,13,Theater
Death From Above 1979,2027,2027-02-10,,LIVE NATION MUSIC,149301.86000000002,114819.82,16545.0,0,2,7,52,0,3,Club
Ibeyi,2027,2027-02-10,,LIVE NATION MUSIC,0.0,0.0,67870.0,1,0,4,32,0,0,Club
"The A, B, C &amp; D Of Boogie Woogie",2027,2027-02-10,,LIVE NATION MUSIC,0.0,0.0,0.0,0,0,0,1,0,0,Club
The Lemonheads,2027,2027-02-10,,LIVE NATION MUSIC,536604.01,44522.0,41482.0,0,0,20,81,0,2,Theater
The Hur,2027,2027-02-10,,LIVE NATION MUSIC,0.0,0.0,0.0,0,0,0,1,0,0,Club
Polyphia,2027,2027-02-10,,LIVE NATION MUSIC,0.0,121407.0,744654.76,0,0,3,49,0,1,Club
Dexter and The Moonrocks,2027,2027-02-10,,LIVE NATION CANADA (LN),116946.0,104565.0,62966.5,0,0,5,27,0,1,Theater
Nemzzz,2027,2027-02-10,,LIVE NATION CANADA (LN),5228.55,58225.88,0.0,0,0,0,3,0,1,Club
Ride,2027,2027-02-10,,MCD PRODUCTIONS,133042.97,400585.1,0.0,0,0,19,35,0,1,Stadium
South Arcade,2027,2027-02-10,,LIVE NATION MUSIC UK LTD,67467.17000000001,1565.91,0.0,0,0,2,6,0,0,Club
Remember Monday,2027,2027-02-10,,"LIVE NATION UK FOR ARTIST, TOUR, FESTIVAL AND PRESALE NEWS",18803.04,7357.56,0.0,0,0,0,2,0,1,Club
The Buoys,2027,2027-02-10,,"LIVE NATION UK FOR ARTIST, TOUR, FESTIVAL AND PRESALE NEWS",14568.08,15747.86,0.0,1,0,0,6,0,1,Club
Europe,2027,2027-02-10,,Live Nation España Red Path SL,105381.03,0.0,383950.78,0,2,8,2,3,2,Theater
James Marriott,2027,2027-02-11,,LIVE NATION MUSIC,178466.41,343075.58,70095.52,0,0,7,10,0,0,Club
Olivia Rodrigo,2027,2027-02-11,,LIVE NATION MUSIC,23420107.2,169307085.8,0.0,0,68,10,2,5,1,Arena
Gracie Abrams,2027,2027-02-11,,LIVE NATION MUSIC,36388724.37,5296821.61,857658.6,5,28,12,17,0,1,Arena
Yuridia,2027,2027-02-11,,LIVE NATION MUSIC,3643074.04,11045017.92,1351399.31,0,24,43,2,8,1,Arena
Polyphia,2027,2027-02-11,,LIVE NATION MUSIC,0.0,121407.0,744654.76,0,0,3,49,0,1,Club
The Bouncing Souls,2027,2027-02-11,,LIVE NATION MUSIC,55095.0,0.0,40794.0,0,0,8,32,0,2,Club
Three Dog Night,2027,2027-02-11,,LIVE NATION MUSIC,1653251.69,1897466.3,1809550.27,11,10,139,35,0,11,Arena
"""Past, Present, Future: A Dance Gala""",2027,2027-02-11,,FRANK PRODUCTIONS,0.0,0.0,0.0,0,0,1,0,0,0,Theater
Death From Above 1979,2027,2027-02-11,,LIVE NATION MUSIC,149301.86000000002,114819.82,16545.0,0,2,7,52,0,3,Theater
"Kip Moore, Jackson Dean",2027,2027-02-11,,LIVE NATION CANADA (LN),0.0,0.0,0.0,0,0,1,0,0,0,Theater
Nemzzz,2027,2027-02-11,,LIVE NATION CANADA (LN),5228.55,58225.88,0.0,0,0,0,3,0,1,Club
Theory of a Deadman,2027,2027-02-11,,LIVE NATION MUSIC UK LTD,296436.67,670368.53,0.0,0,3,45,86,0,9,Club
Olivia Rodrigo,2027,2027-02-12,,LIVE NATION MUSIC,23420107.2,169307085.8,0.0,0,68,10,2,5,1,Arena
Gracie Abrams,2027,2027-02-12,,LIVE NATION MUSIC,36388724.37,5296821.61,857658.6,5,28,12,17,0,1,Arena
Marc Anthony,2027,2027-02-12,,LIVE NATION MUSIC,1824500.65,27755458.7,22295734.14,5,213,30,0,14,9,Arena
Collective Soul,2027,2027-02-12,,LIVE NATION MUSIC,363658.5,151598.9,483005.2,15,3,53,43,0,13,Theater
Black Jacket Symphony,2027,2027-02-12,,EMPORIUM PRESENTS,766104.4,782504.15,627644.4,0,0,136,38,0,1,Theater
Celebration,2027,2027-02-12,,LIVE NATION MUSIC,0.0,0.0,0.0,0,0,0,1,0,0,Theater
STELLA LEFTY,2027,2027-02-12,,LIVE NATION MUSIC,0.0,0.0,0.0,0,0,0,1,0,0,Club
The Suicide Machines,2027,2027-02-12,,LIVE NATION MUSIC,0.0,9952.0,0.0,0,0,0,4,0,0,Club
"The A, B, C &amp; D Of Boogie Woogie",2027,2027-02-12,,EMPORIUM PRESENTS,0.0,0.0,0.0,0,0,0,1,0,0,Club
Danny Nova,2027,2027-02-12,,LIVE NATION MUSIC,0.0,0.0,0.0,0,0,1,0,0,0,Theater
TopHouse,2027,2027-02-12,,LIVE NATION MUSIC,465628.3,239769.0,35292.0,1,0,7,39,1,5,Club
James Marriott,2027,2027-02-12,,LIVE NATION MUSIC,178466.41,343075.58,70095.52,0,0,7,10,0,0,Theater
Bo Staloch,2027,2027-02-12,,LIVE NATION MUSIC,35132.94,2370.0,0.0,0,0,1,10,0,0,Theater
Aleks Syntek,2027,2027-02-12,,LIVE NATION MUSIC,296371.53,0.0,350417.96,0,1,10,0,0,0,Theater
Dexter and The Moonrocks,2027,2027-02-12,,LIVE NATION CANADA (LN),116946.0,104565.0,62966.5,0,0,5,27,0,1,Arena
Warrant,2027,2027-02-12,,LIVE NATION CANADA (LN),262496.35,406715.1,113331.25,3,5,14,12,0,3,Arena
"In, Flew Ants",2027,2027-02-12,,LIVE NATION CANADA (LN),0.0,0.0,0.0,0,0,0,2,0,0,Club
Nemzzz,2027,2027-02-12,,EVENKO CO-PRO WITH LIVE NATION,5228.55,58225.88,0.0,0,0,0,3,0,1,Club
Black Stone Cherry,2027,2027-02-12,,MCD PRODUCTIONS,50036.0,706530.44,586709.16,0,14,10,47,0,3,Theater
South Arcade,2027,2027-02-12,,"LIVE NATION UK FOR ARTIST, TOUR, FESTIVAL AND PRESALE NEWS",67467.17000000001,1565.91,0.0,0,0,2,6,0,0,Club
"LIT, Fuel",2027,2027-02-12,,"LIVE NATION UK FOR ARTIST, TOUR, FESTIVAL AND PRESALE NEWS",34084.97,0.0,0.0,0,0,0,1,0,0,Club
James Marriott,2027,2027-02-13,,LIVE NATION MUSIC,178466.41,343075.58,70095.52,0,0,7,10,0,0,Club
Yuridia,2027,2027-02-13,,LIVE NATION MUSIC,3643074.04,11045017.92,1351399.31,0,24,43,2,8,1,Theater
Marc Anthony,2027,2027-02-13,,LIVE NATION MUSIC,1824500.65,27755458.7,22295734.14,5,213,30,0,14,9,Arena
"Or, The Whale",2027,2027-02-13,,LIVE NATION MUSIC,0.0,0.0,0.0,0,0,0,3,0,0,Amphitheatre
STELLA LEFTY,2027,2027-02-13,,LIVE NATION MUSIC,0.0,0.0,0.0,0,0,0,1,0,0,Theater
Rhiannon Giddens,2027,2027-02-13,,LIVE NATION MUSIC,401888.0,282213.42,222354.33,0,0,48,24,0,2,Theater
Collective Soul,2027,2027-02-13,,LIVE NATION MUSIC,363658.5,151598.9,483005.2,15,3,53,43,0,13,Theater
Black Jacket Symphony,2027,2027-02-13,,EMPORIUM PRESENTS,766104.4,782504.15,627644.4,0,0,136,38,0,1,Theater
Blue October,2027,2027-02-13,,LIVE NATION MUSIC,380805.29,725828.84,1268376.38,4,2,79,177,1,3,Club
Celebration,2027,2027-02-13,,HOUSE OF BLUES CONCERTS (HOB),0.0,0.0,0.0,0,0,0,1,0,0,Club
The Bouncing Souls,2027,2027-02-13,,LIVE NATION MUSIC,55095.0,0.0,40794.0,0,0,8,32,0,2,Club
Tom Petty &amp; The Heartbreakers,2027,2027-02-13,,LIVE NATION MUSIC,0.0,0.0,0.0,31,71,1,1,3,1,Theater
La Roux,2027,2027-02-13,,LIVE NATION MUSIC,0.0,0.0,0.0,1,2,16,29,0,0,Club
Pink Martini,2027,2027-02-13,,LIVE NATION MUSIC,1949450.9,1049813.93,659213.3099999999,25,1,165,20,1,10,Theater
Missio,2027,2027-02-13,,LIVE NATION MUSIC,0.0,21443.08,0.0,0,0,2,28,0,2,Club
"The A, B, C &amp; D Of Boogie Woogie",2027,2027-02-13,,EMPORIUM PRESENTS,0.0,0.0,0.0,0,0,0,1,0,0,Theater
"Tito Nieves, Rey Ruiz",2027,2027-02-13,,LIVE NATION,704085.09,0.0,0.0,0,1,0,0,0,0,Theater
Dexter and The Moonrocks,2027,2027-02-13,,LIVE NATION CANADA (LN),116946.0,104565.0,62966.5,0,0,5,27,0,1,Theater
Warrant,2027,2027-02-13,,LIVE NATION CANADA (LN),262496.35,406715.1,113331.25,3,5,14,12,0,3,Theater
Nothing But Thieves,2027,2027-02-13,,"LIVE NATION UK FOR ARTIST, TOUR, FESTIVAL AND PRESALE NEWS",606164.47,4488559.03,3193861.94,0,12,35,74,0,8,Club
Remember Monday,2027,2027-02-13,,"LIVE NATION UK FOR ARTIST, TOUR, FESTIVAL AND PRESALE NEWS",18803.04,7357.56,0.0,0,0,0,2,0,1,Club
Pink Martini,2027,2027-02-14,,LIVE NATION MUSIC,1949450.9,1049813.93,659213.3099999999,25,1,165,20,1,10,Theater
Gracie Abrams,2027,2027-02-14,,LIVE NATION MUSIC,36388724.37,5296821.61,857658.6,5,28,12,17,0,1,Arena
Polyphia,2027,2027-02-14,,LIVE NATION MUSIC,0.0,121407.0,744654.76,0,0,3,49,0,1,Club
Olivia Rodrigo,2027,2027-02-15,,LIVE NATION MUSIC,23420107.2,169307085.8,0.0,0,68,10,2,5,1,Arena
Gracie Abrams,2027,2027-02-15,,LIVE NATION MUSIC,36388724.37,5296821.61,857658.6,5,28,12,17,0,1,Arena
Joe Bonamassa,2027,2027-02-15,,LIVE NATION MUSIC,6868337.29,7908499.3,6889717.78,22,61,247,15,0,3,Arena
The Suicide Machines,2027,2027-02-15,,HOUSE OF BLUES CONCERTS (HOB),0.0,9952.0,0.0,0,0,0,4,0,0,Club
Nemzzz,2027,2027-02-15,,LIVE NATION MUSIC,5228.55,58225.88,0.0,0,0,0,3,0,1,Club
Hot Freaks,2027,2027-02-15,,HOUSE OF BLUES CONCERTS (HOB),0.0,12814.0,0.0,0,0,0,6,0,0,Club
"The A, B, C &amp; D Of Boogie Woogie",2027,2027-02-15,,LIVE NATION MUSIC,0.0,0.0,0.0,0,0,0,1,0,0,Theater
"The A, B, C &amp; D Of Boogie Woogie",2027,2027-02-15,,LIVE NATION MUSIC,0.0,0.0,0.0,0,0,0,1,0,0,Theater
Olivia Rodrigo,2027,2027-02-16,,LIVE NATION MUSIC,23420107.2,169307085.8,0.0,0,68,10,2,5,1,Arena
"Band Of Horses, Dinosaur Jr.",2027,2027-02-16,,LIVE NATION MUSIC,0.0,0.0,0.0,1,0,0,0,0,0,Amphitheatre
The Suicide Machines,2027,2027-02-16,,LIVE NATION MUSIC,0.0,9952.0,0.0,0,0,0,4,0,0,Club
Pink Martini,2027,2027-02-16,,FRANK PRODUCTIONS,1949450.9,1049813.93,659213.3099999999,25,1,165,20,1,10,Theater
Celebration,2027,2027-02-16,,LIVE NATION MUSIC,0.0,0.0,0.0,0,0,0,1,0,0,Theater
"The A, B, C &amp; D Of Boogie Woogie",2027,2027-02-16,,LIVE NATION MUSIC,0.0,0.0,0.0,0,0,0,1,0,0,Theater
Hot Freaks,2027,2027-02-16,,HOUSE OF BLUES CONCERTS (HOB),0.0,12814.0,0.0,0,0,0,6,0,0,Club
"The A, B, C &amp; D Of Boogie Woogie",2027,2027-02-16,,LIVE NATION MUSIC,0.0,0.0,0.0,0,0,0,1,0,0,Theater
James Marriott,2027,2027-02-16,,LIVE NATION CANADA (LN),178466.41,343075.58,70095.52,0,0,7,10,0,0,Club
Valley,2027,2027-02-16,,LIVE NATION CANADA (LN),3907.06,45202.45,72551.74,0,0,2,8,0,0,Theater
Dexter and The Moonrocks,2027,2027-02-16,,LIVE NATION CANADA (LN),116946.0,104565.0,62966.5,0,0,5,27,0,1,Theater
Corella,2027,2027-02-16,,LIVE NATION MUSIC UK LTD,9954.43,33446.16,7671.96,0,0,0,10,0,1,Club
South Arcade,2027,2027-02-16,,"LIVE NATION UK FOR ARTIST, TOUR, FESTIVAL AND PRESALE NEWS",67467.17000000001,1565.91,0.0,0,0,2,6,0,0,Club
Symphony,2027,2027-02-16,,Live Nation España Red Path SL,0.0,0.0,0.0,0,0,0,2,0,0,Club
Polyphia,2027,2027-02-17,,LIVE NATION MUSIC,0.0,121407.0,744654.76,0,0,3,49,0,1,Theater
Marc Anthony,2027,2027-02-17,,LIVE NATION MUSIC,1824500.65,27755458.7,22295734.14,5,213,30,0,14,9,Arena
Joe Bonamassa,2027,2027-02-17,,LIVE NATION MUSIC,6868337.29,7908499.3,6889717.78,22,61,247,15,0,3,Theater
The Get Down,2027,2027-02-17,,LIVE NATION MUSIC,0.0,0.0,0.0,0,0,1,1,0,0,Club
"The A, B, C &amp; D Of Boogie Woogie",2027,2027-02-17,,LIVE NATION MUSIC,0.0,0.0,0.0,0,0,0,1,0,0,Theater
Shovels &amp; Rope,2027,2027-02-17,,LIVE NATION MUSIC,0.0,52116.0,13760.0,2,0,42,99,0,1,Theater
julie,2027,2027-02-17,,LIVE NATION MUSIC,96153.31,69155.0,11485.740000000002,0,0,4,9,0,0,Club
STELLA LEFTY,2027,2027-02-17,,LIVE NATION MUSIC,0.0,0.0,0.0,0,0,0,1,0,0,Theater
STELLA LEFTY,2027,2027-02-17,,LIVE NATION MUSIC,0.0,0.0,0.0,0,0,0,1,0,0,Theater
Marian Hill,2027,2027-02-17,,LIVE NATION TENNESSEE,0.0,0.0,0.0,0,0,4,51,0,1,Club
Dexter and The Moonrocks,2027,2027-02-17,,LIVE NATION CANADA (LN),116946.0,104565.0,62966.5,0,0,5,27,0,1,Club
Saxon,2027,2027-02-17,,MCD PRODUCTIONS,1228032.63,82280.5,90003.7,0,0,31,13,0,1,Theater
Pestilence,2027,2027-02-17,,MCD PRODUCTIONS,0.0,0.0,0.0,0,0,0,1,0,0,Club
Basement,2027,2027-02-17,,"LIVE NATION UK FOR ARTIST, TOUR, FESTIVAL AND PRESALE NEWS",265803.7,42000.0,0.0,0,0,5,27,0,4,Club
Stornoway,2027,2027-02-17,,DF CONCERTS,0.0,10739.6,15448.32,0,0,4,31,0,0,Theater
Spanish Love Songs,2027,2027-02-17,,LIVE NATION MUSIC UK LTD,9211.09,43627.0,0.0,0,0,0,8,0,0,Club
Symphony,2027,2027-02-17,,Live Nation España Red Path SL,0.0,0.0,0.0,0,0,0,2,0,0,Club
Metallica,2027,2027-02-18,,LIVE NATION MUSIC,137107458.47,179373637.38,146435306.85,0,95,4,4,135,10,Stadium
Metallica,2027,2027-02-18,,LIVE NATION MUSIC,137107458.47,179373637.38,146435306.85,0,95,4,4,135,10,Stadium
julie,2027,2027-02-18,,LIVE NATION MUSIC,96153.31,69155.0,11485.740000000002,0,0,4,9,0,0,Arena
Tou,2027,2027-02-18,,LIVE NATION MUSIC,0.0,348354.82999999996,0.0,0,0,0,1,0,1,Theater
Needtobreathe,2027,2027-02-18,,LIVE NATION MUSIC,879929.75,2194921.19,2849791.53,96,33,192,109,3,8,Theater
Corey Kent,2027,2027-02-18,,LIVE NATION MUSIC,82481.43000000001,33691.0,44166.0,0,0,5,14,0,1,Theater
Ellie Holcomb,2027,2027-02-18,,LIVE NATION MUSIC,0.0,0.0,32603.5,0,1,3,1,0,0,Theater
"""Laughs, Music, &amp; Vibes""",2027,2027-02-18,,LIVE NATION MUSIC,0.0,0.0,0.0,0,0,0,1,0,0,Theater
Three Dog Night,2027,2027-02-18,,LIVE NATION MUSIC,1653251.69,1897466.3,1809550.27,11,10,139,35,0,11,Theater
"The A, B, C &amp; D Of Boogie Woogie",2027,2027-02-18,,LIVE NATION MUSIC,0.0,0.0,0.0,0,0,0,1,0,0,Theater
Three Dog Night,2027,2027-02-18,,LIVE NATION MUSIC,1653251.69,1897466.3,1809550.27,11,10,139,35,0,11,Theater
The Sergio Mendes Band,2027,2027-02-18,,LIVE NATION MUSIC,0.0,0.0,0.0,0,0,1,1,0,0,Theater
Ashley Cooke,2027,2027-02-18,,LIVE NATION MUSIC,27885.0,19297.0,26529.0,0,0,0,9,0,1,Club
STELLA LEFTY,2027,2027-02-18,,LIVE NATION MUSIC,0.0,0.0,0.0,0,0,0,1,0,0,Theater
STELLA LEFTY,2027,2027-02-18,,LIVE NATION MUSIC,0.0,0.0,0.0,0,0,0,1,0,0,Theater
"""AMA Music Festival"", Alan Walker",2027,2027-02-18,,LIVE NATION CANADA (LN),0.0,0.0,0.0,0,0,0,0,0,1,Other
Gracie Abrams,2027,2027-02-18,,LIVE NATION CANADA (LN),36388724.37,5296821.61,857658.6,5,28,12,17,0,1,Arena
Dave Lofts,2027,2027-02-18,,MCD PRODUCTIONS,29148.73,5478.26,0.0,0,0,2,3,0,1,Theater
Haiden Henderson,2027,2027-02-18,,MCD PRODUCTIONS,51523.45,0.0,0.0,0,0,0,5,0,0,Club
Basement,2027,2027-02-18,,"LIVE NATION UK FOR ARTIST, TOUR, FESTIVAL AND PRESALE NEWS",265803.7,42000.0,0.0,0,0,5,27,0,4,Club
Corella,2027,2027-02-18,,"LIVE NATION UK FOR ARTIST, TOUR, FESTIVAL AND PRESALE NEWS",9954.43,33446.16,7671.96,0,0,0,10,0,1,Club
In Color,2027,2027-02-18,,"LIVE NATION UK FOR ARTIST, TOUR, FESTIVAL AND PRESALE NEWS",0.0,0.0,0.0,0,0,1,2,0,0,Club
The Buoys,2027,2027-02-18,,"LIVE NATION UK FOR ARTIST, TOUR, FESTIVAL AND PRESALE NEWS",14568.08,15747.86,0.0,1,0,0,6,0,1,Club
South Arcade,2027,2027-02-18,,"LIVE NATION UK FOR ARTIST, TOUR, FESTIVAL AND PRESALE NEWS",67467.17000000001,1565.91,0.0,0,0,2,6,0,0,Club
almost monday,2027,2027-02-18,,Live Nation España S.A.U.,58670.4,0.0,2884.0,0,0,0,9,0,1,Club
Symphony,2027,2027-02-18,,Live Nation España Red Path SL,0.0,0.0,0.0,0,0,0,2,0,0,Club
"Me, Grimlock!",2027,2027-02-19,,LIVE NATION MUSIC,198.0,0.0,0.0,0,0,0,1,0,0,Club
Olivia Rodrigo,2027,2027-02-19,,LIVE NATION MUSIC,23420107.2,169307085.8,0.0,0,68,10,2,5,1,Arena
All Time Low,2027,2027-02-19,,LIVE NATION MUSIC,2258547.48,1578885.2,2972114.28,8,24,53,115,0,15,Theater
Marc Anthony,2027,2027-02-19,,LIVE NATION MUSIC,1824500.65,27755458.7,22295734.14,5,213,30,0,14,9,Arena
Celebration,2027,2027-02-19,,LIVE NATION MUSIC,0.0,0.0,0.0,0,0,0,1,0,0,Club
Three Dog Night,2027,2027-02-19,,FRANK PRODUCTIONS,1653251.69,1897466.3,1809550.27,11,10,139,35,0,11,Theater
Pink Floyd Laser Spectacular,2027,2027-02-19,,HOUSE OF BLUES CONCERTS (HOB),194055.0,268761.9,309460.05,6,7,75,33,0,11,Theater
Needtobreathe,2027,2027-02-19,,LIVE NATION MUSIC,879929.75,2194921.19,2849791.53,96,33,192,109,3,8,Theater
La Roux,2027,2027-02-19,,LIVE NATION MUSIC,0.0,0.0,0.0,1,2,16,29,0,0,Club
Dylan Scott,2027,2027-02-19,,LIVE NATION MUSIC,1081569.85,344692.27,235879.0,2,6,6,28,0,6,Theater
Polyphia,2027,2027-02-19,,LIVE NATION MUSIC,0.0,121407.0,744654.76,0,0,3,49,0,1,Club
Polyphia,2027,2027-02-19,,LIVE NATION MUSIC,0.0,121407.0,744654.76,0,0,3,49,0,1,Club
Pete Yorn,2027,2027-02-19,,FRANK PRODUCTIONS,68102.5,68702.5,0.0,0,0,10,62,0,2,Theater
Jack Kays,2027,2027-02-19,,LIVE NATION MUSIC,71591.25,6807.0,9000.0,0,0,1,9,0,0,Theater
Eluveitie,2027,2027-02-19,,LIVE NATION MUSIC,74932.94,0.0,22640.0,0,0,9,25,0,2,Theater
Ashley Cooke,2027,2027-02-19,,LIVE NATION MUSIC,27885.0,19297.0,26529.0,0,0,0,9,0,1,Theater
Origin,2027,2027-02-19,,FRANK PRODUCTIONS,0.0,0.0,0.0,0,0,0,9,0,2,Club
"""AMA Music Festival"", Alan Walker",2027,2027-02-19,,LIVE NATION CANADA (LN),0.0,0.0,0.0,0,0,0,0,0,1,Other
Gracie Abrams,2027,2027-02-19,,LIVE NATION CANADA (LN),36388724.37,5296821.61,857658.6,5,28,12,17,0,1,Arena
Valley,2027,2027-02-19,,LIVE NATION CANADA (LN),3907.06,45202.45,72551.74,0,0,2,8,0,0,Theater
Dexter and The Moonrocks,2027,2027-02-19,,EVENKO CO-PRO WITH LIVE NATION,116946.0,104565.0,62966.5,0,0,5,27,0,1,Club
Romare,2027,2027-02-19,,LIVE NATION CANADA (LN),0.0,4763.15,0.0,0,0,0,2,0,0,Club
Paddy Keyes,2027,2027-02-19,,MCD PRODUCTIONS,2083.82,0.0,0.0,0,0,0,1,0,0,Club
Basement,2027,2027-02-19,,"LIVE NATION UK FOR ARTIST, TOUR, FESTIVAL AND PRESALE NEWS",265803.7,42000.0,0.0,0,0,5,27,0,4,Club
The Fratellis,2027,2027-02-19,,DF CONCERTS,0.0,0.0,0.0,0,0,2,37,0,1,Club
Spanish Love Songs,2027,2027-02-19,,LIVE NATION MUSIC UK LTD,9211.09,43627.0,0.0,0,0,0,8,0,0,Club
Lambchop,2027,2027-02-19,,DF CONCERTS,0.0,0.0,0.0,0,0,1,9,0,0,Theater
In Color,2027,2027-02-19,,"LIVE NATION UK FOR ARTIST, TOUR, FESTIVAL AND PRESALE NEWS",0.0,0.0,0.0,0,0,1,2,0,0,Club
South Arcade,2027,2027-02-19,,"LIVE NATION UK FOR ARTIST, TOUR, FESTIVAL AND PRESALE NEWS",67467.17000000001,1565.91,0.0,0,0,2,6,0,0,Club
Thunder,2027,2027-02-19,,LIVE NATION MUSIC (VENUES) LTD (NEW),0.0,0.0,0.0,0,4,7,12,0,3,Club
As Everything Unfolds,2027,2027-02-19,,"LIVE NATION UK FOR ARTIST, TOUR, FESTIVAL AND PRESALE NEWS",34677.88,0.0,21993.44,0,0,0,9,0,4,Club
almost monday,2027,2027-02-19,,Live Nation España S.A.U.,58670.4,0.0,2884.0,0,0,0,9,0,1,Club
"Me, Grimlock!",2027,2027-02-20,,LIVE NATION MUSIC,198.0,0.0,0.0,0,0,0,1,0,0,Club
Metallica,2027,2027-02-20,,LIVE NATION MUSIC,137107458.47,179373637.38,146435306.85,0,95,4,4,135,10,Stadium
Olivia Rodrigo,2027,2027-02-20,,LIVE NATION MUSIC,23420107.2,169307085.8,0.0,0,68,10,2,5,1,Arena
Yuridia,2027,2027-02-20,,LIVE NATION MUSIC,3643074.04,11045017.92,1351399.31,0,24,43,2,8,1,Theater
Marc Anthony,2027,2027-02-20,,LIVE NATION MUSIC,1824500.65,27755458.7,22295734.14,5,213,30,0,14,9,Arena
STELLA LEFTY,2027,2027-02-20,,LIVE NATION MUSIC,0.0,0.0,0.0,0,0,0,1,0,0,Club
Tou,2027,2027-02-20,,LIVE NATION MUSIC,0.0,348354.82999999996,0.0,0,0,0,1,0,1,Theater
Needtobreathe,2027,2027-02-20,,LIVE NATION MUSIC,879929.75,2194921.19,2849791.53,96,33,192,109,3,8,Theater
Polyphia,2027,2027-02-20,,LIVE NATION MUSIC,0.0,121407.0,744654.76,0,0,3,49,0,1,Theater
Black Jacket Symphony,2027,2027-02-20,,EMPORIUM PRESENTS,766104.4,782504.15,627644.4,0,0,136,38,0,1,Theater
Celebration,2027,2027-02-20,,LIVE NATION MUSIC,0.0,0.0,0.0,0,0,0,1,0,0,Club
Corey Kent,2027,2027-02-20,,FRANK PRODUCTIONS,82481.43000000001,33691.0,44166.0,0,0,5,14,0,1,Theater
strongboi,2027,2027-02-20,,LIVE NATION MUSIC,0.0,4864.41,0.0,0,0,0,1,0,0,Club
Spin Doctors,2027,2027-02-20,,HOUSE OF BLUES CONCERTS (HOB),21315.0,16525.0,78112.2,2,1,1,14,1,2,Club
"Frank Foster, Creed Fisher",2027,2027-02-20,,LIVE NATION MUSIC,54277.95,0.0,0.0,0,0,2,0,0,0,Theater
Tai,2027,2027-02-20,,LIVE NATION MUSIC,0.0,0.0,0.0,0,0,1,0,0,0,Theater
Jack Kays,2027,2027-02-20,,LIVE NATION MUSIC,71591.25,6807.0,9000.0,0,0,1,9,0,0,Club
Marian Hill,2027,2027-02-20,,LIVE NATION MUSIC,0.0,0.0,0.0,0,0,4,51,0,1,Club
As I Lay Dying,2027,2027-02-20,,LIVE NATION MUSIC,7966.32,122103.5,0.0,0,2,12,56,0,1,Club
As I Lay Dying,2027,2027-02-20,,LIVE NATION MUSIC,7966.32,122103.5,0.0,0,2,12,56,0,1,Club
Elijah Scott,2027,2027-02-20,,LIVE NATION MUSIC,0.0,0.0,0.0,0,0,0,2,0,0,Club
Valley,2027,2027-02-20,,LIVE NATION CANADA (LN),3907.06,45202.45,72551.74,0,0,2,8,0,0,Theater
Dexter and The Moonrocks,2027,2027-02-20,,LIVE NATION CANADA (LN),116946.0,104565.0,62966.5,0,0,5,27,0,1,Club
DMA's,2027,2027-02-20,,MCD PRODUCTIONS,0.0,0.0,724237.89,0,3,12,27,0,1,Club
Dave Lofts,2027,2027-02-20,,MCD PRODUCTIONS,29148.73,5478.26,0.0,0,0,2,3,0,1,Theater
The Fratellis,2027,2027-02-20,,DF CONCERTS,0.0,0.0,0.0,0,0,2,37,0,1,Club
Delta Goodrem,2027,2027-02-20,,"LIVE NATION UK FOR ARTIST, TOUR, FESTIVAL AND PRESALE NEWS",669795.04,0.0,1496421.66,0,17,15,1,0,3,Arena
"While She Sleeps, Bury Tomorrow",2027,2027-02-20,,LIVE NATION MUSIC UK LTD,37995.22,0.0,0.0,0,0,0,1,0,0,Club
Pain Of Truth,2027,2027-02-20,,"LIVE NATION UK FOR ARTIST, TOUR, FESTIVAL AND PRESALE NEWS",29220.0,0.0,0.0,0,0,0,2,0,0,Club
"Me, Grimlock!",2027,2027-02-21,,LIVE NATION MUSIC,198.0,0.0,0.0,0,0,0,1,0,0,Club
Yuridia,2027,2027-02-21,,LIVE NATION MUSIC,3643074.04,11045017.92,1351399.31,0,24,43,2,8,1,Theater
Twilight,2027,2027-02-21,,LIVE NATION MUSIC,0.0,160837.65000000002,0.0,0,0,2,0,0,0,Theater
Public,2027,2027-02-21,,LIVE NATION MUSIC,0.0,0.0,0.0,0,0,0,4,0,0,Theater
James Marriott,2027,2027-02-21,,LIVE NATION MUSIC,178466.41,343075.58,70095.52,0,0,7,10,0,0,Theater
Celebration,2027,2027-02-21,,LIVE NATION MUSIC,0.0,0.0,0.0,0,0,0,1,0,0,Club
Brooke Alexx,2027,2027-02-21,,LIVE NATION MUSIC,6976.610000000001,0.0,0.0,0,0,0,5,0,0,Club
Bo Staloch,2027,2027-02-21,,FRANK PRODUCTIONS,35132.94,2370.0,0.0,0,0,1,10,0,0,Club
"""AMA Music Festival"", Alan Walker",2027,2027-02-21,,LIVE NATION CANADA (LN),0.0,0.0,0.0,0,0,0,0,0,1,Other
The Suicide Machines,2027,2027-02-21,,LIVE NATION CANADA (LN),0.0,9952.0,0.0,0,0,0,4,0,0,Club
The Last Internationale,2027,2027-02-21,,MCD PRODUCTIONS,10152.16,0.0,19278.73,0,0,0,13,0,3,Club
South Arcade,2027,2027-02-21,,"LIVE NATION UK FOR ARTIST, TOUR, FESTIVAL AND PRESALE NEWS",67467.17000000001,1565.91,0.0,0,0,2,6,0,0,Club
Haiden Henderson,2027,2027-02-21,,"LIVE NATION UK FOR ARTIST, TOUR, FESTIVAL AND PRESALE NEWS",51523.45,0.0,0.0,0,0,0,5,0,0,Club
Night Lovell,2027,2027-02-21,,"LIVE NATION UK FOR ARTIST, TOUR, FESTIVAL AND PRESALE NEWS",250188.22,142802.5,0.0,0,0,6,15,0,1,Club
Black Jacket Symphony,2027,2027-02-22,,LIVE NATION MUSIC,766104.4,782504.15,627644.4,0,0,136,38,0,1,Theater
Celebration,2027,2027-02-22,,LIVE NATION MUSIC,0.0,0.0,0.0,0,0,0,1,0,0,Club
Vansire,2027,2027-02-22,,LIVE NATION MUSIC,33557.01,13750.0,0.0,0,0,0,8,0,0,Club
Hot Freaks,2027,2027-02-22,,LIVE NATION MUSIC,0.0,12814.0,0.0,0,0,0,6,0,0,Club
"""Laughs, Music, &amp; Vibes""",2027,2027-02-22,,LIVE NATION CANADA (LN),0.0,0.0,0.0,0,0,0,1,0,0,Club
Basement,2027,2027-02-22,,MCD PRODUCTIONS,265803.7,42000.0,0.0,0,0,5,27,0,4,Stadium
JPEGMafia,2027,2027-02-22,,MCD PRODUCTIONS,557173.07,1250847.08,390783.87,1,0,19,57,0,1,Theater
South Arcade,2027,2027-02-22,,LIVE NATION MUSIC UK LTD,67467.17000000001,1565.91,0.0,0,0,2,6,0,0,Club
Sienna Spiro,2027,2027-02-22,,DF CONCERTS,24263.94,0.0,0.0,0,0,3,3,0,0,Club
Delta Goodrem,2027,2027-02-22,,"LIVE NATION UK FOR ARTIST, TOUR, FESTIVAL AND PRESALE NEWS",669795.04,0.0,1496421.66,0,17,15,1,0,3,Theater
In Color,2027,2027-02-22,,"LIVE NATION UK FOR ARTIST, TOUR, FESTIVAL AND PRESALE NEWS",0.0,0.0,0.0,0,0,1,2,0,0,Club
Night Lovell,2027,2027-02-22,,"LIVE NATION UK FOR ARTIST, TOUR, FESTIVAL AND PRESALE NEWS",250188.22,142802.5,0.0,0,0,6,15,0,1,Club
Olivia Rodrigo,2027,2027-02-23,,LIVE NATION MUSIC,23420107.2,169307085.8,0.0,0,68,10,2,5,1,Arena
Gracie Abrams,2027,2027-02-23,,LIVE NATION MUSIC,36388724.37,5296821.61,857658.6,5,28,12,17,0,1,Arena
Polyphia,2027,2027-02-23,,LIVE NATION MUSIC,0.0,121407.0,744654.76,0,0,3,49,0,1,Theater
Name,2027,2027-02-23,,LIVE NATION MUSIC,0.0,0.0,0.0,0,0,0,1,0,0,Club
Valley,2027,2027-02-23,,LIVE NATION MUSIC,3907.06,45202.45,72551.74,0,0,2,8,0,0,Club
Dylan Gossett,2027,2027-02-23,,DF CONCERTS,499984.99,391766.02,0.0,0,0,5,18,0,1,Club
Delta Goodrem,2027,2027-02-23,,"LIVE NATION UK FOR ARTIST, TOUR, FESTIVAL AND PRESALE NEWS",669795.04,0.0,1496421.66,0,17,15,1,0,3,Arena
Delta Goodrem,2027,2027-02-23,,LIVE NATION MUSIC UK LTD,669795.04,0.0,1496421.66,0,17,15,1,0,3,Arena
Sienna Spiro,2027,2027-02-23,,DF CONCERTS,24263.94,0.0,0.0,0,0,3,3,0,0,Club
In Color,2027,2027-02-23,,"LIVE NATION UK FOR ARTIST, TOUR, FESTIVAL AND PRESALE NEWS",0.0,0.0,0.0,0,0,1,2,0,0,Club
Haiden Henderson,2027,2027-02-23,,"LIVE NATION UK FOR ARTIST, TOUR, FESTIVAL AND PRESALE NEWS",51523.45,0.0,0.0,0,0,0,5,0,0,Club
Olivia Rodrigo,2027,2027-02-24,,LIVE NATION MUSIC,23420107.2,169307085.8,0.0,0,68,10,2,5,1,Arena
Gracie Abrams,2027,2027-02-24,,LIVE NATION MUSIC,36388724.37,5296821.61,857658.6,5,28,12,17,0,1,Arena
Thao,2027,2027-02-24,,LIVE NATION MUSIC,0.0,0.0,0.0,0,0,0,1,0,0,Club
Black Jacket Symphony,2027,2027-02-24,,LIVE NATION MUSIC,766104.4,782504.15,627644.4,0,0,136,38,0,1,Theater
As I Lay Dying,2027,2027-02-24,,LIVE NATION MUSIC,7966.32,122103.5,0.0,0,2,12,56,0,1,Club
Public,2027,2027-02-24,,LIVE NATION MUSIC,0.0,0.0,0.0,0,0,0,4,0,0,Theater
Little Feat,2027,2027-02-24,,LIVE NATION MUSIC,636649.5,521235.88,959870.26,5,0,91,51,0,4,Theater
Polyphia,2027,2027-02-24,,LIVE NATION MUSIC,0.0,121407.0,744654.76,0,0,3,49,0,1,Club
Brit Floyd,2027,2027-02-24,,LIVE NATION CANADA (LN),5204793.88,3935393.5,2580115.85,22,89,375,28,0,9,Arena
Valley,2027,2027-02-24,,LIVE NATION CANADA (LN),3907.06,45202.45,72551.74,0,0,2,8,0,0,Club
Role Model,2027,2027-02-24,,"LIVE NATION UK FOR ARTIST, TOUR, FESTIVAL AND PRESALE NEWS",884833.07,275786.98,0.0,0,0,8,44,0,1,Arena
Role Model,2027,2027-02-24,,"LIVE NATION UK FOR ARTIST, TOUR, FESTIVAL AND PRESALE NEWS",884833.07,275786.98,0.0,0,0,8,44,0,1,Arena
Dylan Gossett,2027,2027-02-24,,DF CONCERTS,499984.99,391766.02,0.0,0,0,5,18,0,1,Club
Delta Goodrem,2027,2027-02-24,,"LIVE NATION UK FOR ARTIST, TOUR, FESTIVAL AND PRESALE NEWS",669795.04,0.0,1496421.66,0,17,15,1,0,3,Arena
In Color,2027,2027-02-24,,"LIVE NATION UK FOR ARTIST, TOUR, FESTIVAL AND PRESALE NEWS",0.0,0.0,0.0,0,0,1,2,0,0,Club
Haiden Henderson,2027,2027-02-24,,"LIVE NATION UK FOR ARTIST, TOUR, FESTIVAL AND PRESALE NEWS",51523.45,0.0,0.0,0,0,0,5,0,0,Club
Metallica,2027,2027-02-25,,LIVE NATION MUSIC,137107458.47,179373637.38,146435306.85,0,95,4,4,135,10,Stadium
Metallica,2027,2027-02-25,,LIVE NATION MUSIC,137107458.47,179373637.38,146435306.85,0,95,4,4,135,10,Stadium
"""AMA Music Festival"", Alan Walker",2027,2027-02-25,,LIVE NATION MUSIC,0.0,0.0,0.0,0,0,0,0,0,1,Arena
Polyphia,2027,2027-02-25,,LIVE NATION MUSIC,0.0,121407.0,744654.76,0,0,3,49,0,1,Club
Yuridia,2027,2027-02-25,,LIVE NATION MUSIC,3643074.04,11045017.92,1351399.31,0,24,43,2,8,1,Arena
Needtobreathe,2027,2027-02-25,,FRANK PRODUCTIONS,879929.75,2194921.19,2849791.53,96,33,192,109,3,8,Club
Wheeler Walker Jr.,2027,2027-02-25,,LIVE NATION MUSIC,0.0,131246.5,289839.0,0,0,4,27,0,0,Club
Michelle Branch,2027,2027-02-25,,FRANK PRODUCTIONS,0.0,0.0,0.0,0,0,2,13,0,0,Theater
Three Dog Night,2027,2027-02-25,,FRANK PRODUCTIONS,1653251.69,1897466.3,1809550.27,11,10,139,35,0,11,Theater
Spin Doctors,2027,2027-02-25,,LIVE NATION MUSIC,21315.0,16525.0,78112.2,2,1,1,14,1,2,Club
"""Show &amp; Dance Gala""",2027,2027-02-25,,LIVE NATION MUSIC,0.0,0.0,0.0,0,0,1,0,0,0,Club
Jack Kays,2027,2027-02-25,,LIVE NATION MUSIC,71591.25,6807.0,9000.0,0,0,1,9,0,0,Theater
Stayin' Alive: One Night of the Bee Gees,2027,2027-02-25,,LIVE NATION MUSIC,426408.41,252820.95,192930.21,0,0,21,6,0,0,Arena
strongboi,2027,2027-02-25,,LIVE NATION MUSIC,0.0,4864.41,0.0,0,0,0,1,0,0,Club
Stayin' Alive: One Night of the Bee Gees,2027,2027-02-25,,LIVE NATION MUSIC,426408.41,252820.95,192930.21,0,0,21,6,0,0,Arena
Blue October,2027,2027-02-25,,LIVE NATION CANADA (LN),380805.29,725828.84,1268376.38,4,2,79,177,1,3,Club
Death From Above 1979,2027,2027-02-25,,LIVE NATION CANADA (LN),149301.86000000002,114819.82,16545.0,0,2,7,52,0,3,Club
Rat &amp; Co,2027,2027-02-25,,MCD PRODUCTIONS,0.0,0.0,0.0,0,0,0,2,0,0,Club
jigitz,2027,2027-02-25,,MCD PRODUCTIONS,23270.06,0.0,0.0,0,0,1,5,0,0,Club
Cage The Elephant,2027,2027-02-25,,DF CONCERTS,2759503.8,8099534.67,0.0,10,13,39,61,0,0,Theater
Morgan Jay,2027,2027-02-25,,"LIVE NATION UK FOR ARTIST, TOUR, FESTIVAL AND PRESALE NEWS",2252073.84,750521.72,10784.0,0,0,31,3,0,1,Arena
Switchfoot,2027,2027-02-25,,LIVE NATION MUSIC UK LTD,181031.87,600305.9299999999,763943.0,5,6,80,76,1,17,Theater
South Arcade,2027,2027-02-25,,LIVE NATION MUSIC UK LTD,67467.17000000001,1565.91,0.0,0,0,2,6,0,0,Club
Haiden Henderson,2027,2027-02-25,,LIVE NATION MUSIC UK LTD,51523.45,0.0,0.0,0,0,0,5,0,0,Club
Thunder,2027,2027-02-25,,LIVE NATION MUSIC (VENUES) LTD (NEW),0.0,0.0,0.0,0,4,7,12,0,3,Theater
Haiden Henderson,2027,2027-02-25,,LIVE NATION MUSIC UK LTD,51523.45,0.0,0.0,0,0,0,5,0,0,Club
Needtobreathe,2027,2027-02-26,,LIVE NATION MUSIC,879929.75,2194921.19,2849791.53,96,33,192,109,3,8,Theater
Gracie Abrams,2027,2027-02-26,,LIVE NATION MUSIC,36388724.37,5296821.61,857658.6,5,28,12,17,0,1,Arena
Lil Wayne,2027,2027-02-26,,LIVE NATION MUSIC,14623973.69,7295726.66,6308307.5,12,96,7,4,0,2,Arena
Polyphia,2027,2027-02-26,,LIVE NATION MUSIC,0.0,121407.0,744654.76,0,0,3,49,0,1,Arena
Twilight,2027,2027-02-26,,LIVE NATION MUSIC,0.0,160837.65000000002,0.0,0,0,2,0,0,0,Arena
"""AMA Music Festival"", Alan Walker",2027,2027-02-26,,LIVE NATION MUSIC,0.0,0.0,0.0,0,0,0,0,0,1,Other
Sylvan Esso,2027,2027-02-26,,LIVE NATION MUSIC,0.0,0.0,2925511.35,17,0,29,64,0,8,Club
Blue October,2027,2027-02-26,,LIVE NATION MUSIC,380805.29,725828.84,1268376.38,4,2,79,177,1,3,Theater
Michelle Branch,2027,2027-02-26,,LIVE NATION MUSIC,0.0,0.0,0.0,0,0,2,13,0,0,Club
"Band Of Horses, Dinosaur Jr.",2027,2027-02-26,,LIVE NATION MUSIC,0.0,0.0,0.0,1,0,0,0,0,0,Amphitheatre
"Rust Belt Lights, Maker, Still Rings True",2027,2027-02-26,,LIVE NATION MUSIC,0.0,0.0,0.0,0,0,0,3,0,1,Club
Godspeed You! Black Emperor,2027,2027-02-26,,LIVE NATION CANADA (LN),812353.17,293956.15,95123.01,0,0,27,78,0,3,Theater
Rat &amp; Co,2027,2027-02-26,,MCD PRODUCTIONS,0.0,0.0,0.0,0,0,0,2,0,0,Club
In Color,2027,2027-02-26,,MCD PRODUCTIONS,0.0,0.0,0.0,0,0,1,2,0,0,Club
Switchfoot,2027,2027-02-26,,LIVE NATION MUSIC UK LTD,181031.87,600305.9299999999,763943.0,5,6,80,76,1,17,Theater
Delta Goodrem,2027,2027-02-26,,"LIVE NATION UK FOR ARTIST, TOUR, FESTIVAL AND PRESALE NEWS",669795.04,0.0,1496421.66,0,17,15,1,0,3,Arena
Polyphia,2027,2027-02-27,,LIVE NATION MUSIC,0.0,121407.0,744654.76,0,0,3,49,0,1,Club
Metallica,2027,2027-02-27,,LIVE NATION MUSIC,137107458.47,179373637.38,146435306.85,0,95,4,4,135,10,Stadium
Olivia Rodrigo,2027,2027-02-27,,LIVE NATION MUSIC,23420107.2,169307085.8,0.0,0,68,10,2,5,1,Arena
Gracie Abrams,2027,2027-02-27,,LIVE NATION MUSIC,36388724.37,5296821.61,857658.6,5,28,12,17,0,1,Arena
Yuridia,2027,2027-02-27,,LIVE NATION MUSIC,3643074.04,11045017.92,1351399.31,0,24,43,2,8,1,Theater
Voyage,2027,2027-02-27,,LIVE NATION MUSIC,71725.25,0.0,0.0,0,0,1,0,0,0,Theater
Van Halen,2027,2027-02-27,,FRANK PRODUCTIONS,0.0,0.0,0.0,5,27,0,0,0,1,Theater
Sylvan Esso,2027,2027-02-27,,LIVE NATION MUSIC,0.0,0.0,2925511.35,17,0,29,64,0,8,Club
"Band Of Horses, Dinosaur Jr.",2027,2027-02-27,,LIVE NATION MUSIC,0.0,0.0,0.0,1,0,0,0,0,0,Amphitheatre
Wheeler Walker Jr.,2027,2027-02-27,,LIVE NATION MUSIC,0.0,131246.5,289839.0,0,0,4,27,0,0,Theater
Chris Mitchell,2027,2027-02-27,,LIVE NATION MUSIC,0.0,0.0,0.0,0,0,0,1,0,0,Club
Joe,2027,2027-02-27,,LIVE NATION MUSIC,1087282.25,129123.0,118794.0,3,3,10,2,0,2,Theater
Romare,2027,2027-02-27,,LIVE NATION MUSIC,0.0,4763.15,0.0,0,0,0,2,0,0,Theater
TopHouse,2027,2027-02-27,,LIVE NATION MUSIC,465628.3,239769.0,35292.0,1,0,7,39,1,5,Club
Godspeed You! Black Emperor,2027,2027-02-27,,LIVE NATION CANADA (LN),812353.17,293956.15,95123.01,0,0,27,78,0,3,Theater
The Lilacs,2027,2027-02-27,,MCD PRODUCTIONS,4393.62,5595.75,0.0,0,0,0,5,0,0,Club
"Future Islands, Oh, Rose",2027,2027-02-27,,MCD PRODUCTIONS,0.0,0.0,0.0,0,0,0,1,0,0,Club
Switchfoot,2027,2027-02-27,,"LIVE NATION UK FOR ARTIST, TOUR, FESTIVAL AND PRESALE NEWS",181031.87,600305.9299999999,763943.0,5,6,80,76,1,17,Club
Malcolm Todd,2027,2027-02-27,,LIVE NATION MUSIC UK LTD,207372.81,63535.0,0.0,0,0,5,8,0,0,Club
Ewan McVicar,2027,2027-02-27,,DF CONCERTS,205849.5,0.0,0.0,0,2,2,0,0,0,Arena
Olivia Rodrigo,2027,2027-02-28,,LIVE NATION MUSIC,23420107.2,169307085.8,0.0,0,68,10,2,5,1,Arena
Twilight,2027,2027-02-28,,LIVE NATION MUSIC,0.0,160837.65000000002,0.0,0,0,2,0,0,0,Theater
Yuridia,2027,2027-02-28,,LIVE NATION MUSIC,3643074.04,11045017.92,1351399.31,0,24,43,2,8,1,Arena
40 Fingers,2027,2027-02-28,,LIVE NATION MUSIC,47718.649999999994,0.0,70824.0,0,1,8,13,0,4,Club
Van Halen,2027,2027-02-28,,LIVE NATION MUSIC,0.0,0.0,0.0,5,27,0,0,0,1,Theater
Blondshell,2027,2027-02-28,,LIVE NATION MUSIC,124103.75,21093.51,13640.92,0,0,3,12,0,0,Club
James Marriott,2027,2027-02-28,,LIVE NATION MUSIC,178466.41,343075.58,70095.52,0,0,7,10,0,0,Theater
Switchfoot,2027,2027-02-28,,"LIVE NATION UK FOR ARTIST, TOUR, FESTIVAL AND PRESALE NEWS",181031.87,600305.9299999999,763943.0,5,6,80,76,1,17,Theater
Malcolm Todd,2027,2027-02-28,,LIVE NATION MUSIC UK LTD,207372.81,63535.0,0.0,0,0,5,8,0,0,Club
Gracie Abrams,2027,2027-03-01,,LIVE NATION MUSIC,36388724.37,5296821.61,857658.6,5,28,12,17,0,1,Arena
Adrian Vandenberg,2027,2027-03-01,,LIVE NATION TENNESSEE,8738.0,21750.0,0.0,0,0,1,2,0,0,Club
Arthur Hill,2027,2027-03-01,,MCD PRODUCTIONS,74093.26000000001,27759.52,0.0,0,1,1,5,0,0,Theater
Switchfoot,2027,2027-03-01,,"LIVE NATION UK FOR ARTIST, TOUR, FESTIVAL AND PRESALE NEWS",181031.87,600305.9299999999,763943.0,5,6,80,76,1,17,Theater
Julia Jacklin,2027,2027-03-01,,Live Nation España Red Path SL,0.0,141592.86,327508.12,0,0,13,47,0,7,Club
Gracie Abrams,2027,2027-03-02,,LIVE NATION MUSIC,36388724.37,5296821.61,857658.6,5,28,12,17,0,1,Arena
Blondshell,2027,2027-03-02,,LIVE NATION MUSIC,124103.75,21093.51,13640.92,0,0,3,12,0,0,Club
Sylvan Esso,2027,2027-03-02,,LIVE NATION MUSIC,0.0,0.0,2925511.35,17,0,29,64,0,8,Club
Eluveitie,2027,2027-03-02,,LIVE NATION MUSIC,74932.94,0.0,22640.0,0,0,9,25,0,2,Club
Rayland Baxter,2027,2027-03-02,,LIVE NATION MUSIC,149279.27,94808.0,65497.0,0,0,7,63,1,2,Club
Lukas Graham,2027,2027-03-02,,LIVE NATION MUSIC,0.0,130586.66,0.0,0,1,12,24,0,0,Theater
EGGY,2027,2027-03-02,,LIVE NATION TENNESSEE,50061.0,55240.5,35212.9,0,0,1,20,0,0,Club
Polyphia,2027,2027-03-02,,LIVE NATION CANADA (LN),0.0,121407.0,744654.76,0,0,3,49,0,1,Theater
Jack Kays,2027,2027-03-02,,LIVE NATION CANADA (LN),71591.25,6807.0,9000.0,0,0,1,9,0,0,Theater
Medium Build,2027,2027-03-02,,MCD PRODUCTIONS,81782.66,277378.99,6501.48,0,0,2,34,0,1,Club
Delta Goodrem,2027,2027-03-02,,MCD PRODUCTIONS,669795.04,0.0,1496421.66,0,17,15,1,0,3,Theater
Editors,2027,2027-03-02,,DF CONCERTS,0.0,579815.58,163618.40999999997,0,8,13,21,0,0,Theater
Malcolm Todd,2027,2027-03-02,,LIVE NATION MUSIC UK LTD,207372.81,63535.0,0.0,0,0,5,8,0,0,Club
Julia Jacklin,2027,2027-03-02,,Live Nation España Red Path SL,0.0,141592.86,327508.12,0,0,13,47,0,7,Club
Once &amp; Future Band,2027,2027-03-03,,LIVE NATION MUSIC,0.0,0.0,0.0,0,0,0,1,0,0,Club
Death From Above 1979,2027,2027-03-03,,LIVE NATION MUSIC,149301.86000000002,114819.82,16545.0,0,2,7,52,0,3,Theater
Braxton Keith,2027,2027-03-03,,LIVE NATION MUSIC,976729.78,461719.5,69209.91,1,1,10,65,0,3,Club
Coroner,2027,2027-03-03,,LIVE NATION TENNESSEE,0.0,0.0,0.0,0,0,0,1,0,0,Club
Polyphia,2027,2027-03-03,,EVENKO CO-PRO WITH LIVE NATION,0.0,121407.0,744654.76,0,0,3,49,0,1,Club
Air Supply,2027,2027-03-03,,LIVE NATION CANADA (LN),3694987.73,4482835.24,4165792.98,11,20,187,51,1,28,Theater
Dirty Honey,2027,2027-03-03,,"LIVE NATION UK FOR ARTIST, TOUR, FESTIVAL AND PRESALE NEWS",26783.29,111904.59,115377.17,0,0,6,36,0,0,Club
Arthur Hill,2027,2027-03-03,,LIVE NATION MUSIC UK LTD,74093.26000000001,27759.52,0.0,0,1,1,5,0,0,Club
Needtobreathe,2027,2027-03-04,,LIVE NATION MUSIC,879929.75,2194921.19,2849791.53,96,33,192,109,3,8,Theater
Metallica,2027,2027-03-04,,LIVE NATION MUSIC,137107458.47,179373637.38,146435306.85,0,95,4,4,135,10,Stadium
Metallica,2027,2027-03-04,,LIVE NATION MUSIC,137107458.47,179373637.38,146435306.85,0,95,4,4,135,10,Stadium
Gracie Abrams,2027,2027-03-04,,LIVE NATION MUSIC,36388724.37,5296821.61,857658.6,5,28,12,17,0,1,Arena
Brit Floyd,2027,2027-03-04,,LIVE NATION MUSIC,5204793.88,3935393.5,2580115.85,22,89,375,28,0,9,Theater
Braxton Keith,2027,2027-03-04,,LIVE NATION MUSIC,976729.78,461719.5,69209.91,1,1,10,65,0,3,Club
Lukas Graham,2027,2027-03-04,,LIVE NATION MUSIC,0.0,130586.66,0.0,0,1,12,24,0,0,Theater
The Mary Wallopers,2027,2027-03-04,,LIVE NATION MUSIC,2204667.7,533118.83,208594.0,0,4,14,31,1,1,Theater
The Revolution,2027,2027-03-04,,LIVE NATION MUSIC,0.0,0.0,0.0,0,0,5,9,0,0,Club
Dirty Honey,2027,2027-03-04,,LIVE NATION MUSIC UK LTD,26783.29,111904.59,115377.17,0,0,6,36,0,0,Club
Arthur Hill,2027,2027-03-04,,LIVE NATION MUSIC UK LTD,74093.26000000001,27759.52,0.0,0,1,1,5,0,0,Club
Malcolm Todd,2027,2027-03-04,,LIVE NATION MUSIC UK LTD,207372.81,63535.0,0.0,0,0,5,8,0,0,Club
TX2,2027,2027-03-04,,"LIVE NATION UK FOR ARTIST, TOUR, FESTIVAL AND PRESALE NEWS",15074.0,5005.0,4116.0,0,0,0,5,0,0,Club
Rat &amp; Co,2027,2027-03-04,,"LIVE NATION UK FOR ARTIST, TOUR, FESTIVAL AND PRESALE NEWS",0.0,0.0,0.0,0,0,0,2,0,0,Club
Lukas Graham,2027,2027-03-05,,LIVE NATION MUSIC,0.0,130586.66,0.0,0,1,12,24,0,0,Club
Gracie Abrams,2027,2027-03-05,,LIVE NATION MUSIC,36388724.37,5296821.61,857658.6,5,28,12,17,0,1,Arena
Needtobreathe,2027,2027-03-05,,LIVE NATION MUSIC,879929.75,2194921.19,2849791.53,96,33,192,109,3,8,Club
Elevation Worship,2027,2027-03-05,,LIVE NATION MUSIC,10595129.56,12014252.72,10021351.75,6,93,26,9,0,10,Arena
Polyphia,2027,2027-03-05,,LIVE NATION MUSIC,0.0,121407.0,744654.76,0,0,3,49,0,1,Club
Yacht Rock Revue,2027,2027-03-05,,LIVE NATION MUSIC,1682225.71,924667.35,2361704.07,27,0,59,134,0,13,Theater
Spin Doctors,2027,2027-03-05,,LIVE NATION MUSIC,21315.0,16525.0,78112.2,2,1,1,14,1,2,Club
Death From Above 1979,2027,2027-03-05,,LIVE NATION MUSIC,149301.86000000002,114819.82,16545.0,0,2,7,52,0,3,Club
Valley,2027,2027-03-05,,LIVE NATION MUSIC,3907.06,45202.45,72551.74,0,0,2,8,0,0,Club
The Mary Wallopers,2027,2027-03-05,,LIVE NATION MUSIC,2204667.7,533118.83,208594.0,0,4,14,31,1,1,Club
Eluveitie,2027,2027-03-05,,LIVE NATION MUSIC,74932.94,0.0,22640.0,0,0,9,25,0,2,Theater
The Revolution,2027,2027-03-05,,LIVE NATION MUSIC,0.0,0.0,0.0,0,0,5,9,0,0,Arena
Pinky &amp; the Floyd,2027,2027-03-05,,LIVE NATION MUSIC,119570.0,0.0,0.0,0,0,0,3,0,0,Club
Hey Rosetta!,2027,2027-03-05,,LIVE NATION CANADA (LN),0.0,0.0,0.0,0,1,10,23,0,6,Club
Ezra Collective,2027,2027-03-05,,MCD PRODUCTIONS,239535.55,456619.5,126233.95,0,1,6,8,0,0,Theater
Dirty Honey,2027,2027-03-05,,LIVE NATION MUSIC UK LTD,26783.29,111904.59,115377.17,0,0,6,36,0,0,Club
"Moyka, Lukas Oscar",2027,2027-03-05,,"LIVE NATION UK FOR ARTIST, TOUR, FESTIVAL AND PRESALE NEWS",566.95,0.0,0.0,0,0,0,1,0,0,Club
Polyphia,2027,2027-03-06,,LIVE NATION MUSIC,0.0,121407.0,744654.76,0,0,3,49,0,1,Club
Metallica,2027,2027-03-06,,LIVE NATION MUSIC,137107458.47,179373637.38,146435306.85,0,95,4,4,135,10,Stadium
The Get Down,2027,2027-03-06,,LIVE NATION MUSIC,0.0,0.0,0.0,0,0,1,1,0,0,Arena
Brit Floyd,2027,2027-03-06,,LIVE NATION MUSIC,5204793.88,3935393.5,2580115.85,22,89,375,28,0,9,Theater
Yacht Rock Revue,2027,2027-03-06,,LIVE NATION MUSIC,1682225.71,924667.35,2361704.07,27,0,59,134,0,13,Arena
The Mary Wallopers,2027,2027-03-06,,LIVE NATION MUSIC,2204667.7,533118.83,208594.0,0,4,14,31,1,1,Club
Wheeler Walker Jr.,2027,2027-03-06,,HOUSE OF BLUES CONCERTS (HOB),0.0,131246.5,289839.0,0,0,4,27,0,0,Club
Michelle Branch,2027,2027-03-06,,HOUSE OF BLUES CONCERTS (HOB),0.0,0.0,0.0,0,0,2,13,0,0,Club
Braxton Keith,2027,2027-03-06,,LIVE NATION MUSIC,976729.78,461719.5,69209.91,1,1,10,65,0,3,Club
"""AMA Music Festival"", Alan Walker",2027,2027-03-06,,LIVE NATION MUSIC,0.0,0.0,0.0,0,0,0,0,0,1,Arena
As I Lay Dying,2027,2027-03-06,,LIVE NATION MUSIC,7966.32,122103.5,0.0,0,2,12,56,0,1,Theater
Death From Above 1979,2027,2027-03-06,,LIVE NATION MUSIC,149301.86000000002,114819.82,16545.0,0,2,7,52,0,3,Club
James Marriott,2027,2027-03-06,,LIVE NATION MUSIC,178466.41,343075.58,70095.52,0,0,7,10,0,0,Theater
Games We Play,2027,2027-03-06,,LIVE NATION MUSIC,10257.75,32407.03,3020.3,0,0,1,7,0,0,Club
Pinky &amp; the Floyd,2027,2027-03-06,,LIVE NATION MUSIC,119570.0,0.0,0.0,0,0,0,3,0,0,Club
The Revolution,2027,2027-03-06,,LIVE NATION MUSIC,0.0,0.0,0.0,0,0,5,9,0,0,Club
Air Supply,2027,2027-03-06,,LIVE NATION CANADA (LN),3694987.73,4482835.24,4165792.98,11,20,187,51,1,28,Theater
Theory of a Deadman,2027,2027-03-06,,EVENKO CO-PRO WITH LIVE NATION,296436.67,670368.53,0.0,0,3,45,86,0,9,Arena
Hey Rosetta!,2027,2027-03-06,,LIVE NATION CANADA (LN),0.0,0.0,0.0,0,1,10,23,0,6,Club
Ezra Collective,2027,2027-03-06,,MCD PRODUCTIONS,239535.55,456619.5,126233.95,0,1,6,8,0,0,Theater
Arthur Hill,2027,2027-03-06,,DF CONCERTS,74093.26000000001,27759.52,0.0,0,1,1,5,0,0,Club
The Menzingers,2027,2027-03-06,,LIVE NATION MUSIC UK LTD,0.0,83860.93,175297.68,0,0,3,45,0,0,Club
Medium Build,2027,2027-03-06,,"LIVE NATION UK FOR ARTIST, TOUR, FESTIVAL AND PRESALE NEWS",81782.66,277378.99,6501.48,0,0,2,34,0,1,Club
Uncle Acid &amp; The Deadbeats,2027,2027-03-06,,LIVE NATION MUSIC UK LTD,106998.01,0.0,23894.47,0,1,3,41,0,4,Club
"Moyka, Lukas Oscar",2027,2027-03-06,,"LIVE NATION UK FOR ARTIST, TOUR, FESTIVAL AND PRESALE NEWS",566.95,0.0,0.0,0,0,0,1,0,0,Club
Polyphia,2027,2027-03-07,,LIVE NATION MUSIC,0.0,121407.0,744654.76,0,0,3,49,0,1,Theater
Judy Collins,2027,2027-03-07,,LIVE NATION MUSIC,254068.65,193428.5,289300.68,1,0,84,71,0,5,Arena
Lukas Graham,2027,2027-03-07,,LIVE NATION MUSIC,0.0,130586.66,0.0,0,1,12,24,0,0,Club
Michelle Branch,2027,2027-03-07,,HOUSE OF BLUES CONCERTS (HOB),0.0,0.0,0.0,0,0,2,13,0,0,Club
As I Lay Dying,2027,2027-03-07,,LIVE NATION MUSIC,7966.32,122103.5,0.0,0,2,12,56,0,1,Club
The Revolution,2027,2027-03-07,,LIVE NATION MUSIC,0.0,0.0,0.0,0,0,5,9,0,0,Club
Brit Floyd,2027,2027-03-07,,LIVE NATION MUSIC,5204793.88,3935393.5,2580115.85,22,89,375,28,0,9,Theater
Brit Floyd,2027,2027-03-07,,LIVE NATION MUSIC,5204793.88,3935393.5,2580115.85,22,89,375,28,0,9,Theater
Needtobreathe,2027,2027-03-07,,LIVE NATION MUSIC,879929.75,2194921.19,2849791.53,96,33,192,109,3,8,Theater
The Lemonheads,2027,2027-03-07,,LIVE NATION MUSIC,536604.01,44522.0,41482.0,0,0,20,81,0,2,Theater
Air Supply,2027,2027-03-07,,LIVE NATION MUSIC,3694987.73,4482835.24,4165792.98,11,20,187,51,1,28,Theater
"Band Of Horses, Dinosaur Jr.",2027,2027-03-07,,LIVE NATION CANADA (LN),0.0,0.0,0.0,1,0,0,0,0,0,Theater
Hey Rosetta!,2027,2027-03-07,,LIVE NATION CANADA (LN),0.0,0.0,0.0,0,1,10,23,0,6,Club
Dirty Honey,2027,2027-03-07,,"LIVE NATION UK FOR ARTIST, TOUR, FESTIVAL AND PRESALE NEWS",26783.29,111904.59,115377.17,0,0,6,36,0,0,Club
VO,2027,2027-03-07,,LIVE NATION MUSIC UK LTD,6500.0,0.0,3154.0,0,0,0,5,0,0,Club
Public,2027,2027-03-08,,LIVE NATION MUSIC,0.0,0.0,0.0,0,0,0,4,0,0,Club
Gracie Abrams,2027,2027-03-08,,EVENKO CO-PRO WITH LIVE NATION,36388724.37,5296821.61,857658.6,5,28,12,17,0,1,Arena
Dirty Honey,2027,2027-03-08,,"LIVE NATION UK FOR ARTIST, TOUR, FESTIVAL AND PRESALE NEWS",26783.29,111904.59,115377.17,0,0,6,36,0,0,Club
Medium Build,2027,2027-03-08,,"LIVE NATION UK FOR ARTIST, TOUR, FESTIVAL AND PRESALE NEWS",81782.66,277378.99,6501.48,0,0,2,34,0,1,Club
Needtobreathe,2027,2027-03-09,,FRANK PRODUCTIONS,879929.75,2194921.19,2849791.53,96,33,192,109,3,8,Theater
Brit Floyd,2027,2027-03-09,,LIVE NATION MUSIC,5204793.88,3935393.5,2580115.85,22,89,375,28,0,9,Theater
Lukas Graham,2027,2027-03-09,,LIVE NATION MUSIC,0.0,130586.66,0.0,0,1,12,24,0,0,Club
Polyphia,2027,2027-03-09,,LIVE NATION MUSIC,0.0,121407.0,744654.76,0,0,3,49,0,1,Club
Sylvan Esso,2027,2027-03-09,,HOUSE OF BLUES CONCERTS (HOB),0.0,0.0,2925511.35,17,0,29,64,0,8,Club
Valley,2027,2027-03-09,,LIVE NATION MUSIC,3907.06,45202.45,72551.74,0,0,2,8,0,0,Theater
The Get Down,2027,2027-03-09,,LIVE NATION MUSIC,0.0,0.0,0.0,0,0,1,1,0,0,Theater
The Revolution,2027,2027-03-09,,LIVE NATION MUSIC,0.0,0.0,0.0,0,0,5,9,0,0,Theater
Bears In Trees,2027,2027-03-09,,LIVE NATION TENNESSEE,0.0,16615.260000000002,0.0,0,0,0,6,0,0,Club
Gracie Abrams,2027,2027-03-09,,EVENKO CO-PRO WITH LIVE NATION,36388724.37,5296821.61,857658.6,5,28,12,17,0,1,Arena
"Moyka, Lukas Oscar",2027,2027-03-09,,MCD PRODUCTIONS,566.95,0.0,0.0,0,0,0,1,0,0,Club
Medium Build,2027,2027-03-09,,"LIVE NATION UK FOR ARTIST, TOUR, FESTIVAL AND PRESALE NEWS",81782.66,277378.99,6501.48,0,0,2,34,0,1,Club
TX2,2027,2027-03-09,,"LIVE NATION UK FOR ARTIST, TOUR, FESTIVAL AND PRESALE NEWS",15074.0,5005.0,4116.0,0,0,0,5,0,0,Club
The Warning,2027,2027-03-09,,"Live Nation España Blue Lane, SL",1836729.79,256474.85,812677.2999999999,0,1,16,17,0,1,Club
Polyphia,2027,2027-03-10,,LIVE NATION MUSIC,0.0,121407.0,744654.76,0,0,3,49,0,1,Club
Polyphia,2027,2027-03-10,,LIVE NATION MUSIC,0.0,121407.0,744654.76,0,0,3,49,0,1,Club
Brit Floyd,2027,2027-03-10,,LIVE NATION MUSIC,5204793.88,3935393.5,2580115.85,22,89,375,28,0,9,Theater
Rod Stewart,2027,2027-03-10,,LIVE NATION MUSIC,43791142.95,27452763.79,34856940.56,53,181,55,3,46,5,Arena
Lukas Graham,2027,2027-03-10,,LIVE NATION MUSIC,0.0,130586.66,0.0,0,1,12,24,0,0,Club
Valley,2027,2027-03-10,,LIVE NATION MUSIC,3907.06,45202.45,72551.74,0,0,2,8,0,0,Club
"""Show &amp; Dance Gala""",2027,2027-03-10,,FRANK PRODUCTIONS,0.0,0.0,0.0,0,0,1,0,0,0,Theater
Public,2027,2027-03-10,,LIVE NATION MUSIC,0.0,0.0,0.0,0,0,0,4,0,0,Club
Bachman-Turner Overdrive,2027,2027-03-10,,LIVE NATION MUSIC,1300026.7,778791.38,65623.3,0,6,7,4,0,0,Theater
The Revolution,2027,2027-03-10,,LIVE NATION MUSIC,0.0,0.0,0.0,0,0,5,9,0,0,Club
Arthur Hill,2027,2027-03-10,,LIVE NATION MUSIC UK LTD,74093.26000000001,27759.52,0.0,0,1,1,5,0,0,Club
The Warning,2027,2027-03-10,,"Live Nation España Blue Lane, SL",1836729.79,256474.85,812677.2999999999,0,1,16,17,0,1,Club
"Moyka, Lukas Oscar",2027,2027-03-10,,Live Nation España Red Path SL,566.95,0.0,0.0,0,0,0,1,0,0,Club
Metallica,2027,2027-03-11,,LIVE NATION MUSIC,137107458.47,179373637.38,146435306.85,0,95,4,4,135,10,Stadium
Metallica,2027,2027-03-11,,LIVE NATION MUSIC,137107458.47,179373637.38,146435306.85,0,95,4,4,135,10,Stadium
Needtobreathe,2027,2027-03-11,,LIVE NATION MUSIC,879929.75,2194921.19,2849791.53,96,33,192,109,3,8,Arena
Jesse Cook,2027,2027-03-11,,LIVE NATION MUSIC,90288.01,289718.41,497600.25,2,0,150,57,0,4,Theater
Yuridia,2027,2027-03-11,,LIVE NATION MUSIC,3643074.04,11045017.92,1351399.31,0,24,43,2,8,1,Arena
The Revolution,2027,2027-03-11,,LIVE NATION MUSIC,0.0,0.0,0.0,0,0,5,9,0,0,Theater
Blondshell,2027,2027-03-11,,LIVE NATION MUSIC,124103.75,21093.51,13640.92,0,0,3,12,0,0,Theater
Death Cab For Cutie,2027,2027-03-11,,LIVE NATION MUSIC,2718946.78,0.0,1048636.74,41,12,92,45,3,12,Theater
The Get Down,2027,2027-03-11,,LIVE NATION MUSIC,0.0,0.0,0.0,0,0,1,1,0,0,Theater
The Get Down,2027,2027-03-11,,LIVE NATION MUSIC,0.0,0.0,0.0,0,0,1,1,0,0,Theater
James Marriott,2027,2027-03-11,,LIVE NATION TENNESSEE,178466.41,343075.58,70095.52,0,0,7,10,0,0,Club
Theory of a Deadman,2027,2027-03-11,,LIVE NATION CANADA (LN),296436.67,670368.53,0.0,0,3,45,86,0,9,Club
Megadeth,2027,2027-03-11,,"LIVE NATION UK FOR ARTIST, TOUR, FESTIVAL AND PRESALE NEWS",0.0,11332692.6,2854537.17,8,63,33,29,5,8,Arena
Megadeth,2027,2027-03-11,,"LIVE NATION UK FOR ARTIST, TOUR, FESTIVAL AND PRESALE NEWS",0.0,11332692.6,2854537.17,8,63,33,29,5,8,Arena
Arthur Hill,2027,2027-03-11,,"LIVE NATION UK FOR ARTIST, TOUR, FESTIVAL AND PRESALE NEWS",74093.26000000001,27759.52,0.0,0,1,1,5,0,0,Club
Jack Kays,2027,2027-03-12,,LIVE NATION MUSIC,71591.25,6807.0,9000.0,0,0,1,9,0,0,Theater
Gracie Abrams,2027,2027-03-12,,LIVE NATION MUSIC,36388724.37,5296821.61,857658.6,5,28,12,17,0,1,Arena
Michelle Branch,2027,2027-03-12,,LIVE NATION MUSIC,0.0,0.0,0.0,0,0,2,13,0,0,Club
Yuridia,2027,2027-03-12,,LIVE NATION MUSIC,3643074.04,11045017.92,1351399.31,0,24,43,2,8,1,Amphitheatre
Brit Floyd,2027,2027-03-12,,LIVE NATION MUSIC,5204793.88,3935393.5,2580115.85,22,89,375,28,0,9,Arena
Boyz II Men,2027,2027-03-12,,LIVE NATION MUSIC,5843741.05,5424182.24,2546429.2,10,11,76,36,0,7,Theater
Polyphia,2027,2027-03-12,,LIVE NATION MUSIC,0.0,121407.0,744654.76,0,0,3,49,0,1,Club
Corey Kent,2027,2027-03-12,,LIVE NATION MUSIC,82481.43000000001,33691.0,44166.0,0,0,5,14,0,1,Club
Yacht Rock Revue,2027,2027-03-12,,LIVE NATION MUSIC,1682225.71,924667.35,2361704.07,27,0,59,134,0,13,Theater
Games We Play,2027,2027-03-12,,LIVE NATION MUSIC,10257.75,32407.03,3020.3,0,0,1,7,0,0,Club
Sylvan Esso,2027,2027-03-12,,LIVE NATION MUSIC,0.0,0.0,2925511.35,17,0,29,64,0,8,Club
The Revolution,2027,2027-03-12,,LIVE NATION MUSIC,0.0,0.0,0.0,0,0,5,9,0,0,Club
Crown Lands,2027,2027-03-12,,LIVE NATION CANADA (LN),0.0,0.0,0.0,0,1,0,0,0,0,Club
The Mary Wallopers,2027,2027-03-12,,LIVE NATION CANADA (LN),2204667.7,533118.83,208594.0,0,4,14,31,1,1,Club
Dirty Honey,2027,2027-03-12,,MCD PRODUCTIONS,26783.29,111904.59,115377.17,0,0,6,36,0,0,Club
Megadeth,2027,2027-03-12,,"LIVE NATION UK FOR ARTIST, TOUR, FESTIVAL AND PRESALE NEWS",0.0,11332692.6,2854537.17,8,63,33,29,5,8,Arena
The Menzingers,2027,2027-03-12,,"LIVE NATION UK FOR ARTIST, TOUR, FESTIVAL AND PRESALE NEWS",0.0,83860.93,175297.68,0,0,3,45,0,0,Club
Editors,2027,2027-03-12,,LIVE NATION (MUSIC) UK LTD (VENUES),0.0,579815.58,163618.40999999997,0,8,13,21,0,0,Theater
Dan Croll,2027,2027-03-12,,DF CONCERTS,0.0,10078.14,0.0,0,0,1,23,0,0,Club
Keo,2027,2027-03-12,,LIVE NATION MUSIC UK LTD,16500.84,0.0,0.0,0,0,2,6,0,0,Club
Co &amp; Zo - De Podcast,2027,2027-03-12,,DF CONCERTS,3526.65,0.0,0.0,0,0,1,0,0,0,Theater
Friday,2027,2027-03-12,,DF CONCERTS,0.0,0.0,0.0,0,0,0,1,0,0,Club
Remi,2027,2027-03-12,,DF CONCERTS,0.0,0.0,0.0,0,0,0,9,0,0,Club
Metallica,2027,2027-03-13,,LIVE NATION MUSIC,137107458.47,179373637.38,146435306.85,0,95,4,4,135,10,Stadium
Gracie Abrams,2027,2027-03-13,,LIVE NATION MUSIC,36388724.37,5296821.61,857658.6,5,28,12,17,0,1,Arena
Michelle Branch,2027,2027-03-13,,LIVE NATION MUSIC,0.0,0.0,0.0,0,0,2,13,0,0,Club
Blue October,2027,2027-03-13,,LIVE NATION MUSIC,380805.29,725828.84,1268376.38,4,2,79,177,1,3,Club
Polyphia,2027,2027-03-13,,LIVE NATION MUSIC,0.0,121407.0,744654.76,0,0,3,49,0,1,Club
Brit Floyd,2027,2027-03-13,,LIVE NATION MUSIC,5204793.88,3935393.5,2580115.85,22,89,375,28,0,9,Arena
Boyz II Men,2027,2027-03-13,,LIVE NATION MUSIC,5843741.05,5424182.24,2546429.2,10,11,76,36,0,7,Theater
Corey Kent,2027,2027-03-13,,LIVE NATION MUSIC,82481.43000000001,33691.0,44166.0,0,0,5,14,0,1,Club
"Band Of Horses, Dinosaur Jr.",2027,2027-03-13,,LIVE NATION MUSIC,0.0,0.0,0.0,1,0,0,0,0,0,Amphitheatre
Valley,2027,2027-03-13,,LIVE NATION MUSIC,3907.06,45202.45,72551.74,0,0,2,8,0,0,Club
Needtobreathe,2027,2027-03-13,,FRANK PRODUCTIONS,879929.75,2194921.19,2849791.53,96,33,192,109,3,8,Theater
Sylvan Esso,2027,2027-03-13,,LIVE NATION MUSIC,0.0,0.0,2925511.35,17,0,29,64,0,8,Club
Yacht Rock Revue,2027,2027-03-13,,LIVE NATION MUSIC,1682225.71,924667.35,2361704.07,27,0,59,134,0,13,Club
Games We Play,2027,2027-03-13,,LIVE NATION MUSIC,10257.75,32407.03,3020.3,0,0,1,7,0,0,Club
The Revolution,2027,2027-03-13,,LIVE NATION MUSIC,0.0,0.0,0.0,0,0,5,9,0,0,Club
X Tour,2027,2027-03-13,,LIVE NATION MUSIC,0.0,0.0,0.0,0,0,0,1,0,0,Theater
Jack Kays,2027,2027-03-13,,LIVE NATION CANADA (LN),71591.25,6807.0,9000.0,0,0,1,9,0,0,Club
The Northern,2027,2027-03-13,,LIVE NATION CANADA (LN),0.0,0.0,0.0,0,0,0,1,0,0,Theater
Coeur De Pirate,2027,2027-03-13,,LIVE NATION CANADA (LN),96256.24,0.0,0.0,0,0,6,25,0,0,Theater
Callum Beattie,2027,2027-03-13,,MCD PRODUCTIONS,551823.58,456256.18,423446.68,1,1,6,21,1,7,Club
AC,2027,2027-03-13,,MCD PRODUCTIONS,0.0,0.0,0.0,0,0,0,1,0,0,Club
Megadeth,2027,2027-03-13,,"LIVE NATION UK FOR ARTIST, TOUR, FESTIVAL AND PRESALE NEWS",0.0,11332692.6,2854537.17,8,63,33,29,5,8,Arena
Movements,2027,2027-03-13,,LIVE NATION MUSIC UK LTD,308781.6,267276.63,140008.0,0,0,1,23,0,1,Club
Tash Sultana,2027,2027-03-13,,LIVE NATION MUSIC UK LTD,1826385.23,239263.5,2321445.36,19,11,31,44,1,9,Arena
Remi,2027,2027-03-13,,DF CONCERTS,0.0,0.0,0.0,0,0,0,9,0,0,Club
Needtobreathe,2027,2027-03-14,,LIVE NATION MUSIC,879929.75,2194921.19,2849791.53,96,33,192,109,3,8,Theater
The Mary Wallopers,2027,2027-03-14,,HOUSE OF BLUES CONCERTS (HOB),2204667.7,533118.83,208594.0,0,4,14,31,1,1,Club
Black Jacket Symphony,2027,2027-03-14,,LIVE NATION MUSIC,766104.4,782504.15,627644.4,0,0,136,38,0,1,Theater
Polyphia,2027,2027-03-14,,LIVE NATION MUSIC,0.0,121407.0,744654.76,0,0,3,49,0,1,Club
Yuridia,2027,2027-03-14,,LIVE NATION MUSIC,3643074.04,11045017.92,1351399.31,0,24,43,2,8,1,Arena
Public,2027,2027-03-14,,LIVE NATION MUSIC,0.0,0.0,0.0,0,0,0,4,0,0,Club
The Get Down,2027,2027-03-14,,HOUSE OF BLUES CONCERTS (HOB),0.0,0.0,0.0,0,0,1,1,0,0,Club
Brooke Alexx,2027,2027-03-14,,LIVE NATION TENNESSEE,6976.610000000001,0.0,0.0,0,0,0,5,0,0,Club
"Rust Belt Lights, Maker, Still Rings True",2027,2027-03-14,,LIVE NATION CANADA (LN),0.0,0.0,0.0,0,0,0,3,0,1,Club
Coeur De Pirate,2027,2027-03-14,,LIVE NATION CANADA (LN),96256.24,0.0,0.0,0,0,6,25,0,0,Club
Movements,2027,2027-03-14,,"LIVE NATION UK FOR ARTIST, TOUR, FESTIVAL AND PRESALE NEWS",308781.6,267276.63,140008.0,0,0,1,23,0,1,Club
Arthur Hill,2027,2027-03-14,,LIVE NATION MUSIC UK LTD,74093.26000000001,27759.52,0.0,0,1,1,5,0,0,Club
Remi,2027,2027-03-14,,DF CONCERTS,0.0,0.0,0.0,0,0,0,9,0,0,Club
KALEO,2027,2027-03-14,,Live Nation España S.A.U.,1615915.28,2266433.29,543274.15,11,5,32,42,2,3,Club
Megadeth,2027,2027-03-15,,LIVE NATION MUSIC UK LTD,0.0,11332692.6,2854537.17,8,63,33,29,5,8,Arena
Arthur Hill,2027,2027-03-15,,LIVE NATION MUSIC UK LTD,74093.26000000001,27759.52,0.0,0,1,1,5,0,0,Club
KALEO,2027,2027-03-15,,Live Nation España S.A.U.,1615915.28,2266433.29,543274.15,11,5,32,42,2,3,Club
julie,2027,2027-03-16,,LIVE NATION MUSIC,96153.31,69155.0,11485.740000000002,0,0,4,9,0,0,Club
Polyphia,2027,2027-03-16,,LIVE NATION MUSIC,0.0,121407.0,744654.76,0,0,3,49,0,1,Club
The Mary Wallopers,2027,2027-03-16,,LIVE NATION MUSIC,2204667.7,533118.83,208594.0,0,4,14,31,1,1,Club
The Revolution,2027,2027-03-16,,LIVE NATION MUSIC,0.0,0.0,0.0,0,0,5,9,0,0,Theater
Games We Play,2027,2027-03-16,,LIVE NATION MUSIC,10257.75,32407.03,3020.3,0,0,1,7,0,0,Theater
Gracie Abrams,2027,2027-03-16,,LIVE NATION MUSIC,36388724.37,5296821.61,857658.6,5,28,12,17,0,1,Arena
Valley,2027,2027-03-16,,LIVE NATION MUSIC,3907.06,45202.45,72551.74,0,0,2,8,0,0,Club
Public,2027,2027-03-16,,LIVE NATION MUSIC,0.0,0.0,0.0,0,0,0,4,0,0,Club
Megadeth,2027,2027-03-16,,LIVE NATION MUSIC UK LTD,0.0,11332692.6,2854537.17,8,63,33,29,5,8,Arena
Megadeth,2027,2027-03-16,,LIVE NATION MUSIC UK LTD,0.0,11332692.6,2854537.17,8,63,33,29,5,8,Arena
The Mary Wallopers,2027,2027-03-17,,LIVE NATION MUSIC,2204667.7,533118.83,208594.0,0,4,14,31,1,1,Club
Jack Kays,2027,2027-03-17,,LIVE NATION MUSIC,71591.25,6807.0,9000.0,0,0,1,9,0,0,Club
Needtobreathe,2027,2027-03-17,,LIVE NATION MUSIC,879929.75,2194921.19,2849791.53,96,33,192,109,3,8,Theater
Gracie Abrams,2027,2027-03-17,,LIVE NATION MUSIC,36388724.37,5296821.61,857658.6,5,28,12,17,0,1,Arena
Black Jacket Symphony,2027,2027-03-17,,LIVE NATION MUSIC,766104.4,782504.15,627644.4,0,0,136,38,0,1,Theater
The Revolution,2027,2027-03-17,,LIVE NATION MUSIC,0.0,0.0,0.0,0,0,5,9,0,0,Club
Theory of a Deadman,2027,2027-03-17,,LIVE NATION MUSIC,296436.67,670368.53,0.0,0,3,45,86,0,9,Club
Rodrigo y Gabriela,2027,2027-03-17,,DF CONCERTS,68954.74,537959.35,1458366.69,33,3,134,58,0,10,Theater
Turnover,2027,2027-03-17,,"LIVE NATION UK FOR ARTIST, TOUR, FESTIVAL AND PRESALE NEWS",1497016.17,34201.28,13530.0,2,1,7,38,0,2,Theater
Arthur Hill,2027,2027-03-17,,LIVE NATION MUSIC UK LTD,74093.26000000001,27759.52,0.0,0,1,1,5,0,0,Club
Blondshell,2027,2027-03-18,,LIVE NATION MUSIC,124103.75,21093.51,13640.92,0,0,3,12,0,0,Club
Valley,2027,2027-03-18,,LIVE NATION MUSIC,3907.06,45202.45,72551.74,0,0,2,8,0,0,Club
HER,2027,2027-03-18,,LIVE NATION MUSIC,0.0,0.0,0.0,0,0,0,1,0,0,Club
"Rust Belt Lights, Maker, Still Rings True",2027,2027-03-18,,LIVE NATION MUSIC,0.0,0.0,0.0,0,0,0,3,0,1,Club
Jack Kays,2027,2027-03-18,,LIVE NATION MUSIC,71591.25,6807.0,9000.0,0,0,1,9,0,0,Club
Needtobreathe,2027,2027-03-18,,LIVE NATION MUSIC,879929.75,2194921.19,2849791.53,96,33,192,109,3,8,Theater
Corey Kent,2027,2027-03-18,,LIVE NATION MUSIC,82481.43000000001,33691.0,44166.0,0,0,5,14,0,1,Club
Corey Kent,2027,2027-03-18,,LIVE NATION MUSIC,82481.43000000001,33691.0,44166.0,0,0,5,14,0,1,Club
Polvo,2027,2027-03-18,,LIVE NATION MUSIC,0.0,0.0,0.0,0,0,0,2,0,0,Club
Brit Floyd,2027,2027-03-18,,LIVE NATION MUSIC,5204793.88,3935393.5,2580115.85,22,89,375,28,0,9,Theater
Death Cab For Cutie,2027,2027-03-18,,LIVE NATION MUSIC,2718946.78,0.0,1048636.74,41,12,92,45,3,12,Theater
Yuridia,2027,2027-03-18,,LIVE NATION MUSIC,3643074.04,11045017.92,1351399.31,0,24,43,2,8,1,Arena
Twilight,2027,2027-03-18,,LIVE NATION MUSIC,0.0,160837.65000000002,0.0,0,0,2,0,0,0,Arena
julie,2027,2027-03-18,,LIVE NATION MUSIC,96153.31,69155.0,11485.740000000002,0,0,4,9,0,0,Theater
Polyphia,2027,2027-03-18,,LIVE NATION MUSIC,0.0,121407.0,744654.76,0,0,3,49,0,1,Club
VNV Nation,2027,2027-03-18,,LIVE NATION MUSIC,0.0,29482.12,98062.06,0,0,3,46,1,1,Theater
VNV Nation,2027,2027-03-18,,LIVE NATION MUSIC,0.0,29482.12,98062.06,0,0,3,46,1,1,Theater
Megadeth,2027,2027-03-18,,"LIVE NATION UK FOR ARTIST, TOUR, FESTIVAL AND PRESALE NEWS",0.0,11332692.6,2854537.17,8,63,33,29,5,8,Arena
Turnover,2027,2027-03-18,,"LIVE NATION UK FOR ARTIST, TOUR, FESTIVAL AND PRESALE NEWS",1497016.17,34201.28,13530.0,2,1,7,38,0,2,Club
The View,2027,2027-03-18,,DF CONCERTS,0.0,221202.04,379359.26,0,2,11,33,0,4,Club
Niall Horan,2027,2027-03-19,,LIVE NATION MUSIC,0.0,68141223.9,0.0,58,70,28,3,1,4,Arena
julie,2027,2027-03-19,,LIVE NATION MUSIC,96153.31,69155.0,11485.740000000002,0,0,4,9,0,0,Arena
Needtobreathe,2027,2027-03-19,,LIVE NATION MUSIC,879929.75,2194921.19,2849791.53,96,33,192,109,3,8,Theater
Gracie Abrams,2027,2027-03-19,,LIVE NATION MUSIC,36388724.37,5296821.61,857658.6,5,28,12,17,0,1,Arena
Michelle Branch,2027,2027-03-19,,LIVE NATION MUSIC,0.0,0.0,0.0,0,0,2,13,0,0,Club
Boyz II Men,2027,2027-03-19,,LIVE NATION MUSIC,5843741.05,5424182.24,2546429.2,10,11,76,36,0,7,Theater
"The Floozies, Too Many Zooz",2027,2027-03-19,,LIVE NATION MUSIC,0.0,0.0,0.0,0,0,0,5,0,0,Theater
Yuridia,2027,2027-03-19,,LIVE NATION MUSIC,3643074.04,11045017.92,1351399.31,0,24,43,2,8,1,Arena
Coroner,2027,2027-03-19,,LIVE NATION MUSIC,0.0,0.0,0.0,0,0,0,1,0,0,Club
Paul Anka,2027,2027-03-19,,LIVE NATION MUSIC,1081980.03,1742187.49,1467619.8,1,13,135,8,0,2,Theater
Yuridia,2027,2027-03-19,,LIVE NATION MUSIC,3643074.04,11045017.92,1351399.31,0,24,43,2,8,1,Arena
VNV Nation,2027,2027-03-19,,LIVE NATION MUSIC,0.0,29482.12,98062.06,0,0,3,46,1,1,Club
The Lemonheads,2027,2027-03-19,,FRANK PRODUCTIONS,536604.01,44522.0,41482.0,0,0,20,81,0,2,Club
Corey Kent,2027,2027-03-19,,LIVE NATION MUSIC,82481.43000000001,33691.0,44166.0,0,0,5,14,0,1,Club
"""Festival International de Jazz De Montreal"", Saint Levant",2027,2027-03-19,,LIVE NATION CANADA (LN),0.0,0.0,0.0,0,0,0,1,0,0,Club
Jack Lukeman,2027,2027-03-19,,MCD PRODUCTIONS,68885.93,2031.01,64890.47,0,2,4,3,0,12,Theater
anaiis,2027,2027-03-19,,MCD PRODUCTIONS,0.0,0.0,0.0,0,0,1,4,0,0,Club
Megadeth,2027,2027-03-19,,"LIVE NATION UK FOR ARTIST, TOUR, FESTIVAL AND PRESALE NEWS",0.0,11332692.6,2854537.17,8,63,33,29,5,8,Arena
Megadeth,2027,2027-03-19,,"LIVE NATION UK FOR ARTIST, TOUR, FESTIVAL AND PRESALE NEWS",0.0,11332692.6,2854537.17,8,63,33,29,5,8,Arena
Turnover,2027,2027-03-19,,"LIVE NATION UK FOR ARTIST, TOUR, FESTIVAL AND PRESALE NEWS",1497016.17,34201.28,13530.0,2,1,7,38,0,2,Club
La Roux,2027,2027-03-19,,DF CONCERTS,0.0,0.0,0.0,1,2,16,29,0,0,Club
Arthur Hill,2027,2027-03-19,,"LIVE NATION UK FOR ARTIST, TOUR, FESTIVAL AND PRESALE NEWS",74093.26000000001,27759.52,0.0,0,1,1,5,0,0,Club
Ben Portsmouth,2027,2027-03-19,,LIVE NATION MUSIC (VENUES) LTD (NEW),157095.63,37814.61,153685.02,0,7,18,2,0,0,Theater
Niall Horan,2027,2027-03-20,,LIVE NATION MUSIC,0.0,68141223.9,0.0,58,70,28,3,1,4,Arena
Corey Kent,2027,2027-03-20,,LIVE NATION MUSIC,82481.43000000001,33691.0,44166.0,0,0,5,14,0,1,Club
Jack Kays,2027,2027-03-20,,LIVE NATION MUSIC,71591.25,6807.0,9000.0,0,0,1,9,0,0,Club
Spin Doctors,2027,2027-03-20,,LIVE NATION MUSIC,21315.0,16525.0,78112.2,2,1,1,14,1,2,Club
Gracie Abrams,2027,2027-03-20,,LIVE NATION MUSIC,36388724.37,5296821.61,857658.6,5,28,12,17,0,1,Arena
Needtobreathe,2027,2027-03-20,,LIVE NATION MUSIC,879929.75,2194921.19,2849791.53,96,33,192,109,3,8,Theater
Brit Floyd,2027,2027-03-20,,LIVE NATION MUSIC,5204793.88,3935393.5,2580115.85,22,89,375,28,0,9,Theater
Polyphia,2027,2027-03-20,,LIVE NATION MUSIC,0.0,121407.0,744654.76,0,0,3,49,0,1,Club
Boyz II Men,2027,2027-03-20,,LIVE NATION MUSIC,5843741.05,5424182.24,2546429.2,10,11,76,36,0,7,Theater
VNV Nation,2027,2027-03-20,,LIVE NATION MUSIC,0.0,29482.12,98062.06,0,0,3,46,1,1,Club
Black Jacket Symphony,2027,2027-03-20,,EMPORIUM PRESENTS,766104.4,782504.15,627644.4,0,0,136,38,0,1,Theater
The Revolution,2027,2027-03-20,,LIVE NATION MUSIC,0.0,0.0,0.0,0,0,5,9,0,0,Theater
Blondshell,2027,2027-03-20,,LIVE NATION CANADA (LN),124103.75,21093.51,13640.92,0,0,3,12,0,0,Theater
"""Festival International de Jazz De Montreal"", Saint Levant",2027,2027-03-20,,LIVE NATION CANADA (LN),0.0,0.0,0.0,0,0,0,1,0,0,Theater
Theory of a Deadman,2027,2027-03-20,,LIVE NATION CANADA (LN),296436.67,670368.53,0.0,0,3,45,86,0,9,Theater
Valley,2027,2027-03-20,,LIVE NATION CANADA (LN),3907.06,45202.45,72551.74,0,0,2,8,0,0,Theater
The Irish Rovers,2027,2027-03-20,,LIVE NATION CANADA (LN),27439.43,0.0,17923.65,1,0,32,6,0,2,Theater
"Filter, Finger Eleven",2027,2027-03-20,,LIVE NATION CANADA (LN),0.0,0.0,0.0,0,1,0,0,0,0,Arena
Jack Lukeman,2027,2027-03-20,,MCD PRODUCTIONS,68885.93,2031.01,64890.47,0,2,4,3,0,12,Theater
Turnover,2027,2027-03-20,,"LIVE NATION UK FOR ARTIST, TOUR, FESTIVAL AND PRESALE NEWS",1497016.17,34201.28,13530.0,2,1,7,38,0,2,Club
Twilight,2027,2027-03-21,,LIVE NATION MUSIC,0.0,160837.65000000002,0.0,0,0,2,0,0,0,Theater
Public,2027,2027-03-21,,LIVE NATION MUSIC,0.0,0.0,0.0,0,0,0,4,0,0,Club
Twilight,2027,2027-03-21,,LIVE NATION MUSIC,0.0,160837.65000000002,0.0,0,0,2,0,0,0,Theater
Coroner,2027,2027-03-21,,LIVE NATION MUSIC,0.0,0.0,0.0,0,0,0,1,0,0,Club
VNV Nation,2027,2027-03-21,,LIVE NATION MUSIC,0.0,29482.12,98062.06,0,0,3,46,1,1,Theater
Wheeler Walker Jr.,2027,2027-03-21,,LIVE NATION MUSIC,0.0,131246.5,289839.0,0,0,4,27,0,0,Theater
Death Cab For Cutie,2027,2027-03-22,,LIVE NATION MUSIC,2718946.78,0.0,1048636.74,41,12,92,45,3,12,Club
The Revolution,2027,2027-03-22,,LIVE NATION MUSIC,0.0,0.0,0.0,0,0,5,9,0,0,Club
Ash Grunwald,2027,2027-03-22,,MCD PRODUCTIONS,0.0,0.0,0.0,0,0,0,8,0,0,Club
Haiden Henderson,2027,2027-03-22,,Live Nation España S.A.U.,51523.45,0.0,0.0,0,0,0,5,0,0,Club
Blanco White,2027,2027-03-22,,Live Nation España S.A.U.,205338.31,0.0,102823.34,0,0,7,17,0,5,Club
The Interrupters,2027,2027-03-23,,HOUSE OF BLUES CONCERTS (HOB),0.0,95240.35,131504.91,1,0,8,19,0,0,Club
Niall Horan,2027,2027-03-23,,LIVE NATION MUSIC,0.0,68141223.9,0.0,58,70,28,3,1,4,Arena
The Revolution,2027,2027-03-23,,FRANK PRODUCTIONS,0.0,0.0,0.0,0,0,5,9,0,0,Club
Games We Play,2027,2027-03-23,,LIVE NATION MUSIC,10257.75,32407.03,3020.3,0,0,1,7,0,0,Club
Games We Play,2027,2027-03-23,,LIVE NATION MUSIC,10257.75,32407.03,3020.3,0,0,1,7,0,0,Club
"""Festival International de Jazz De Montreal"", Saint Levant",2027,2027-03-23,,LIVE NATION CANADA (LN),0.0,0.0,0.0,0,0,0,1,0,0,Club
Death From Above 1979,2027,2027-03-23,,LIVE NATION CANADA (LN),149301.86000000002,114819.82,16545.0,0,2,7,52,0,3,Theater
Blanco White,2027,2027-03-23,,Live Nation España S.A.U.,205338.31,0.0,102823.34,0,0,7,17,0,5,Club
Mora,2027,2027-03-24,,LIVE NATION MUSIC,16630361.64,0.0,11841095.3,1,20,6,2,3,3,Arena
The Interrupters,2027,2027-03-24,,HOUSE OF BLUES CONCERTS (HOB),0.0,95240.35,131504.91,1,0,8,19,0,0,Club
The Psychedelic Furs,2027,2027-03-24,,LIVE NATION MUSIC,533105.78,128136.68,135991.5,2,0,56,124,0,4,Theater
VNV Nation,2027,2027-03-24,,LIVE NATION MUSIC,0.0,29482.12,98062.06,0,0,3,46,1,1,Theater
The Simon &amp; Garfunkel Story,2027,2027-03-24,,LIVE NATION MUSIC,2676140.15,2141433.65,1076226.67,0,8,140,12,0,3,Theater
Caiola,2027,2027-03-24,,LIVE NATION MUSIC,0.0,0.0,1500.0,0,0,0,2,0,0,Club
The Revolution,2027,2027-03-24,,LIVE NATION MUSIC,0.0,0.0,0.0,0,0,5,9,0,0,Club
April Wine,2027,2027-03-24,,EVENKO CO-PRO WITH LIVE NATION,34519.0,52015.58,31760.44,1,0,6,8,0,5,Theater
"""Festival International de Jazz De Montreal"", Saint Levant",2027,2027-03-24,,LIVE NATION CANADA (LN),0.0,0.0,0.0,0,0,0,1,0,0,Club
The Lemonheads,2027,2027-03-25,,LIVE NATION MUSIC,536604.01,44522.0,41482.0,0,0,20,81,0,2,Theater
Kenny Wayne Shepherd,2027,2027-03-25,,LIVE NATION MUSIC,861210.02,1084321.07,3587479.38,9,0,142,68,0,18,Theater
Michelle Branch,2027,2027-03-25,,LIVE NATION MUSIC,0.0,0.0,0.0,0,0,2,13,0,0,Theater
Kid Francescoli,2027,2027-03-25,,LIVE NATION MUSIC,27287.25,51864.68,28235.56,0,0,1,12,0,2,Theater
April Wine,2027,2027-03-25,,EVENKO CO-PRO WITH LIVE NATION,34519.0,52015.58,31760.44,1,0,6,8,0,5,Arena
Royal Wood,2027,2027-03-25,,LIVE NATION CANADA (LN),0.0,0.0,0.0,0,0,6,0,0,1,Theater
"""Festival International de Jazz De Montreal"", Saint Levant",2027,2027-03-25,,LIVE NATION CANADA (LN),0.0,0.0,0.0,0,0,0,1,0,0,Club
Theory of a Deadman,2027,2027-03-25,,LIVE NATION CANADA (LN),296436.67,670368.53,0.0,0,3,45,86,0,9,Theater
Blanco White,2027,2027-03-25,,MCD PRODUCTIONS,205338.31,0.0,102823.34,0,0,7,17,0,5,Theater
SOFY,2027,2027-03-25,,LIVE NATION MUSIC UK LTD,2077.55,0.0,548.57,0,0,0,2,0,0,Club
Niall Horan,2027,2027-03-26,,LIVE NATION MUSIC,0.0,68141223.9,0.0,58,70,28,3,1,4,Arena
The Interrupters,2027,2027-03-26,,LIVE NATION MUSIC,0.0,95240.35,131504.91,1,0,8,19,0,0,Club
Bo Staloch,2027,2027-03-26,,LIVE NATION MUSIC,35132.94,2370.0,0.0,0,0,1,10,0,0,Club
Beyond,2027,2027-03-26,,LIVE NATION MUSIC,0.0,0.0,0.0,0,0,1,0,0,0,Arena
Michelle Branch,2027,2027-03-26,,LIVE NATION MUSIC,0.0,0.0,0.0,0,0,2,13,0,0,Club
The Revolution,2027,2027-03-26,,HOUSE OF BLUES CONCERTS (HOB),0.0,0.0,0.0,0,0,5,9,0,0,Club
VNV Nation,2027,2027-03-26,,LIVE NATION MUSIC,0.0,29482.12,98062.06,0,0,3,46,1,1,Club
VNV Nation,2027,2027-03-26,,LIVE NATION MUSIC,0.0,29482.12,98062.06,0,0,3,46,1,1,Club
Morat,2027,2027-03-26,,LIVE NATION CANADA (LN),12348530.96,73686333.73,28732781.83,8,51,45,8,50,18,Arena
GAI,2027,2027-03-26,,MCD PRODUCTIONS,0.0,0.0,0.0,0,0,1,0,0,0,Theater
STELLA LEFTY,2027,2027-03-26,,MCD PRODUCTIONS,0.0,0.0,0.0,0,0,0,1,0,0,Club
"""Festival International de Jazz De Montreal"", Saint Levant",2027,2027-03-27,,LIVE NATION MUSIC,0.0,0.0,0.0,0,0,0,1,0,0,Club
The Interrupters,2027,2027-03-27,,LIVE NATION MUSIC,0.0,95240.35,131504.91,1,0,8,19,0,0,Club
Beyond,2027,2027-03-27,,LIVE NATION MUSIC,0.0,0.0,0.0,0,0,1,0,0,0,Arena
Niall Horan,2027,2027-03-27,,LIVE NATION MUSIC,0.0,68141223.9,0.0,58,70,28,3,1,4,Arena
The Psychedelic Furs,2027,2027-03-27,,HOUSE OF BLUES CONCERTS (HOB),533105.78,128136.68,135991.5,2,0,56,124,0,4,Club
Yuridia,2027,2027-03-27,,LIVE NATION MUSIC,3643074.04,11045017.92,1351399.31,0,24,43,2,8,1,Theater
Yuridia,2027,2027-03-27,,LIVE NATION MUSIC,3643074.04,11045017.92,1351399.31,0,24,43,2,8,1,Theater
The Revolution,2027,2027-03-27,,LIVE NATION MUSIC,0.0,0.0,0.0,0,0,5,9,0,0,Theater
Wheeler Walker Jr.,2027,2027-03-27,,LIVE NATION CANADA (LN),0.0,131246.5,289839.0,0,0,4,27,0,0,Club
GAI,2027,2027-03-27,,MCD PRODUCTIONS,0.0,0.0,0.0,0,0,1,0,0,0,Theater
STELLA LEFTY,2027,2027-03-27,,MCD PRODUCTIONS,0.0,0.0,0.0,0,0,0,1,0,0,Club
The Psychedelic Furs,2027,2027-03-28,,HOUSE OF BLUES CONCERTS (HOB),533105.78,128136.68,135991.5,2,0,56,124,0,4,Club
Calema,2027,2027-03-28,,LIVE NATION MUSIC,626563.89,1107136.06,0.0,0,4,0,1,0,0,Arena
The Interrupters,2027,2027-03-28,,HOUSE OF BLUES CONCERTS (HOB),0.0,95240.35,131504.91,1,0,8,19,0,0,Club
Yuridia,2027,2027-03-28,,LIVE NATION MUSIC,3643074.04,11045017.92,1351399.31,0,24,43,2,8,1,Theater
"""Festival International de Jazz De Montreal"", Saint Levant",2027,2027-03-28,,LIVE NATION MUSIC,0.0,0.0,0.0,0,0,0,1,0,0,Theater
The Revolution,2027,2027-03-28,,LIVE NATION MUSIC,0.0,0.0,0.0,0,0,5,9,0,0,Club
Arthur Hill,2027,2027-03-28,,LIVE NATION CANADA (LN),74093.26000000001,27759.52,0.0,0,1,1,5,0,0,Club
Ice Nine Kills,2027,2027-03-28,,"LIVE NATION UK FOR ARTIST, TOUR, FESTIVAL AND PRESALE NEWS",4167359.2,24831.13,1453704.11,2,10,23,45,0,2,Club
Bjorn Again,2027,2027-03-28,,MCD PRODUCTIONS,292801.08999999997,218189.55,0.0,1,1,14,0,1,1,Theater
Sienna Spiro,2027,2027-03-29,,Live Nation España S.A.U.,24263.94,0.0,0.0,0,0,3,3,0,0,Club
Arthur Hill,2027,2027-03-30,,LIVE NATION MUSIC,74093.26000000001,27759.52,0.0,0,1,1,5,0,0,Club
SPEED,2027,2027-03-30,,HOUSE OF BLUES CONCERTS (HOB),30152.31,0.0,0.0,0,0,0,1,0,0,Club
"""Festival International de Jazz De Montreal"", Saint Levant",2027,2027-03-30,,LIVE NATION MUSIC,0.0,0.0,0.0,0,0,0,1,0,0,Club
The Psychedelic Furs,2027,2027-03-30,,LIVE NATION MUSIC,533105.78,128136.68,135991.5,2,0,56,124,0,4,Club
Death Cab For Cutie,2027,2027-03-30,,LIVE NATION MUSIC,2718946.78,0.0,1048636.74,41,12,92,45,3,12,Theater
Niall Horan,2027,2027-03-30,,LIVE NATION CANADA (LN),0.0,68141223.9,0.0,58,70,28,3,1,4,Arena
Nothing But Thieves,2027,2027-03-30,,LIVE NATION CANADA (LN),606164.47,4488559.03,3193861.94,0,12,35,74,0,8,Theater
Wheeler Walker Jr.,2027,2027-03-30,,LIVE NATION MUSIC,0.0,131246.5,289839.0,0,0,4,27,0,0,Theater
Jack Kays,2027,2027-03-30,,MCD PRODUCTIONS,71591.25,6807.0,9000.0,0,0,1,9,0,0,Club
The Warning,2027,2027-03-30,,DF CONCERTS,1836729.79,256474.85,812677.2999999999,0,1,16,17,0,1,Club
Avatar,2027,2027-03-30,,"LIVE NATION UK FOR ARTIST, TOUR, FESTIVAL AND PRESALE NEWS",549363.65,456317.3,414674.53,0,1,12,50,0,4,Theater
Sienna Spiro,2027,2027-03-30,,Live Nation España S.A.U.,24263.94,0.0,0.0,0,0,3,3,0,0,Club
"""Festival International de Jazz De Montreal"", Saint Levant",2027,2027-03-31,,LIVE NATION MUSIC,0.0,0.0,0.0,0,0,0,1,0,0,Club
Arthur Hill,2027,2027-03-31,,LIVE NATION MUSIC,74093.26000000001,27759.52,0.0,0,1,1,5,0,0,Theater
Nothing But Thieves,2027,2027-03-31,,LIVE NATION MUSIC,606164.47,4488559.03,3193861.94,0,12,35,74,0,8,Theater
The Revolution,2027,2027-03-31,,LIVE NATION MUSIC,0.0,0.0,0.0,0,0,5,9,0,0,Theater
Theory of a Deadman,2027,2027-03-31,,LIVE NATION CANADA (LN),296436.67,670368.53,0.0,0,3,45,86,0,9,Theater
Loreena McKennitt,2027,2027-03-31,,"LIVE NATION UK FOR ARTIST, TOUR, FESTIVAL AND PRESALE NEWS",0.0,1652812.88,407899.25,4,12,57,2,3,11,Theater
"""Festival International de Jazz De Montreal"", Saint Levant",2027,2027-04-01,,LIVE NATION MUSIC,0.0,0.0,0.0,0,0,0,1,0,0,Club
Brit Floyd,2027,2027-04-01,,LIVE NATION MUSIC,5204793.88,3935393.5,2580115.85,22,89,375,28,0,9,Club
Riley Green,2027,2027-04-01,,LIVE NATION MUSIC,18818712.84,11336207.41,4129193.53,54,56,40,30,2,11,Arena
Nothing But Thieves,2027,2027-04-01,,LIVE NATION MUSIC,606164.47,4488559.03,3193861.94,0,12,35,74,0,8,Club
Graham Barham,2027,2027-04-01,,LIVE NATION MUSIC,11302.23,0.0,0.0,0,0,1,1,0,0,Theater
The Mary Wallopers,2027,2027-04-01,,LIVE NATION MUSIC,2204667.7,533118.83,208594.0,0,4,14,31,1,1,Theater
The Revolution,2027,2027-04-01,,LIVE NATION TENNESSEE,0.0,0.0,0.0,0,0,5,9,0,0,Club
Chasing Abbey,2027,2027-04-01,,LIVE NATION MUSIC,0.0,53043.38,0.0,0,0,4,8,0,1,Club
Kid Francescoli,2027,2027-04-01,,LIVE NATION CANADA (LN),27287.25,51864.68,28235.56,0,0,1,12,0,2,Theater
Wheeler Walker Jr.,2027,2027-04-01,,LIVE NATION CANADA (LN),0.0,131246.5,289839.0,0,0,4,27,0,0,Arena
Danny Bowes,2027,2027-04-01,,"LIVE NATION UK FOR ARTIST, TOUR, FESTIVAL AND PRESALE NEWS",0.0,14143.32,0.0,0,0,1,0,0,0,Club
The Interrupters,2027,2027-04-02,,LIVE NATION MUSIC,0.0,95240.35,131504.91,1,0,8,19,0,0,Club
Lukas Graham,2027,2027-04-02,,LIVE NATION MUSIC,0.0,130586.66,0.0,0,1,12,24,0,0,Club
Crush,2027,2027-04-02,,HOUSE OF BLUES CONCERTS (HOB),0.0,7569.67,0.0,0,0,2,4,0,0,Club
Even,2027,2027-04-02,,LIVE NATION MUSIC,0.0,0.0,0.0,0,0,0,2,0,0,Theater
Oprah Winfrey,2027,2027-04-02,,LIVE NATION MUSIC,3073006.18,0.0,0.0,0,13,2,0,0,1,Arena
Harry Styles,2027,2027-04-02,,LIVE NATION MUSIC,0.0,0.0,252490036.3,1,117,15,2,33,5,Arena
Riley Green,2027,2027-04-02,,LIVE NATION MUSIC,18818712.84,11336207.41,4129193.53,54,56,40,30,2,11,Arena
Cantina,2027,2027-04-02,,LIVE NATION MUSIC,0.0,0.0,0.0,0,0,0,1,0,0,Club
The Psychedelic Furs,2027,2027-04-02,,LIVE NATION MUSIC,533105.78,128136.68,135991.5,2,0,56,124,0,4,Theater
The Psychedelic Furs,2027,2027-04-02,,LIVE NATION MUSIC,533105.78,128136.68,135991.5,2,0,56,124,0,4,Theater
The Mary Wallopers,2027,2027-04-02,,LIVE NATION MUSIC,2204667.7,533118.83,208594.0,0,4,14,31,1,1,Club
The Revolution,2027,2027-04-02,,LIVE NATION MUSIC,0.0,0.0,0.0,0,0,5,9,0,0,Club
Graham Barham,2027,2027-04-02,,LIVE NATION MUSIC,11302.23,0.0,0.0,0,0,1,1,0,0,Club
Niall Horan,2027,2027-04-02,,EVENKO CO-PRO WITH LIVE NATION,0.0,68141223.9,0.0,58,70,28,3,1,4,Arena
Wheeler Walker Jr.,2027,2027-04-02,,LIVE NATION CANADA (LN),0.0,131246.5,289839.0,0,0,4,27,0,0,Theater
Danny Bowes,2027,2027-04-02,,"LIVE NATION UK FOR ARTIST, TOUR, FESTIVAL AND PRESALE NEWS",0.0,14143.32,0.0,0,0,1,0,0,0,Theater
VNV Nation,2027,2027-04-03,,HOUSE OF BLUES CONCERTS (HOB),0.0,29482.12,98062.06,0,0,3,46,1,1,Club
Coroner,2027,2027-04-03,,LIVE NATION MUSIC,0.0,0.0,0.0,0,0,0,1,0,0,Theater
Oprah Winfrey,2027,2027-04-03,,LIVE NATION MUSIC,3073006.18,0.0,0.0,0,13,2,0,0,1,Arena
Harry Styles,2027,2027-04-03,,LIVE NATION MUSIC,0.0,0.0,252490036.3,1,117,15,2,33,5,Arena
"""Festival International de Jazz De Montreal"", Saint Levant",2027,2027-04-03,,LIVE NATION MUSIC,0.0,0.0,0.0,0,0,0,1,0,0,Club
Riley Green,2027,2027-04-03,,LIVE NATION GLOBAL TOURING,18818712.84,11336207.41,4129193.53,54,56,40,30,2,11,Arena
"""Festival International de Jazz De Montreal"", Saint Levant",2027,2027-04-03,,LIVE NATION MUSIC,0.0,0.0,0.0,0,0,0,1,0,0,Club
"""Festival International de Jazz De Montreal"", Saint Levant",2027,2027-04-03,,LIVE NATION MUSIC,0.0,0.0,0.0,0,0,0,1,0,0,Club
Lukas Graham,2027,2027-04-03,,LIVE NATION MUSIC,0.0,130586.66,0.0,0,1,12,24,0,0,Theater
The Revolution,2027,2027-04-03,,LIVE NATION MUSIC,0.0,0.0,0.0,0,0,5,9,0,0,Theater
"Anarbor, Valencia",2027,2027-04-03,,LIVE NATION MUSIC,0.0,0.0,0.0,0,0,0,1,0,0,Club
Brandy Clark,2027,2027-04-03,,FRANK PRODUCTIONS,21221.75,98619.85,116164.0,0,0,6,38,0,0,Club
Wheeler Walker Jr.,2027,2027-04-03,,LIVE NATION CANADA (LN),0.0,131246.5,289839.0,0,0,4,27,0,0,Arena
KALEO,2027,2027-04-03,,LIVE NATION MUSIC UK LTD,1615915.28,2266433.29,543274.15,11,5,32,42,2,3,Club
Trivium,2027,2027-04-03,,"LIVE NATION UK FOR ARTIST, TOUR, FESTIVAL AND PRESALE NEWS",398903.12,0.0,378436.41,0,3,22,57,0,1,Club
Danny Bowes,2027,2027-04-03,,"LIVE NATION UK FOR ARTIST, TOUR, FESTIVAL AND PRESALE NEWS",0.0,14143.32,0.0,0,0,1,0,0,0,Theater
Oprah Winfrey,2027,2027-04-04,,LIVE NATION MUSIC,3073006.18,0.0,0.0,0,13,2,0,0,1,Arena
Niall Horan,2027,2027-04-04,,LIVE NATION MUSIC,0.0,68141223.9,0.0,58,70,28,3,1,4,Arena
Laurie Berkner,2027,2027-04-04,,LIVE NATION MUSIC,41703.5,0.0,0.0,0,0,1,0,0,0,Theater
The Interrupters,2027,2027-04-04,,LIVE NATION MUSIC,0.0,95240.35,131504.91,1,0,8,19,0,0,Club
Oprah Winfrey,2027,2027-04-04,,LIVE NATION MUSIC,3073006.18,0.0,0.0,0,13,2,0,0,1,Arena
Nothing But Thieves,2027,2027-04-04,,LIVE NATION MUSIC,606164.47,4488559.03,3193861.94,0,12,35,74,0,8,Club
The Psychedelic Furs,2027,2027-04-04,,LIVE NATION MUSIC,533105.78,128136.68,135991.5,2,0,56,124,0,4,Club
Brandy Clark,2027,2027-04-04,,LIVE NATION MUSIC,21221.75,98619.85,116164.0,0,0,6,38,0,0,Theater
The Revolution,2027,2027-04-04,,LIVE NATION MUSIC,0.0,0.0,0.0,0,0,5,9,0,0,Club
Death Cab For Cutie,2027,2027-04-04,,LIVE NATION CANADA (LN),2718946.78,0.0,1048636.74,41,12,92,45,3,12,Theater
VNV Nation,2027,2027-04-04,,LIVE NATION CANADA (LN),0.0,29482.12,98062.06,0,0,3,46,1,1,Theater
Trivium,2027,2027-04-04,,LIVE NATION MUSIC UK LTD,398903.12,0.0,378436.41,0,3,22,57,0,1,Arena
SPEED,2027,2027-04-05,,LIVE NATION MUSIC,30152.31,0.0,0.0,0,0,0,1,0,0,Club
Haiden Henderson,2027,2027-04-05,,LIVE NATION MUSIC,51523.45,0.0,0.0,0,0,0,5,0,0,Club
Wheeler Walker Jr.,2027,2027-04-05,,LIVE NATION CANADA (LN),0.0,131246.5,289839.0,0,0,4,27,0,0,Theater
Olivia Rodrigo,2027,2027-04-05,,LIVE NATION MUSIC UK LTD,23420107.2,169307085.8,0.0,0,68,10,2,5,1,Arena
"""Festival International de Jazz De Montreal"", Saint Levant",2027,2027-04-06,,LIVE NATION MUSIC,0.0,0.0,0.0,0,0,0,1,0,0,Club
The Rock Orchestra,2027,2027-04-06,,LIVE NATION MUSIC,14122307.13,748084.85,131796.0,0,12,145,9,1,10,Arena
Calema,2027,2027-04-06,,HOUSE OF BLUES CONCERTS (HOB),626563.89,1107136.06,0.0,0,4,0,1,0,0,Arena
Lukas Graham,2027,2027-04-06,,LIVE NATION CANADA (LN),0.0,130586.66,0.0,0,1,12,24,0,0,Theater
Olivia Rodrigo,2027,2027-04-06,,LIVE NATION MUSIC UK LTD,23420107.2,169307085.8,0.0,0,68,10,2,5,1,Arena
KALEO,2027,2027-04-06,,LIVE NATION MUSIC UK LTD,1615915.28,2266433.29,543274.15,11,5,32,42,2,3,Club
Jake Bugg,2027,2027-04-06,,Live Nation España S.A.U.,0.0,401151.73,0.0,1,7,36,57,1,2,Club
The Interrupters,2027,2027-04-07,,LIVE NATION MUSIC,0.0,95240.35,131504.91,1,0,8,19,0,0,Club
"""Festival International de Jazz De Montreal"", Saint Levant",2027,2027-04-07,,LIVE NATION MUSIC,0.0,0.0,0.0,0,0,0,1,0,0,Club
Lukas Graham,2027,2027-04-07,,LIVE NATION MUSIC,0.0,130586.66,0.0,0,1,12,24,0,0,Theater
The Revolution,2027,2027-04-07,,LIVE NATION MUSIC,0.0,0.0,0.0,0,0,5,9,0,0,Club
Death Cab For Cutie,2027,2027-04-07,,LIVE NATION MUSIC,2718946.78,0.0,1048636.74,41,12,92,45,3,12,Theater
Nothing But Thieves,2027,2027-04-07,,LIVE NATION MUSIC,606164.47,4488559.03,3193861.94,0,12,35,74,0,8,Club
Kenny Wayne Shepherd,2027,2027-04-07,,LIVE NATION MUSIC,861210.02,1084321.07,3587479.38,9,0,142,68,0,18,Theater
40 Fingers,2027,2027-04-07,,FRANK PRODUCTIONS,47718.649999999994,0.0,70824.0,0,1,8,13,0,4,Theater
VNV Nation,2027,2027-04-07,,LIVE NATION MUSIC,0.0,29482.12,98062.06,0,0,3,46,1,1,Club
Calema,2027,2027-04-07,,HOUSE OF BLUES CONCERTS (HOB),626563.89,1107136.06,0.0,0,4,0,1,0,0,Arena
Foy Vance,2027,2027-04-07,,LIVE NATION MUSIC,0.0,67882.0,243802.99,0,0,20,42,0,6,Club
Jake Bugg,2027,2027-04-07,,Live Nation España S.A.U.,0.0,401151.73,0.0,1,7,36,57,1,2,Club
Niall Horan,2027,2027-04-08,,LIVE NATION MUSIC,0.0,68141223.9,0.0,58,70,28,3,1,4,Arena
Lukas Graham,2027,2027-04-08,,LIVE NATION MUSIC,0.0,130586.66,0.0,0,1,12,24,0,0,Arena
John Mayer,2027,2027-04-08,,LIVE NATION MUSIC,0.0,12314225.74,62668434.55,92,222,4,0,7,3,Arena
Death Cab For Cutie,2027,2027-04-08,,LIVE NATION MUSIC,2718946.78,0.0,1048636.74,41,12,92,45,3,12,Theater
The Revolution,2027,2027-04-08,,LIVE NATION MUSIC,0.0,0.0,0.0,0,0,5,9,0,0,Arena
Chasing Abbey,2027,2027-04-08,,LIVE NATION MUSIC,0.0,53043.38,0.0,0,0,4,8,0,1,Theater
"""Show &amp; Dance Gala""",2027,2027-04-08,,LIVE NATION MUSIC,0.0,0.0,0.0,0,0,1,0,0,0,Theater
"""Show &amp; Dance Gala""",2027,2027-04-08,,LIVE NATION MUSIC,0.0,0.0,0.0,0,0,1,0,0,0,Theater
Riley Green,2027,2027-04-08,,LIVE NATION CANADA (LN),18818712.84,11336207.41,4129193.53,54,56,40,30,2,11,Arena
Olivia Rodrigo,2027,2027-04-08,,LIVE NATION MUSIC UK LTD,23420107.2,169307085.8,0.0,0,68,10,2,5,1,Arena
The View,2027,2027-04-08,,DF CONCERTS,0.0,221202.04,379359.26,0,2,11,33,0,4,Club
Buffalo Traffic Jam,2027,2027-04-08,,LIVE NATION MUSIC UK LTD,0.0,0.0,0.0,0,0,1,7,0,0,Club
Danny Bowes,2027,2027-04-08,,"LIVE NATION UK FOR ARTIST, TOUR, FESTIVAL AND PRESALE NEWS",0.0,14143.32,0.0,0,0,1,0,0,0,Club
Thirty Seconds To Mars,2027,2027-04-08,,"Live Nation España Blue Lane, SL",788099.0,19712726.07,0.0,52,153,46,34,6,19,Arena
Thirty Seconds To Mars,2027,2027-04-08,,"Live Nation España Blue Lane, SL",788099.0,19712726.07,0.0,52,153,46,34,6,19,Arena
Braxton Keith,2027,2027-04-09,,LIVE NATION MUSIC,976729.78,461719.5,69209.91,1,1,10,65,0,3,Club
VNV Nation,2027,2027-04-09,,LIVE NATION MUSIC,0.0,29482.12,98062.06,0,0,3,46,1,1,Club
Harry Styles,2027,2027-04-09,,LIVE NATION MUSIC,0.0,0.0,252490036.3,1,117,15,2,33,5,Arena
"""Festival International de Jazz De Montreal"", Saint Levant",2027,2027-04-09,,LIVE NATION MUSIC,0.0,0.0,0.0,0,0,0,1,0,0,Club
The Revolution,2027,2027-04-09,,FRANK PRODUCTIONS,0.0,0.0,0.0,0,0,5,9,0,0,Theater
Ryan McMullan,2027,2027-04-09,,LIVE NATION TENNESSEE,152266.37,17090.489999999998,57069.18,0,0,9,25,0,9,Club
Haiden Henderson,2027,2027-04-09,,HOUSE OF BLUES CONCERTS (HOB),51523.45,0.0,0.0,0,0,0,5,0,0,Club
40 Fingers,2027,2027-04-09,,LIVE NATION MUSIC,47718.649999999994,0.0,70824.0,0,1,8,13,0,4,Theater
40 Fingers,2027,2027-04-09,,LIVE NATION MUSIC,47718.649999999994,0.0,70824.0,0,1,8,13,0,4,Theater
Riley Green,2027,2027-04-09,,LIVE NATION CANADA (LN),18818712.84,11336207.41,4129193.53,54,56,40,30,2,11,Arena
Olivia Rodrigo,2027,2027-04-09,,LIVE NATION MUSIC UK LTD,23420107.2,169307085.8,0.0,0,68,10,2,5,1,Arena
KALEO,2027,2027-04-09,,LIVE NATION MUSIC UK LTD,1615915.28,2266433.29,543274.15,11,5,32,42,2,3,Club
The View,2027,2027-04-09,,DF CONCERTS,0.0,221202.04,379359.26,0,2,11,33,0,4,Club
Danny Bowes,2027,2027-04-09,,"LIVE NATION UK FOR ARTIST, TOUR, FESTIVAL AND PRESALE NEWS",0.0,14143.32,0.0,0,0,1,0,0,0,Theater
Thirty Seconds To Mars,2027,2027-04-09,,"Live Nation España Blue Lane, SL",788099.0,19712726.07,0.0,52,153,46,34,6,19,Arena
Thirty Seconds To Mars,2027,2027-04-09,,"Live Nation España Blue Lane, SL",788099.0,19712726.07,0.0,52,153,46,34,6,19,Arena
"Crowder, Zach Williams",2027,2027-04-10,,LIVE NATION MUSIC,2091798.0,0.0,0.0,0,9,2,0,0,1,Amphitheatre
John Mayer,2027,2027-04-10,,LIVE NATION MUSIC,0.0,12314225.74,62668434.55,92,222,4,0,7,3,Arena
Harry Styles,2027,2027-04-10,,LIVE NATION MUSIC,0.0,0.0,252490036.3,1,117,15,2,33,5,Arena
"""Festival International de Jazz De Montreal"", Saint Levant",2027,2027-04-10,,LIVE NATION MUSIC,0.0,0.0,0.0,0,0,0,1,0,0,Club
The Psychedelic Furs,2027,2027-04-10,,LIVE NATION MUSIC,533105.78,128136.68,135991.5,2,0,56,124,0,4,Theater
Tommy James &amp; The Shondells,2027,2027-04-10,,LIVE NATION MUSIC,322948.1,239479.95,196002.0,0,0,20,2,0,0,Theater
Lukas Graham,2027,2027-04-10,,LIVE NATION MUSIC,0.0,130586.66,0.0,0,1,12,24,0,0,Theater
Armored Saint,2027,2027-04-10,,HOUSE OF BLUES CONCERTS (HOB),0.0,0.0,0.0,0,0,0,3,0,0,Club
The Revolution,2027,2027-04-10,,LIVE NATION MUSIC,0.0,0.0,0.0,0,0,5,9,0,0,Theater
Graham Barham,2027,2027-04-10,,FRANK PRODUCTIONS,11302.23,0.0,0.0,0,0,1,1,0,0,Club
The Interrupters,2027,2027-04-10,,LIVE NATION CANADA (LN),0.0,95240.35,131504.91,1,0,8,19,0,0,Club
Riley Green,2027,2027-04-10,,LIVE NATION MUSIC,18818712.84,11336207.41,4129193.53,54,56,40,30,2,11,Arena
Bruce Cockburn,2027,2027-04-10,,LIVE NATION CANADA (LN),88765.0,99304.0,222261.52,0,0,35,67,0,3,Arena
The View,2027,2027-04-10,,DF CONCERTS,0.0,221202.04,379359.26,0,2,11,33,0,4,Club
Buffalo Traffic Jam,2027,2027-04-10,,LIVE NATION MUSIC UK LTD,0.0,0.0,0.0,0,0,1,7,0,0,Club
Danny Bowes,2027,2027-04-10,,"LIVE NATION UK FOR ARTIST, TOUR, FESTIVAL AND PRESALE NEWS",0.0,14143.32,0.0,0,0,1,0,0,0,Theater
Nothing But Thieves,2027,2027-04-11,,LIVE NATION MUSIC,606164.47,4488559.03,3193861.94,0,12,35,74,0,8,Club
Lukas Graham,2027,2027-04-11,,LIVE NATION MUSIC,0.0,130586.66,0.0,0,1,12,24,0,0,Club
John Mayer,2027,2027-04-11,,LIVE NATION MUSIC,0.0,12314225.74,62668434.55,92,222,4,0,7,3,Arena
Buffalo Traffic Jam,2027,2027-04-11,,"LIVE NATION UK FOR ARTIST, TOUR, FESTIVAL AND PRESALE NEWS",0.0,0.0,0.0,0,0,1,7,0,0,Club
Niall Horan,2027,2027-04-12,,LIVE NATION MUSIC,0.0,68141223.9,0.0,58,70,28,3,1,4,Arena
Iceage,2027,2027-04-12,,LIVE NATION MUSIC,0.0,0.0,0.0,0,0,0,18,0,3,Club
SPEED,2027,2027-04-12,,LIVE NATION MUSIC,30152.31,0.0,0.0,0,0,0,1,0,0,Club
Nothing But Thieves,2027,2027-04-12,,LIVE NATION MUSIC,606164.47,4488559.03,3193861.94,0,12,35,74,0,8,Club
Olivia Rodrigo,2027,2027-04-12,,LIVE NATION MUSIC UK LTD,23420107.2,169307085.8,0.0,0,68,10,2,5,1,Arena
Niall Horan,2027,2027-04-13,,LIVE NATION MUSIC,0.0,68141223.9,0.0,58,70,28,3,1,4,Arena
Nothing But Thieves,2027,2027-04-13,,LIVE NATION MUSIC,606164.47,4488559.03,3193861.94,0,12,35,74,0,8,Club
Niall Horan,2027,2027-04-13,,LIVE NATION MUSIC,0.0,68141223.9,0.0,58,70,28,3,1,4,Arena
The Interrupters,2027,2027-04-13,,HOUSE OF BLUES CONCERTS (HOB),0.0,95240.35,131504.91,1,0,8,19,0,0,Club
"""Festival International de Jazz De Montreal"", Saint Levant",2027,2027-04-13,,LIVE NATION MUSIC,0.0,0.0,0.0,0,0,0,1,0,0,Club
Haiden Henderson,2027,2027-04-13,,LIVE NATION TENNESSEE,51523.45,0.0,0.0,0,0,0,5,0,0,Club
Beirut,2027,2027-04-13,,LIVE NATION CANADA (LN),0.0,571166.05,0.0,2,3,23,28,0,1,Club
SPEED,2027,2027-04-14,,LIVE NATION MUSIC,30152.31,0.0,0.0,0,0,0,1,0,0,Club
The Interrupters,2027,2027-04-14,,LIVE NATION MUSIC,0.0,95240.35,131504.91,1,0,8,19,0,0,Theater
Harry Styles,2027,2027-04-14,,LIVE NATION MUSIC,0.0,0.0,252490036.3,1,117,15,2,33,5,Arena
Iceage,2027,2027-04-14,,LIVE NATION MUSIC,0.0,0.0,0.0,0,0,0,18,0,3,Club
The Revolution,2027,2027-04-14,,LIVE NATION MUSIC,0.0,0.0,0.0,0,0,5,9,0,0,Theater
Olivia Rodrigo,2027,2027-04-14,,LIVE NATION MUSIC UK LTD,23420107.2,169307085.8,0.0,0,68,10,2,5,1,Arena
Foreigner,2027,2027-04-14,,"LIVE NATION UK FOR ARTIST, TOUR, FESTIVAL AND PRESALE NEWS",5067500.140000001,11875665.37,25312945.81,108,80,179,18,2,34,Theater
Niall Horan,2027,2027-04-15,,LIVE NATION MUSIC,0.0,68141223.9,0.0,58,70,28,3,1,4,Arena
Nothing But Thieves,2027,2027-04-15,,LIVE NATION MUSIC,606164.47,4488559.03,3193861.94,0,12,35,74,0,8,Theater
"Mic Crenshaw, Special Guests",2027,2027-04-15,,LIVE NATION MUSIC,0.0,0.0,0.0,0,0,0,1,0,0,Amphitheatre
John Mayer,2027,2027-04-15,,LIVE NATION MUSIC,0.0,12314225.74,62668434.55,92,222,4,0,7,3,Arena
The Revolution,2027,2027-04-15,,LIVE NATION MUSIC,0.0,0.0,0.0,0,0,5,9,0,0,Arena
Chasing Abbey,2027,2027-04-15,,LIVE NATION CANADA (LN),0.0,53043.38,0.0,0,0,4,8,0,1,Club
Olivia Rodrigo,2027,2027-04-15,,LIVE NATION MUSIC UK LTD,23420107.2,169307085.8,0.0,0,68,10,2,5,1,Arena
The Sherlocks,2027,2027-04-15,,"LIVE NATION UK FOR ARTIST, TOUR, FESTIVAL AND PRESALE NEWS",24402.68,0.0,31208.82,0,0,3,25,0,8,Club
Danny Bowes,2027,2027-04-15,,"LIVE NATION UK FOR ARTIST, TOUR, FESTIVAL AND PRESALE NEWS",0.0,14143.32,0.0,0,0,1,0,0,0,Club
The Interrupters,2027,2027-04-16,,LIVE NATION MUSIC,0.0,95240.35,131504.91,1,0,8,19,0,0,Club
Harry Styles,2027,2027-04-16,,LIVE NATION MUSIC,0.0,0.0,252490036.3,1,117,15,2,33,5,Arena
Nothing But Thieves,2027,2027-04-16,,LIVE NATION MUSIC,606164.47,4488559.03,3193861.94,0,12,35,74,0,8,Club
The Psychedelic Furs,2027,2027-04-16,,LIVE NATION MUSIC,533105.78,128136.68,135991.5,2,0,56,124,0,4,Club
Death Cab For Cutie,2027,2027-04-16,,LIVE NATION MUSIC,2718946.78,0.0,1048636.74,41,12,92,45,3,12,Arena
"""Festival International de Jazz De Montreal"", Saint Levant",2027,2027-04-16,,LIVE NATION MUSIC,0.0,0.0,0.0,0,0,0,1,0,0,Theater
The Revolution,2027,2027-04-16,,LIVE NATION MUSIC,0.0,0.0,0.0,0,0,5,9,0,0,Club
Chasing Abbey,2027,2027-04-16,,LIVE NATION CANADA (LN),0.0,53043.38,0.0,0,0,4,8,0,1,Club
The View,2027,2027-04-16,,DF CONCERTS,0.0,221202.04,379359.26,0,2,11,33,0,4,Club
The Sherlocks,2027,2027-04-16,,"LIVE NATION UK FOR ARTIST, TOUR, FESTIVAL AND PRESALE NEWS",24402.68,0.0,31208.82,0,0,3,25,0,8,Club
Danny Bowes,2027,2027-04-16,,"LIVE NATION UK FOR ARTIST, TOUR, FESTIVAL AND PRESALE NEWS",0.0,14143.32,0.0,0,0,1,0,0,0,Theater
Niall Horan,2027,2027-04-17,,LIVE NATION MUSIC,0.0,68141223.9,0.0,58,70,28,3,1,4,Arena
Nothing But Thieves,2027,2027-04-17,,LIVE NATION MUSIC,606164.47,4488559.03,3193861.94,0,12,35,74,0,8,Club
"""Past, Present, Future: A Dance Gala""",2027,2027-04-17,,LIVE NATION MUSIC,0.0,0.0,0.0,0,0,1,0,0,0,Theater
The Interrupters,2027,2027-04-17,,LIVE NATION MUSIC,0.0,95240.35,131504.91,1,0,8,19,0,0,Club
John Mayer,2027,2027-04-17,,LIVE NATION MUSIC,0.0,12314225.74,62668434.55,92,222,4,0,7,3,Arena
Harry Styles,2027,2027-04-17,,LIVE NATION MUSIC,0.0,0.0,252490036.3,1,117,15,2,33,5,Arena
The Warning,2027,2027-04-17,,LIVE NATION MUSIC,1836729.79,256474.85,812677.2999999999,0,1,16,17,0,1,Theater
The Revolution,2027,2027-04-17,,LIVE NATION MUSIC,0.0,0.0,0.0,0,0,5,9,0,0,Club
Angèle,2027,2027-04-17,,EVENKO CO-PRO WITH LIVE NATION,0.0,0.0,1167009.33,0,7,0,1,0,0,Arena
The Sherlocks,2027,2027-04-17,,LIVE NATION MUSIC UK LTD,24402.68,0.0,31208.82,0,0,3,25,0,8,Club
Danny Bowes,2027,2027-04-17,,"LIVE NATION UK FOR ARTIST, TOUR, FESTIVAL AND PRESALE NEWS",0.0,14143.32,0.0,0,0,1,0,0,0,Arena
"""Past, Present, Future: A Dance Gala""",2027,2027-04-18,,LIVE NATION MUSIC,0.0,0.0,0.0,0,0,1,0,0,0,Theater
John Mayer,2027,2027-04-18,,LIVE NATION MUSIC,0.0,12314225.74,62668434.55,92,222,4,0,7,3,Arena
The Warning,2027,2027-04-18,,LIVE NATION MUSIC,1836729.79,256474.85,812677.2999999999,0,1,16,17,0,1,Club
The Interrupters,2027,2027-04-18,,LIVE NATION MUSIC,0.0,95240.35,131504.91,1,0,8,19,0,0,Club
"""Festival International de Jazz De Montreal"", Saint Levant",2027,2027-04-18,,LIVE NATION MUSIC,0.0,0.0,0.0,0,0,0,1,0,0,Theater
Haiden Henderson,2027,2027-04-18,,LIVE NATION MUSIC,51523.45,0.0,0.0,0,0,0,5,0,0,Club
The Simon &amp; Garfunkel Story,2027,2027-04-18,,LIVE NATION MUSIC,2676140.15,2141433.65,1076226.67,0,8,140,12,0,3,Theater
The Revolution,2027,2027-04-18,,LIVE NATION MUSIC,0.0,0.0,0.0,0,0,5,9,0,0,Arena
Nothing But Thieves,2027,2027-04-19,,LIVE NATION MUSIC,606164.47,4488559.03,3193861.94,0,12,35,74,0,8,Club
Olivia Rodrigo,2027,2027-04-19,,LIVE NATION MUSIC UK LTD,23420107.2,169307085.8,0.0,0,68,10,2,5,1,Arena
"""Festival International de Jazz De Montreal"", Saint Levant",2027,2027-04-20,,LIVE NATION MUSIC,0.0,0.0,0.0,0,0,0,1,0,0,Amphitheatre
Nothing But Thieves,2027,2027-04-20,,EVENKO CO-PRO WITH LIVE NATION,606164.47,4488559.03,3193861.94,0,12,35,74,0,8,Club
Ha*Ash,2027,2027-04-20,,LIVE NATION CANADA (LN),7294255.04,2716520.84,9867932.36,5,36,71,8,9,7,Theater
Olivia Rodrigo,2027,2027-04-20,,LIVE NATION MUSIC UK LTD,23420107.2,169307085.8,0.0,0,68,10,2,5,1,Arena
Darren Kiely,2027,2027-04-20,,DF CONCERTS,208046.6,130113.34,7513.03,0,1,5,16,0,1,Club
Angèle,2027,2027-04-21,,LIVE NATION MUSIC,0.0,0.0,1167009.33,0,7,0,1,0,0,Arena
The Interrupters,2027,2027-04-21,,LIVE NATION MUSIC,0.0,95240.35,131504.91,1,0,8,19,0,0,Club
"""Festival International de Jazz De Montreal"", Saint Levant",2027,2027-04-21,,LIVE NATION MUSIC,0.0,0.0,0.0,0,0,0,1,0,0,Arena
The Revolution,2027,2027-04-21,,LIVE NATION MUSIC,0.0,0.0,0.0,0,0,5,9,0,0,Club
Foy Vance,2027,2027-04-21,,LIVE NATION CANADA (LN),0.0,67882.0,243802.99,0,0,20,42,0,6,Theater
Nothing But Thieves,2027,2027-04-21,,LIVE NATION CANADA (LN),606164.47,4488559.03,3193861.94,0,12,35,74,0,8,Theater
Overpass,2027,2027-04-21,,"LIVE NATION UK FOR ARTIST, TOUR, FESTIVAL AND PRESALE NEWS",41579.36,3838.95,0.0,0,0,1,6,0,1,Club
Ha*Ash,2027,2027-04-22,,LIVE NATION MUSIC,7294255.04,2716520.84,9867932.36,5,36,71,8,9,7,Arena
"""Festival International de Jazz De Montreal"", Saint Levant",2027,2027-04-22,,LIVE NATION MUSIC,0.0,0.0,0.0,0,0,0,1,0,0,Club
Haiden Henderson,2027,2027-04-22,,LIVE NATION MUSIC,51523.45,0.0,0.0,0,0,0,5,0,0,Club
The Revolution,2027,2027-04-22,,LIVE NATION MUSIC,0.0,0.0,0.0,0,0,5,9,0,0,Theater
Neil Diamond,2027,2027-04-22,,EVENKO CO-PRO WITH LIVE NATION,0.0,0.0,0.0,4,124,0,0,6,2,Theater
Thomas Rhett,2027,2027-04-22,,LIVE NATION MUSIC UK LTD,2922641.5,68902.93,20832639.72,28,108,4,13,3,2,Arena
Thomas Rhett,2027,2027-04-22,,LIVE NATION MUSIC (VENUES) LTD (NEW),2922641.5,68902.93,20832639.72,28,108,4,13,3,2,Arena
Overpass,2027,2027-04-22,,LIVE NATION MUSIC UK LTD,41579.36,3838.95,0.0,0,0,1,6,0,1,Club
Danny Bowes,2027,2027-04-22,,"LIVE NATION UK FOR ARTIST, TOUR, FESTIVAL AND PRESALE NEWS",0.0,14143.32,0.0,0,0,1,0,0,0,Theater
Haiden Henderson,2027,2027-04-23,,LIVE NATION MUSIC,51523.45,0.0,0.0,0,0,0,5,0,0,Club
Chasing Abbey,2027,2027-04-23,,LIVE NATION MUSIC,0.0,53043.38,0.0,0,0,4,8,0,1,Club
Harry Styles,2027,2027-04-23,,LIVE NATION MUSIC,0.0,0.0,252490036.3,1,117,15,2,33,5,Arena
Ha*Ash,2027,2027-04-23,,LIVE NATION MUSIC,7294255.04,2716520.84,9867932.36,5,36,71,8,9,7,Theater
cbdb,2027,2027-04-23,,LIVE NATION MUSIC,0.0,0.0,0.0,0,0,0,7,0,2,Club
The Revolution,2027,2027-04-23,,LIVE NATION MUSIC,0.0,0.0,0.0,0,0,5,9,0,0,Theater
Neil Diamond,2027,2027-04-23,,EVENKO CO-PRO WITH LIVE NATION,0.0,0.0,0.0,4,124,0,0,6,2,Arena
Thomas Rhett,2027,2027-04-23,,"LIVE NATION UK FOR ARTIST, TOUR, FESTIVAL AND PRESALE NEWS",2922641.5,68902.93,20832639.72,28,108,4,13,3,2,Arena
The Sherlocks,2027,2027-04-23,,"LIVE NATION UK FOR ARTIST, TOUR, FESTIVAL AND PRESALE NEWS",24402.68,0.0,31208.82,0,0,3,25,0,8,Club
Overpass,2027,2027-04-23,,"LIVE NATION UK FOR ARTIST, TOUR, FESTIVAL AND PRESALE NEWS",41579.36,3838.95,0.0,0,0,1,6,0,1,Club
Danny Bowes,2027,2027-04-23,,"LIVE NATION UK FOR ARTIST, TOUR, FESTIVAL AND PRESALE NEWS",0.0,14143.32,0.0,0,0,1,0,0,0,Theater
"Colorado Symphony Orchestra, Nathaniel Rateliff",2027,2027-04-24,,LIVE NATION MUSIC,0.0,0.0,0.0,1,0,0,0,0,0,Amphitheatre
Haiden Henderson,2027,2027-04-24,,LIVE NATION MUSIC,51523.45,0.0,0.0,0,0,0,5,0,0,Club
Harry Styles,2027,2027-04-24,,LIVE NATION MUSIC,0.0,0.0,252490036.3,1,117,15,2,33,5,Arena
Angèle,2027,2027-04-24,,LIVE NATION MUSIC,0.0,0.0,1167009.33,0,7,0,1,0,0,Arena
The Psychedelic Furs,2027,2027-04-24,,LIVE NATION MUSIC,533105.78,128136.68,135991.5,2,0,56,124,0,4,Arena
The Interrupters,2027,2027-04-24,,LIVE NATION MUSIC,0.0,95240.35,131504.91,1,0,8,19,0,0,Club
The Revolution,2027,2027-04-24,,LIVE NATION MUSIC,0.0,0.0,0.0,0,0,5,9,0,0,Club
Gracie Abrams,2027,2027-04-24,,LIVE NATION MUSIC UK LTD,36388724.37,5296821.61,857658.6,5,28,12,17,0,1,Arena
The Sherlocks,2027,2027-04-24,,"LIVE NATION UK FOR ARTIST, TOUR, FESTIVAL AND PRESALE NEWS",24402.68,0.0,31208.82,0,0,3,25,0,8,Club
Danny Bowes,2027,2027-04-24,,"LIVE NATION UK FOR ARTIST, TOUR, FESTIVAL AND PRESALE NEWS",0.0,14143.32,0.0,0,0,1,0,0,0,Theater
Ha*Ash,2027,2027-04-25,,LIVE NATION MUSIC,7294255.04,2716520.84,9867932.36,5,36,71,8,9,7,Theater
"""Festival International de Jazz De Montreal"", Saint Levant",2027,2027-04-25,,LIVE NATION MUSIC,0.0,0.0,0.0,0,0,0,1,0,0,Theater
The Warning,2027,2027-04-25,,LIVE NATION MUSIC,1836729.79,256474.85,812677.2999999999,0,1,16,17,0,1,Theater
Tou,2027,2027-04-25,,LIVE NATION CANADA (LN),0.0,348354.82999999996,0.0,0,0,0,1,0,1,Club
Gracie Abrams,2027,2027-04-25,,LIVE NATION MUSIC UK LTD,36388724.37,5296821.61,857658.6,5,28,12,17,0,1,Arena
Haiden Henderson,2027,2027-04-26,,LIVE NATION CANADA (LN),51523.45,0.0,0.0,0,0,0,5,0,0,Club
Tou,2027,2027-04-26,,LIVE NATION CANADA (LN),0.0,348354.82999999996,0.0,0,0,0,1,0,1,Club
Foreigner,2027,2027-04-27,,LIVE NATION MUSIC,5067500.140000001,11875665.37,25312945.81,108,80,179,18,2,34,Theater
Paloma Morphy,2027,2027-04-27,,LIVE NATION MUSIC,53513.86,0.0,0.0,0,0,0,2,0,0,Club
The Revolution,2027,2027-04-27,,LIVE NATION MUSIC,0.0,0.0,0.0,0,0,5,9,0,0,Arena
ALL,2027,2027-04-27,,"LIVE NATION UK FOR ARTIST, TOUR, FESTIVAL AND PRESALE NEWS",0.0,0.0,0.0,0,0,0,2,0,0,Club
Niall Horan,2027,2027-04-28,,LIVE NATION MUSIC,0.0,68141223.9,0.0,58,70,28,3,1,4,Arena
Ha*Ash,2027,2027-04-28,,LIVE NATION MUSIC,7294255.04,2716520.84,9867932.36,5,36,71,8,9,7,Theater
The Psychedelic Furs,2027,2027-04-28,,LIVE NATION MUSIC,533105.78,128136.68,135991.5,2,0,56,124,0,4,Club
Mass Of The Fermenting Dregs,2027,2027-04-28,,LIVE NATION MUSIC,22795.97,61190.17,0.0,0,0,1,5,0,0,Club
The Warning,2027,2027-04-28,,LIVE NATION MUSIC,1836729.79,256474.85,812677.2999999999,0,1,16,17,0,1,Theater
The Revolution,2027,2027-04-28,,LIVE NATION MUSIC,0.0,0.0,0.0,0,0,5,9,0,0,Club
Angèle,2027,2027-04-28,,Live Nation España S.A.U.,0.0,0.0,1167009.33,0,7,0,1,0,0,Club
Riley Green,2027,2027-04-29,,LIVE NATION MUSIC,18818712.84,11336207.41,4129193.53,54,56,40,30,2,11,Amphitheatre
Niall Horan,2027,2027-04-29,,LIVE NATION MUSIC,0.0,68141223.9,0.0,58,70,28,3,1,4,Arena
"""Festival International de Jazz De Montreal"", Saint Levant",2027,2027-04-29,,LIVE NATION MUSIC,0.0,0.0,0.0,0,0,0,1,0,0,Club
Stayin' Alive: One Night of the Bee Gees,2027,2027-04-29,,EMPORIUM PRESENTS,426408.41,252820.95,192930.21,0,0,21,6,0,0,Theater
Ha*Ash,2027,2027-04-29,,LIVE NATION MUSIC,7294255.04,2716520.84,9867932.36,5,36,71,8,9,7,Theater
Ha*Ash,2027,2027-04-29,,LIVE NATION MUSIC,7294255.04,2716520.84,9867932.36,5,36,71,8,9,7,Theater
Graham Barham,2027,2027-04-29,,FRANK PRODUCTIONS,11302.23,0.0,0.0,0,0,1,1,0,0,Club
Rod Stewart,2027,2027-04-29,,"LIVE NATION UK FOR ARTIST, TOUR, FESTIVAL AND PRESALE NEWS",43791142.95,27452763.79,34856940.56,53,181,55,3,46,5,Arena
Rod Stewart,2027,2027-04-29,,"LIVE NATION UK FOR ARTIST, TOUR, FESTIVAL AND PRESALE NEWS",43791142.95,27452763.79,34856940.56,53,181,55,3,46,5,Arena
ALL,2027,2027-04-29,,"LIVE NATION UK FOR ARTIST, TOUR, FESTIVAL AND PRESALE NEWS",0.0,0.0,0.0,0,0,0,2,0,0,Club
Riley Green,2027,2027-04-30,,LIVE NATION MUSIC,18818712.84,11336207.41,4129193.53,54,56,40,30,2,11,Arena
Harry Styles,2027,2027-04-30,,LIVE NATION MUSIC,0.0,0.0,252490036.3,1,117,15,2,33,5,Arena
Foreigner,2027,2027-04-30,,LIVE NATION MUSIC,5067500.140000001,11875665.37,25312945.81,108,80,179,18,2,34,Theater
The Interrupters,2027,2027-04-30,,LIVE NATION MUSIC,0.0,95240.35,131504.91,1,0,8,19,0,0,Club
Josiah Queen,2027,2027-04-30,,LIVE NATION MUSIC,1064499.5,433700.0,0.0,1,1,36,27,0,1,Arena
Mass Of The Fermenting Dregs,2027,2027-04-30,,LIVE NATION MUSIC,22795.97,61190.17,0.0,0,0,1,5,0,0,Club
Stayin' Alive: One Night of the Bee Gees,2027,2027-04-30,,EMPORIUM PRESENTS,426408.41,252820.95,192930.21,0,0,21,6,0,0,Theater
The Warning,2027,2027-04-30,,LIVE NATION MUSIC,1836729.79,256474.85,812677.2999999999,0,1,16,17,0,1,Arena
Terrian,2027,2027-04-30,,LIVE NATION MUSIC,1945.0,0.0,0.0,0,0,0,1,0,0,Club
The Revolution,2027,2027-04-30,,LIVE NATION MUSIC,0.0,0.0,0.0,0,0,5,9,0,0,Theater
The Warning,2027,2027-04-30,,LIVE NATION MUSIC,1836729.79,256474.85,812677.2999999999,0,1,16,17,0,1,Arena
French 79,2027,2027-04-30,,LIVE NATION CANADA (LN),25948.05,92369.72,62875.06,0,1,1,9,0,1,Club
Gracie Abrams,2027,2027-04-30,,"LIVE NATION UK FOR ARTIST, TOUR, FESTIVAL AND PRESALE NEWS",36388724.37,5296821.61,857658.6,5,28,12,17,0,1,Arena
ALL,2027,2027-04-30,,"LIVE NATION UK FOR ARTIST, TOUR, FESTIVAL AND PRESALE NEWS",0.0,0.0,0.0,0,0,0,2,0,0,Club
Riley Green,2027,2027-05-01,,LIVE NATION MUSIC,18818712.84,11336207.41,4129193.53,54,56,40,30,2,11,Arena
"""SummerStage"", Two Door Cinema Club, Friends",2027,2027-05-01,,LIVE NATION MUSIC,0.0,0.0,0.0,1,0,0,0,0,0,Amphitheatre
"Four By Four - Tribute to The Beach Boys, Beatles, Bee Gees &amp; Motown",2027,2027-05-01,,LIVE NATION MUSIC,0.0,36110.45,63630.0,0,0,3,1,0,0,Theater
The Psychedelic Furs,2027,2027-05-01,,LIVE NATION MUSIC,533105.78,128136.68,135991.5,2,0,56,124,0,4,Arena
Michael Monroe,2027,2027-05-01,,LIVE NATION MUSIC,0.0,0.0,0.0,0,0,0,1,0,0,Theater
Harry Styles,2027,2027-05-01,,LIVE NATION MUSIC,0.0,0.0,252490036.3,1,117,15,2,33,5,Arena
Lizzy McAlpine,2027,2027-05-01,,LIVE NATION MUSIC,0.0,3921272.26,471429.5,1,2,11,12,0,1,Theater
Niall Horan,2027,2027-05-01,,LIVE NATION MUSIC,0.0,68141223.9,0.0,58,70,28,3,1,4,Arena
Niall Horan,2027,2027-05-01,,LIVE NATION MUSIC,0.0,68141223.9,0.0,58,70,28,3,1,4,Arena
The Revolution,2027,2027-05-01,,HOUSE OF BLUES CONCERTS (HOB),0.0,0.0,0.0,0,0,5,9,0,0,Club
Gracie Abrams,2027,2027-05-01,,"LIVE NATION UK FOR ARTIST, TOUR, FESTIVAL AND PRESALE NEWS",36388724.37,5296821.61,857658.6,5,28,12,17,0,1,Arena
Olivia Rodrigo,2027,2027-05-01,,Live Nation España True Vibes SL,23420107.2,169307085.8,0.0,0,68,10,2,5,1,Arena
Niall Horan,2027,2027-05-02,,LIVE NATION MUSIC,0.0,68141223.9,0.0,58,70,28,3,1,4,Arena
Ha*Ash,2027,2027-05-02,,LIVE NATION MUSIC,7294255.04,2716520.84,9867932.36,5,36,71,8,9,7,Theater
Foreigner,2027,2027-05-02,,LIVE NATION MUSIC,5067500.140000001,11875665.37,25312945.81,108,80,179,18,2,34,Theater
"""Festival International de Jazz De Montreal"", Saint Levant",2027,2027-05-02,,LIVE NATION MUSIC,0.0,0.0,0.0,0,0,0,1,0,0,Club
The Interrupters,2027,2027-05-02,,LIVE NATION MUSIC,0.0,95240.35,131504.91,1,0,8,19,0,0,Club
The Warning,2027,2027-05-02,,LIVE NATION MUSIC,1836729.79,256474.85,812677.2999999999,0,1,16,17,0,1,Arena
Mass Of The Fermenting Dregs,2027,2027-05-02,,LIVE NATION MUSIC,22795.97,61190.17,0.0,0,0,1,5,0,0,Theater
Olivia Rodrigo,2027,2027-05-02,,Live Nation España True Vibes SL,23420107.2,169307085.8,0.0,0,68,10,2,5,1,Arena
"""Festival International de Jazz De Montreal"", Saint Levant",2027,2027-05-03,,LIVE NATION MUSIC,0.0,0.0,0.0,0,0,0,1,0,0,Club
Gracie Abrams,2027,2027-05-03,,"LIVE NATION UK FOR ARTIST, TOUR, FESTIVAL AND PRESALE NEWS",36388724.37,5296821.61,857658.6,5,28,12,17,0,1,Arena
"""Festival International de Jazz De Montreal"", Saint Levant",2027,2027-05-04,,LIVE NATION MUSIC,0.0,0.0,0.0,0,0,0,1,0,0,Club
Paloma Morphy,2027,2027-05-04,,LIVE NATION CANADA (LN),53513.86,0.0,0.0,0,0,0,2,0,0,Club
Gracie Abrams,2027,2027-05-04,,"LIVE NATION UK FOR ARTIST, TOUR, FESTIVAL AND PRESALE NEWS",36388724.37,5296821.61,857658.6,5,28,12,17,0,1,Arena
Rod Stewart,2027,2027-05-04,,"LIVE NATION UK FOR ARTIST, TOUR, FESTIVAL AND PRESALE NEWS",43791142.95,27452763.79,34856940.56,53,181,55,3,46,5,Arena
"""SummerStage"", Two Door Cinema Club, Friends",2027,2027-05-05,,FRANK PRODUCTIONS,0.0,0.0,0.0,1,0,0,0,0,0,Theater
French 79,2027,2027-05-05,,LIVE NATION MUSIC,25948.05,92369.72,62875.06,0,1,1,9,0,1,Club
ALL,2027,2027-05-05,,"LIVE NATION UK FOR ARTIST, TOUR, FESTIVAL AND PRESALE NEWS",0.0,0.0,0.0,0,0,0,2,0,0,Club
Olivia Rodrigo,2027,2027-05-05,,Live Nation España True Vibes SL,23420107.2,169307085.8,0.0,0,68,10,2,5,1,Arena
The Warning,2027,2027-05-06,,LIVE NATION MUSIC,1836729.79,256474.85,812677.2999999999,0,1,16,17,0,1,Club
"""SummerStage"", Two Door Cinema Club, Friends",2027,2027-05-06,,FRANK PRODUCTIONS,0.0,0.0,0.0,1,0,0,0,0,0,Theater
Riley Green,2027,2027-05-06,,LIVE NATION MUSIC,18818712.84,11336207.41,4129193.53,54,56,40,30,2,11,Arena
Ha*Ash,2027,2027-05-06,,LIVE NATION MUSIC,7294255.04,2716520.84,9867932.36,5,36,71,8,9,7,Theater
French 79,2027,2027-05-06,,LIVE NATION MUSIC,25948.05,92369.72,62875.06,0,1,1,9,0,1,Club
The Revolution,2027,2027-05-06,,LIVE NATION MUSIC,0.0,0.0,0.0,0,0,5,9,0,0,Club
"The Floozies, Too Many Zooz",2027,2027-05-06,,LIVE NATION MUSIC,0.0,0.0,0.0,0,0,0,5,0,0,Club
"The Floozies, Too Many Zooz",2027,2027-05-06,,LIVE NATION MUSIC,0.0,0.0,0.0,0,0,0,5,0,0,Club
ALL,2027,2027-05-06,,LIVE NATION MUSIC UK LTD,0.0,0.0,0.0,0,0,0,2,0,0,Club
Olivia Rodrigo,2027,2027-05-06,,Live Nation España True Vibes SL,23420107.2,169307085.8,0.0,0,68,10,2,5,1,Arena
Paloma Morphy,2027,2027-05-07,,LIVE NATION MUSIC,53513.86,0.0,0.0,0,0,0,2,0,0,Club
Paloma Morphy,2027,2027-05-07,,LIVE NATION MUSIC,53513.86,0.0,0.0,0,0,0,2,0,0,Club
"""Festival International de Jazz De Montreal"", Saint Levant",2027,2027-05-07,,LIVE NATION MUSIC,0.0,0.0,0.0,0,0,0,1,0,0,Club
Riley Green,2027,2027-05-07,,LIVE NATION MUSIC,18818712.84,11336207.41,4129193.53,54,56,40,30,2,11,Arena
French 79,2027,2027-05-07,,LIVE NATION MUSIC,25948.05,92369.72,62875.06,0,1,1,9,0,1,Theater
The Revolution,2027,2027-05-07,,LIVE NATION MUSIC,0.0,0.0,0.0,0,0,5,9,0,0,Theater
Harry Styles,2027,2027-05-07,,LIVE NATION CANADA (LN),0.0,0.0,252490036.3,1,117,15,2,33,5,Arena
ALL,2027,2027-05-07,,"LIVE NATION UK FOR ARTIST, TOUR, FESTIVAL AND PRESALE NEWS",0.0,0.0,0.0,0,0,0,2,0,0,Theater
Hilary Duff,2027,2027-05-07,,"Live Nation España No Limits, SL",0.0,0.0,0.0,22,2,1,0,0,0,Arena
Ha*Ash,2027,2027-05-08,,LIVE NATION MUSIC,7294255.04,2716520.84,9867932.36,5,36,71,8,9,7,Theater
Chris Mitchell,2027,2027-05-08,,LIVE NATION MUSIC,0.0,0.0,0.0,0,0,0,1,0,0,Arena
Terrian,2027,2027-05-08,,LIVE NATION MUSIC,1945.0,0.0,0.0,0,0,0,1,0,0,Club
The Revolution,2027,2027-05-08,,LIVE NATION MUSIC,0.0,0.0,0.0,0,0,5,9,0,0,Club
Harry Styles,2027,2027-05-08,,LIVE NATION CANADA (LN),0.0,0.0,252490036.3,1,117,15,2,33,5,Arena
The Warning,2027,2027-05-08,,LIVE NATION CANADA (LN),1836729.79,256474.85,812677.2999999999,0,1,16,17,0,1,Club
Metallica,2027,2027-05-08,,LIVE NATION CANADA (LN),137107458.47,179373637.38,146435306.85,0,95,4,4,135,10,Stadium
ALL,2027,2027-05-08,,"LIVE NATION UK FOR ARTIST, TOUR, FESTIVAL AND PRESALE NEWS",0.0,0.0,0.0,0,0,0,2,0,0,Club
"Dragonforce, Amaranthe",2027,2027-05-08,,"LIVE NATION UK FOR ARTIST, TOUR, FESTIVAL AND PRESALE NEWS",0.0,247413.25,0.0,0,0,2,1,0,0,Club
Skindred,2027,2027-05-08,,LIVE NATION MUSIC UK LTD,66144.98,0.0,72648.37,0,0,4,39,0,3,Arena
Chris Mitchell,2027,2027-05-09,,LIVE NATION MUSIC,0.0,0.0,0.0,0,0,0,1,0,0,Club
Ha*Ash,2027,2027-05-09,,LIVE NATION MUSIC,7294255.04,2716520.84,9867932.36,5,36,71,8,9,7,Theater
"""Festival International de Jazz De Montreal"", Saint Levant",2027,2027-05-09,,LIVE NATION MUSIC,0.0,0.0,0.0,0,0,0,1,0,0,Club
The Warning,2027,2027-05-09,,EVENKO CO-PRO WITH LIVE NATION,1836729.79,256474.85,812677.2999999999,0,1,16,17,0,1,Club
Olivia Rodrigo,2027,2027-05-09,,LIVE NATION MUSIC UK LTD,23420107.2,169307085.8,0.0,0,68,10,2,5,1,Arena
"""Festival International de Jazz De Montreal"", Saint Levant",2027,2027-05-10,,LIVE NATION MUSIC,0.0,0.0,0.0,0,0,0,1,0,0,Theater
"""SummerStage"", Two Door Cinema Club, Friends",2027,2027-05-10,,LIVE NATION MUSIC,0.0,0.0,0.0,1,0,0,0,0,0,Arena
Olivia Rodrigo,2027,2027-05-10,,LIVE NATION MUSIC UK LTD,23420107.2,169307085.8,0.0,0,68,10,2,5,1,Arena
The Revolution,2027,2027-05-11,,LIVE NATION MUSIC,0.0,0.0,0.0,0,0,5,9,0,0,Theater
The Warning,2027,2027-05-11,,LIVE NATION CANADA (LN),1836729.79,256474.85,812677.2999999999,0,1,16,17,0,1,Club
Rod Stewart,2027,2027-05-11,,"LIVE NATION UK FOR ARTIST, TOUR, FESTIVAL AND PRESALE NEWS",43791142.95,27452763.79,34856940.56,53,181,55,3,46,5,Arena
Loreen,2027,2027-05-11,,DF CONCERTS,368939.58,0.0,115305.41,0,0,5,4,0,1,Theater
Man/Woman/Chainsaw,2027,2027-05-11,,LIVE NATION MUSIC UK LTD,3462.46,0.0,422.46,0,0,0,2,0,0,Club
Santana,2027,2027-05-12,,HOUSE OF BLUES CONCERTS (HOB),10372269.62,0.0,3349278.95,59,103,47,16,7,8,Arena
Ha*Ash,2027,2027-05-12,,LIVE NATION MUSIC,7294255.04,2716520.84,9867932.36,5,36,71,8,9,7,Arena
Palace,2027,2027-05-12,,LIVE NATION MUSIC (VENUES) LTD (NEW),216325.96,176855.55,138298.91,0,0,7,19,0,1,Theater
Loreen,2027,2027-05-12,,LIVE NATION MUSIC UK LTD,368939.58,0.0,115305.41,0,0,5,4,0,1,Theater
Metallica,2027,2027-05-13,,LIVE NATION MUSIC,137107458.47,179373637.38,146435306.85,0,95,4,4,135,10,Stadium
Santana,2027,2027-05-13,,HOUSE OF BLUES CONCERTS (HOB),10372269.62,0.0,3349278.95,59,103,47,16,7,8,Arena
Valery Meladze,2027,2027-05-13,,HOUSE OF BLUES CONCERTS (HOB),158721.0,0.0,0.0,0,1,1,0,0,0,Arena
Loreen,2027,2027-05-13,,LIVE NATION MUSIC UK LTD,368939.58,0.0,115305.41,0,0,5,4,0,1,Theater
Loreen,2027,2027-05-13,,LIVE NATION MUSIC UK LTD,368939.58,0.0,115305.41,0,0,5,4,0,1,Theater
Niall Horan,2027,2027-05-14,,LIVE NATION MUSIC,0.0,68141223.9,0.0,58,70,28,3,1,4,Arena
Ha*Ash,2027,2027-05-14,,LIVE NATION MUSIC,7294255.04,2716520.84,9867932.36,5,36,71,8,9,7,Amphitheatre
The Revolution,2027,2027-05-14,,LIVE NATION MUSIC,0.0,0.0,0.0,0,0,5,9,0,0,Club
Two Friends,2027,2027-05-15,,LIVE NATION MUSIC,1519122.6,2266046.77,601149.51,3,2,7,26,0,1,Amphitheatre
Santana,2027,2027-05-15,,HOUSE OF BLUES CONCERTS (HOB),10372269.62,0.0,3349278.95,59,103,47,16,7,8,Arena
Mass Of The Fermenting Dregs,2027,2027-05-15,,LIVE NATION MUSIC,22795.97,61190.17,0.0,0,0,1,5,0,0,Club
Ha*Ash,2027,2027-05-15,,LIVE NATION MUSIC,7294255.04,2716520.84,9867932.36,5,36,71,8,9,7,Arena
The Warning,2027,2027-05-15,,LIVE NATION MUSIC,1836729.79,256474.85,812677.2999999999,0,1,16,17,0,1,Club
The Revolution,2027,2027-05-15,,LIVE NATION MUSIC,0.0,0.0,0.0,0,0,5,9,0,0,Theater
The Illegal Eagles,2027,2027-05-15,,LIVE NATION MUSIC (VENUES) LTD (NEW),79618.62,0.0,66531.2,0,0,4,1,0,0,Theater
Niall Horan,2027,2027-05-16,,LIVE NATION MUSIC,0.0,68141223.9,0.0,58,70,28,3,1,4,Arena
Santana,2027,2027-05-16,,HOUSE OF BLUES CONCERTS (HOB),10372269.62,0.0,3349278.95,59,103,47,16,7,8,Arena
Ha*Ash,2027,2027-05-16,,LIVE NATION MUSIC,7294255.04,2716520.84,9867932.36,5,36,71,8,9,7,Theater
The Warning,2027,2027-05-18,,LIVE NATION MUSIC,1836729.79,256474.85,812677.2999999999,0,1,16,17,0,1,Club
Metallica,2027,2027-05-18,,LIVE NATION MUSIC,137107458.47,179373637.38,146435306.85,0,95,4,4,135,10,Stadium
Niall Horan,2027,2027-05-18,,LIVE NATION MUSIC,0.0,68141223.9,0.0,58,70,28,3,1,4,Arena
The Airborne Toxic Event,2027,2027-05-18,,LIVE NATION MUSIC,0.0,206894.08,118607.7,3,0,25,86,0,2,Club
Santana,2027,2027-05-19,,HOUSE OF BLUES CONCERTS (HOB),10372269.62,0.0,3349278.95,59,103,47,16,7,8,Arena
Ha*Ash,2027,2027-05-19,,LIVE NATION MUSIC,7294255.04,2716520.84,9867932.36,5,36,71,8,9,7,Theater
Niall Horan,2027,2027-05-20,,LIVE NATION MUSIC,0.0,68141223.9,0.0,58,70,28,3,1,4,Arena
Riley Green,2027,2027-05-20,,LIVE NATION MUSIC,18818712.84,11336207.41,4129193.53,54,56,40,30,2,11,Arena
Santana,2027,2027-05-20,,HOUSE OF BLUES CONCERTS (HOB),10372269.62,0.0,3349278.95,59,103,47,16,7,8,Arena
Powerman 5000,2027,2027-05-20,,LIVE NATION MUSIC,31590.0,13726.0,28273.24,0,0,1,37,0,0,Club
Harry Styles,2027,2027-05-21,,LIVE NATION MUSIC,0.0,0.0,252490036.3,1,117,15,2,33,5,Arena
The Airborne Toxic Event,2027,2027-05-21,,LIVE NATION MUSIC,0.0,206894.08,118607.7,3,0,25,86,0,2,Club
Ha*Ash,2027,2027-05-21,,LIVE NATION MUSIC,7294255.04,2716520.84,9867932.36,5,36,71,8,9,7,Theater
Riley Green,2027,2027-05-21,,LIVE NATION MUSIC,18818712.84,11336207.41,4129193.53,54,56,40,30,2,11,Amphitheatre
Powerman 5000,2027,2027-05-21,,LIVE NATION MUSIC,31590.0,13726.0,28273.24,0,0,1,37,0,0,Club
Metallica,2027,2027-05-22,,LIVE NATION MUSIC,137107458.47,179373637.38,146435306.85,0,95,4,4,135,10,Stadium
Harry Styles,2027,2027-05-22,,LIVE NATION MUSIC,0.0,0.0,252490036.3,1,117,15,2,33,5,Arena
Billy Joel,2027,2027-05-22,,LIVE NATION MUSIC,3491813.0,75703106.41,44904542.17,2,122,6,0,59,1,Amphitheatre
Niall Horan,2027,2027-05-22,,LIVE NATION MUSIC,0.0,68141223.9,0.0,58,70,28,3,1,4,Arena
Santana,2027,2027-05-22,,HOUSE OF BLUES CONCERTS (HOB),10372269.62,0.0,3349278.95,59,103,47,16,7,8,Arena
Riley Green,2027,2027-05-22,,LIVE NATION MUSIC,18818712.84,11336207.41,4129193.53,54,56,40,30,2,11,Arena
"""SummerStage"", Two Door Cinema Club, Friends",2027,2027-05-22,,LIVE NATION MUSIC,0.0,0.0,0.0,1,0,0,0,0,0,Amphitheatre
Ha*Ash,2027,2027-05-22,,LIVE NATION MUSIC,7294255.04,2716520.84,9867932.36,5,36,71,8,9,7,Theater
The Airborne Toxic Event,2027,2027-05-22,,LIVE NATION MUSIC,0.0,206894.08,118607.7,3,0,25,86,0,2,Theater
Chris Mitchell,2027,2027-05-22,,HOUSE OF BLUES CONCERTS (HOB),0.0,0.0,0.0,0,0,0,1,0,0,Club
"Random Rab, SuperSillyus, Tor, Random Rab",2027,2027-05-22,,LIVE NATION - NO LN CONCERTS BRANDING,0.0,0.0,0.0,0,0,0,1,0,0,Club
The Warning,2027,2027-05-23,,LIVE NATION MUSIC,1836729.79,256474.85,812677.2999999999,0,1,16,17,0,1,Theater
Santana,2027,2027-05-23,,HOUSE OF BLUES CONCERTS (HOB),10372269.62,0.0,3349278.95,59,103,47,16,7,8,Arena
Weezer,2027,2027-05-23,,LIVE NATION MUSIC UK LTD,1433245.96,22634115.74,16240051.85,29,34,23,18,1,9,Arena
The Airborne Toxic Event,2027,2027-05-24,,HOUSE OF BLUES CONCERTS (HOB),0.0,206894.08,118607.7,3,0,25,86,0,2,Club
The Airborne Toxic Event,2027,2027-05-25,,LIVE NATION MUSIC,0.0,206894.08,118607.7,3,0,25,86,0,2,Theater
Niall Horan,2027,2027-05-25,,LIVE NATION MUSIC,0.0,68141223.9,0.0,58,70,28,3,1,4,Arena
Metallica,2027,2027-05-26,,LIVE NATION MUSIC,137107458.47,179373637.38,146435306.85,0,95,4,4,135,10,Stadium
"""SummerStage"", Two Door Cinema Club, Friends",2027,2027-05-26,,LIVE NATION MUSIC,0.0,0.0,0.0,1,0,0,0,0,0,Theater
Niall Horan,2027,2027-05-27,,LIVE NATION MUSIC,0.0,68141223.9,0.0,58,70,28,3,1,4,Arena
The Airborne Toxic Event,2027,2027-05-27,,LIVE NATION MUSIC,0.0,206894.08,118607.7,3,0,25,86,0,2,Theater
Gracie Abrams,2027,2027-05-27,,"Live Nation España Blue Lane, SL",36388724.37,5296821.61,857658.6,5,28,12,17,0,1,Arena
Agnes Obel,2027,2027-05-28,,LIVE NATION MUSIC,787782.1799999999,0.0,0.0,0,1,25,31,0,9,Club
Harry Styles,2027,2027-05-28,,LIVE NATION MUSIC,0.0,0.0,252490036.3,1,117,15,2,33,5,Arena
Gracie Abrams,2027,2027-05-28,,"Live Nation España Blue Lane, SL",36388724.37,5296821.61,857658.6,5,28,12,17,0,1,Arena
Metallica,2027,2027-05-29,,LIVE NATION MUSIC,137107458.47,179373637.38,146435306.85,0,95,4,4,135,10,Stadium
"""SummerStage"", Two Door Cinema Club, Friends",2027,2027-05-29,,LIVE NATION MUSIC,0.0,0.0,0.0,1,0,0,0,0,0,Theater
Odd Mob,2027,2027-05-29,,LIVE NATION MUSIC,398985.47,9551.85,12639.25,0,0,3,10,0,0,Club
Harry Styles,2027,2027-05-29,,LIVE NATION MUSIC,0.0,0.0,252490036.3,1,117,15,2,33,5,Arena
Harry Styles,2027,2027-05-31,,LIVE NATION MUSIC,0.0,0.0,252490036.3,1,117,15,2,33,5,Arena
"Or, The Whale",2027,2027-06-01,,LIVE NATION MUSIC,0.0,0.0,0.0,0,0,0,3,0,0,Arena
Tou,2027,2027-06-01,,LIVE NATION MUSIC,0.0,348354.82999999996,0.0,0,0,0,1,0,1,Theater
Chase &amp; Status,2027,2027-06-01,,LIVE NATION MUSIC,5812704.180000001,1281856.26,35822.04,3,14,7,12,1,1,Arena
Metallica,2027,2027-06-02,,LIVE NATION MUSIC,137107458.47,179373637.38,146435306.85,0,95,4,4,135,10,Stadium
Metallica,2027,2027-06-02,,LIVE NATION MUSIC,137107458.47,179373637.38,146435306.85,0,95,4,4,135,10,Stadium
Stick Figure,2027,2027-06-03,,LIVE NATION MUSIC,6858928.33,8204918.15,5594889.79,31,0,13,88,3,8,Amphitheatre
Tou,2027,2027-06-03,,LIVE NATION MUSIC,0.0,348354.82999999996,0.0,0,0,0,1,0,1,Club
Riley Green,2027,2027-06-03,,LIVE NATION MUSIC,18818712.84,11336207.41,4129193.53,54,56,40,30,2,11,Amphitheatre
The Airborne Toxic Event,2027,2027-06-03,,HOUSE OF BLUES CONCERTS (HOB),0.0,206894.08,118607.7,3,0,25,86,0,2,Club
El Mundo,2027,2027-06-03,,Live Nation España Black Star S.L,0.0,0.0,0.0,0,0,1,0,0,0,Theater
Harry Styles,2027,2027-06-04,,LIVE NATION MUSIC,0.0,0.0,252490036.3,1,117,15,2,33,5,Arena
Tou,2027,2027-06-04,,LIVE NATION MUSIC,0.0,348354.82999999996,0.0,0,0,0,1,0,1,Club
El Mundo,2027,2027-06-04,,Live Nation España Black Star S.L,0.0,0.0,0.0,0,0,1,0,0,0,Theater
Metallica,2027,2027-06-05,,LIVE NATION MUSIC,137107458.47,179373637.38,146435306.85,0,95,4,4,135,10,Stadium
Harry Styles,2027,2027-06-05,,LIVE NATION MUSIC,0.0,0.0,252490036.3,1,117,15,2,33,5,Arena
The Airborne Toxic Event,2027,2027-06-06,,LIVE NATION MUSIC,0.0,206894.08,118607.7,3,0,25,86,0,2,Club
Metallica,2027,2027-06-08,,LIVE NATION MUSIC,137107458.47,179373637.38,146435306.85,0,95,4,4,135,10,Stadium
Stick Figure,2027,2027-06-09,,LIVE NATION MUSIC,6858928.33,8204918.15,5594889.79,31,0,13,88,3,8,Amphitheatre
Tou,2027,2027-06-09,,LIVE NATION MUSIC,0.0,348354.82999999996,0.0,0,0,0,1,0,1,Club
The Airborne Toxic Event,2027,2027-06-09,,LIVE NATION MUSIC,0.0,206894.08,118607.7,3,0,25,86,0,2,Club
Stick Figure,2027,2027-06-11,,LIVE NATION MUSIC,6858928.33,8204918.15,5594889.79,31,0,13,88,3,8,Amphitheatre
Beyond,2027,2027-06-11,,LIVE NATION MUSIC,0.0,0.0,0.0,0,0,1,0,0,0,Theater
Tou,2027,2027-06-11,,LIVE NATION MUSIC,0.0,348354.82999999996,0.0,0,0,0,1,0,1,Arena
El Mundo,2027,2027-06-11,,Live Nation España Black Star S.L,0.0,0.0,0.0,0,0,1,0,0,0,Theater
Metallica,2027,2027-06-12,,LIVE NATION MUSIC,137107458.47,179373637.38,146435306.85,0,95,4,4,135,10,Stadium
Metallica,2027,2027-06-12,,LIVE NATION MUSIC,137107458.47,179373637.38,146435306.85,0,95,4,4,135,10,Stadium
Beyond,2027,2027-06-12,,LIVE NATION MUSIC,0.0,0.0,0.0,0,0,1,0,0,0,Theater
El Mundo,2027,2027-06-12,,Live Nation España Black Star S.L,0.0,0.0,0.0,0,0,1,0,0,0,Theater
Beyond,2027,2027-06-13,,LIVE NATION MUSIC,0.0,0.0,0.0,0,0,1,0,0,0,Theater
El Mundo,2027,2027-06-13,,Live Nation España Black Star S.L,0.0,0.0,0.0,0,0,1,0,0,0,Theater
Tou,2027,2027-06-14,,LIVE NATION MUSIC,0.0,348354.82999999996,0.0,0,0,0,1,0,1,Club
Metallica,2027,2027-06-15,,LIVE NATION MUSIC,137107458.47,179373637.38,146435306.85,0,95,4,4,135,10,Stadium
The Airborne Toxic Event,2027,2027-06-15,,LIVE NATION MUSIC,0.0,206894.08,118607.7,3,0,25,86,0,2,Club
John Vincent III,2027,2027-06-15,,LIVE NATION MUSIC UK LTD,234678.23,303207.44,0.0,0,0,4,26,0,0,Club
John Vincent III,2027,2027-06-16,,LIVE NATION MUSIC UK LTD,234678.23,303207.44,0.0,0,0,4,26,0,0,Club
The Airborne Toxic Event,2027,2027-06-17,,LIVE NATION MUSIC,0.0,206894.08,118607.7,3,0,25,86,0,2,Club
John Vincent III,2027,2027-06-17,,LIVE NATION MUSIC UK LTD,234678.23,303207.44,0.0,0,0,4,26,0,0,Club
Riley Green,2027,2027-06-18,,LIVE NATION MUSIC,18818712.84,11336207.41,4129193.53,54,56,40,30,2,11,Amphitheatre
Stick Figure,2027,2027-06-18,,LIVE NATION MUSIC,6858928.33,8204918.15,5594889.79,31,0,13,88,3,8,Amphitheatre
Metallica,2027,2027-06-19,,LIVE NATION MUSIC,137107458.47,179373637.38,146435306.85,0,95,4,4,135,10,Stadium
Stick Figure,2027,2027-06-20,,LIVE NATION MUSIC,6858928.33,8204918.15,5594889.79,31,0,13,88,3,8,Theater
Reason,2027,2027-06-21,,"LIVE NATION UK FOR ARTIST, TOUR, FESTIVAL AND PRESALE NEWS",0.0,3617.6,1440.0,0,0,1,1,0,0,Club
Stick Figure,2027,2027-06-22,,LIVE NATION MUSIC,6858928.33,8204918.15,5594889.79,31,0,13,88,3,8,Amphitheatre
Reason,2027,2027-06-22,,"LIVE NATION UK FOR ARTIST, TOUR, FESTIVAL AND PRESALE NEWS",0.0,3617.6,1440.0,0,0,1,1,0,0,Club
Stick Figure,2027,2027-06-24,,LIVE NATION MUSIC,6858928.33,8204918.15,5594889.79,31,0,13,88,3,8,Club
Reason,2027,2027-06-24,,"LIVE NATION UK FOR ARTIST, TOUR, FESTIVAL AND PRESALE NEWS",0.0,3617.6,1440.0,0,0,1,1,0,0,Club
El Mundo,2027,2027-06-24,,Live Nation España Black Star S.L,0.0,0.0,0.0,0,0,1,0,0,0,Theater
Riley Green,2027,2027-06-25,,LIVE NATION MUSIC,18818712.84,11336207.41,4129193.53,54,56,40,30,2,11,Theater
Beyond,2027,2027-06-25,,LIVE NATION 3PE EVENT,0.0,0.0,0.0,0,0,1,0,0,0,Amphitheatre
Reason,2027,2027-06-25,,"LIVE NATION UK FOR ARTIST, TOUR, FESTIVAL AND PRESALE NEWS",0.0,3617.6,1440.0,0,0,1,1,0,0,Club
El Mundo,2027,2027-06-25,,Live Nation España Black Star S.L,0.0,0.0,0.0,0,0,1,0,0,0,Theater
Stick Figure,2027,2027-06-26,,LIVE NATION MUSIC,6858928.33,8204918.15,5594889.79,31,0,13,88,3,8,Amphitheatre
Two Feet,2027,2027-06-26,,LIVE NATION MUSIC,0.0,253832.39,83523.8,0,0,3,35,0,1,Theater
The Bacon Brothers,2027,2027-06-26,,LIVE NATION MUSIC,138140.0,65000.0,279441.7,0,0,33,44,0,2,Club
Gregory Porter,2027,2027-06-26,,LIVE NATION MUSIC (VENUES) LTD (NEW),639110.12,1215135.23,2118619.43,3,6,73,11,0,1,Theater
El Mundo,2027,2027-06-26,,Live Nation España Black Star S.L,0.0,0.0,0.0,0,0,1,0,0,0,Theater
El Mundo,2027,2027-06-27,,Live Nation España Black Star S.L,0.0,0.0,0.0,0,0,1,0,0,0,Theater
Stick Figure,2027,2027-06-29,,LIVE NATION MUSIC,6858928.33,8204918.15,5594889.79,31,0,13,88,3,8,Amphitheatre
Reason,2027,2027-06-29,,"LIVE NATION UK FOR ARTIST, TOUR, FESTIVAL AND PRESALE NEWS",0.0,3617.6,1440.0,0,0,1,1,0,0,Club
Stick Figure,2027,2027-07-01,,LIVE NATION MUSIC,6858928.33,8204918.15,5594889.79,31,0,13,88,3,8,Amphitheatre
Stick Figure,2027,2027-07-03,,LIVE NATION MUSIC,6858928.33,8204918.15,5594889.79,31,0,13,88,3,8,Amphitheatre
Slipknot,2027,2027-07-03,,"LIVE NATION UK FOR ARTIST, TOUR, FESTIVAL AND PRESALE NEWS",6958061.32,21214363.69,0.0,35,77,1,1,3,1,Stadium
El Mundo,2027,2027-07-06,,LIVE NATION MUSIC UK LTD,0.0,0.0,0.0,0,0,1,0,0,0,Stadium
Stick Figure,2027,2027-07-08,,LIVE NATION MUSIC,6858928.33,8204918.15,5594889.79,31,0,13,88,3,8,Amphitheatre
Stick Figure,2027,2027-07-10,,LIVE NATION MUSIC,6858928.33,8204918.15,5594889.79,31,0,13,88,3,8,Amphitheatre
Stick Figure,2027,2027-07-13,,LIVE NATION MUSIC,6858928.33,8204918.15,5594889.79,31,0,13,88,3,8,Amphitheatre
Riley Green,2027,2027-07-15,,LIVE NATION MUSIC,18818712.84,11336207.41,4129193.53,54,56,40,30,2,11,Amphitheatre
Stick Figure,2027,2027-07-15,,LIVE NATION MUSIC,6858928.33,8204918.15,5594889.79,31,0,13,88,3,8,Amphitheatre
Riley Green,2027,2027-07-16,,LIVE NATION MUSIC,18818712.84,11336207.41,4129193.53,54,56,40,30,2,11,Arena
Slipknot,2027,2027-07-16,,LIVE NATION MUSIC,6958061.32,21214363.69,0.0,35,77,1,1,3,1,Arena
Jorge Medina,2027,2027-07-16,,LIVE NATION MUSIC,0.0,0.0,0.0,0,0,1,0,0,0,Arena
Stick Figure,2027,2027-07-17,,LIVE NATION MUSIC,6858928.33,8204918.15,5594889.79,31,0,13,88,3,8,Amphitheatre
Slipknot,2027,2027-07-18,,LIVE NATION - NO LN CONCERTS BRANDING,6958061.32,21214363.69,0.0,35,77,1,1,3,1,Arena
"Camp, Mall Walk",2027,2027-07-21,,LIVE NATION UK ON BEHALF OF LATITUDE FESTIVAL,0.0,0.0,0.0,0,0,0,1,0,0,Club
Rav,2027,2027-07-21,,LIVE NATION UK ON BEHALF OF LATITUDE FESTIVAL,0.0,0.0,7775.0,0,0,0,4,0,0,Club
Gene,2027,2027-07-21,,LIVE NATION UK ON BEHALF OF LATITUDE FESTIVAL,0.0,0.0,0.0,0,0,1,1,0,0,Club
Gene,2027,2027-07-21,,LIVE NATION UK ON BEHALF OF LATITUDE FESTIVAL,0.0,0.0,0.0,0,0,1,1,0,0,Club
Gene,2027,2027-07-21,,LIVE NATION UK ON BEHALF OF LATITUDE FESTIVAL,0.0,0.0,0.0,0,0,1,1,0,0,Club
Gene,2027,2027-07-21,,LIVE NATION UK ON BEHALF OF LATITUDE FESTIVAL,0.0,0.0,0.0,0,0,1,1,0,0,Club
"Camp, Mall Walk",2027,2027-07-21,,LIVE NATION UK ON BEHALF OF LATITUDE FESTIVAL,0.0,0.0,0.0,0,0,0,1,0,0,Club
"Camp, Mall Walk",2027,2027-07-21,,LIVE NATION UK ON BEHALF OF LATITUDE FESTIVAL,0.0,0.0,0.0,0,0,0,1,0,0,Club
Riley Green,2027,2027-07-22,,LIVE NATION MUSIC,18818712.84,11336207.41,4129193.53,54,56,40,30,2,11,Amphitheatre
LANY,2027,2027-07-22,,"LIVE NATION UK FOR ARTIST, TOUR, FESTIVAL AND PRESALE NEWS",0.0,2716028.78,384289.81,6,10,42,95,0,6,Club
Riley Green,2027,2027-07-23,,LIVE NATION MUSIC,18818712.84,11336207.41,4129193.53,54,56,40,30,2,11,Arena
Riley Green,2027,2027-07-24,,LIVE NATION MUSIC,18818712.84,11336207.41,4129193.53,54,56,40,30,2,11,Arena
Slipknot,2027,2027-07-25,,LIVE NATION MUSIC,6958061.32,21214363.69,0.0,35,77,1,1,3,1,Arena
Slipknot,2027,2027-07-28,,LIVE NATION MUSIC,6958061.32,21214363.69,0.0,35,77,1,1,3,1,Stadium
Riley Green,2027,2027-07-29,,LIVE NATION MUSIC,18818712.84,11336207.41,4129193.53,54,56,40,30,2,11,Arena
Riley Green,2027,2027-07-30,,LIVE NATION MUSIC,18818712.84,11336207.41,4129193.53,54,56,40,30,2,11,Amphitheatre
Slipknot,2027,2027-07-31,,LIVE NATION MUSIC,6958061.32,21214363.69,0.0,35,77,1,1,3,1,Arena
Riley Green,2027,2027-07-31,,FRANK PRODUCTIONS,18818712.84,11336207.41,4129193.53,54,56,40,30,2,11,Amphitheatre
Slipknot,2027,2027-08-06,,LIVE NATION MUSIC,6958061.32,21214363.69,0.0,35,77,1,1,3,1,Arena
"""British Rock Royalty - Celebrating The Music Of Pink Floyd, Queen, The Who &amp; Led Zeppelin""",2027,2027-08-06,,LIVE NATION MUSIC,0.0,0.0,0.0,1,0,2,0,0,0,Arena
Simply Red,2027,2027-08-07,,"LIVE NATION UK FOR ARTIST, TOUR, FESTIVAL AND PRESALE NEWS",39693095.29,0.0,9239198.89,0,134,15,0,12,17,Arena
Slipknot,2027,2027-08-09,,LIVE NATION MUSIC,6958061.32,21214363.69,0.0,35,77,1,1,3,1,Arena
Oasis,2027,2027-08-10,,LIVE NATION MUSIC,57167465.44,0.0,0.0,0,0,0,0,7,0,Stadium
Oasis,2027,2027-08-13,,LIVE NATION MUSIC,57167465.44,0.0,0.0,0,0,0,0,7,0,Stadium
Slipknot,2027,2027-08-13,,LIVE NATION MUSIC,6958061.32,21214363.69,0.0,35,77,1,1,3,1,Stadium
Oasis,2027,2027-08-14,,LIVE NATION MUSIC,57167465.44,0.0,0.0,0,0,0,0,7,0,Stadium
Eden Muñoz,2027,2027-08-14,,LIVE NATION MUSIC,7302851.02,2436886.0,955284.02,0,11,17,0,2,3,Theater
Eden Muñoz,2027,2027-08-14,,LIVE NATION MUSIC,7302851.02,2436886.0,955284.02,0,11,17,0,2,3,Theater
Slipknot,2027,2027-08-18,,LIVE NATION MUSIC,6958061.32,21214363.69,0.0,35,77,1,1,3,1,Arena
Oasis,2027,2027-08-20,,LIVE NATION MUSIC,57167465.44,0.0,0.0,0,0,0,0,7,0,Stadium
Oasis,2027,2027-08-21,,LIVE NATION MUSIC,57167465.44,0.0,0.0,0,0,0,0,7,0,Stadium
Oasis,2027,2027-08-24,,LIVE NATION MUSIC,57167465.44,0.0,0.0,0,0,0,0,7,0,Stadium
"Camp, Mall Walk",2027,2027-08-25,,"LIVE NATION UK FOR ARTIST, TOUR, FESTIVAL AND PRESALE NEWS",0.0,0.0,0.0,0,0,0,1,0,0,Club
"Camp, Mall Walk",2027,2027-08-26,,"LIVE NATION UK FOR ARTIST, TOUR, FESTIVAL AND PRESALE NEWS",0.0,0.0,0.0,0,0,0,1,0,0,Club
Trey Songz,2027,2027-08-27,,LIVE NATION MUSIC,0.0,760437.12,738288.35,0,9,37,12,0,0,Theater
"Camp, Mall Walk",2027,2027-08-27,,"LIVE NATION UK FOR ARTIST, TOUR, FESTIVAL AND PRESALE NEWS",0.0,0.0,0.0,0,0,0,1,0,0,Club
Trey Songz,2027,2027-08-28,,LIVE NATION MUSIC,0.0,760437.12,738288.35,0,9,37,12,0,0,Arena
Rod Stewart,2027,2027-09-02,,LIVE NATION MUSIC,43791142.95,27452763.79,34856940.56,53,181,55,3,46,5,Amphitheatre
Rod Stewart,2027,2027-09-03,,LIVE NATION MUSIC,43791142.95,27452763.79,34856940.56,53,181,55,3,46,5,Amphitheatre
Elan,2027,2027-09-03,,LIVE NATION MUSIC,0.0,0.0,0.0,0,0,0,1,0,0,Arena
Elan,2027,2027-09-04,,LIVE NATION MUSIC,0.0,0.0,0.0,0,0,0,1,0,0,Arena
Aria,2027,2027-09-07,,LIVE NATION MUSIC,0.0,0.0,0.0,0,0,1,2,0,0,Arena
Dire Straits Experience,2027,2027-09-09,,MCD PRODUCTIONS,0.0,1549659.78,0.0,1,18,29,0,0,4,Theater
Marc Anthony,2027,2027-09-10,,LIVE NATION MUSIC,1824500.65,27755458.7,22295734.14,5,213,30,0,14,9,Arena
Marc Anthony,2027,2027-09-11,,LIVE NATION MUSIC,1824500.65,27755458.7,22295734.14,5,213,30,0,14,9,Arena
La Adictiva,2027,2027-09-15,,LIVE NATION MUSIC,289346.06,271689.0,124021.75,0,5,6,1,0,0,Theater
Marc Anthony,2027,2027-09-17,,LIVE NATION MUSIC,1824500.65,27755458.7,22295734.14,5,213,30,0,14,9,Arena
Marc Anthony,2027,2027-09-18,,LIVE NATION MUSIC,1824500.65,27755458.7,22295734.14,5,213,30,0,14,9,Arena
Marc Anthony,2027,2027-09-19,,LIVE NATION MUSIC,1824500.65,27755458.7,22295734.14,5,213,30,0,14,9,Arena
Beth Hart,2027,2027-09-25,,DF CONCERTS,1568516.61,600861.0700000001,493581.99,1,2,48,45,0,2,Theater
Mary Chapin Carpenter,2027,2027-09-27,,FRANK PRODUCTIONS,1733477.69,0.0,785438.9,30,0,132,23,1,7,Theater
Yusuf / Cat Stevens,2027,2027-09-28,,LIVE NATION MUSIC,142984.37,0.0,870067.8200000001,0,22,20,0,2,1,Theater
Yusuf / Cat Stevens,2027,2027-09-28,,LIVE NATION MUSIC,142984.37,0.0,870067.8200000001,0,22,20,0,2,1,Theater
Yusuf / Cat Stevens,2027,2027-09-28,,LIVE NATION MUSIC,142984.37,0.0,870067.8200000001,0,22,20,0,2,1,Arena
Yusuf / Cat Stevens,2027,2027-09-28,,LIVE NATION MUSIC,142984.37,0.0,870067.8200000001,0,22,20,0,2,1,Arena
Yusuf / Cat Stevens,2027,2027-09-28,,LIVE NATION MUSIC,142984.37,0.0,870067.8200000001,0,22,20,0,2,1,Theater
Yusuf / Cat Stevens,2027,2027-09-28,,LIVE NATION MUSIC,142984.37,0.0,870067.8200000001,0,22,20,0,2,1,Theater
Yusuf / Cat Stevens,2027,2027-09-29,,LIVE NATION MUSIC,142984.37,0.0,870067.8200000001,0,22,20,0,2,1,Theater
Hilary Duff,2027,2027-10-01,,LIVE NATION MUSIC,0.0,0.0,0.0,22,2,1,0,0,0,Arena
Hilary Duff,2027,2027-10-02,,LIVE NATION MUSIC,0.0,0.0,0.0,22,2,1,0,0,0,Arena
Hilary Duff,2027,2027-10-04,,LIVE NATION MUSIC,0.0,0.0,0.0,22,2,1,0,0,0,Arena
Hilary Duff,2027,2027-10-06,,LIVE NATION MUSIC,0.0,0.0,0.0,22,2,1,0,0,0,Arena
This Is The Kit,2027,2027-10-07,,"LIVE NATION UK FOR ARTIST, TOUR, FESTIVAL AND PRESALE NEWS",0.0,4602.73,0.0,0,0,0,3,0,0,Club
Michael &amp; Michelle,2027,2027-10-08,,LIVE NATION (MUSIC) UK LTD (VENUES),0.0,14070.3,0.0,0,0,1,2,0,0,Theater
Hilary Duff,2027,2027-10-09,,LIVE NATION MUSIC,0.0,0.0,0.0,22,2,1,0,0,0,Arena
Deacon Blue,2027,2027-10-09,,"LIVE NATION UK FOR ARTIST, TOUR, FESTIVAL AND PRESALE NEWS",3568351.59,458609.49,2696378.29,0,23,25,5,4,1,Arena
Deacon Blue,2027,2027-10-10,,"LIVE NATION UK FOR ARTIST, TOUR, FESTIVAL AND PRESALE NEWS",3568351.59,458609.49,2696378.29,0,23,25,5,4,1,Arena
Hilary Duff,2027,2027-10-11,,LIVE NATION MUSIC,0.0,0.0,0.0,22,2,1,0,0,0,Arena
Deacon Blue,2027,2027-10-12,,"LIVE NATION UK FOR ARTIST, TOUR, FESTIVAL AND PRESALE NEWS",3568351.59,458609.49,2696378.29,0,23,25,5,4,1,Arena
Hilary Duff,2027,2027-10-13,,LIVE NATION MUSIC,0.0,0.0,0.0,22,2,1,0,0,0,Arena
Deacon Blue,2027,2027-10-13,,"LIVE NATION UK FOR ARTIST, TOUR, FESTIVAL AND PRESALE NEWS",3568351.59,458609.49,2696378.29,0,23,25,5,4,1,Arena
Deacon Blue,2027,2027-10-14,,"LIVE NATION UK FOR ARTIST, TOUR, FESTIVAL AND PRESALE NEWS",3568351.59,458609.49,2696378.29,0,23,25,5,4,1,Arena
Deacon Blue,2027,2027-10-14,,"LIVE NATION UK FOR ARTIST, TOUR, FESTIVAL AND PRESALE NEWS",3568351.59,458609.49,2696378.29,0,23,25,5,4,1,Arena
Hilary Duff,2027,2027-10-15,,LIVE NATION MUSIC,0.0,0.0,0.0,22,2,1,0,0,0,Arena
Hilary Duff,2027,2027-10-16,,LIVE NATION MUSIC,0.0,0.0,0.0,22,2,1,0,0,0,Arena
Eros Ramazzotti,2027,2027-10-16,,LIVE NATION MUSIC,3153421.38,0.0,24001652.4,3,142,27,1,22,4,Theater
Deacon Blue,2027,2027-10-16,,LIVE NATION MUSIC UK LTD,3568351.59,458609.49,2696378.29,0,23,25,5,4,1,Arena
Deacon Blue,2027,2027-10-17,,LIVE NATION MUSIC UK LTD,3568351.59,458609.49,2696378.29,0,23,25,5,4,1,Arena
Bootleg Beatles,2027,2027-10-18,,MCD PRODUCTIONS,431431.23,375437.6,139937.9,1,1,27,12,0,9,Theater
Deacon Blue,2027,2027-10-19,,"LIVE NATION UK FOR ARTIST, TOUR, FESTIVAL AND PRESALE NEWS",3568351.59,458609.49,2696378.29,0,23,25,5,4,1,Arena
Deacon Blue,2027,2027-10-20,,"LIVE NATION UK FOR ARTIST, TOUR, FESTIVAL AND PRESALE NEWS",3568351.59,458609.49,2696378.29,0,23,25,5,4,1,Arena
Deacon Blue,2027,2027-10-24,,"LIVE NATION UK FOR ARTIST, TOUR, FESTIVAL AND PRESALE NEWS",3568351.59,458609.49,2696378.29,0,23,25,5,4,1,Theater
Deacon Blue,2027,2027-10-25,,"LIVE NATION UK FOR ARTIST, TOUR, FESTIVAL AND PRESALE NEWS",3568351.59,458609.49,2696378.29,0,23,25,5,4,1,Theater
Deacon Blue,2027,2027-10-27,,DF CONCERTS,3568351.59,458609.49,2696378.29,0,23,25,5,4,1,Theater
"Bowling For Soup, Frank Turner &amp; The Sleeping Souls",2027,2027-11-04,,"LIVE NATION UK FOR ARTIST, TOUR, FESTIVAL AND PRESALE NEWS",0.0,0.0,0.0,0,0,4,2,0,0,Arena
Hilary Duff,2027,2027-11-05,,LIVE NATION MUSIC,0.0,0.0,0.0,22,2,1,0,0,0,Arena
Hilary Duff,2027,2027-11-06,,LIVE NATION MUSIC,0.0,0.0,0.0,22,2,1,0,0,0,Arena
Hilary Duff,2027,2027-11-08,,LIVE NATION MUSIC,0.0,0.0,0.0,22,2,1,0,0,0,Arena
Hilary Duff,2027,2027-11-10,,LIVE NATION MUSIC,0.0,0.0,0.0,22,2,1,0,0,0,Arena
Hilary Duff,2027,2027-11-12,,FRANK PRODUCTIONS,0.0,0.0,0.0,22,2,1,0,0,0,Amphitheatre
Hilary Duff,2027,2027-11-14,,LIVE NATION MUSIC,0.0,0.0,0.0,22,2,1,0,0,0,Arena
Hilary Duff,2027,2027-11-15,,LIVE NATION MUSIC,0.0,0.0,0.0,22,2,1,0,0,0,Arena
Hilary Duff,2027,2027-11-17,,LIVE NATION MUSIC,0.0,0.0,0.0,22,2,1,0,0,0,Arena
Hilary Duff,2027,2027-11-20,,LIVE NATION MUSIC,0.0,0.0,0.0,22,2,1,0,0,0,Arena
"Mic Crenshaw, Special Guests",2027,2027-11-20,,LIVE NATION MUSIC,0.0,0.0,0.0,0,0,0,1,0,0,Club
