Headliner,Count,Total_Gross,Tickets_Sold,Avg_Ticket_Price
Beyoncé,39,579813546.38,2776854,201.86
Coldplay,22,393066135.2,3341368,125.52
Morgan Wallen,44,280450403.83,1387974,204.09
Harry Styles,26,252490036.3,2118887,129.43
The Weeknd,41,212491887.36,2268916,95.61
P!NK,33,211782582.12,1169881,195.06
RBD,33,192554752.54,1152243,208.29
Bruce Springsteen &amp; The E Street Band,28,163761267.73,1175335,184.65
U2,2,159758359.0,413410,383.92
Drake,24,158743930.74,611989,261.86
Metallica,12,146435306.85,1322401,111.35
Karol G,12,138444955.0,758902,172.52
Red Hot Chili Peppers,26,128584103.78,1115558,116.55
Eagles,29,118468239.25,454602,255.98
Depeche Mode,42,117146895.56,988726,139.23
Shania Twain,67,113556687.22,1077839,108.05
Guns N' Roses,38,108734328.13,996186,115.56
Jonas Brothers,54,106090186.33,884756,119.49
blink-182,38,95383695.59,675024,140.19
Post Malone,42,90118005.04,888580,103.48
Madonna,14,86454670.75,461825,184.52
"Billy Joel, Stevie Nicks",8,85286481.47,420266,203.27
Dead &amp; Company,16,75230282.0,552115,129.48
Travis Scott,26,70636829.68,509997,138.09
SZA,35,65766491.1,509296,128.19
Peso Pluma,38,63240757.75,509698,132.88
50 Cent,51,61453447.88,731749,86.08
Dave Chappelle,31,60431094.54,464655,121.43
Peter Gabriel,46,59890551.51,464545,129.03
Usher,24,59468347.0,228582,280.47
John Mayer,31,58465840.3,410508,142.6
Dave Matthews Band,32,56991887.72,613937,95.53
TWICE,13,55059438.85,345173,159.06
Imagine Dragons,18,51115351.25,576136,91.05
Eric Church,29,47206264.0,549790,86.4
Phish,12,45362716.75,489895,88.4
Lizzo,37,44245989.21,486007,90.49
Nickelback,51,42902769.07,743099,61.23
Stevie Nicks,21,42610997.41,253358,168.56
Bruno Mars,6,41721502.9,339557,145.7
Backstreet Boys,22,39964993.62,379427,107.09
Roger Waters,25,37718424.99,373341,102.68
Jason Aldean,40,37406561.7,599511,68.19
Paramore,29,36720126.33,385481,94.89
KISS,23,36002465.23,266237,129.41
Fuerza Regida,24,35599497.91,274617,134.72
Kevin Hart,33,35364008.76,323584,114.61
Matchbox 20,51,34573105.61,583492,66.95
Queen + Adam Lambert,11,34169403.97,222599,149.64
Lionel Richie,21,34084749.45,276403,124.15
Arctic Monkeys,20,32927979.28,428720,76.59
Janet Jackson,23,32678923.4,307651,108.37
SUGA,5,32526470.0,147133,220.74
Trans-Siberian Orchestra,29,32119925.76,419128,76.4
Doja Cat,21,31988065.4,272002,117.97
Duran Duran,25,31803273.0,288139,110.44
Luke Bryan,27,29295932.78,417320,77.02
Marco Antonio Solís,24,29170385.9,235682,122.0
"Enrique Iglesias, Pitbull, Ricky Martin",9,29059471.05,167620,176.51
The Cure,24,28857554.41,439412,64.78
"Enrique Iglesias, Ricky Martin, Pitbull",9,28377170.74,146880,197.51
Adam Sandler,24,27825496.37,268433,104.17
"""Corona Capital Festival""",1,27272063.47,215936,126.3
Maroon 5,24,27203545.43,212097,157.27
Greta Van Fleet,35,25108730.35,322584,77.8
Lana Del Rey,14,23111906.58,280783,85.99
Iron Maiden,16,22589401.13,259171,86.5
Chris Brown,11,22198020.36,237276,92.22
Rod Stewart,17,20882656.57,189305,109.92
"Wu-Tang Clan, Nas",26,20735748.59,238836,89.06
"""Tecate Pa'L Norte""",1,20734114.33,238235,87.03
"Snoop Dogg, Wiz Khalifa",28,20535788.44,443923,49.32
Junior H,21,20523253.18,195705,112.73
Pearl Jam,4,20469249.0,124821,164.22
TOMORROW X TOGETHER,6,20204609.15,136258,145.91
Shinedown,39,20130674.05,335868,63.54
BLACKPINK,1,19938131.35,113498,175.67
Big Time Rush,41,19641829.47,326005,62.0
Avenged Sevenfold,31,19291601.8,319356,62.2
Sam Smith,20,19240220.78,244615,77.92
Sting,22,19148742.91,201012,103.91
Foreigner,35,18948303.23,341718,60.4
Hozier,33,18927091.65,344502,55.35
Thomas Rhett,26,18914893.72,277181,68.49
Helene Fischer,7,18845141.14,118238,200.88
Disturbed,32,18796695.38,358700,53.81
Mariah Carey,11,18316023.16,148143,123.67
Bryan Adams,35,17590126.42,225968,78.86
"""Coca-Cola Flow Fest""",1,17543133.61,178830,98.1
Trevor Noah,26,17538654.27,262825,71.74
Slightly Stoopid,25,17485383.5,216868,83.73
Anita Baker,15,17312150.98,139272,125.47
Brooks &amp; Dunn,16,17309336.74,178893,100.5
Lady Gaga,12,17030118.0,58668,289.51
Noah Kahan,38,16988120.93,306333,55.51
Paul McCartney,2,16966198.16,117305,144.64
NF,31,16936285.34,270530,60.91
"""Electric Daisy Carnival"" (Mexico)",1,16440970.85,279894,58.74
"Mötley Crüe, Def Leppard",7,15966563.76,172941,96.83
Ghost,25,15956833.51,233591,70.06
Matt Rife,38,15799677.24,198325,77.05
"Tina Fey, Amy Poehler",13,15609224.0,96878,187.68
HARDY,35,15573518.84,186364,79.61
Dermot Kennedy,24,15536037.97,264693,53.77
5 Seconds Of Summer,30,15409893.55,252273,61.82
Chris Stapleton,11,15339749.0,148679,103.49
Muse,6,15314285.11,209362,82.49
Stray Kids,5,14709439.06,116221,119.94
Melanie Martinez,33,13673892.66,204482,66.46
The Chicks,16,13279366.5,155311,85.25
Doobie Brothers,35,13254686.11,171872,84.15
"Canelo Alvarez, John Ryder",1,13150065.55,44835,293.3
Feid,14,13036042.23,115851,115.24
Michael Bublé,13,13005270.15,119263,107.16
"The Offspring, Sum 41, Simple Plan",24,12728162.5,367347,35.73
"""Vive Latino""",1,12610064.56,155847,80.91
Alejandro Sanz,12,12469227.08,132408,95.68
Aerosmith,3,12377079.0,53456,231.7
Rauw Alejandro,9,12158193.7,171854,72.62
Kali Uchis,27,12034153.02,163952,76.74
Tyler Childers,16,11967457.72,162710,75.62
"Cirque du Soleil - ""Corteo""",3,11670272.69,117594,103.54
The Smashing Pumpkins,24,11652652.99,256036,47.9
Alejandro Fernández,13,11539013.09,136385,92.16
The Killers,11,11120869.78,137182,84.81
Morat,10,10999298.81,165653,74.91
Kirk Franklin,21,10997635.59,156197,71.27
Kelly Clarkson,11,10929508.6,56202,185.68
Alicia Keys,17,10911765.69,143012,77.07
Tool,9,10696472.32,84747,127.54
Pentatonix,17,10441251.09,155480,65.26
Weezer,20,10308605.73,182969,59.09
The 1975,10,9636564.95,148423,63.64
Kid Rock,5,9626964.95,70922,137.73
Subtronics ,39,9413322.02,179220,47.58
Dierks Bentley,18,9377751.64,233667,41.29
Parker McCollum,23,9210156.85,162270,57.77
My Chemical Romance,4,9072332.02,87792,101.27
"""Anastasia""",21,8957231.69,115352,79.12
"""Festival ARRE HSBC""",1,8913877.63,123381,72.25
3 Doors Down,37,8900488.35,202319,48.96
Vasco Rossi,1,8553588.94,115018,74.37
"ZZ Top, Lynyrd Skynyrd",12,8390254.0,140048,59.85
Goo Goo Dolls,30,8349188.07,163528,54.96
Jimmy Buffett,5,8334691.0,67908,125.45
Rels B,10,8318599.34,134519,63.73
Marc Anthony,8,8160816.24,56880,158.31
"The Postal Service, Death Cab For Cutie",6,8004172.91,93399,71.15
Brett Goldstein,12,7984170.02,72413,108.84
Jelly Roll,9,7871546.8,125278,64.38
Billy Strings,15,7789810.37,136765,56.26
Lauv,11,7754940.35,101475,75.18
"Lynyrd Skynyrd, ZZ Top",11,7484561.0,147646,51.64
Måneskin,10,7294440.16,106076,70.03
Yellowcard,26,7208904.5,132237,54.18
Bill Burr,11,7179188.27,70647,104.17
Lil Uzi Vert,8,7178194.91,74407,96.48
Ha*Ash,23,7134399.85,117691,69.15
Chelsea Handler,35,7122734.58,87058,82.65
Sebastian Maniscalco,5,7114465.48,52137,134.29
Macklemore,23,6980442.63,132445,51.59
Rüfüs Du Sol,8,6976214.64,100659,67.64
Bono,4,6773556.0,30067,224.67
"Cirque du Soleil - ""Bazzar""",6,6554524.96,91796,71.5
"""Werchter Boutique""",1,6510280.76,62000,105.0
"""Pinkpop""",1,6495999.46,63000,103.11
Foo Fighters,7,6450109.85,83438,84.3
JLS,10,6388347.71,106961,61.85
Fall Out Boy,4,6387553.0,82110,75.96
"""Disney On Ice: Frozen &amp; Encanto""",4,6360328.67,111496,59.46
"Chris Rock, Dave Chappelle",3,6252684.0,47613,131.29
Ricky Gervais,14,6238036.39,104678,59.52
"""Aladdin""",14,6179863.86,100219,58.83
Reba McEntire,6,6133722.25,57426,106.21
Simply Red,12,6091601.76,73876,86.84
Micky Flanagan,8,6051415.86,140241,49.35
Lewis Capaldi,14,6026731.75,111071,55.65
Burna Boy,6,6008565.53,70651,87.5
A Boogie Wit Da Hoodie,19,5996317.79,117712,48.91
aespa,10,5743138.49,55316,98.42
Chicago,25,5722850.34,72291,86.2
Young The Giant,30,5702995.45,130103,43.68
Luke Combs,2,5591528.61,70341,75.39
Emmanuel &amp; Mijares,7,5582201.26,71399,77.23
"""The F.O.R.C.E Live"", LL COOL J",7,5497961.53,58180,95.58
Wisin &amp; Yandel,3,5420256.97,83635,72.93
Queens of The Stone Age,12,5368707.56,81244,63.57
Billie Eilish,2,5336303.13,65081,92.11
"""Tecate Emblema""",1,5288220.77,80861,65.4
Seal,25,5177002.5,57246,137.06
Jill Scott,11,5166723.7,52503,94.05
"""AXE Ceremonia Festival""",1,5142280.89,72785,70.65
"""The Illusionists""",7,5135088.49,60200,85.86
Tiziano Ferro,1,5100935.46,93293,54.68
"""Rock In Roma"", Imagine Dragons",1,5034087.5,68494,73.5
Tedeschi Trucks Band,10,5027645.0,59584,80.84
Grupo Firme,1,5009093.03,119350,41.97
Banda MS,4,4822999.23,43208,98.79
Tom Segura,17,4810032.9,88687,52.24
Jon Pardi,10,4645972.03,70485,65.4
"""Echos Through The Canyon""",1,4563904.0,60644,75.26
Louis Tomlinson,11,4556026.64,81485,56.13
Tom Jones,8,4425038.06,45122,107.3
John Mulaney,14,4418282.54,51330,93.26
21 Savage,8,4406851.73,58406,72.89
Paolo Nutini,3,4389275.95,66949,65.42
"""Tecate Comuna""",1,4384562.13,60386,72.61
Caifanes,10,4351102.38,78893,66.36
Florence + The Machine,4,4344018.59,65854,66.17
Napoleón,12,4241879.05,78700,58.62
Daniel Caesar,9,4216855.12,70481,61.38
"""Festival Cordillera""",1,4195441.1,30150,139.15
Godsmack,13,4195030.24,79568,60.15
Eric Clapton,2,4193303.33,27945,150.34
Myke Towers,12,4159487.38,66682,69.14
Natalia LaFourcade,6,4079565.24,55610,73.24
Peter Kay,2,4068089.31,48575,83.68
Tears For Fears,7,4055911.3,55831,70.72
OV7,10,4022028.98,71185,63.08
Iván Cornejo,21,3967656.98,65657,55.72
Arcángel,8,3911993.99,49610,76.98
Koe Wetzel,13,3876556.59,75590,52.4
Lindsey Stirling,18,3869733.58,67391,60.83
Cody Johnson,6,3861191.14,60568,63.94
Bobby Weir And Wolf Bros,11,3844053.01,39909,87.5
Beck,9,3808432.5,58629,66.3
"Kimberly Loaiza, JD Pantoja",8,3768726.97,75896,46.46
John Oliver,8,3746792.0,34612,109.79
Los Ángeles Azules,8,3726612.04,54532,80.12
Jordan B. Peterson,12,3712407.05,54260,68.26
"Def Leppard, Mötley Crüe",2,3658284.0,37038,99.44
"""Hot Wheels Monster Trucks Live""",3,3613454.7,75538,47.38
Raphael Saadiq,13,3583201.15,40273,89.46
"""Festival Vaivén""",1,3494917.17,32358,108.01
Los Fabulosos Cadillacs,4,3411362.45,59164,59.61
"""Crossroads Guitar Festival""",1,3367005.0,25006,134.65
"""My Therapist Ghosted Me"" - Podcast",9,3347086.1,54079,59.56
Roberto Carlos,9,3320366.1,40158,91.97
Snoop Dogg,4,3309695.63,50063,70.42
Danna Paola,12,3305668.1,52382,68.05
"""It's Time""",17,3293136.35,46351,71.59
Picture This,8,3290821.56,56421,57.01
"""Rock In Roma"", Guns N' Roses",1,3249064.99,38780,83.78
"""Corona Capital Guadalajara""",1,3233169.88,40280,80.27
Pablo Alborán,9,3233019.05,42921,80.98
The Lumineers,6,3216392.76,54340,57.44
María José,8,3125111.05,68557,45.48
Cigarettes After Sex,12,3119581.33,68384,45.95
"""Catbird Music Festival""",1,3113956.0,23241,133.99
The National,6,3052916.21,53939,60.77
Widespread Panic,4,3044552.0,43078,69.74
"""Dale Mixx""",1,2969275.22,39182,75.78
Ali Wong,5,2956705.25,32870,88.91
Mayday,2,2929030.74,17302,172.34
Excision,1,2887490.0,46273,62.4
The Judds,7,2879616.63,35718,80.41
Jeff Dunham,7,2865973.31,40487,71.95
Jack Harlow,4,2827237.63,29151,95.72
"""Festival Internacional Del Globo""",1,2818262.22,115345,24.43
The Revivalists,11,2806828.58,50746,53.37
Siddhartha,2,2793811.6,58476,44.92
"""The Nutcracker""",1,2782340.42,69516,40.02
Sam Hunt,6,2764268.0,59155,54.37
Geddy Lee,14,2686731.0,23158,113.88
Leo Dan,3,2621735.5,25971,100.41
"""Disney On Ice: 100 Years of Wonder""",1,2611736.22,48943,53.36
The Australian Pink Floyd Show,18,2591101.22,45889,57.72
Aya Nakamura,1,2557282.45,45138,56.65
Charlie Puth,7,2549608.91,34636,71.23
"""Country 2 Country Festival"" (Glasgow)",1,2534016.46,17914,141.45
Rob Zombie,4,2524061.8,43476,60.0
Ricardo Arjona,1,2516119.85,52616,47.82
Pete Tong Ibiza Classics,2,2488493.86,31554,72.9
Don Toliver,7,2488385.73,38199,66.49
"""Music Bank K-Pop Festival""",1,2466356.22,14261,172.94
Heart,3,2435268.5,19881,137.0
Nothing But Thieves,16,2399513.75,55649,35.78
Jodeci,6,2393889.03,33655,78.45
Needtobreathe,11,2382758.78,45197,73.37
ILLENIUM,4,2380614.5,54106,49.81
"""RuPaul's Drag Race""",12,2371648.25,34684,69.39
Yungblud,10,2369461.61,54052,43.21
Counting Crows,10,2356807.28,37895,69.21
Chris Tucker,12,2350503.75,35479,67.26
Janelle Monáe,7,2292618.7,26698,82.25
"""Pixar World""",3,2276061.9,59340,38.36
Blur,2,2228401.69,30803,44.86
Toby Keith,3,2228185.0,15408,144.61
"""Farm Aid""",1,2226200.0,21706,102.56
John Fogerty,6,2202912.65,23896,103.63
"""Outlaw Music Festival"", Willie Nelson",4,2192429.5,37832,61.21
Chance The Rapper,2,2160801.5,24533,88.3
Lil Tjay,9,2144897.69,41078,51.98
Café Tacvba,3,2142939.98,41812,55.83
"""Pulso GNP""",2,2133092.43,32319,62.46
Megadeth,8,2109598.98,39658,52.9
Key Glock,28,2108041.5,51212,41.31
George Ezra,4,2069550.64,37377,56.46
Tame Impala,1,2026479.29,39293,51.57
Christian Nodal,1,1961572.9,53528,36.65
Zac Brown Band,2,1959155.0,38658,52.96
New Order,3,1959084.66,26635,73.56
Neil Young,2,1955785.0,11678,167.46
Leon Larregui,10,1946591.26,40468,47.59
"""The Always Sunny Podcast LIVE!""",2,1944953.82,26859,71.9
Andrew Schulz,10,1943681.01,29443,67.36
The Chemical Brothers,4,1932945.21,33566,57.82
"""Strength of a Woman"", Mary J. Blige, Ms. Lauryn Hill",2,1926329.0,19775,96.64
Michael McIntyre,3,1914888.56,26580,72.04
"""Zamna Festival""",1,1908987.21,25256,75.59
Panic! At The Disco,4,1905090.66,33122,58.04
Leona Lewis,11,1885954.13,30494,62.62
Bjork,1,1872561.21,9388,199.46
Brian Regan,16,1863783.35,29227,63.1
NCT 127,1,1863312.62,15979,116.61
"""Masters Of The Mic: Hip Hop 50""",1,1817870.0,14961,121.51
The Sisters Of Mercy,12,1809491.83,31678,53.94
"Cirque du Soleil - ""Kooza""",1,1794932.31,17359,103.4
Eric Prydz,1,1782021.12,18234,97.73
"BABYMETAL, Metalocalypse: Dethklok",5,1761018.5,26558,59.11
LL COOL J,3,1752696.0,23574,74.78
Ashnikko,18,1739777.19,50519,33.75
Jay Shetty,8,1735207.13,23215,76.98
"""Cirque Musica - Querida""",16,1688713.29,48095,35.49
Noel Gallagher's High Flying Birds,4,1679897.03,26459,66.87
James Taylor,2,1676951.0,18209,93.82
Nas,1,1663718.0,15026,110.72
Steve Miller Band,5,1648603.55,34549,50.09
Whiskey Myers,8,1636890.0,29930,54.39
"""The World Is A Vampire""",1,1630335.38,24112,67.62
Ray LaMontagne,10,1608942.85,21031,75.88
Hombres G,2,1604836.66,30310,52.94
Molotov,1,1597421.76,52100,30.66
Los Bukis,1,1592576.25,14080,113.11
6LACK,8,1591520.05,32877,45.97
"Ms. Lauryn Hill, The Fugees",1,1588754.7,14031,113.23
Ludovico Einaudi,5,1586414.66,19122,81.43
"""Kidz Bop Live""",9,1582181.77,41573,45.36
Deacon Blue,8,1576883.89,26257,58.01
YG,3,1563409.8,25275,61.67
Ishay Ribo,1,1560573.55,12243,127.47
The 2 Johnnies,2,1558232.02,27442,56.95
Elvis Costello &amp; The Imposters,6,1554353.5,20096,82.29
Jackson Browne,4,1545915.5,15857,92.1
Boris Brejcha,3,1545275.12,28128,47.97
Robert Plant and Alison Krauss,3,1528434.08,16554,101.04
Kenia Os,5,1526374.23,28114,52.21
Busted,3,1508786.01,25436,59.47
Odesza,4,1502738.43,31673,50.3
Quinn XCII,7,1502404.23,29462,49.1
Santana,3,1488726.0,14275,148.37
Lucero y Mijares,3,1482172.55,17354,96.7
Derek Hough,9,1480576.34,19648,75.62
El Alfa,1,1479135.65,12410,119.19
Carly Rae Jepsen,12,1473495.16,32672,41.23
P1harmony,7,1469505.83,16486,88.77
"""Power 105.1's Powerhouse""",1,1445643.25,15032,96.17
Louis C.K.,1,1444842.5,18852,76.64
Pantera,2,1438774.5,28641,50.18
Placebo,4,1419945.65,26655,53.98
"""California Mid-State Fair"", Luke Bryan",1,1393957.0,14206,98.12
Bret Michaels,7,1390764.0,38953,46.62
S Club,2,1379883.96,21406,64.5
Garbage,5,1373924.45,22350,61.76
Sam Fender,1,1371577.84,24954,54.96
Sublime With Rome,3,1364258.08,25406,49.66
The Beach Boys,10,1357257.88,21419,76.1
Inhaler,18,1355992.91,42877,28.6
Breaking Benjamin,5,1340194.0,24128,55.35
Lee Brice,5,1337516.39,31309,42.54
Air Supply,10,1317650.5,18632,72.7
The Prodigy,3,1312908.86,19649,66.54
Bryson Tiller,8,1310680.61,20692,62.99
CNCO,5,1304278.5,20447,65.89
TLC,5,1301889.15,43160,35.43
Billy Idol,6,1301137.5,15305,87.44
Brent Faiyaz,1,1296165.5,11326,114.44
"Daniel Caesar, Omar Apollo",1,1293403.0,12561,102.97
Jim Gaffigan,5,1283271.82,14356,85.19
Gunna,2,1276647.78,15694,81.24
Boy George,5,1272533.27,27933,48.21
"""Hot 97 Winter Jam""",1,1262113.78,14639,86.22
Logic,7,1260034.12,24897,49.8
The B-52's,1,1259110.5,13131,95.89
Brett Eldredge,3,1258995.5,17212,72.74
Kim Petras,6,1237909.19,19562,60.28
The Flaming Lips,11,1232522.43,22920,52.13
Madness,3,1227044.75,22191,55.42
Mastodon,4,1214677.6,22267,53.44
Goose,3,1214274.31,9888,76.47
Misfits,1,1212745.0,11800,102.78
Sabino,2,1211029.42,25234,48.64
Joji,2,1174463.03,11113,104.72
"""Belsonic"", Paolo Nutini",1,1171043.87,22004,53.22
"""Country 2 Country Festival"" (Ireland)",3,1169892.38,12760,91.26
The War On Drugs,4,1167548.4,19153,58.16
Kenny Wayne Shepherd,9,1161966.76,17003,65.61
"""Live Out""",1,1156840.43,17559,65.88
Diana Ross,4,1148637.0,8839,128.38
100 gecs,13,1128820.63,34093,32.93
Scouting For Girls,18,1114534.16,30611,36.22
Yeah Yeah Yeahs,3,1103225.64,18177,58.82
Pulp,1,1102606.73,19538,56.43
Journey,1,1101214.0,11181,98.49
Carlos Santana,1,1100621.75,16111,68.31
Volbeat,5,1087765.31,21867,49.75
Tim Dillon,13,1082736.99,21133,51.5
Bill Maher,5,1076778.5,11874,89.67
Grupo Arriesgado,1,1070903.0,11092,96.55
Kenny Loggins,3,1065721.0,14923,78.4
"""Belsonic"", Sam Fender",1,1062747.87,22000,48.31
Ringo Starr &amp; His All Starr Band,2,1060767.5,10149,105.48
Dominic Fike,4,1055874.1,20984,44.82
Pierce The Veil,5,1054889.75,16776,64.35
Pitbull,2,1047005.35,7936,138.73
Seven Lions,6,1044549.34,23389,41.5
Masego,11,1038262.5,21937,50.66
Michael Franti &amp; Spearhead,7,1036446.5,22507,45.85
All-American Rejects,4,1033855.8,18410,59.02
"""The Reunion Tour""",2,1033225.2,13851,74.91
AFI,1,1032877.0,14504,71.21
"""90's Pop Tour""",2,1029530.0,9980,103.04
Sophie Ellis-Bextor,14,1029469.13,18656,55.38
"Kreator, Lamb of God",7,1026686.44,19867,50.2
"Alex Cooper ""Call Her Daddy"" Podcast",4,1026652.5,14965,70.48
Miranda!,3,1023665.73,22647,43.55
"""Tecate Supremo""",1,1019998.18,14661,69.57
Hasan Minhaj,3,1017181.5,14241,70.63
Tori Amos,5,1016437.76,14383,69.44
Blue Rodeo,5,1008488.48,19984,50.32
HAUSER,2,1007207.8,15722,62.8
Maverick City Music,7,1006746.5,18028,56.02
Kehlani,3,1005387.32,16459,61.15
NAV,5,1005187.74,19754,48.78
Darius Rucker,3,996259.0,16379,61.18
Nikki Glaser,9,995026.86,17352,56.58
Aurora,2,991838.17,20395,50.9
Liz Phair,7,971157.27,13859,69.36
Franco Escamilla,1,970934.5,8012,121.19
Theresa Caputo,6,970351.05,9550,104.35
Pet Shop Boys,2,970117.96,10511,90.22
Yuridia,1,965659.31,18858,51.21
Incubus,4,965542.0,15478,62.61
Blue Man Group,1,963726.42,13215,72.93
"Kem, Ledisi",1,958424.0,9615,99.68
Tiësto,2,958036.99,16879,62.71
Avril Lavigne,1,957937.4,19720,48.58
"""All For The Hall Benefit""",1,953054.25,11687,81.55
Kevin James,9,946968.25,11844,84.22
The Saw Doctors,8,942633.74,18443,49.44
Kolohe Kai,2,941429.0,20381,46.72
Dinos,1,941392.12,19095,49.3
Walker Hayes,4,932210.5,19464,48.16
The Smile,1,928874.67,14403,64.49
"""Tecate Sonoro""",1,920233.13,12904,71.31
Hippo Campus,8,916434.59,24830,36.41
Daniel Tosh,5,915767.0,15267,59.98
Jason Bonham’s Led Zeppelin Evening,5,909510.0,19288,52.36
Hans Zimmer Live,1,905989.96,8371,108.23
"Jon Stewart, John Mulaney",2,905232.0,8335,114.94
Olly Murs,2,896371.1,17579,47.28
Train,4,894012.0,14620,82.85
Ne-Yo,3,892566.36,16028,56.21
Dreamcatcher,5,891949.4,9434,95.34
keshi,4,888712.47,18051,47.08
Colter Wall,6,886996.93,15687,56.69
Gladys Knight,7,885712.82,11457,78.83
Sin Bandera,2,884260.81,12235,89.26
Nick Offerman,6,873776.0,12339,71.49
"""Xmas Vibe""",1,870877.76,16228,53.67
"""Festival Coordenada""",1,869870.77,13490,64.48
"""Bely y Beto""",1,869700.34,17664,49.24
JVKE,14,868113.0,27911,30.18
"""Clubland Live""",2,866751.63,17350,49.8
Mike Epps,4,865390.95,10219,83.3
Intocable,1,858838.53,16857,50.95
Gov't Mule,6,858448.5,15595,53.08
Jay Wheeler,2,856021.03,10425,87.28
"John Oliver, Seth Meyers",1,848602.5,8249,102.87
"""L.A. Salsa Festival""",1,844033.31,7331,115.13
Tim McGraw,1,843317.0,14260,59.14
Jerry Seinfeld,2,838310.0,5504,152.3
Brandi Carlile,1,833752.75,9024,92.39
Paul Heaton,5,833183.11,19798,42.17
Ween,4,831753.5,13779,60.83
Yeat,3,831508.5,14355,57.55
Belters Only,2,826578.84,18202,46.36
Straight No Chaser,7,821495.32,12762,63.96
Tom Grennan,2,820156.6,17283,49.18
Kodaline,1,817989.84,14990,54.57
DLD,2,817125.05,19061,42.87
Babyface,4,813870.5,9763,86.24
Dwight Yoakam,4,810974.0,12126,72.37
Nathaniel Rateliff &amp; The Night Sweats,3,808140.0,13310,63.49
Barenaked Ladies,4,802204.0,19195,47.38
Lil Baby,1,801213.5,7759,103.26
Maluma,2,797087.18,8790,90.9
"""Belsonic"", Lionel Richie",1,796246.83,13323,59.76
The Isley Brothers,2,794778.0,8100,93.58
Pepe Aguilar,4,792146.75,12251,64.62
Davido,2,791451.0,15909,47.24
Meshuggah,6,785262.29,16359,48.94
Joé Dwèt Filé,1,784445.48,14284,54.92
Enjambre,3,777852.85,18998,37.64
ONEUS,6,775733.05,9632,81.24
All Time Low,5,770053.58,13394,53.9
"John Mulaney, Pete Davidson",2,767322.5,7480,102.46
Cake,2,762820.0,12782,59.35
Diana Krall,4,761728.96,9480,71.94
"""Stone Soul Music &amp; Food Festival"", Kem",1,758611.0,9520,79.69
Eladio Carrión,2,758341.0,7912,90.4
Inspector,2,757738.57,22924,33.32
Van Morrison,2,756233.77,5379,137.79
Lady A,4,753330.08,8726,89.24
Amanda Miguel,3,752668.78,22748,33.37
Flume,2,751351.05,11693,64.59
"Four Tet, Fred again.., Skrillex",1,748767.0,15412,48.58
"""Bad Friends Podcast""",6,746283.19,13363,54.94
Jason Mraz,4,743569.0,16760,44.49
The Deck Investigates,4,741450.0,10897,67.68
The Coronas,3,739800.3,14338,42.82
"""Tecate Peninsula""",1,735390.03,12352,59.54
"Beck, Phoenix",1,729809.5,10603,68.83
Shirin David,1,724951.15,10218,70.95
boygenius,1,724699.8,12135,59.72
Mudvayne,4,723789.52,15858,46.87
Pat Benatar &amp; Neil Giraldo,4,722905.1,9762,83.37
The Rose,2,721232.0,9392,76.48
Bronco,2,721109.3,7795,91.24
Jethro Tull,2,713452.0,7508,98.65
Colin Jost,4,713000.4,13384,59.75
Kane Brown,1,711979.0,15527,45.85
Elle King,10,711970.5,15504,48.73
Aaron Lewis,4,708690.5,9511,78.06
"Pixies, Modest Mouse",2,706194.5,12163,56.01
Hollywood Vampires,2,703260.5,12223,58.24
Chevelle,2,698419.8,15136,44.68
Gabriel Iglesias,2,695882.0,7745,89.71
Willie Nelson,2,694779.0,8002,86.48
Buddy Guy,4,694775.0,9839,72.76
"""Dancing With The Stars Live""",5,693054.5,10158,66.74
Santa Fe Klan,1,691741.0,7383,93.69
"""Belsonic"", George Ezra",1,690031.71,10372,66.53
The Mars Volta,3,686496.73,11225,71.82
Jonathan Lee,1,685569.16,6274,109.27
You Me At Six,3,684276.42,16637,40.4
Kraftwerk,2,684210.72,12673,54.06
Cian Ducrot,12,682621.43,20154,33.35
City Morgue,13,676805.87,20732,32.25
Carla Morrison,3,675743.58,12050,58.42
Becky Hill,2,673432.29,12696,52.5
Bush,6,671995.15,10650,65.46
Chris Distefano,3,668234.0,11635,58.0
"""KDAY Krush Groove""",1,663920.0,7430,89.36
Pixies,2,663611.84,10842,65.72
Joe Bonamassa,2,656929.75,8033,95.02
"""Love Rising: Let Freedom Sing (and Dance)""",1,652447.0,9606,67.92
"""Gift Grub Live"" Starring Mario Rosenstock",24,648227.21,15241,41.74
Anne-Marie,1,645253.78,11339,56.91
SLANDER,3,644703.5,14595,42.99
I Prevail,3,643428.1,19665,30.23
Run The Jewels,1,639531.0,11793,54.23
Peter Frampton,3,639366.7,5534,124.23
Black Veil Brides,7,638357.85,14966,38.98
Falling In Reverse,2,627190.0,12211,54.21
Owl City,16,626988.5,20708,30.34
Tenacious D,2,626176.6,10823,58.78
"Squeeze, The Psychedelic Furs",2,624119.1,6811,89.96
Ava Max,17,622576.25,20937,29.82
Baylen Levine,13,620495.0,11983,52.86
John Legend,1,619770.5,5534,111.99
Dita Von Teese,4,617470.01,10515,57.4
The Warning,6,614253.2,15379,39.41
Rick Springfield,4,609516.0,12333,56.64
"Jon Stewart, John Mulaney, Pete Davidson",1,608382.5,3715,163.76
REO Speedwagon,4,601571.46,9250,67.8
Sentidos Opuestos,2,599840.1,7921,68.39
"""KTBZ Buzzfest""",1,599127.0,10457,57.29
Paquita La Del Barrio,1,599017.5,5193,115.35
Marisela,1,595220.0,5695,104.52
"""Trinity College Ball""",1,594776.54,5904,100.74
Cheap Trick,7,594037.65,8830,67.26
Trippie Redd,1,592049.0,9904,59.78
Jordan Davis,4,591846.81,14933,39.78
Anthony Hamilton,2,590294.0,5322,109.76
Bring Me The Horizon,1,588701.08,11429,51.51
"""Night Of The Jumps""",1,587764.34,6000,97.96
Los Bunkers,3,584880.67,12955,46.07
Kim Hyun Joong,3,584316.06,5535,106.93
Simple Plan,3,582046.98,13119,43.68
Don Broco,2,581977.71,11533,46.83
Donny Osmond,4,579750.55,6713,85.24
Jimmy Carr,4,572614.58,11106,52.14
Jo Koy,2,571423.25,7048,85.76
Marcus King,10,570615.98,14820,35.75
Camilo Séptimo,1,569588.02,17168,33.18
The Used,5,569319.52,12041,46.24
Lil Yachty,5,567034.5,11448,50.36
Gipsy Kings feat. Nicolas Reyes,2,566024.0,6254,85.26
Rickey Smiley,5,565818.0,9800,57.57
Crowded House,3,565711.5,7809,73.45
Tash Sultana,6,557371.32,12830,44.57
$uicideboy$,2,557208.08,10587,53.24
Taylor Tomlinson,1,556946.75,8367,66.56
Lil Wayne,2,555117.0,4868,114.09
Joe Russo's Almost Dead,3,553817.0,9848,57.45
Bicep,1,546977.63,10302,53.09
Motionless In White,3,546063.27,11170,48.4
"""Cabaret Le Cirque""",4,541235.0,10910,48.94
Limp Bizkit,1,538517.08,9648,55.82
Jhayco,2,534209.42,13460,39.46
Ben Folds,5,533847.0,8144,67.15
"""The Overlap Live""",1,532611.82,8514,62.56
Pancho Barraza,1,530169.0,5948,89.13
The Black Keys,1,526200.32,8987,58.55
Nimesh Patel,6,523383.8,12130,42.38
Anthony Rodia,6,521441.5,6910,74.91
RADWIMPS,2,519173.24,9622,51.24
Interpol,3,519126.99,11126,44.48
"""Cirque Musica Holiday Spectacular""",5,519027.0,8374,64.34
Alter Bridge,6,517881.1,9826,52.6
Gojira,2,517176.71,12432,41.04
Hank Williams Jr.,1,514935.0,14222,36.21
Goth Babe,7,514586.5,15300,31.66
Beret,1,510147.21,7757,65.77
Tony Toni Toné! - The Legacy Continues,1,508899.5,5642,90.2
Kevin Gates,2,505687.5,9355,53.68
La India Yuridia,1,505246.0,5219,96.81
Matute,2,504043.45,6695,82.88
Brit Floyd,7,503794.42,9567,52.67
"Allman Betts Family Revival, The Allman Betts Band",4,502378.64,7850,63.42
Styx,3,501685.0,7575,68.14
Joesef,3,500025.38,3255,98.24
Shahram Shabpareh,1,499650.0,5559,89.88
Young Fathers,6,498507.07,15602,33.03
MANIA - The ABBA Tribute	,12,497726.3,11274,45.31
Big Head Todd &amp; The Monsters,5,497671.33,10775,45.89
Jessie Murph,20,496632.46,19871,22.88
Maria Becerra,2,492607.61,8301,59.19
Sarah Silverman,4,491293.9,6427,78.46
Lila Downs,1,490288.5,9353,52.42
The Glorious Sons,3,489543.28,11023,43.02
Patti LaBelle,2,486953.5,4393,111.36
Smokey Robinson,2,485726.0,3595,153.38
Nate Bargatze,1,485605.7,5759,84.32
Lil Durk,1,484485.0,6516,74.35
Chase Atlantic,3,483929.48,13088,36.39
Joaquin Sabina,1,483117.0,3486,138.59
Playboi Carti,1,482046.71,4246,113.53
Regina Spektor,3,481686.0,9193,52.7
Natalie Merchant,4,480080.9,7957,60.53
The Avett Brothers,2,477617.5,8775,56.44
Ben Schwartz,2,476525.0,9532,48.8
Marca MP,4,476480.4,8415,60.17
Ice Cube,2,476092.0,6406,78.24
Icehouse,1,475508.88,6446,73.77
"""Mix 104.1 Deck The Hall Ball"", Jelly Roll",1,475364.0,5849,81.27
Cavetown,3,472372.89,12596,36.24
El Cuarteto de Nos,1,471853.79,10033,47.03
White Lies,3,471583.64,11255,42.43
"The Used, Pierce The Veil",2,471211.0,7200,65.44
"Gojira, Mastodon",3,468511.55,10234,45.25
"Cirque Dreams ""Holidaze""",5,463495.75,9006,52.04
Mariachi Vargas De Tecalitlan,3,458256.0,5270,87.97
OneRepublic,1,455464.98,6307,72.22
Mr. Bungle,4,453196.0,9072,49.28
Babasónicos,1,449653.81,14269,31.51
"grandson, K.Flay",12,449348.84,15475,30.52
Sticky Fingers ,2,448672.16,11646,38.2
Tove Lo,4,445528.43,9496,44.2
"""The Price Is Right - Live""",4,444761.0,8786,51.94
Devo,1,442852.0,5511,80.36
Blondie,1,440977.34,6836,64.51
Sabor Es Polanco,1,440743.15,4195,105.06
America,3,440526.0,5946,76.54
The Blaze,1,439015.35,7981,55.01
My Morning Jacket,2,438690.02,9281,47.56
Wu-Tang Clan,1,438059.5,4201,104.28
Deon Cole,3,437634.0,7372,58.38
Aitana,1,435901.13,8091,53.87
Kountry Wayne,6,433726.8,9629,46.19
Frank Turner &amp; The Sleeping Souls,5,431704.49,9942,41.01
Killer Queen Feat. Patrick Myers,4,431598.57,13656,31.65
"""Outlaw Music Festival""",1,430307.0,5697,75.53
Kaytramine,1,427666.0,5522,77.45
"""Vassar Fair""",1,423984.01,6592,64.32
Caamp,2,423978.28,5970,70.46
Gary Allan,4,423413.0,6498,66.97
Nadiya Bychkova &amp; Kai Widdrington,15,423201.87,8363,50.49
Blackberry Smoke,5,422743.67,8593,45.94
"Trombone Shorty &amp; Orleans Avenue, Ziggy Marley",2,420022.5,6093,68.91
The Cult,5,418856.05,6273,67.01
In This Moment,2,418616.31,7659,54.02
George Lopez,2,417753.0,6674,64.15
The Snuts,1,416723.1,8000,52.09
Snow Tha Product,9,415471.95,14583,28.42
"""Reggae Fest Blaze""",2,413275.0,7398,55.86
"""Premios ESLAND""",1,412428.83,9097,45.34
Stavros Halkias,2,411595.0,9194,47.24
Eden Muñoz,4,411303.0,6953,59.61
Ángela Aguilar,3,409769.2,5551,70.48
Anjelah Johnson-Reyes,3,408961.0,6813,61.31
Dream Theater,2,406639.37,6004,68.18
Vance Joy,2,406523.64,7739,50.23
Frankie Valli and the Four Seasons,2,404745.4,6260,64.47
Foals,1,402912.31,7829,51.46
Moenia,1,399912.55,9352,42.76
Kayzo,1,399243.0,6093,65.52
Manowar,1,397993.06,6872,57.92
"""Girls Gotta Eat"" - Live Podcast",3,397763.8,9013,44.14
Ari Lennox,3,397090.5,7526,52.74
J.I.D.,4,397087.75,8677,45.6
Róisín Murphy,2,396630.25,6989,58.46
Atif Aslam,1,396540.8,2900,136.74
Mocedades,3,395775.3,12017,35.43
Nicki Nicole,1,395613.92,7915,49.98
Jimmy Eat World,3,394315.0,9323,43.09
Lupita D'Alessio,1,391904.5,4707,83.26
"Lamb of God, Parkway Drive",1,389301.65,10091,38.58
Juanes,1,388555.24,9340,41.6
Dean Lewis,8,388466.75,15159,26.4
Andres Calamaro,3,387727.2,7023,53.71
"Colin Jost, Michael Che",1,386395.0,5472,70.61
"""Sad Summer Festival""",2,384992.0,7469,52.48
Sylvan Esso,4,384768.0,8759,40.71
Get The Led Out,7,384720.15,10721,36.37
Josh Turner,3,384691.0,6481,59.87
Japanese Breakfast,1,384419.5,5898,65.18
Reneé Rapp,2,383640.5,8169,46.53
"Papa Roach, Falling In Reverse",1,382236.5,7280,52.51
Three Dog Night,5,381834.41,6245,56.57
Ryan Adams &amp; The Cardinals,4,378179.66,5135,82.58
ZZ Top,2,377274.0,4756,81.04
Home Free,8,375471.72,7180,53.52
Engelbert Humperdinck,4,374265.21,5821,67.71
Marko,1,371122.08,7583,48.94
Danny Ocean,3,369206.5,6026,59.34
The Darkness,4,366567.1,8298,44.25
Nach,3,366455.82,8495,41.59
Kesha,3,366426.0,5397,68.66
Black Jacket Symphony,10,365992.9,11499,31.51
Royal Blood,4,365126.45,7603,48.1
Bonnie Raitt,2,364164.38,5051,70.22
Gracie Abrams,3,364107.98,9686,33.1
Amanda Marshall,5,363435.65,7267,50.01
"Earth, Wind &amp; Fire",1,362044.0,2229,162.42
Tate McRae,2,361388.0,9532,38.03
The Art Laboe Connection,1,360214.43,5184,69.49
Jorge Drexler,1,360170.82,9355,38.5
Jack Whitehall,4,359551.5,7804,46.9
LP,4,358778.68,7169,46.6
ZHU,3,356226.0,7604,45.69
"Theory of a Deadman, Skillet",3,356067.0,7773,46.0
Sleaford Mods,3,353477.28,10388,33.55
Soft Cell,1,353373.71,6610,53.46
Deadmau5,1,353344.06,5805,60.87
Jools Holland &amp; His Rhythm &amp; Blues Orchestra,2,350861.62,5095,67.46
EDEN,8,350402.19,11117,31.6
"""Blippi On Tour""",4,347704.5,7907,44.28
Manchester Orchestra,2,346796.0,6713,48.74
Porter,1,344973.9,10228,33.73
Belle and Sebastian,6,344702.65,8073,37.68
Eric Nam,3,342732.5,5951,55.16
Gregory Alan Isakov,4,342721.09,7340,44.48
La Gusana Ciega,1,341888.4,9933,34.42
Grand Funk Railroad,4,340811.53,4479,76.0
Shakey Graves,3,337694.5,7870,42.46
"""Freestyle Explosion""",1,337353.5,5063,66.63
The Streets,4,336267.22,5854,57.76
Emperor,2,334748.99,4373,76.1
The View,4,332116.38,8925,37.21
Little Jesus,1,331964.15,9366,35.44
Kem,1,331746.0,2900,114.4
Esteman,3,331634.31,10747,12.91
Daryl Hall,2,331361.0,3182,104.04
Deus,4,329412.9,7715,42.7
Mt. Joy,3,328715.48,8051,35.59
Elvis Costello,2,328387.0,3518,92.86
Kevin Kaarl,7,327443.0,9967,32.75
"""9th Street Summerfest""",3,324126.5,7509,43.28
Cody Jinks,1,324107.0,5194,62.4
Ben Howard,2,323562.87,5757,56.28
Penn &amp; Teller,2,322710.0,4949,64.5
Bad Omens,5,322024.5,8837,37.21
BOYS LIKE GIRLS,4,321895.72,7745,41.48
Latin Mafia,1,321811.3,8181,39.34
"""Mrs Brown's Boys""",1,321145.05,6737,47.67
"Skid Row, Buckcherry",6,319546.28,8474,38.95
For King &amp; Country,1,317807.68,9106,34.9
Sabrina Carpenter,4,317630.06,8676,35.64
Jamey Johnson,1,316104.0,7724,40.92
"The Temptations, The Four Tops",2,315440.0,4042,77.04
Bob Dylan,1,315239.32,2886,109.23
The Head and the Heart,2,313208.5,5644,53.51
Tyrese,1,313032.0,3801,82.36
McFly,3,312737.25,6218,50.23
Switchfoot,5,311402.0,6896,44.97
Esther Perel,1,311072.61,3245,95.86
Coheed and Cambria,3,310267.39,6866,42.8
Jason Isbell &amp; The 400 Unit,2,309532.5,4686,71.35
Sexyy Red,1,309481.0,7202,42.97
Clutch,4,309452.49,7176,42.66
Lorna Shore,8,309059.84,10141,30.62
Elderbrook,8,308124.23,9714,27.11
Flogging Molly,5,306906.04,7382,41.27
Maisie Peters,5,306694.87,8766,34.11
Allison,2,306529.9,14193,26.83
Cliff Richard,1,304905.89,2858,106.69
The Les Claypool Frog Brigade,3,304405.85,5167,59.12
Wolfe Tones,4,299927.19,7540,39.48
Ludacris,1,298971.0,3838,77.9
Julieta Venegas,1,297562.24,5891,50.51
Jesse Cook,10,296719.5,5460,53.2
The Fab Four - The Ultimate Tribute,8,296303.75,6203,48.19
Nickel Creek,3,295345.5,4980,59.55
Jungle,3,295219.24,12390,31.48
The O'Jays,2,294907.4,3456,87.83
Stick Figure,1,292988.0,8000,36.62
Mo Gilligan,2,292667.02,7796,39.11
Bad Gyal,1,291085.51,5504,52.89
"""I Love Dance Festival""",1,290778.24,6780,42.89
The Kooks,1,288373.59,5901,48.87
Black Stone Cherry,4,287103.16,7019,36.04
The Roots,2,285985.34,3583,80.26
Travis Tritt,3,285551.0,5387,55.16
Aitch,1,283951.09,6233,45.56
"Adrian Uribe, Adal Ramones",2,283914.43,4799,56.19
Cannons,6,283823.4,9765,29.28
jxdn,12,282342.93,9761,29.15
Mike DelGuidice,5,282108.95,8627,32.7
Il Divo,3,281368.25,3410,85.48
The Breeders,2,279012.0,6171,45.01
Paty Cantu,2,278608.14,6165,45.18
Austin TV,2,277779.34,7110,37.36
"Heaven Shall Burn, Trivium",5,275997.04,7538,36.62
"""UBEAT LIVE""",1,275200.14,4421,62.25
Umphrey's McGee,2,274357.0,4264,58.44
El Kanka,1,274139.76,5916,46.34
Hayley Kiyoko,6,273438.11,7191,37.41
Lewis Black,5,272025.1,5447,50.61
KARD,2,271314.0,2892,93.1
Siavash Ghomayshi,1,270993.0,2582,104.95
Nmixx,2,269677.0,2799,97.28
CIX,3,269544.8,3571,81.87
The Rasmus,1,269453.58,7605,35.43
Bad Friends,2,268781.0,5230,51.44
Extreme,4,268702.0,6365,43.06
David Spade,1,268692.13,3269,82.19
Dark Star Orchestra,3,268291.0,6262,45.86
Kimberly Loaiza,1,267466.44,6707,39.88
Saint Motel,8,267436.14,9926,27.09
Hello Seahorse!,1,266631.46,2763,96.5
Ryan Castro,1,265654.79,4194,63.34
"""Remind GNP""",1,265026.91,15252,17.38
The Band Camino,3,263469.25,7020,37.5
Sarah Millican,3,263070.96,5355,47.59
CMAT,2,262686.47,8218,28.72
Steve Vai,2,261645.88,5398,48.3
Yacht Rock Revue,3,261270.6,6646,39.55
PJ Harvey,2,260910.74,3161,82.54
Sammy Hagar and The Circle,1,260602.0,2297,113.45
Paul Smith,3,260107.9,7490,34.73
Jim Breuer,4,257867.4,4164,61.82
Lyle Lovett,2,257509.5,3378,75.68
Teddy Swims,3,256547.96,6109,41.02
First Aid Kit,2,255153.27,5268,48.9
Two Door Cinema Club,2,255113.39,7534,23.04
Beartooth,2,255065.25,7868,31.35
The Struts,5,254349.0,6342,39.24
Charles Ans,1,254265.55,6447,39.44
Alemán,1,253831.39,6277,40.44
Pete Davidson,3,253658.6,2856,88.42
Sofi Tukker,1,253341.79,5888,43.03
Kase O,4,253204.4,6862,38.89
"""Gimme Gimme Disco""",11,252932.0,10016,21.15
Boyz II Men,1,252468.0,2836,89.02
Evanescence,1,250883.67,3109,80.7
"""Live For Liberty""",1,250276.0,2670,93.74
Zeds Dead,2,249734.0,5451,40.98
Jim Jefferies,2,248120.83,4761,55.94
Gabrielle (UK),5,247837.29,5530,46.76
Dance Gavin Dance,3,247663.5,6426,39.32
The Gaslight Anthem,4,246823.11,5600,42.18
Aleks Syntek,2,246745.77,5223,49.28
Warren Zeiders,4,246222.25,6452,35.13
Love of Lesbian,6,245967.03,5472,45.92
"Lamb of God, Kreator",1,245739.51,5568,44.13
Deep Purple,2,244996.0,2013,122.42
Andrew Dice Clay,3,243420.0,2978,81.46
Block Rockin Beats,1,243330.93,4467,54.47
Brandon Lake,1,243202.0,5442,44.69
"""Flashback Funk Fest""",1,242513.0,3040,79.77
Roberto Tapia,1,241880.5,3258,74.24
The Courteeners,2,241752.84,5550,43.56
Edgardo Nuñez,1,241587.5,2306,104.76
Tim Allen,1,240940.25,2246,107.28
SWV,1,239283.05,2900,82.51
Nelly,1,238987.0,2197,108.78
Alice In Chains,1,238875.0,4018,59.45
Band Of Horses,1,238687.5,4685,50.95
"""The Masquerade by Clapto""",1,238676.75,4796,49.77
Death Cab For Cutie,2,238199.75,4248,55.6
Texas,1,237596.01,3637,65.33
Carlos Ballarta,4,236520.37,6110,39.89
Rina Sawayama,2,234848.11,5067,41.72
El Recodo,1,234543.77,34492,6.8
Puscifer,3,233154.95,4563,50.2
Bastille,1,232701.55,4258,54.65
The Driver Era,1,232701.0,3557,65.42
The Teskey Brothers,3,231800.05,6418,36.05
Spacey Jane,2,231397.3,1850,117.52
Underoath,4,228425.2,5429,42.09
Chvrches,2,228184.49,5561,39.46
Odisseo,2,227865.83,6095,37.39
Jinkx Monsoon,2,227815.0,4125,62.11
Killer Mike,5,226777.6,5677,39.36
Chuu,3,225937.6,2446,94.32
EELS,4,225422.27,5392,39.83
"""Anjunabeats Showcase""",1,224450.0,3500,64.13
Parkway Drive,2,223032.39,5005,42.96
Voyage - Celebrating the Music of Journey,4,222675.95,6696,33.17
Stiff Little Fingers,2,222518.13,4427,45.44
Bebe Rexha,2,222401.94,4591,46.98
Blue October,5,222313.51,4376,48.09
Dane Cook,2,221336.0,2091,105.72
Aly &amp; AJ ,2,221312.5,5725,39.9
Ted Nugent,1,220645.0,5773,38.22
Three Days Grace,1,219907.0,4975,44.2
Ice Nine Kills,1,219896.0,3489,63.03
Rodrigo y Gabriela,2,219147.88,3803,55.75
Kathleen Madigan,3,218210.0,4194,52.79
Dr. Neil deGrasse Tyson,1,217646.0,3117,69.83
Russell Dickerson,2,217117.06,5771,36.55
Russell Peters,1,216501.0,2683,80.69
Randy Rainbow,2,216362.0,3318,69.49
"""Disney Junior Live""",2,214841.95,4922,46.51
Dr. Andrew Huberman,1,214640.0,3489,61.52
"Smino, J.I.D.",2,214481.0,4297,50.92
Billy &amp; The Kids,1,214349.0,3500,61.24
Matteo Bocelli,2,213592.9,2775,81.31
Christine And The Queens,2,212373.66,4442,46.44
Spiritbox,4,212028.14,6533,32.67
Guster,3,211626.5,4200,45.56
Larry June,6,211319.94,5544,36.8
Earthquake,2,211277.0,3021,63.98
Tiffany Haddish,2,209639.5,2867,80.54
Kasabian,2,209255.77,3315,63.21
ERNEST,3,208095.0,5857,35.48
Hot Tuna,1,207594.5,2169,95.71
Ben Rector,2,207264.0,3943,51.3
Toto,2,207212.0,2982,69.98
Ana Bárbara,1,206578.0,2434,84.87
Cuco,2,205132.74,4693,43.84
Suede,2,204769.27,3926,51.28
KT Tunstall,4,204261.73,5156,39.01
STS9,1,200263.5,2433,82.31
Collective Soul,3,200070.7,3817,52.79
Jessica Audiffred,1,198839.18,4253,46.75
The Mountain Goats,2,198623.74,4357,47.06
Scarface,1,198558.0,2330,85.22
Mimi Webb,3,197190.52,6404,32.13
Trivium,4,196315.3,4952,40.87
Trixie Mattel,1,195383.0,3491,55.97
Sam Morril,2,195258.75,4622,45.68
Taylor Dayne,1,194914.0,4984,39.11
Jhay Cortez,1,194593.71,4800,40.54
James Blake,2,194057.41,3941,49.32
Niki,1,194034.0,3698,52.47
Tig Notaro,2,193751.5,3358,57.7
Lauren Spencer Smith,4,192792.38,6196,34.6
"""Professional Fighters League""",1,191734.93,3612,53.08
Lyle Lovett &amp; His Large Band,2,191006.0,2308,84.35
Ximena Sarinana,4,190989.05,4746,40.25
Rema,2,190907.0,3425,55.32
Pink Martini,1,190675.0,2181,87.43
Los Cafres,2,190667.64,5133,38.21
Loyle Carner,2,190386.65,6494,29.42
Kansas,1,188595.94,2361,79.88
Big Thief,2,187120.0,4637,40.42
Rebelution,1,186460.0,3500,53.27
"""Worship Live Holiday Tour""",1,186300.5,2454,75.92
Los Mesoneros,2,185563.8,5429,33.61
Lake Street Dive,2,184700.5,3831,49.36
"Alex Ubago, Jose Maria",3,184561.5,4540,45.47
Nathaniel Rateliff,1,184269.0,2222,82.93
"""Game Grumps Live""",4,183993.11,4265,43.76
Brothers Osborne,1,183657.5,3350,54.82
Lovejoy,4,183297.56,6840,25.65
The Scratch,3,183011.55,5378,33.83
Highly Suspect,3,181532.86,4604,35.76
T-Pain,1,181065.0,3630,49.88
"Kreator, Testament",1,180706.54,3468,52.11
Matteo Lane,1,180118.0,3510,51.32
Quevedo,1,180000.11,3444,52.26
James Martin,2,179911.88,3807,48.22
Corey Holcomb,1,179905.0,3553,50.63
Reik,1,179593.0,1934,92.86
The Yummy Mouths,4,179428.55,7644,23.48
"Donnie Iris &amp; The Cruisers, The Vindys ",1,179245.76,3882,46.17
Static-X,4,179123.5,5173,35.11
Loossemble,2,178601.0,1562,114.76
Greensky Bluegrass,2,176234.25,4854,37.46
Joan Jett &amp; The Blackhearts,1,175752.0,2455,71.59
"""70's Soul Jam""",1,175314.8,3374,51.96
The Charlatans,1,174912.92,3800,46.03
"""Nashville""",1,173212.5,2348,73.77
Norah Jones,2,173159.36,2606,66.39
Adekunle Gold,4,170870.25,4565,36.79
Billy Porter,2,170678.0,2057,78.0
"How Did This Get Made? w/ Paul Scheer, Jason Mantzoukas, June Diane Raphael",1,170673.0,2576,66.26
George Clinton and Parliament Funkadelic ,2,169881.5,3400,48.86
Billy Ocean,1,169603.24,2872,59.05
"""A GRAMMY Salute To 50 Years Of Hip-Hop""",1,169546.85,1586,106.9
Akon,1,168602.3,2425,69.53
So Good! The Neil Diamond Experience,5,168202.5,3305,50.05
Jenny Lewis,1,165471.0,3513,47.1
Helloween,1,164775.0,2658,61.99
The Front Bottoms,2,164600.89,4118,41.6
Bishop Briggs,1,163484.0,3356,48.71
Porter Robinson,1,162596.17,3642,44.64
The Amity Affliction,1,161593.11,3716,43.49
San Holo,1,161447.0,5184,31.14
Anthony Jeselnik,2,160723.78,2138,75.18
The Beaches,3,160673.89,5671,28.29
Reyno,1,160418.36,6273,25.57
Casting Crowns,1,159907.8,2865,55.81
Ilana Glazer,3,159215.7,3945,40.46
"""A Bronx Tale"" starring Chazz Palminteri",2,158164.08,1966,80.35
"""Bored Teachers Comedy Tour""",4,157950.8,3884,35.2
Half Alive,4,157615.53,4965,35.17
Pesado,1,157061.0,1767,88.89
Orus,1,156939.19,3934,39.89
Razorlight,3,155484.36,4270,36.77
Flo Rida,1,155415.0,1556,99.88
Staind,1,155053.0,2934,52.85
Cory Wong,2,154727.0,3932,38.75
Jerry Cantrell,2,154253.16,2362,65.31
"Hawthorne Heights, Armor For Sleep",7,154174.0,5385,28.52
George Thorogood &amp; The Destroyers,2,153215.7,2400,63.23
Ian Munsick,2,153132.5,3961,34.64
Chico Bean,2,153128.0,4171,36.88
Rex Orange County,1,152621.17,2869,53.2
Ellie Goulding,2,152341.26,3561,42.76
"""Champions of Magic""",2,152049.85,3647,41.68
Shane Gillis,2,152015.0,3207,47.45
Chris Botti,2,150354.45,1738,87.62
Indigo Girls,2,150354.0,2592,58.01
Stephen Sanchez,2,149667.48,3946,37.93
Brett Young,1,149183.0,2668,55.92
The Rocket Man Show - Elton John Tribute Show feat. Rus Anderson,2,148844.95,2439,61.64
Bones,3,148747.87,3960,38.09
Loona,1,148719.0,1370,108.55
Victoria Monèt,2,148351.0,3745,40.82
Bill Bellamy,2,147441.0,3726,42.52
"""Invasion Del Corrido""",1,147160.0,1537,95.74
"""Spencer &amp; Vogue - Podcast""",2,147035.34,3542,41.51
Ocean Colour Scene,1,146626.4,3221,45.52
Blues Traveler,2,146333.0,3148,50.38
The Marshall Tucker Band,2,145967.5,3002,51.13
All Them Witches,2,145622.5,3395,42.9
Mana Moana,1,145564.7,6318,23.04
Morgan Wade,5,145480.57,5212,27.95
Almost Queen - Trib. To Queen,2,145465.0,3890,42.2
Regalame Esta Noche,1,145331.49,1211,120.01
"""Pod Meets World""",2,144852.0,2898,49.94
Beach Bunny,1,144560.0,3500,41.3
The Swell Season,1,144206.5,2227,64.75
A R I Z O N A,3,144159.5,4178,34.28
Robleis,1,143670.0,2168,66.27
JPEGMafia,1,143631.5,3455,41.57
Waterparks,2,142831.9,4236,33.48
Jay Leno,1,142443.2,1500,94.96
Gerardo Coronel,1,140722.0,1894,74.3
Bill O'Reilly,1,140186.05,1069,131.14
"""On Your Feet!""",1,139597.0,2395,58.29
Gerry Dee,4,139293.07,3179,43.56
"Hermanos de Leche - Adrián Marcelo &amp; Ivan Fematt ""La Mole""",1,138861.21,2533,54.82
Matt and Kim,5,138600.0,4425,31.93
Manuel Carrasco,3,137899.01,3673,44.99
Lit Killah,2,137135.99,3587,42.26
Johnny Mathis,1,136975.0,1210,113.2
The Backseat Lovers,3,135945.06,3640,30.81
Local Natives,1,135710.0,2846,47.68
Tom Odell,1,135256.01,2708,49.95
Thee Sacred Souls,6,134824.88,5257,26.74
Anastacia,1,133820.02,1744,76.73
Jake Owen,1,133595.0,3201,41.74
Wilco,2,132992.91,2240,58.75
Karan Aujla,1,132877.75,2369,56.09
Triggerfinger,2,131870.48,3832,34.42
$NOT,3,131756.66,4223,31.72
Fitz and The Tantrums,2,131581.65,3432,38.86
Deorro,2,131493.22,5163,27.79
Father John Misty,1,131457.24,3627,36.24
Fatboy Slim,1,131137.53,2950,44.45
Jocko Willink,1,130839.5,1491,87.75
City and Colour,2,130431.01,2900,46.2
Nile Rodgers &amp; CHIC,1,130200.06,1854,70.23
"""All Elite Wrestling""",1,129953.77,2883,45.08
Bijan Mortazavi,1,129650.0,1535,84.46
Ella Mai,1,129180.0,3000,43.06
Frankie Boyle,2,128863.79,3743,34.36
Armor For Sleep,4,127784.1,4844,26.87
Jess Hilarious,1,126957.0,2454,51.73
Tab Benoit,5,126777.25,3164,41.39
Little River Band,2,126321.0,1828,69.18
Chris Young,1,125646.0,1817,69.15
"Andrew Santino, Bobby Lee",1,125345.0,2802,44.73
"Anthrax, Black Label Society",1,125320.5,2121,59.09
Ledisi,1,124452.0,1833,67.9
Skinny Puppy,2,124387.25,3356,37.11
Lauren Jauregui,1,124291.66,2584,48.1
La Adictiva,1,124021.75,1903,65.17
Daughtry,1,123764.4,1069,115.78
Daniela Spalla,1,123566.22,3023,40.88
Bonobo,1,123473.75,2709,45.58
BABYMETAL,1,122565.17,1977,62.0
"J.I.D., Smino",1,122560.0,2425,50.54
Franz Ferdinand,1,122272.97,2504,48.83
Dave Stewart,2,121550.8,1876,66.34
Freya Ridings,3,121471.75,3005,44.05
Halestorm,1,121416.68,1964,61.82
Sarah Brightman,1,121211.17,1100,110.19
Steve Treviño,2,120933.9,2344,52.71
Iration,2,119789.75,3363,35.92
Fisher,1,119190.0,2828,42.15
Billy Currington,1,118786.25,2198,54.04
Ramon Ayala Jr.,1,118751.0,1433,82.87
Metric,2,118563.13,2738,41.44
Princess,1,118383.5,2738,43.24
Clint Black,1,118291.75,1721,68.73
Wynonna Judd,1,118054.0,1563,75.53
Corey Taylor,2,117838.5,2732,43.05
Trace Adkins,1,116707.0,2476,47.14
Sam Ryder,3,116689.63,3913,30.53
Band-Maid,2,116315.42,2444,48.38
Joe Gatto,2,116314.97,2111,55.29
John Malkovich,1,115741.0,1767,65.5
Adal Ramones,1,115165.25,1939,59.39
Dustin Lynch,1,114770.0,1540,74.53
Gogol Bordello,3,114682.53,3074,38.01
Ben Portsmouth,2,114584.35,2401,47.72
Tesla,1,114074.0,1820,62.68
Andres Obregon,1,113988.32,3028,37.64
Midnight Generation,2,113769.52,4570,24.94
Joshua Bassett,3,113483.72,3607,31.6
Daði Freyr,2,113242.98,4087,28.48
The Temptations,1,112815.0,1625,69.42
"Black Veil Brides, VV",2,112732.71,2313,48.7
Queen Extravaganza - Trib. to Queen,2,112526.59,2851,40.12
"Carlos Cuevas, Ricardo Caballero",1,112199.17,2726,41.16
311,1,112199.0,1304,86.04
Old 97's,3,111177.0,2914,31.55
Matt Maeson,2,111164.03,2920,32.34
Bloo,1,111115.79,1185,93.77
MC Davo,1,110962.08,3011,36.85
"""The Happy Together Tour"", The Turtles feat. Flo &amp; Eddie",1,110850.0,1820,60.91
"Rob Lamberti ""George Michael Relived""",2,110767.71,2260,49.31
Jesse &amp; Joy,1,110720.0,1663,66.58
"The Psychedelic Furs, Squeeze",1,110498.5,1399,78.98
Black Box Revelation,2,110302.15,3868,28.52
Weyes Blood,1,109629.82,2173,50.45
Chase Rice,1,109412.0,1834,59.66
Brian Setzer's Rockabilly Riot!,1,108910.0,1441,75.58
Darren Criss,2,108747.59,2048,53.12
Pecos &amp; The Rooftops,7,108313.5,4869,22.27
FKJ,1,108185.45,1757,61.57
Nitty Gritty Dirt Band,2,108077.25,2160,54.88
Wallows,2,108041.82,2809,38.93
Alvvays,3,107266.35,4837,22.2
El Mato A Un Policia Motorizado,2,106997.0,3745,27.64
Arlo Parks,2,106844.0,3415,31.46
El Tri,2,106727.0,1453,73.34
"""Ten Man Jam""",1,105939.0,4770,22.21
"Disney ""Encanto - The Sing Along Film Concert""",2,105655.88,2443,39.61
Houndmouth,5,105276.5,4173,25.26
"Beartooth, Trivium",2,105093.0,2485,41.93
Salute to Vienna,1,104775.14,2042,51.31
Little Joe y La Familia,2,104324.0,2288,47.4
Little Simz,1,104020.85,2538,40.99
tripleS,4,103969.12,1201,86.03
The Exploited,1,103819.78,2530,41.04
The Fab Faux,1,103394.35,1069,96.72
Foos Gone Wild,1,102808.75,2501,41.11
The Lathums,3,102775.56,3796,27.55
Tom Papa,3,102504.0,2546,40.26
Funeral For A Friend,1,102356.22,2164,47.3
"Suicide Silence, Dying Fetus",2,102335.0,3200,32.46
Aleksey Igudesman,1,102009.0,1784,57.18
Modest Mouse,2,101995.45,2376,42.31
Trey Kennedy,1,101736.0,1637,62.15
Beth Hart,1,101343.78,1767,57.35
Dope Lemon,2,101264.09,2447,37.35
KURT.,3,101146.47,2950,33.93
Monolink,1,100882.62,2175,46.38
Steel Panther,4,100406.92,2808,35.57
Bang Yong-guk,6,99668.0,3175,32.33
Eddie Griffin,1,98914.0,1847,53.55
Justin Hayward,1,98770.15,1069,92.39
"""Ancient Aliens LIVE: Project Earth""",1,98731.0,1849,53.4
Tom Keifer,1,98558.35,2103,46.87
Jet,1,98527.4,1939,50.81
Tyler Hubbard,2,98087.17,2675,37.5
Eric Andre,1,97687.0,1896,51.52
Example,1,97669.48,3000,32.56
"""The More Life Tour"" Starring Randy Travis with James Dupré",1,97612.49,1445,67.55
The Drums,1,97494.75,2338,41.7
Pretenders,1,97298.39,1607,60.55
The Commodores,1,97295.25,1638,59.4
J Boog,3,96875.0,2938,31.68
Ruel,3,96595.44,2691,35.29
Michael Starring Ben - The UK's Ultimate Michael Jackson Tribute,1,96364.8,2711,35.55
Alex Fernández,1,96263.05,2204,43.68
The Dead South,1,95930.0,2280,42.07
Violent Femmes,1,95489.0,2433,39.25
Flatland Cavalry,4,95272.0,4046,24.02
The String Cheese Incident,1,94687.0,1361,69.57
DVSN,3,94398.52,2964,29.65
Kneecap,2,94074.89,2767,34.11
The Wood Brothers,1,93792.5,2578,36.38
Aunty Donna,2,93779.68,2478,37.86
Loreena McKennitt,1,93349.0,1344,69.46
Brian Jonestown Massacre,3,93264.91,3350,28.06
Milky Chance,1,93254.0,2420,38.53
Railroad Earth,1,93237.5,2370,39.34
Beverley Knight,1,93121.9,1736,53.64
Papa Roach,1,92191.25,1428,64.56
Bakar,2,92037.05,3124,30.37
IDLES,1,91842.38,1907,48.16
Aminé,1,91722.62,1968,46.61
Lucybell,1,91683.61,3159,29.02
Peter Cat Recording Co.,10,91522.05,4363,20.44
The Mary Wallopers,2,91327.92,2835,26.51
John Crist,1,90746.0,1665,54.5
Mike + The Mechanics,1,90740.18,1471,61.69
Saxon,2,90003.7,2045,43.4
Toosii,1,89649.5,2425,36.97
Dylan John Thomas,2,89537.26,3550,25.22
The Ataris,2,89087.0,3214,28.87
Aqua,1,87880.4,1334,65.88
The Mavericks,1,87833.5,1475,59.55
Big Wild,3,87806.75,2703,32.36
Sigala,2,87483.44,3542,24.86
Bruce Cockburn,2,87323.13,1807,49.59
Silvana Estrada,1,87306.04,3037,28.75
St. Paul &amp; The Broken Bones,2,87160.2,1666,52.52
ABBA The Concert:  A Tribute To ABBA,1,87064.0,1455,59.84
Leanne Morgan,1,86909.54,1536,56.58
David Gray,2,86183.34,1179,73.22
Leonid &amp; Friends,2,86029.5,1962,48.36
Dinosaur Jr.,2,85889.0,2422,35.53
Javier Ibarreche,1,85794.01,3081,27.85
Javier Blake,1,85626.31,2700,31.71
Scotty McCreery,1,85613.0,1532,55.88
Kip Moore,1,85568.03,2523,33.92
Brad Williams,1,85285.75,1940,43.96
Jimmy Kenny and The Pirate Beach Band,3,85267.9,4189,20.61
David McSavage,2,85244.07,2346,36.34
Keith Barry,4,84996.37,2318,36.99
Charlie Sheen,1,84845.0,1384,61.3
Feist,2,84678.66,1473,57.16
Neck Deep,1,84579.79,1945,43.49
"""In Conversation with The Sopranos""",1,84461.1,1069,79.01
"""Riverdance""",1,84242.25,1439,58.54
Yes,1,83996.0,1044,80.46
Shed Seven,1,83862.36,1900,44.14
Suki Waterhouse,5,83803.6,3783,22.03
Darcy &amp; Jer,3,83731.37,2282,37.5
The Black Crowes,1,83460.31,1620,51.52
Tegan And Sara,2,82534.41,1883,43.22
Teenage Fanclub,4,82378.68,2342,35.09
Trampled By Turtles,1,82346.5,1955,42.12
Heilung,1,82284.52,3292,25.0
Southside Johnny &amp; The Asbury Jukes,1,82274.5,1685,48.83
Epik High,1,81888.9,1523,53.77
The State,1,81801.0,899,90.99
Rodney Carrington,1,81396.0,1188,68.52
Pablo López,2,81103.82,2279,41.0
Pink Floyd Laser Spectacular,3,80800.05,2327,34.45
grandson,5,80398.33,3210,25.27
Wegz,1,80035.0,1115,71.78
Bullet For My Valentine,1,79624.67,1996,39.89
Tracy Morgan,1,79545.0,1069,74.41
Michael Bolton,1,79130.0,1242,63.71
Elton Dan and the Rocket Band,5,78921.84,2185,38.71
Taburete,1,78896.52,1859,42.44
Electric Callboy ,2,78652.0,2360,33.16
"""The Taylor Party""",3,78249.0,3474,22.37
Jared Freid,2,78171.5,2049,38.3
La Femme,2,77900.63,2313,34.08
Eric D'Alessandro,2,77897.8,1639,47.78
Colony House,3,77107.84,2541,24.55
The Change,2,77004.44,1610,42.38
Sonata Arctica,1,76802.64,1989,38.61
The Man In Black: A Tribute to Johnny Cash,2,76361.2,1904,39.76
The Cat Empire,2,76130.91,1837,41.58
NOTD,1,75804.6,1658,45.72
Easy Life,2,75529.36,2628,29.58
Brittany Howard,1,74633.5,1193,62.56
Sanah,1,74199.11,798,92.98
Steven Curtis Chapman,1,74159.5,1660,44.67
"""Christmas On Ice""",1,74140.0,1952,37.98
Lizzy McAlpine,1,73942.0,2278,32.46
Felipe Esparza,2,73185.0,1406,52.38
Futurebirds,1,73036.52,2206,33.11
The Academic,2,72946.89,2826,25.06
John Gibbons,2,72899.12,2712,27.43
La Garfield,1,72652.82,2754,26.38
The Reytons,1,72433.12,2197,32.97
Explosions In The Sky,1,72380.0,1540,47.0
Declan McKenna,1,72119.66,2017,35.76
"Tony Baker, KevOnStage",1,71973.75,1160,62.05
"Armor For Sleep, Hawthorne Heights",3,71719.5,2380,29.92
John Cleese,1,71654.0,1317,54.41
Avatar,2,71638.98,2560,27.28
Clubz,1,71422.68,2807,25.44
Gavin James,1,71281.03,1661,42.91
Larkin Poe,2,71249.44,2324,30.53
Yung Gravy,1,71100.12,1941,36.63
Zebra,1,71044.75,1101,64.53
Rise Against,1,71013.44,1824,38.93
Colt Ford,2,70776.0,1944,38.12
Steve Hackett,1,70682.5,943,74.95
Delta Goodrem,4,70403.77,1492,46.42
Bengala,1,70387.56,2823,24.93
Editors,1,70254.23,1900,36.98
+LIVE+,1,70013.5,877,79.83
Desi Banks,1,69981.0,1823,38.39
Circa Waves,2,69909.24,2726,25.64
Postmodern Jukebox,2,69701.0,1319,53.42
Ryan Hamilton,1,69680.0,1912,36.44
"Paul Brandt, Terri Clark",1,69672.32,1300,53.59
TV Girl,1,69280.21,1900,36.46
The Opposites,1,68901.3,1963,35.1
Matisyahu,2,68746.05,1740,39.0
CloZee,1,68497.75,1765,38.81
Andrew Bird,1,68443.0,1358,50.4
Los Lonely Boys,1,68251.0,1353,50.44
Alabama 3 (A3),3,68214.07,2180,30.19
"Black Country, New Road",2,68007.73,2880,23.39
Insite,1,67902.31,2032,33.42
Röyksopp,1,67746.32,1981,34.2
#IMomSoHard,2,67685.0,1286,52.22
Seth Meyers,1,67573.45,916,73.77
Hippie Sabotage,2,67540.5,2354,29.84
Birdy,1,67443.81,1565,43.1
Shangela,1,67327.5,1159,58.09
One Vision of Queen feat. Marc Martel,1,67005.0,1709,39.21
Lil Tecca,1,66898.4,1573,42.53
Technicolor Fabrics,1,66586.36,2688,24.77
Michael Carbonaro,1,66524.0,862,77.17
Mariachi Sol de Mexico de Jose Hernandez,1,66269.0,1409,47.03
DJ Shadow,1,66263.78,1435,46.18
Silky,2,66228.29,2614,25.25
Sugababes,1,65995.54,1354,48.74
Andy Grammer,1,65907.7,1573,41.9
Zapp,1,65872.0,1820,36.19
Jordan Rakei,1,65645.15,1646,39.88
Bachman-Turner Overdrive,1,65623.3,797,82.34
Chelcie Lynn,2,65613.0,1464,44.97
"""Festival Bravo""",1,65535.7,4471,14.66
"""Night Of The Living Drag""",1,65521.0,798,82.11
Big Gigantic,1,65015.0,1981,32.82
"""Straight Up With Stassi Live""",1,64985.45,1069,60.79
"Jimmy Eat World, Manchester Orchestra",1,64538.0,1557,41.45
Elephant Sessions,1,64479.43,2042,31.58
Los Pericos,2,64426.6,2482,26.47
Biig Piig,2,64395.6,1130,85.45
Brian McKnight,1,64247.0,996,64.51
After 7,1,63871.0,909,70.27
JP Cooper,3,63853.8,2042,31.41
Bruses,1,63535.4,2715,23.4
Pierre De Maere,1,63445.25,1888,33.6
MisterWives,1,63288.0,1779,35.58
De La Soul,1,63209.24,1784,35.43
Devendra Banhart,1,63005.5,1940,32.48
Mary Chapin Carpenter,1,62980.0,872,72.22
Rival Sons,1,62947.21,1814,34.7
Rainbow Kitten Surprise,2,62909.23,2932,21.54
"""Lollapalooza Aftershows"", The Rose",1,62700.0,1425,44.0
Chris Isaak,1,62540.5,752,83.17
Stayin' Alive - The Bee Gees Tribute,1,62364.63,1357,45.96
Pouya,2,62081.5,2273,28.02
Leela James,1,62081.5,937,66.26
Sho-Hai,2,62008.66,1614,38.04
"""Atencion Atencion""",1,61431.5,1037,59.24
Los Blenders,1,61284.11,2690,22.78
Madeleine Peyroux,2,61113.24,1096,55.11
The Stunning,1,61027.64,1613,37.83
Gin Blossoms,1,60907.9,1282,47.51
"""This Is Important Live""",1,60907.0,788,77.29
"Matt Fraser ""Psychic Medium""",1,60843.0,1277,47.65
Rayden,1,60717.97,1629,37.27
Lali,1,60703.38,1145,53.02
Lost In Music - One Night At The Disco,1,60334.6,1513,39.88
Lloyd Cole,1,60247.48,1298,46.42
King Krule,1,60144.81,1661,36.21
Niko Moon,3,59931.0,2407,24.93
Bootleg,1,59901.69,1900,31.53
Asking Alexandria,1,59801.0,1614,37.05
Bad Religion,1,59672.55,1377,43.34
The Bogmen,1,59446.5,1445,41.14
Miranda Sings,1,59417.2,1069,55.58
Kyiv Grand Ballet,1,59264.0,830,71.4
Amon Amarth,1,59082.75,1385,42.66
"""A Charlie Brown Christmas Live""",2,58851.13,1380,41.78
Justin Willman,1,58082.0,1497,38.8
Embrace,1,57998.07,1559,37.2
Dexys ,1,57839.64,1205,48.0
Knock2,3,57603.5,1743,32.64
Bratty,1,57148.72,2646,21.6
DecPierce Block Rockin Beats,1,57087.63,1727,33.06
Airbourne,2,56878.29,1750,32.5
Stryper,1,56873.0,1253,45.39
Queen Of The Night - A Tribute to Whitney Houston,2,56764.02,1540,38.61
Dire Straits Experience feat. Chris White,1,56448.38,1112,50.76
"""1964"" The Tribute",1,56260.87,1277,44.06
Choir! Choir! Choir!,2,56222.42,1870,30.06
Metejoor,1,56211.29,1717,32.74
Ward Thomas,2,56164.12,1772,31.7
Newton Faulkner,4,56137.37,1641,33.9
Jim Norton,1,56069.5,1069,52.45
"Buckcherry, Skid Row",1,56059.2,1210,46.33
Ezra Collective,2,55970.55,2465,23.34
LANY,2,55905.08,1570,34.87
Rob Schneider,1,55849.6,1069,52.24
GoGo Penguin,1,55740.92,1943,28.69
Badflower,1,55339.5,1873,29.55
The Wonder Years,1,54986.05,1487,36.98
"""Lollapalooza Aftershows"", Noah Kahan",1,54862.0,1425,38.5
Peter Doherty,3,54687.29,1471,37.18
Ann Wilson &amp; Tripsitter,1,54577.0,1258,43.38
Chucho Rivas,1,54475.76,1424,38.26
Bayside,1,54367.4,1360,39.98
Terri Clark,1,54224.71,1188,45.64
Charles Wesley Godwin,2,54068.0,2025,26.72
Queensrÿche,1,53937.8,1325,40.71
The Coral,1,53907.73,1552,34.73
Loreen,2,53860.49,2150,25.0
Mary Black,1,53765.77,1246,43.15
Tye Tribbett,1,53708.3,1039,51.69
bbno$,2,53656.77,1884,27.75
Grace Potter,1,53647.95,1269,42.28
Jimmy Failla,1,53578.45,932,57.49
Omar Chaparro,1,53513.1,1617,33.09
"""Not Another D&amp;D Podcast""",1,53189.0,801,66.4
Warhaus,1,53122.82,1915,27.74
Maddie &amp; Tae,2,52896.0,1759,29.55
Future Islands,1,52729.75,1872,28.17
The Compact Disk Dummies,1,52612.84,1944,27.06
Alex Ferreira,2,52603.8,2238,23.74
Denzel Curry,1,52529.17,1300,40.41
Candlebox,1,52449.8,1298,40.41
D.L. Hughley,1,52443.5,1310,40.03
Justin Quiles,1,52291.0,840,62.25
"""Sorry Papi""",1,52000.0,1767,29.43
De Jeugd van Tegenwoordig,1,51958.42,1959,26.52
Bryce Vine,2,51893.0,1902,26.67
Heaven 17,1,51868.55,1300,39.9
Half Moon Run,2,51861.41,1875,27.0
The Chats,1,51801.18,1700,30.47
Great White,1,51493.5,971,53.03
Rumours of Fleetwood Mac,1,51340.0,1101,46.63
The Murder Capital,2,51324.31,1982,24.8
The Hu,1,51294.07,1570,32.67
Käärijä,2,51239.15,2050,24.94
"""Remembering Noel Bridgeman""",1,51066.59,1223,41.76
Thank You For The Music - The Ultimate Tribute to ABBA,1,51011.18,1170,43.6
"""Se Me Subió el Muerto - Podcast""",1,50778.76,1920,26.45
Girl Named Tom,2,50725.29,1135,43.84
Hundred Reasons,1,50520.58,1615,31.28
Dirty Deeds – The AC/DC Experience,1,50470.0,1792,28.16
BADBADNOTGOOD,1,50388.0,1379,36.54
The Divine Comedy,1,50382.25,1141,44.16
Weston Estate,2,50377.0,1826,27.54
Kchiporros,2,50364.07,1919,25.18
Lous And The Yakuza,1,50297.63,1888,26.64
Matt Rogers,1,50164.0,1100,45.6
Oliver Tree,1,50158.51,1242,40.39
Micky Dolenz,1,49915.35,601,83.05
Viagra Boys,1,49799.75,1615,30.84
Carly Pearce,1,49299.0,1243,39.66
Stephen Lynch,2,49171.88,1378,35.7
A.J. Croce,1,49070.0,781,62.83
"""Global Ska""",1,48795.92,2367,20.62
"""The Paramount Comedy Series"", Pete Correale",1,48649.0,1069,45.51
Twiddle,1,48464.9,1496,32.4
"""The Second Captains Podcast""",1,48266.21,1234,39.11
The Script,1,48245.32,744,64.85
Jessica Kirson,1,47988.0,1069,44.89
Garth Marenghi,3,47954.02,1546,32.38
Judah &amp; The Lion,2,47529.0,1529,30.84
Gryffin,1,47526.75,1956,24.3
Karen Dunbar,11,47521.59,2086,23.13
"Apocalyptica, Epica",1,47332.42,1294,36.58
Gary Owen,1,47315.0,986,47.99
Madison Beer,1,47205.0,1069,44.16
The Interrupters,1,47180.0,1344,35.1
Silversun Pickups,1,47079.7,1143,41.19
Kevin Herrera,1,47063.58,1069,44.03
Cut Copy,1,46847.6,1912,24.5
Trombone Shorty &amp; Orleans Avenue,1,46802.0,952,49.16
Nancy Wilson's Heart,1,46751.7,643,72.71
Tom Walker,2,46748.96,1610,31.66
Destroy Lonely,1,46733.35,1217,38.4
The Ghost Inside,2,46614.39,1214,36.42
Roy Wood Jr.,1,46347.0,1146,40.44
Fatherson,3,46111.68,1950,23.14
Jo Dee Messina,1,45929.0,1214,37.83
Bright Eyes,1,45885.0,1297,35.38
Nigel Ng,1,45744.08,1279,35.77
Coely,1,45638.23,1925,23.71
Night Ranger,1,45590.0,611,74.62
Noah Reid,2,45573.06,1323,34.02
Brett Kissel,1,45465.66,3400,13.37
Herb Alpert,1,45465.58,858,52.99
Lukas Nelson &amp; Promise Of The Real,3,45201.95,1413,33.36
Ayra Starr,1,45192.5,1182,38.23
Dylan Scott,1,45093.0,1382,32.63
Darius,1,44968.7,1412,31.85
The Midnight,1,44942.0,1289,34.87
SOJA,2,44918.1,1104,40.4
Foy Vance,1,44857.14,1200,37.38
Back to the Eighties Show with Jessie's Girl,1,44788.0,1573,28.47
"""Peppa Pig Live""",1,44780.0,1168,38.34
The MerseyBeat- Beatles Tribute Band,1,44766.91,1298,34.49
Roger Clyne &amp; The Peacemakers,2,44735.0,1132,33.02
Wet Leg,1,44468.75,1200,37.06
Reckless Kelly,1,44403.0,1694,26.21
Fight Like Apes,1,44229.16,1577,28.05
Wayne Newton,1,44200.0,831,53.19
Yannis Pappas,1,44126.5,1069,41.28
Yo La Tengo,1,44090.29,1226,35.96
Phil Rosenthal,1,44075.36,1241,35.52
"""EMO Night Brooklyn""",8,44069.0,2826,15.74
Sylvie Kreusch,1,43975.21,1933,22.75
Starship,1,43957.0,1359,32.35
The Laurie Berkner Band,1,43713.2,1069,40.89
David Duchovny,2,43561.14,748,58.2
Shayne Ward,2,43497.31,1121,37.3
Empire State Bastard,2,43382.52,1255,33.28
Steve Hofstetter,3,43243.5,1181,34.51
Club De Fans,1,43182.2,1200,35.99
Raye,1,42906.96,1581,27.14
David Cross,2,42820.17,981,43.64
Pat McGann,1,42807.5,1069,40.04
Portland,1,42543.94,1938,21.95
Saint Phnx,1,42457.47,1899,22.36
Ash,2,42433.35,1324,32.03
Bird On The Wire,1,42323.89,1132,37.39
Prof,2,42033.5,1526,26.66
Lime Cordiale,2,42006.03,1391,29.66
"""Burt Block Party"", Glass Tiger",1,41831.27,3069,13.63
Igorrr,2,41733.24,1871,22.3
Unknown Mortal Orchestra,1,41677.99,1300,32.06
Gaz Coombes,2,41343.81,1364,30.42
"""Lollapalooza Aftershows"", Peach Pit",1,41325.0,1425,29.0
Joss Favela,1,40925.63,1188,34.45
"""Wheel of Fortune - The Live Tour""",1,40919.25,967,42.32
ABBA Mania (The Original From London's West End),1,40631.0,843,48.2
Ryan McMullan,2,40576.23,1325,30.06
Leith Ross,4,40436.73,2240,17.32
Scala &amp; Kolacny Brothers,1,40288.33,1101,36.59
"""Irish Artists For Palestine""",1,40271.55,1240,32.48
"""Lollapalooza Aftershows"", Iván Cornejo",1,40250.0,1150,35.0
Benson Boone,3,40223.08,1689,22.37
Lea Heart,1,40210.39,1509,26.65
Amyl and the Sniffers,1,40185.0,1374,29.25
Ron Sexsmith,3,40125.87,847,44.71
Franc Moody,3,40115.22,1686,24.28
Self Esteem,1,39941.64,1617,24.7
The Cream Of Clapton Band,2,39884.4,1194,35.9
Hardkiss,1,39824.08,698,57.05
Nathan Dawe,2,39789.95,1585,25.02
Sal Valentinetti ,1,39531.3,1000,39.53
Motel,1,39263.59,1198,32.77
Hot Mulligan,1,39227.75,1135,34.56
Christopher Cross,1,39120.0,600,65.2
Rod Tuffcurls And The Bench Press,3,39089.0,1613,24.46
Dzem,1,39003.0,596,65.44
"Unforgettable Fire - Trib. to U2, Fix You",1,38997.5,1573,24.79
Neil Zaza,1,38848.5,749,51.87
Enter Shikari,2,38594.02,1077,36.11
Steve Backshall,1,38576.25,1090,35.39
Hamsandwich,1,38522.98,1254,30.72
GAYLE,4,38395.0,1744,22.51
Tom Allen,1,38201.68,1298,29.43
L.A. Guns,1,38098.5,1274,29.9
Diarrhea Planet,1,37891.38,1077,35.18
Russell Howard,1,37762.75,919,41.09
"""A Crime World Presentation with Nicola Tallant""",1,37670.08,1219,30.9
Drive-By Truckers,2,37640.3,902,41.24
The Doors Alive,1,37483.72,1513,24.77
Destroy Boys,3,37374.13,1514,25.33
"""Bresh!""",1,37339.18,1628,22.94
Portugal. The Man,1,37298.88,1014,36.78
Kiefer Sutherland ,1,37286.95,881,42.32
Des Bishop,1,37275.34,1181,31.56
Celebrating Billy Joel - America's Piano Man '50 Years of Billy',1,37263.0,921,40.46
Los Dynamite,1,37140.54,1562,23.78
Overmono,1,37140.31,1176,31.58
Orbital,1,37123.54,941,39.45
Brooke Combe,2,37081.97,1900,19.48
Peach Pit,1,37050.0,1482,25.0
The Soup Dragons,1,36912.05,981,37.63
Here Come The Mummies,2,36901.0,1244,31.37
Rupi Kaur,1,36889.65,590,62.52
Yächtley Crëw,1,36881.0,948,38.9
Vistas,1,36826.3,1800,20.46
Death Grips,1,36786.46,850,43.28
Yves Tumor,2,36746.8,1887,17.16
One Night of Queen Perf. By Gary Mullen,1,36640.0,665,55.1
Yngwie Malmsteen,1,36435.4,686,53.11
Inspiral Carpets,1,36434.7,1167,31.22
Legends In Concert,1,36382.0,1163,31.28
Jeffrey Ross,1,36252.0,984,36.84
Bersuit Vergarabat,1,36162.42,1462,24.73
The Undertones,1,35764.06,846,42.27
Big Bad Voodoo Daddy,1,35646.5,786,45.35
Jean-Marc Parent,1,35559.6,893,39.82
Anees,1,35509.0,1611,22.04
"""Lovett Or Leave It""",1,35477.0,745,47.62
Tommy Emmanuel,1,35398.6,632,56.01
La Vela Puerca,1,35352.72,1167,30.29
Sunny Day Real Estate,1,35274.0,909,38.81
Andrés Suárez,1,35269.19,1172,30.09
Majid Jordan,1,35246.98,1365,25.82
Herb Alpert and Lani Hall,1,35238.13,691,51.0
Deirdre O'Kane,1,35157.5,1119,31.42
Nothing More,1,35042.0,957,36.62
Steve Earle,1,34958.57,761,45.94
Fernando Delgadillo,1,34879.6,484,72.07
M83,1,34719.0,905,38.36
Beast In Black,2,34646.53,1411,24.56
Donovan Morales,1,34535.44,948,36.43
"""Best Night Ever Party""",5,34503.0,1832,18.46
Skinny Living,4,34287.09,1461,23.32
Jada Pinkett-Smith,1,34281.0,605,56.66
Maz Jobrani,1,34158.0,654,52.23
Rubytates,1,33786.58,1555,21.73
glaive,2,33786.53,1374,22.56
Alizzz,1,33685.75,1047,32.17
TesseracT,1,33638.26,894,37.63
Shane Todd,1,33581.28,1060,31.68
Kolby Cooper,4,33406.0,2237,14.72
Clinton Kane,2,33367.31,1550,21.22
Charlotte De Witte,1,33298.45,459,72.55
Caroline Polachek,1,33293.72,1079,30.86
The White Buffalo,2,33188.5,1203,27.34
That Mexican Ot,1,33103.0,991,33.4
Kult,1,33071.77,559,59.16
Hobo Johnson,2,33025.0,1300,25.52
Best of the Eagles - Tribute Band,1,32893.0,1024,32.12
"""Niall 'Bressie' Breslin - Where is my Mind? Podcast""",1,32668.52,1103,29.62
"""K-Pop Club Night""",3,32570.0,1438,22.61
Skylights,3,32486.59,1704,16.97
Disco Biscuits,1,32381.0,542,59.74
Pop Evil,3,32314.81,1104,27.51
Men I Trust,1,32259.0,949,33.99
Young Nudy,1,32235.0,999,32.27
Let's Sing Taylor - A Live Band Experience,1,32186.75,1573,20.46
Isaiah Rashad,1,32130.6,850,37.8
"Emily King, Devon Gilfillian ",1,32110.97,867,37.04
Amigo the Devil,1,32093.5,1019,31.5
The Legendary Wailers,1,32073.85,1100,29.16
"""Brasas México""",2,32034.82,4810,6.79
Please Don't Destroy,1,31988.0,786,40.7
The Gilmour Project,1,31940.0,1023,31.22
Donnie Baker,1,31898.0,644,49.53
Jai Wolf,2,31836.5,1170,27.53
Against The Current,2,31824.79,1257,25.34
Don Felder,1,31766.0,1120,28.36
SPICE WANNABE - The Spice Girls Tribute,1,31753.0,979,32.43
Alexandra Kay,3,31753.0,1325,22.19
Paradise Lost,1,31708.98,850,37.3
Harvest,1,31659.72,1298,24.39
Lauren Mayberry,1,31527.2,1000,31.53
Harry Mack,1,31527.2,1000,31.53
CupcakKe,2,31445.0,1364,23.05
The Elovaters,2,31442.0,1233,25.54
Danny Pellegrino,1,31396.0,600,52.33
BAT: The Music of Meat Loaf,1,31309.0,633,49.46
Jason Byrne,1,31263.2,858,36.44
The Garden,1,31136.0,947,32.88
Ari Shaffir,1,31065.0,1079,28.79
DMA's,1,30894.71,956,32.32
Jawny,4,30696.1,1838,16.93
SYML,2,30615.26,1114,24.7
Margaret Cho,1,30607.85,516,59.32
Ross Mathews,1,30605.43,641,47.75
Theo Katzman,2,30482.19,975,31.19
Jimmy Dore,2,30420.0,738,41.32
Rick Wakeman,1,30400.5,504,60.32
The 502s,2,30352.33,1756,16.8
VNV Nation,1,30322.5,1000,30.32
King Kong Company,1,30247.08,1031,29.34
July Talk,1,30224.31,1086,27.83
Samantha Bee,1,30164.6,468,64.45
Red Hot Chilli Pipers,1,29802.2,712,41.86
Carcass,1,29741.88,850,34.99
Rianne Downey,6,29731.32,1894,14.39
Dave Mason,1,29651.0,491,60.39
P-Lo,1,29650.0,1110,26.71
Vacations,1,29619.97,868,34.12
Spoon,1,29525.0,655,45.08
Anuhea,2,29348.0,884,34.69
Wunderhorse,2,29205.36,1600,17.15
Trueno,1,29090.04,1031,28.22
moe.,1,29076.0,764,38.06
Clavish,2,28991.21,1850,15.8
Starsailor,1,28981.07,938,30.9
Papadosio,1,28926.0,850,34.03
Corrosion Of Conformity,2,28920.53,947,30.0
"""Biggest Disco""",1,28881.02,453,63.76
Swans,1,28822.45,778,37.05
We Are Scientists,3,28811.57,1126,26.04
Radio Gaga,1,28749.84,670,42.91
Cammy Barnes,5,28672.61,1428,20.04
"""Conor Sketches Live""",1,28548.37,712,40.1
Stayin' Alive: One Night of the Bee Gees,1,28541.0,516,55.31
Lucy Spraggan,1,28381.7,1081,26.26
Tennis,2,28322.0,1122,25.24
Black Flag,1,28257.26,838,33.72
The Zombies,1,28187.5,622,45.32
Chingadazo de Kung Fu,1,28043.29,1837,15.27
"""The Live Last Waltz"" feat. The Group - Trib. to The Band",1,28038.87,839,33.42
Moncrieff,2,27996.67,1481,17.88
Dead Kennedys,1,27914.75,846,33.0
Billie Marten,3,27675.13,1340,21.11
Obituary,1,27605.5,850,32.48
Hulvey,3,27500.0,1250,21.95
Marco Mares,1,27491.78,1287,21.36
Songer,3,27474.93,1073,25.55
Wild Child - Trib. to The Doors,1,27439.4,1286,21.34
Panchiko,2,27372.7,1082,24.24
Jinjer,1,27342.12,899,30.41
Atreyu,2,27250.15,1018,27.4
Mike Campbell &amp; the Dirty Knobs,1,27222.0,523,52.05
"""Disco Night""",1,27200.8,1081,25.16
G. Love,1,27079.5,640,42.31
Couch,2,27062.0,1400,19.06
Twin Atlantic,1,26924.92,980,27.47
The Aquabats,1,26905.0,971,27.71
Yoss Bones,1,26562.42,1148,23.14
Alfie Boe,1,26495.46,395,67.08
Slacker Media Group,3,26485.0,1675,17.66
Alex Agnew,1,26464.83,780,33.93
Billy Talent,1,26377.14,850,31.03
Hawthorne Heights,1,26375.0,800,32.97
Polyphia,1,26346.5,667,39.5
Girls Overheard,2,26344.12,790,32.3
Ethel Cain,1,26230.63,1300,20.18
Dillom,1,26216.33,635,41.29
Black Midi,1,26150.0,958,27.3
Wage War,1,26060.05,895,29.12
Sueco,2,26045.0,1181,22.06
Hannah Berner,1,25996.0,824,31.55
Whole Lotta Zepp,1,25964.33,792,32.78
Squid,1,25717.5,1032,24.92
Soulja Boy,1,25650.0,660,38.86
Dehd,1,25600.0,901,28.41
Henry Moodie,2,25564.58,1252,19.8
Carlos Mencia,1,25486.0,584,43.64
Paul Cauthen,1,25463.0,632,40.29
"""Lollapalooza Aftershows"", Magdalena Bay",1,25450.0,1018,25.0
Heather McDonald,1,25418.1,504,50.43
The Nude Party,2,25417.0,1074,22.66
Hamish Hawk,5,25377.69,1495,17.04
Aba N Preach,1,25355.0,600,42.26
Caity Baser,3,25322.31,1315,20.18
"""Party 101""",2,25310.0,1480,16.47
The Japanese House,1,25221.76,1000,25.22
Stayin' Alive - The Ultimate Trib. to Bee Gees,1,25029.0,580,43.15
Sixteen Candles,3,24890.0,1441,17.52
We Three,3,24878.6,1028,24.31
Majo Aguilar,1,24830.72,1040,23.88
Michael Schenker,1,24826.44,498,49.85
Countess Luann De Lesseps,1,24787.0,931,26.62
Finch (band),1,24774.08,561,44.16
Skindred,1,24636.45,846,29.12
Megan Moroney,1,24591.21,1300,18.92
Dawes,1,24312.0,600,40.52
Fear Factory,1,24292.84,748,32.48
The Dip,2,24273.0,1073,22.64
"""True Crime Obsessed Live!""",1,24120.0,603,40.0
The Last Dinner Party,2,24065.26,1270,19.0
Badly Drawn Boy,1,24034.22,600,40.06
Max Weinberg's Jukebox,1,23975.9,517,46.38
Larry Fleet,1,23968.75,726,33.01
JR De Guzman,1,23849.75,528,45.17
"""The Road To The Great Escape""",7,23794.58,1320,19.42
Katatonia,1,23604.33,632,37.35
Kidd G,2,23337.0,1065,22.12
Fred again..,3,23276.03,740,31.43
Breathe - The Pink Floyd Experience,1,23256.82,651,35.72
Katie Gregson-MacLeod,6,23166.38,1310,16.97
Unforgettable Fire - Trib. to U2,1,22943.55,923,24.86
Sammy J,1,22922.0,869,26.38
Russell Kane,1,22888.62,689,33.22
#SistersInLaw,1,22886.0,492,46.52
Kris Barras Band,4,22866.27,950,24.05
Declan Welsh &amp; The Decadent West,5,22824.73,1117,20.95
"""Broadway Rave""",4,22771.0,1250,17.8
The 4 Fabs - Trib. To The Beatles,1,22668.5,399,56.81
MOD SUN,1,22622.5,900,25.14
"""Johnny Cash - The Official Concert Experience""",1,22578.0,718,31.45
Eric Bellinger,2,22560.0,886,25.79
"Between The Buried And Me, Haken",1,22472.0,900,24.97
Jonny Craig,3,22416.0,1098,20.12
Ispíní Na Héireann,2,22413.48,1060,19.34
Zoso - The Ultimate Led Zeppelin Experience,2,22383.0,853,25.08
Steve'n'Seagulls,2,22229.33,887,24.65
Channel Tres,2,22048.42,1020,21.56
Daniel Quien,1,22029.94,981,22.46
A Brothers Revival - Allman Brothers tribute with former Allman Brother,1,21956.25,714,30.75
Invent Animate,3,21853.0,1275,17.11
The Tumbling Paddies,1,21699.55,805,26.96
Overkill,1,21466.4,661,32.48
G. Love &amp; Special Sauce,1,21461.0,539,39.82
HANABIE.,2,21325.0,1100,19.48
JaackMaate,2,21256.23,714,29.22
Somebody's Child,3,21249.99,1424,14.36
Ritt Momney,2,21248.5,919,23.15
Colin Hay,1,21222.0,406,52.27
Isaac Butler,2,21201.34,1016,20.53
Eric Cantona,1,21180.13,358,59.16
Electric Six,1,21114.42,848,24.9
Vanessa Zamora,1,21078.97,1156,18.23
"September in the Park: The Ultimate Earth, Wind &amp; Fire and Chicago Tribute",1,21027.0,644,32.65
The Cadillac Three,2,20998.0,877,24.16
Appetite For Destruction - Trib. To Guns N' Roses (NY),1,20973.8,1388,15.11
Madison Ryann Ward,2,20600.0,651,31.56
Tainted Love - The Best Of The 80's Live,1,20579.0,692,29.74
Circle Jerks,1,20540.0,660,31.12
Drake White,2,20535.99,919,24.79
Elvana,1,20467.04,548,37.35
"""Lollapalooza Aftershows"", Dope Lemon",1,20450.0,818,25.0
Lainey Wilson,1,20436.0,705,28.99
The Blades,1,20428.07,629,32.48
Seafret,2,20395.04,851,24.04
The Bluetones,1,20309.82,644,31.54
"Benito Skinner, Mary Beth Barone",1,20229.0,613,33.0
"""Shrek Rave""",3,20222.4,1117,20.35
Lights,1,20183.15,744,27.13
Róisín O,2,20069.42,708,28.39
Ziggy Alberts,1,20036.25,1273,15.74
Covet,2,20002.0,754,26.26
Professor Green,1,19958.17,713,27.99
The Charlatans UK,1,19930.5,489,40.76
Watsky,2,19898.48,768,25.92
The Airborne Toxic Event,1,19893.3,478,41.62
Havok,1,19881.0,789,25.2
Zakk Sabbath,1,19821.0,692,28.64
The Black Angels,1,19750.0,500,39.5
Dylan,1,19596.75,1300,15.07
"""RIDE - The Podcast""",1,19596.0,552,35.5
The Hives,1,19562.6,500,39.13
Wes Nelson,2,19509.92,950,20.6
Mahalia,1,19477.51,686,28.39
Bowling For Soup,1,19470.0,660,29.5
L.S. Dunes,1,19412.35,700,27.73
Kurtis Conner,1,19408.87,621,31.25
Hoodie Allen,2,19219.33,750,25.4
Boyce Avenue,1,19118.1,505,37.86
"""If You Know It Sing It""",1,19090.0,937,20.37
Ross Matthews,1,19085.0,490,38.95
Lotus,2,19033.0,729,26.16
Ani DiFranco,1,18994.0,479,39.65
Jack Botts,8,18972.51,1302,14.86
Wilder Woods,1,18920.0,600,31.53
Josh Ritter,1,18916.32,600,31.53
Health,2,18825.0,732,25.72
Baby Queen,2,18803.51,898,22.32
Hannibal Buress,1,18739.0,480,39.04
Pa Sheehy,3,18638.43,687,26.48
Nati Dreddd,5,18602.82,1202,15.81
Ali Sethi,1,18575.25,615,30.2
Meekz,2,18571.15,950,19.63
Apashe,1,18557.0,546,33.99
Wargasm,2,18531.56,872,21.47
Trevor Hall,1,18502.0,600,30.84
Hilltop Hoods,1,18493.36,614,30.12
Loveless,2,18486.7,966,19.18
Steve Hillage Band,1,18456.66,464,39.78
Judy Collins,1,18416.5,317,58.1
Kula Shaker,1,18369.94,560,32.8
Just Mustard,2,18255.19,776,22.88
Jordan,1,18252.05,598,30.52
SG Lewis,1,18222.96,632,28.83
Lissie,1,18162.31,600,30.27
Memphis May Fire,1,18150.0,660,27.5
The Aces,2,18146.8,848,21.78
La Moda,1,18085.91,827,21.87
Our Last Night,1,18020.0,900,20.02
Los Romanticos de Zacatecas,1,18017.22,864,20.85
Free Throw,2,18010.0,785,23.0
Matt Nathanson,1,17994.0,389,46.26
Saosin,1,17965.0,625,28.74
The Menzingers,1,17947.0,594,30.21
Barry Can't Swim,3,17907.33,1050,16.82
Decapitated,1,17862.38,550,32.48
"Jordana, Dev Lemons",3,17856.0,1132,15.71
Coin,1,17688.02,779,22.71
Sainte,2,17559.72,1040,17.21
Corey Smith,1,17510.0,660,26.53
Half*alive,1,17409.49,904,19.26
Steve Mason,2,17258.11,548,31.5
Reverend And The Makers,3,17257.17,829,17.05
Dead Pony,4,17171.6,1003,17.13
Yahritza y Su Esencia,1,17170.0,419,40.98
"""Frida""",1,17108.52,2701,6.33
Chappell Roan,1,17100.0,950,18.0
Sam Tompkins,1,17097.22,738,23.17
Ana Mena,1,16901.39,799,21.15
Gallus,2,16839.74,1040,17.12
Son Rompe Pera,1,16827.16,1003,16.78
Talos,1,16803.17,567,29.64
The Four Horsemen - The Album Quality Metallica Tribute,1,16781.75,1025,16.37
"""Disorder Fest""",1,16747.76,341,49.11
The Movement,1,16711.25,675,24.76
Hot Milk,2,16690.88,691,23.29
The Dear Hunter,1,16595.0,500,33.19
Russ Millions,1,16504.39,850,19.42
K Camp,1,16500.0,660,25.0
STRFKR,1,16500.0,660,25.0
Prue Leith,1,16496.8,405,40.73
Nick Mulvey,1,16434.11,600,27.39
Samia,2,16415.0,796,20.58
Novo Amor,1,16414.22,880,18.65
Jay Mohr,1,16370.0,465,35.2
Nia Archives,2,16359.08,850,18.26
Between The Buried And Me,1,16350.0,645,25.35
Francisca Valenzuela,1,16291.02,1128,14.44
Post Sex Nachos,2,16177.0,1178,14.67
Ab-Soul,1,16100.0,495,32.53
Usted Señalemelo,1,16012.82,691,23.17
KOJAQUE,2,15896.93,592,26.26
Bob Vylan,1,15889.71,700,22.7
GWAR,1,15869.0,473,33.55
Noname,1,15867.0,509,31.17
"""Lollapalooza Aftershows"", Band-Maid",1,15750.0,525,30.0
Damien Dempsey,1,15713.53,578,27.19
Friendly Fires,1,15700.55,498,31.53
Judge John Hodgman,2,15674.92,387,39.6
Margo Price,1,15670.0,559,28.03
Victor Wooten,1,15540.5,496,31.33
Aston Merrygold,1,15469.03,300,51.56
Stornoway,1,15448.32,612,25.24
Jake Shears,1,15436.5,500,30.87
"""A Christmas Date With Elvis""",1,15423.42,660,23.37
Del Water Gap,1,15392.0,600,25.65
Baby Rose,1,15350.0,588,26.11
Knuckle Puck,1,15320.0,600,25.53
Phony Ppl,2,15319.0,512,28.86
Cooper Alan,1,15280.0,712,21.46
Bruno Major,1,15133.06,600,25.22
Wheatus,1,15133.06,600,25.22
The Heavy,1,15133.06,600,25.22
Hervé,1,15095.34,480,31.45
Cosmo Pyke,3,15064.7,790,18.06
Mickey 9s,2,15039.27,800,18.76
Lisa Loeb,1,15035.0,397,37.87
Ben Ottewell,2,14933.99,600,24.89
Las Ligas Menores,1,14864.07,831,17.89
Muscadine Bloodline,1,14775.0,604,24.46
Kingfishr,3,14731.39,780,18.8
Hermitage Green,1,14679.53,467,31.43
Mersiv,1,14652.0,597,24.54
The Amazons,1,14642.49,595,24.61
Leon Benavente,1,14636.72,711,20.59
New Rules,1,14537.3,430,33.81
"""Taylor Swift Night""",1,14500.0,675,21.48
Bahamas,1,14500.0,458,31.66
Drew Lynch,1,14455.0,413,35.0
"""Emo Night Karaoke""",2,14420.85,950,14.86
Charley Crockett,1,14414.24,457,31.54
Shambolics,2,14395.17,882,16.64
Rebecca Black,2,14163.32,846,16.64
Summer Salt,1,14162.0,535,26.47
Canabliss,1,14100.0,247,57.09
Kelela,1,14008.76,423,33.12
Grits And Biscuits,1,14000.0,700,20.0
Jake Wesley Rogers,2,13940.47,553,22.25
Smino,1,13911.99,550,25.29
The Men They Couldn't Hang,1,13871.96,500,27.74
The Twang,1,13808.92,437,31.6
Sir Chloe,2,13795.39,727,18.99
The Record Company,1,13750.0,400,34.38
Lucia &amp; The Best Boys,2,13647.99,732,16.71
Gentleman's Dub Club,1,13646.43,485,28.14
Hak Baker,2,13645.4,694,20.23
Crawlers,1,13621.01,635,21.45
Fruit Bats,1,13587.0,522,26.03
Senses Fail,1,13586.0,479,28.36
Retro Video Club,1,13424.49,680,19.74
Eli Young Band,1,13392.76,472,28.37
La Dispute,1,13333.93,500,26.67
Polaris,1,13313.43,473,28.15
Josh Thomas,1,13300.0,380,35.0
The Sherlocks,1,13241.43,600,22.07
NOAHFINNCE,2,13227.28,649,20.24
Nunca Jamas,1,13224.88,670,19.74
BabyTron,1,13200.0,500,26.4
Running Touch,1,13153.81,509,25.84
"""Slate: Political Gabfest""",1,13130.0,300,43.77
AJJ,2,13123.0,546,24.46
The Waeve,2,13087.94,527,24.82
Trae Crowder,1,13030.0,401,32.49
Spyres,2,13028.89,905,15.52
Veeze,1,13025.0,500,26.05
Rawayana,1,13025.0,500,26.05
Teo ,1,13025.0,500,26.05
Plini,1,13025.0,500,26.05
The Jungle Giants,1,12899.37,499,25.85
House Gospel Choir,1,12851.44,461,27.88
Thuy,1,12850.0,500,25.7
Helmet,1,12796.07,409,31.29
TAUK,1,12755.0,348,36.65
Alfa Mist,1,12686.55,555,22.86
Capital Cities,1,12665.0,431,29.39
Arkells,1,12660.5,545,23.23
Ocean Alley,1,12617.11,440,28.68
Sundara Karma,1,12610.88,500,25.22
The Joy Hotel,2,12524.88,825,14.7
Chase Matthew,1,12497.0,494,25.3
Axel Catalán,1,12482.25,814,15.33
Whitney,1,12447.78,472,26.37
James TW,2,12445.26,561,22.76
Ryan Mack,1,12431.35,696,17.86
Indigo De Souza,1,12400.0,600,20.67
The K's,2,12342.35,732,17.24
Real Friends,1,12328.0,501,24.61
Stonebwoy,1,12320.0,361,34.13
Slow Pulp,1,12320.0,600,20.53
Nation Of Language,2,12289.27,593,20.49
Aluxxxin,1,12284.82,569,21.59
Rachel Sermanni,2,12219.68,500,26.29
Leonardo De Lozanne,1,11973.88,775,15.45
flipturn,2,11970.0,665,18.0
Lettuce,1,11904.0,357,33.34
The Ruts D.C.,2,11892.06,416,28.58
Nik Kershaw,1,11885.75,290,40.99
Cara Rose,2,11884.75,758,16.89
JUNNY,1,11848.05,215,55.11
Built To Spill,1,11830.0,395,29.95
Deer Tick,1,11830.0,338,35.0
Lancey Foux,1,11823.81,450,26.28
Adam Melchor,3,11803.73,545,19.4
British Lion,1,11799.59,415,28.43
Buscabulla,1,11795.16,292,40.39
Draw The Line - Trib. To Aerosmith,1,11747.0,502,23.4
Hot 8 Brass Band,1,11699.68,437,26.77
Noah Pino Palo,1,11675.54,678,17.22
Mike Peters,1,11576.79,367,31.54
The House Of Love,1,11496.34,317,36.27
Rare Americans,1,11488.93,432,26.59
90s Live,1,11452.87,324,35.35
Antonio Orozco,1,11438.36,239,47.86
Thumpasaurus,2,11405.69,750,14.96
corook,2,11402.76,736,15.69
The Royston Club,1,11349.79,600,18.92
The Big Moon,1,11349.79,500,22.7
"""iParty with DJ Matt Bennett""",1,11283.0,660,17.1
French the Kid,2,11238.49,645,17.58
Common Kings,1,11215.0,438,25.61
"""Gasolina Dance Party""",1,11215.0,470,23.86
Psychedelic Porn Crumpets,1,11212.28,600,18.69
Vader,1,11107.15,342,32.48
Moreish Idols,1,11097.92,600,18.5
Chris Renzema,1,11038.0,477,23.14
White Reaper,2,11036.0,622,17.72
Peace,1,11034.52,500,22.07
Willie J Healey,3,11009.24,555,20.89
Skynd,1,10961.38,542,20.22
The Slow Readers Club,1,10943.61,440,24.87
Wild Youth,1,10938.98,600,18.23
Luz,2,10930.69,605,18.3
Nova Twins,1,10905.69,600,18.18
Molly Tuttle,1,10841.0,304,35.66
The Lone Bellow,1,10814.0,372,29.07
Aaron Watson,1,10739.0,441,24.35
Andrew McMahon in the Wilderness,2,10728.16,345,31.02
The High Kings,1,10665.0,351,30.38
Tamino,1,10651.73,442,24.1
Hermitude,1,10591.0,498,21.27
Nell Mescal,2,10567.49,550,19.19
Random Rab,1,10566.0,404,26.15
BKtherula,1,10545.0,500,21.09
Simply Dylan - Trib. to Bob Dylan,1,10500.36,280,37.5
Prince Daddy &amp; the Hyena,1,10500.0,490,21.43
"""Gasolina Reggaeton Dance Party""",1,10497.0,600,17.5
Kaia Lana,1,10485.78,425,24.67
The Brook &amp; The Bluff,1,10445.0,521,20.05
Tenille Arts,1,10431.1,400,26.08
redveil,1,10425.0,495,21.06
ReBirth Brass Band,1,10375.0,404,25.68
Municipal Waste,1,10270.87,345,29.77
THUMPER,1,10261.34,481,21.33
Drake Milligan,2,10230.0,496,20.62
Jimeoin,1,10131.58,412,24.59
The California Honeydrops,1,10125.0,400,25.31
The War and Treaty,1,10055.0,364,27.62
Therapy?,1,10025.65,300,33.42
Arrows In Action,1,9985.0,365,27.36
Kings Of Thrash,2,9951.0,311,32.22
Joey McIntyre,1,9936.8,230,43.2
ZZ Ward,1,9842.0,414,23.77
Parliamo,3,9809.81,613,15.81
Daniel Donato,2,9804.0,558,18.01
Koo Koo,1,9700.0,349,27.79
Mac Sabbath,1,9682.0,355,27.27
The Lemon Twigs,1,9669.4,447,21.63
Mist,2,9626.5,342,27.98
Karpe,1,9593.0,411,23.34
Sumbuck,1,9502.0,500,19.0
Five For Fighting,1,9494.5,317,29.95
Jackson Dean,1,9458.16,500,18.92
We Came As Romans,1,9410.64,315,29.88
Hoodoo Gurus,1,9317.5,285,32.69
Gaelic Storm,1,9275.0,307,30.21
Ana Popovic,2,9124.0,247,36.57
Liam Payne,1,9116.83,197,46.28
Paul Draper,1,9104.94,300,30.35
The Hoosiers,1,9079.83,320,28.37
The Paper Kites,1,9033.0,600,15.06
Fenne Lily,3,9031.16,567,15.94
Meri Deal,1,9029.06,444,20.34
George Clanton,1,8952.0,367,24.39
Vérité,1,8939.0,397,22.52
Dessa,1,8902.0,355,25.08
Deap Vally,1,8830.0,401,22.02
Save Ferris,1,8825.0,405,21.79
Eric Hutchinson,1,8800.0,333,26.43
Astronomía Interior,1,8795.61,720,12.22
Kevin James Thornton,1,8782.88,266,33.02
"Phum Viphurit, Mild Orange",1,8690.0,299,29.06
Hunter Hayes,1,8670.0,216,40.14
Buckcherry,1,8655.0,295,29.34
"""Be Our Guest: Disney DJ""",1,8648.8,406,21.3
Do Nothing,3,8608.78,541,15.94
Conner Smith,1,8600.0,463,18.57
Reverend Horton Heat,1,8565.0,348,24.61
"Guerilla Toss, Thumpasaurus",1,8538.0,491,17.39
Chelsea Grin,1,8505.62,300,28.35
Eddie Zuko,1,8505.0,225,37.8
Kaash Paige,1,8500.0,319,26.65
The Plot In You,1,8463.0,399,21.21
Chat Pile,2,8340.0,371,22.38
Lucky Chops,1,8300.0,380,21.84
Julia Wolf,1,8295.0,553,15.0
Troy Hawke,1,8261.28,316,26.14
Afflecks Palace,2,8246.7,424,19.46
Vlure,1,8204.64,504,16.28
Delta Rae,1,8195.0,324,25.29
Moon Hooch,1,8185.0,370,22.12
Dune Rats,2,8122.86,443,18.31
Mom Jeans.,1,8027.85,500,16.06
Crown The Empire,1,8013.0,357,22.45
Zak Abel,1,8007.28,342,23.41
"Ben Ottewell, Ian Ball",2,7992.81,289,28.6
The Brothers Comatose,1,7913.0,382,20.71
Swim Deep,2,7891.4,419,18.96
Iya Terra,1,7852.0,463,16.96
Marc Ribot's Ceramic Dog,1,7850.0,241,32.57
Magic City Hippies,1,7837.0,309,25.36
Banners,1,7828.6,500,15.66
Khakikid,1,7824.26,413,18.94
Darren McGarvy,1,7813.56,400,19.53
John Craigie,1,7810.0,380,20.55
Nekrogoblikon,1,7710.27,298,25.87
Dirty Honey,1,7703.31,500,15.41
Unearth,1,7677.0,314,24.45
Corella,3,7671.96,517,14.31
Duke Special,2,7648.92,364,21.58
Andrew Cushin,2,7647.93,401,19.19
Full Of Hell,1,7632.11,300,25.44
Amistat,1,7612.86,367,20.74
Cancer Bats,1,7575.63,300,25.25
The Answer,1,7566.53,300,25.22
She Wants Revenge,1,7566.52,300,25.22
Heather Land,1,7560.0,200,37.8
modernlove.,2,7548.45,491,15.38
Darren Kiely,1,7513.03,400,18.78
Aby Coulibaly,1,7499.27,430,17.44
CVC,3,7485.89,484,16.59
Rory,1,7474.86,500,14.95
Rubblebucket,1,7458.0,368,20.27
Michael Aldag,2,7455.1,449,17.03
Youth Lagoon,2,7426.67,346,21.46
Lucia,1,7408.9,500,14.82
Eloise,2,7403.66,434,17.23
Chris Shiflett,1,7362.37,300,24.54
Taahliah,1,7345.64,436,16.85
Cancer,1,7274.86,224,32.48
Geese,2,7267.98,444,17.04
Robert Grace,1,7238.49,336,21.54
Bernz,1,7205.44,460,15.66
Jesse Malin,1,7123.38,266,26.78
Deko,1,7112.0,359,19.81
Josh Abbott Band,1,7107.0,244,29.13
Smells Like Nirvana - A Trib. to Nirvana,2,7095.0,473,15.0
Fortunate Youth,1,7095.0,260,27.29
The Xcerts,1,7081.01,373,18.98
Crooked Colours,2,7079.62,326,22.22
Milk.,1,7071.82,404,17.5
Georgie Carroll,1,7015.04,270,25.98
Admiral Fallow,1,6999.04,300,23.33
Disq,1,6986.0,400,17.47
Tricot (JPN),1,6979.97,324,21.54
Lisa McHugh,2,6969.92,254,27.44
Southern Culture On The Skids,1,6960.0,331,21.03
Kean Kavanagh,1,6956.59,350,19.88
Stone,1,6901.85,500,13.8
Robert Forster,1,6761.88,224,30.19
Brooke,1,6750.14,381,17.72
Willi Carlisle,3,6745.0,433,15.63
The Joy Formidable,1,6744.29,287,23.5
Token,2,6707.69,245,27.34
The March Violets,1,6638.88,266,24.96
John Power,1,6620.71,300,22.07
Smash Into Pieces,1,6620.71,300,22.07
William Prince,2,6598.51,348,18.94
Punk Rock Factory,1,6591.56,220,29.96
Chris Knight,1,6540.0,202,32.38
Spear Of Destiny,1,6533.7,233,28.04
The Big Sleep,2,6504.16,415,15.48
Medium Build,2,6501.48,362,18.04
Brass Against,1,6499.64,180,36.11
Lil Darkie,1,6470.68,303,21.36
Cate,2,6469.17,443,15.7
Sun Room,1,6464.0,278,23.25
Kiana Ledé,1,6450.3,149,43.29
Anson Seabra,1,6440.83,330,19.52
Tijuana Bibles,3,6437.06,392,16.0
Daytime TV,1,6427.77,336,19.13
Teleman,1,6372.07,300,21.24
Lanterns On The Lake,1,6360.93,315,20.19
Bobcat Goldthwait,1,6315.0,196,32.22
Skitz Kraven,1,6247.0,323,19.34
Man Of Moon,3,6232.58,483,13.01
Bilk,2,6229.24,549,11.46
Neal Francis,1,6225.0,285,21.84
Kid Kapichi,1,6200.9,428,14.49
Amanda Shires,1,6152.06,300,20.51
"""Take On Me: New Wave 80s Party""",1,6124.0,352,17.4
The Subways,1,6119.51,264,23.18
Weval,1,6048.92,280,21.6
Randall King,1,6045.0,397,15.23
Dale Watson,1,6039.0,279,21.65
Chiiild,1,6000.0,274,21.9
Dirtwire,1,6000.0,400,15.0
Southall,1,6000.0,400,15.0
Fizzy Orange,1,5982.9,300,19.94
The Boo Radleys,1,5979.15,210,28.47
Caroline Rose,1,5971.61,244,24.47
Cassyette,1,5969.18,350,17.05
American Authors,1,5965.0,287,20.78
Spencer Sutherland,1,5958.0,243,24.52
2hollis,1,5950.0,350,17.0
Mipso,1,5934.0,291,20.39
Mike Doughty,1,5872.0,218,26.94
Sons Of The East,1,5867.0,257,22.83
Valtos,1,5860.17,300,19.53
Claire Rosinkranz,1,5786.0,271,21.35
Hail The Sun,1,5771.0,275,20.99
Bricknasty,2,5720.46,360,14.84
Microwave,1,5717.92,300,19.06
Joe Strummer - Tribute Night,1,5709.55,300,19.03
Cursive,1,5698.0,246,23.16
Morgan Evans,1,5687.0,204,27.88
Charlotte Adigery,1,5686.7,1003,5.67
Spector,1,5684.99,320,17.77
Trousdale,1,5680.0,342,16.61
Nadine Shah,1,5674.9,300,18.92
Seb Lowe,1,5668.59,448,12.65
Stomptown Brass,1,5589.67,297,18.82
OFF!,1,5576.53,243,22.95
Definitely Oasis - Trib. to Oasis,1,5574.71,300,18.58
Girli,1,5531.09,296,18.69
The Oozes,3,5518.13,398,13.67
Alana Springsteen,2,5484.24,308,18.3
Welshly Arms,2,5469.09,258,21.34
"""The Two Norries Podcast""",2,5454.06,169,32.16
Elles Bailey,1,5439.9,264,20.61
Nita Strauss,1,5380.0,199,27.04
James Marriott,1,5375.93,300,17.92
Kameron Marlowe,1,5367.5,299,17.95
The Luka State,3,5367.38,395,13.53
Isla de Caras,1,5352.5,211,25.37
Tigercub,1,5296.57,300,17.66
Skinny Lister,2,5288.35,241,22.17
Bumpin Uglies,1,5270.0,261,20.19
Lyra,2,5257.41,368,14.3
KennyHoopla,1,5238.0,179,29.26
Agent Orange,2,5218.0,256,20.32
Jake Scott,1,5183.73,146,35.51
Voodoos,2,5156.59,368,14.02
Post-Party,1,5154.59,272,18.95
Odie Leigh,2,5138.61,293,17.0
Moonchild,1,5104.0,176,29.0
Bodysnatcher,1,5100.0,300,17.0
Slix,2,5095.83,420,12.27
Danko Jones,1,5084.71,224,22.7
Joshua Grant,2,5055.64,412,12.52
Modena City Ramblers,1,5036.79,221,22.79
Frankie Stew &amp; Harvey Gunn,1,5023.67,272,18.47
Benny Sings,1,5018.3,526,9.54
Wax Tailor,1,4985.0,228,21.86
Durry,1,4950.0,275,18.0
Scarypoolparty,1,4924.67,292,16.87
Giovannie &amp; The Hired Guns,1,4923.0,265,18.58
Pastel,1,4918.24,300,16.39
Powfu,1,4847.2,225,21.54
Orions Belte,1,4818.0,296,16.28
Ravenscoon,1,4816.0,215,22.4
A Fairytale of The Pogues,1,4812.95,175,27.5
Protomartyr,1,4808.0,237,20.29
Fame On Fire,1,4798.0,232,20.68
Olivia Dean,1,4788.28,300,15.96
"""KPOP Dance Party""",1,4775.0,198,24.12
Rachel Mae Hannon,1,4760.97,261,18.24
Suzi Ruffell,1,4758.97,157,30.31
Jalen N'Gonda,1,4729.08,300,15.76
Titus Andronicus,1,4716.0,231,20.42
Nate Craig,1,4715.0,261,18.07
THE HARA,1,4692.65,191,24.57
Isaac Gracie,2,4688.94,245,19.13
Dictator,1,4667.96,300,15.56
Hockey Dad,1,4663.7,300,15.55
Meryl Streek,2,4663.14,332,13.18
ULY,1,4658.08,248,18.78
Puma Blue,1,4653.42,228,20.41
Khemmis,1,4645.0,206,22.55
Mike Love,1,4624.0,244,18.95
Murdo Mitchell,3,4609.65,391,11.48
The Last Internationale,1,4585.33,273,16.8
Depths Of Wikipedia LIVE,1,4560.0,199,22.91
Renaissance,2,4493.66,341,13.24
Carbon Leaf,1,4485.0,218,20.57
Laura Jane Grace,1,4475.0,158,28.32
Pete Murray,1,4450.18,204,21.81
Mickey Avalon,1,4412.5,185,23.85
Sigh,1,4411.47,163,27.06
Radkey,2,4407.0,316,13.94
"Dev Lemons, Jordana",1,4400.0,275,16.0
Richy Mitch &amp; The Coal Miners,1,4384.4,280,15.66
Temples,1,4367.4,290,15.06
Nahko (Solo),1,4337.42,134,32.37
Sarah Shook &amp; The Disarmers,2,4332.0,253,16.49
Nabihah Iqbal,1,4331.84,185,23.42
Deco,2,4325.53,272,15.88
Low Cut Connie,1,4304.0,168,25.62
PG Ciarletta,2,4303.15,329,13.01
Rachel Feinstein,1,4250.0,170,25.0
Connor McGlave,1,4206.47,300,14.02
Laura Veirs,1,4172.65,146,28.58
Ingrid Andress,1,4144.91,170,24.38
Kassi Ashton,1,4143.0,326,12.71
Låpsley,1,4138.5,234,17.69
Arlo Mckinley,1,4134.0,265,15.6
Opus Kink,1,4111.07,300,13.7
Ella Jane,2,4101.41,248,16.27
"""Taylor's Version""",1,4100.0,234,17.52
Bartees Strange,2,4075.2,204,20.15
The Dust Coda,1,4050.61,229,17.69
Urzila Carlson,1,4050.3,190,21.32
One Night Eight,1,4035.7,300,13.45
Mo Lowda &amp; The Humble,2,4035.0,269,15.0
Matt Stell,1,4013.0,140,28.66
Arts Fishing Club,1,4010.0,254,15.79
Dirt Monkey,1,4007.0,178,22.51
Resorte,1,4001.63,537,7.45
Voice of Baceprot,1,3995.0,134,29.81
Bottle Rockets,1,3991.42,290,13.76
Seaforth,2,3945.0,263,15.0
Slothrust,1,3940.0,190,20.74
Tove Styrke,2,3922.02,244,16.93
SKAAR,3,3908.44,259,14.62
Scratchcard Wednesday,1,3906.78,300,13.02
Spiral Cities,1,3906.77,300,13.02
Soapbox,1,3906.77,300,13.02
Nix Northwest,2,3906.06,231,16.84
LYNY,1,3878.0,185,20.96
Paws,3,3861.46,236,16.4
Loop,1,3856.76,155,24.88
Jeleel!,1,3855.0,150,25.7
Dazed &amp; Confused,1,3853.39,286,13.47
Slapshot,1,3848.53,158,24.36
Chris Andreucci,1,3842.19,300,12.81
Chris Kabs &amp; Loud Motive,1,3834.95,192,19.97
Mark Sharpe &amp; The Bicycle Thieves,2,3821.1,294,13.14
Clay Rings,1,3805.96,300,12.69
David Wax Museum,2,3804.0,207,18.46
Sam Grisman Project,1,3802.0,151,25.18
Ten Tonnes,1,3800.92,299,12.71
Orlando Weeks,1,3795.73,183,20.74
Scott Seiss,1,3795.0,143,26.54
Magnolia Park,1,3791.52,231,16.41
julie,1,3783.26,300,12.61
Dirtysnatcha,1,3765.0,179,21.03
Four Faces,2,3738.08,223,16.74
The Ramparts,1,3734.08,285,13.1
Rodeo Club,1,3729.67,275,13.56
Cloud House,1,3707.6,291,12.74
The Fauves,1,3707.59,255,14.54
Rhys Lewis,1,3684.01,267,13.8
Toucan,1,3673.12,172,21.36
Connor Fyfe,1,3670.08,245,14.98
Addison Grace,1,3658.0,137,26.7
Reverend Peyton's Big Damn Band,1,3645.0,211,17.27
Circles Around The Sun,1,3630.0,195,18.62
SonReal,1,3600.0,126,28.57
Vigilanti,1,3577.31,269,13.3
The Clause,2,3571.85,306,11.24
Thouxanbanfauni,1,3545.0,156,22.72
Sixpeace,1,3529.78,276,12.79
Joshua Burnside,1,3511.48,238,14.75
Weathers,1,3505.0,166,21.11
Nick Waterhouse,1,3498.75,162,21.6
Yam Haus,1,3465.0,198,17.5
Field Medic,1,3430.0,167,20.54
The Inspector Cluzo,2,3424.3,210,17.16
BoomBox,1,3415.0,171,19.97
Oddisee &amp; The Good Company,1,3405.88,138,24.68
Finger Eleven,1,3404.58,142,23.98
The Raveonettes,1,3399.74,103,33.01
Rhett Miller,1,3390.0,164,20.67
Cloth,1,3388.54,213,15.91
Nick Shoulders,1,3375.0,195,17.31
Adam Doleac,1,3374.0,143,23.59
Goodluck,1,3358.56,230,14.6
Che Durena,1,3345.0,129,25.93
Bölzer,1,3313.05,124,26.72
Yours Truly,1,3311.51,227,14.59
DJay Mando,1,3310.0,196,16.89
The Covasettes,1,3291.08,216,15.24
Bit Brigade,2,3285.0,212,15.0
When Chai Met Toast,1,3274.36,177,18.5
Royel Otis,1,3271.26,254,12.88
Jeff Leeson,1,3265.0,125,26.12
The Raven Age,1,3258.1,144,22.63
Tors,1,3254.73,253,12.86
Indie España,1,3252.6,777,4.19
Greg Fitzsimmons,1,3250.0,98,33.16
Hailey Whitters,1,3250.0,208,15.63
Orthodox,1,3236.0,174,18.6
piri,1,3220.81,196,16.43
Bea Stewart,2,3219.14,251,12.82
Eric Gales,1,3203.0,126,25.42
Ben Nichols,1,3200.0,130,24.62
Rachel Chinouriri,1,3197.73,212,15.08
Stop Light Observations,1,3195.0,204,15.66
lavalamp 003,2,3192.61,247,13.0
poptropicaslutz!,1,3174.0,167,19.01
Tommy Prine,2,3172.0,211,15.51
Arcade State,1,3167.86,300,10.56
Georgia,1,3162.81,167,18.94
Larkins,1,3150.19,177,17.8
Lo Moon,1,3148.93,247,12.75
Softcult,1,3143.76,248,12.68
Witt Lowry,1,3140.0,128,24.53
Pallbearer,1,3125.0,139,22.48
Usual Affairs,1,3116.3,233,13.37
Brògeal,1,3097.59,300,10.33
Marshall Crenshaw,1,3091.0,121,25.55
Jyoty,1,3080.0,308,10.0
Duane Betts,1,3066.0,132,23.23
Shahs,1,3037.19,243,12.5
The Rumjacks,1,3031.19,140,21.65
Smoking Popes,1,3028.0,147,20.6
Casey Lowry,1,3021.6,240,12.59
Games We Play,1,3020.3,238,12.69
Church Of Cash,1,3020.0,182,16.59
Grace Carter,1,3018.12,202,14.94
Trey Lewis ,1,3005.0,132,22.77
The Commoners,1,2992.67,158,18.94
Say She She,1,2987.64,241,12.4
The Ayoub Sisters,1,2980.89,140,21.29
Rory James,2,2970.82,230,12.86
Mac Saturn,1,2964.0,194,15.28
The Rooks,1,2954.82,220,13.43
Jaws,1,2935.81,153,19.19
Morning Midnight,2,2895.22,240,11.68
Ruby Waters,2,2876.73,166,17.44
The Big Pink,1,2875.34,234,12.29
Stars,1,2872.58,158,18.18
Echosmith,1,2856.36,143,19.97
Uninvited,1,2849.91,177,16.1
Pedalo,1,2841.53,211,13.47
Fazerdaze,1,2841.23,184,15.44
Led Zeppelin 2,1,2836.0,132,21.48
Marco Benevento,1,2835.0,132,21.48
Direct Hit!,1,2829.0,150,18.86
Plasticine,2,2820.52,220,12.85
Wishbone,1,2816.58,264,10.67
The Meffs,2,2812.82,206,13.52
The Cactus Blossoms,1,2795.0,160,17.47
Meet Me @ the Altar,1,2784.48,182,15.3
English Teacher,2,2774.39,220,12.61
Flair,1,2772.51,203,13.66
Whenyoung,2,2764.39,159,17.33
Combat Rock,1,2759.85,140,19.71
Town Mountain,1,2724.0,146,18.66
Don't Tell Mum,1,2698.76,170,15.88
Gengahr,1,2691.16,133,20.23
Model/Actriz,1,2689.9,177,15.2
October Drift,2,2688.86,163,16.95
BERWYN,1,2677.81,176,15.21
Drayton Farley,1,2655.0,177,15.0
Lil Chase,1,2650.0,265,10.0
Pink Limit,1,2649.54,205,12.92
North Star Boys,1,2640.0,117,22.56
Sonny Tennet,1,2636.93,174,15.15
The Heavy Heavy,1,2632.43,138,19.08
Tebi Rex,1,2629.56,140,18.78
Waverly,1,2624.05,188,13.96
Falasgair,1,2590.27,191,13.56
Elise Trouw,1,2575.0,164,15.7
Lewis McLaughlin,2,2574.7,200,12.87
Oscar Blue,1,2565.69,158,16.24
Strange Dimensions,1,2547.4,199,12.8
Holy Fool,1,2538.57,129,19.68
Gable Price and Friends,1,2535.0,106,23.92
Arxx,2,2525.64,240,10.46
Theta,1,2518.57,187,13.47
Ellie Dixon,1,2517.13,164,15.35
Milk,1,2515.99,207,12.15
Aephanemer,1,2500.73,132,18.94
Tim Gallagher,1,2486.63,140,17.76
"Overhead, The Albatross",1,2479.44,113,21.94
Cruel Sister,1,2479.08,229,10.83
Razz Mattreezy,1,2474.29,178,13.9
Saibh Skelly,2,2470.67,188,13.15
Dutch Uncles,1,2460.38,143,17.21
Her Picture,1,2446.89,186,13.16
Lucy McWilliams,1,2444.49,150,16.3
Velvet,1,2437.93,193,12.63
CARRON,2,2425.69,162,15.04
Cruise Balloon,1,2415.69,175,13.8
Noah Vonne,1,2408.0,132,18.24
Indoor Foxes,1,2394.9,192,12.47
The Fearless Vampire Killers,1,2386.29,153,15.6
Sammy Copley,1,2381.65,110,21.65
Blank Banshee,1,2369.74,110,21.54
Bicurious,1,2367.88,150,15.79
Delilah Bon,1,2358.16,137,17.21
Bradley Marshall,1,2350.21,150,15.67
Littlest Chicken,1,2337.56,175,13.36
Aqualung,1,2320.4,92,25.22
Circus,1,2314.85,185,12.51
CEEFAX,1,2311.87,164,14.1
Palehound,1,2306.0,126,18.3
The Volts,1,2303.47,171,13.47
Straid,1,2292.66,174,13.18
Bogle,1,2273.74,177,12.85
Briscoe,1,2251.0,143,15.74
Amandititita,1,2247.34,251,8.95
Fran,1,2233.93,522,4.28
Florist,1,2227.0,113,19.71
BLÜ EYES,1,2225.82,117,19.02
Algernon Cadwallader,1,2221.21,97,22.9
Wine Moms,1,2209.93,164,13.48
Torrs,1,2193.71,172,12.75
Gotts Street Park,1,2167.81,140,15.48
"""TU Dublin Student Union Rag Ball 2023""",1,2164.92,174,12.44
Panic Shack,1,2163.83,150,14.43
King No-One,1,2150.37,150,14.34
Caseveti,1,2150.15,163,13.19
Dr. Zhivegas,1,2145.0,163,13.16
Kardo,1,2126.01,205,10.37
waverley.,1,2074.49,160,12.97
Megalomatic,1,2071.96,155,13.37
Insider Trading,1,2069.44,159,13.02
Starcrawler,1,2068.23,103,20.08
Leif Coffield,1,2065.66,156,13.24
Bin Juice,1,2063.85,196,10.53
Lavalamp 004,1,2049.31,153,13.39
Future Utopia,1,2048.63,117,17.51
Dea Matrona,1,2046.82,128,15.99
Ist Ist,1,2041.63,134,15.24
Cara McBride,1,2033.77,153,13.29
Pinkshift,1,2030.87,107,18.98
Algiers,1,2028.4,108,18.78
Quiet Houses,1,2012.42,159,12.66
Aaron Kamm &amp; The One Drops,1,1983.0,143,13.87
Philip Selway,1,1980.84,53,37.37
Wiki,1,1966.61,101,19.47
Bellah Mae,1,1952.16,129,15.13
The Range,1,1923.66,129,14.91
Rhodes,1,1915.76,133,14.4
Billy Lockett,1,1915.32,125,15.32
Laura Misch,1,1908.03,115,16.59
Notions,1,1876.91,146,12.86
Iglu &amp; Hartly,1,1875.25,95,19.74
Neonwaves,1,1874.67,144,13.02
Dogs in a Pile,1,1865.0,109,17.11
Magic Nostalgic,1,1857.49,97,19.15
Off With Their Heads,1,1855.0,115,16.13
Don't Panic,1,1850.13,138,13.41
Alexander Stewart,1,1843.65,101,18.25
Tau and The Drones of Praise,1,1841.2,112,16.44
Post Animal,1,1824.0,97,18.8
Black Joe Lewis &amp; The Honeybears,1,1820.0,98,18.57
Skullcrusher,1,1813.79,125,14.51
Boogie Belgique,1,1808.4,79,22.89
Jasmine Jethwa,1,1789.48,129,13.87
The Hooten Hallers,1,1770.0,118,15.0
The Dream Machine,1,1769.58,152,11.64
Coque Malla,1,1766.95,172,10.27
Jeffrey Foucault,1,1738.0,86,20.21
Skylounge,1,1726.52,136,12.7
Ailsha,1,1717.22,135,12.72
Heart Attack Man,1,1710.38,104,16.45
Los Santos Inocentes,1,1709.96,205,8.34
Leyla Josephine,1,1698.96,106,16.03
Vernon Jane,1,1694.71,88,19.26
CQ Wrestling,1,1693.05,134,12.63
Master Peace,2,1685.53,111,14.34
Field Guide,1,1684.0,92,18.3
Devon Gilfillian ,1,1680.0,82,20.49
Nicki Night,1,1680.0,290,5.79
Seba Safe,1,1663.91,106,15.7
Mitch James,2,1651.85,110,14.69
Kelsy Karter,1,1646.76,107,15.39
The Telnets,1,1629.84,122,13.36
Public House,1,1616.71,124,13.04
Lyr,1,1611.67,83,19.42
Ha Ha Tonka,1,1605.0,94,17.07
Soul Glo,1,1601.75,83,19.3
CABL.,1,1596.23,150,10.64
LavaLamp,1,1595.14,127,12.56
Sam Gellaitry,1,1591.48,85,18.72
Kerr Mercer,1,1590.84,129,12.33
Highschool,1,1589.84,190,8.37
Lil Mariko,1,1575.52,130,12.12
Brad Heidi,1,1569.62,81,19.38
Cafuné,1,1567.53,124,12.64
Tern,1,1547.29,118,13.11
Voitures,1,1543.11,118,13.08
Chase Wright,1,1526.0,142,10.75
Tom A. Smith,2,1524.65,120,12.7
Pauric O'meara,1,1522.8,90,16.92
Low Rise,1,1522.13,115,13.24
Hannah Grace,1,1513.31,120,12.61
Egyptian Blue,1,1505.74,114,13.21
Jeshi,1,1495.64,122,12.26
Krooked Kings,1,1483.04,97,15.29
The Jordan,1,1480.06,43,34.42
Calva Louise,1,1471.18,117,12.57
Walt Disco,1,1462.86,116,12.61
Astrid,1,1445.76,120,12.05
Eric Paslay,1,1439.76,67,21.49
David Keenan,1,1435.1,96,14.95
Teenage Dads,1,1433.76,66,21.72
Austin Meade,1,1431.0,89,16.08
Priestgate,1,1425.01,120,11.88
That 1 Guy,1,1425.0,95,15.0
The Skins,1,1416.2,109,12.99
Kim Churchill,1,1411.49,64,22.05
NO PHOTOS,1,1409.46,90,15.66
Bemz,1,1387.2,100,13.87
Blaze Ya Dead Homie,1,1383.0,84,16.46
Etta Marcus,1,1382.82,127,10.89
Lament,1,1378.73,105,13.13
Callum Beattie,1,1375.34,84,16.37
Landon Conrath,1,1375.0,89,15.45
Maddy O'Neal,1,1371.0,80,17.14
Frankie Morrow,1,1327.43,96,13.83
Alfie Jukes,1,1324.14,105,12.61
Uada,1,1320.0,78,16.92
rainbow frog biscuits,1,1277.21,68,18.78
Project Smok,1,1276.01,67,19.04
The Castros,1,1251.88,93,13.46
Corinne Fisher,1,1240.86,50,24.82
Carsick ,2,1238.39,94,13.09
Junodream,1,1230.82,88,13.99
Louis On Tour,1,1230.0,163,7.55
Siv Jakobsen,2,1204.61,86,14.73
Kate Kyle,1,1204.59,88,13.69
lavalamp 007,1,1198.74,89,13.47
The Big Day,1,1195.07,100,11.95
Christy,1,1194.21,94,12.7
Nicky Lipp,1,1192.38,75,15.9
Slotface,1,1180.38,78,15.13
sim0ne,1,1169.65,74,15.81
Lenii,1,1164.04,72,16.17
The Valmonts,1,1152.94,71,16.24
Black Foxxes,1,1150.11,76,15.13
Breakfield,1,1150.0,68,16.91
The Stanleys,1,1147.63,111,10.34
Roman Alexander,1,1140.0,86,13.26
The Lines,1,1125.93,85,13.25
Sorcha Richardson,1,1117.0,70,15.96
Celaviedmai,1,1116.72,69,16.18
"John R. Miller, JP Harris",1,1114.17,60,18.57
Saige,1,1112.11,79,14.08
Olive Klug,1,1108.17,59,18.78
"""A New Local Hero - Finale""",1,1083.18,49,22.11
Good Morning Bedlam,1,1077.0,81,13.3
Girls Speak French,1,1060.58,82,12.93
Julia's Bureau,1,1058.05,77,13.74
Tom Rasmussen,1,1055.53,67,15.75
Trampolene,1,1040.64,83,12.54
Zand,1,1031.57,62,16.64
JP Harris,1,1026.58,69,14.88
Honeymoan,1,1013.91,78,13.0
Chef The Rapper,1,1009.25,73,13.83
Todd Day Wait's Pigpen,1,1008.0,86,11.72
The Florentinas,1,1004.6,94,10.69
Cat Clyde,1,989.71,68,14.55
Grandmas House,1,988.81,101,9.79
YourCuzMarcus,1,979.62,61,16.06
Phoebe Hall,1,949.91,88,10.79
Conor Byrne,1,935.82,58,16.13
The Cruel Knives,1,927.76,71,13.07
Parranderos Latin Combo,1,927.0,62,14.95
Devon,1,910.51,546,1.67
Gemma Dunleavy,1,904.2,69,13.1
Wallice,1,896.91,60,14.95
Tommy Ashby,1,894.11,70,12.77
The Fynches,1,877.85,51,17.21
Hotel Lux,1,877.72,57,15.4
Ethan P. Flynn,1,867.63,67,12.95
Suffocation,1,851.48,30,28.38
Chalk,1,850.09,45,18.89
Harrison Storm,1,825.13,54,15.28
The Ronains,1,816.6,64,12.76
The Wild Things,1,814.66,64,12.73
Snayx,1,812.14,64,12.69
Tempers,1,803.91,49,16.41
Matthew Hall,1,803.14,64,12.55
Happy Landing,1,783.0,56,13.98
Adeem The Artist,1,780.0,59,13.22
Ida Mae,1,764.22,40,19.11
Cousin Tony's Brand New Firebird,1,763.86,49,15.59
Kaya-T,1,757.75,49,15.46
Kassi Valazza,1,744.56,52,14.32
Aziya,1,744.21,49,15.19
"Eat Your Heart Out, Eat Your Heart Out",1,719.41,56,12.85
July Jones,1,712.09,57,12.49
"Jeffrey Martin, Anna Tivel",1,709.23,36,19.7
Lydia Ford,1,695.93,43,16.18
"Bedrooms, Pixie Cut Rhythm Orchestra",1,684.47,42,16.3
Mountain Grass Unit,1,684.0,47,14.55
Jacob Lee,1,674.54,53,12.73
Tinyumbrellas,1,669.64,44,15.22
Rae Fitzgerald,1,656.0,67,9.79
BAILEN,1,654.5,51,12.83
ROE,1,652.23,67,9.73
Last Boy,1,642.92,45,14.29
Emily Scott Robinson,1,621.27,38,16.35
Paddy Raff,1,619.59,29,21.37
IV,1,615.0,219,2.81
"Bnny, BNNY",1,597.0,41,14.56
Michael Timmons,1,588.04,46,12.78
The Collection,1,588.0,49,12.0
MADMADMAD,1,581.36,44,13.21
The Manatees,1,577.57,36,16.04
Kyle Lionhart,1,568.24,28,20.29
The Way Down Wanderers,1,564.0,40,14.1
Riz La Vie,1,560.12,26,21.54
SOFY,1,548.57,42,13.06
Poundgame Addison,1,538.0,54,9.96
Nick Schnebelen Band,1,537.0,38,14.13
Little Quirks,1,536.53,33,16.26
Ghost Funk Orchestra,1,528.0,38,13.89
You Said Strange,1,516.05,40,12.9
Tom The Mail Man,1,514.2,28,18.36
Caleb Caudle,1,504.0,44,11.45
Kohla,1,489.88,32,15.31
Scott Mulvahill,1,477.0,35,13.63
Maria BC,1,466.6,34,13.72
Ivan Ave,1,466.3,28,16.65
Elanor Moss,1,464.44,31,14.98
Someone,1,457.77,45,10.17
Jake Worthington,1,450.0,30,15.0
Wings of Desire,1,448.78,43,10.44
Cucamaras,1,442.64,33,13.41
Arctic Lake,1,441.38,35,12.61
The Clampdown,1,428.81,56,7.66
The Pearl Harts,1,416.03,27,15.41
Dylan Flynn And The Dead Poets,1,412.35,29,14.22
Ritch Henderson,1,385.0,30,12.83
Dream Nails,1,368.23,28,13.15
Abby Hamilton,1,366.0,26,14.08
Fotocrime,1,360.0,37,9.73
Dakota Poorman,1,344.0,35,9.83
Treeboy &amp; Arc,1,340.49,27,12.61
Youth Sector,1,312.75,24,13.03
No Fun At All,1,268.12,10,26.81
Nur-D,1,204.0,18,11.33
Really Good Time,1,197.22,15,13.15
Reevah,1,197.21,14,14.09
Pert Near Sandstone,1,180.0,12,15.0
Lemonade Shoelace,1,146.92,9,16.32
Begonia,1,136.0,13,10.46
Lewis Fitzgerald,1,44.84,4,11.21
Balming Tiger,1,12.99,120,0.11
Jota E + Campillo,1,7.58,181,0.04
Los Rabanes,1,2.47,32,0.08
