Headliner,Count,Total_Gross,Tickets_Sold,Avg_Ticket_Price
Beyoncé,9,407600112.95,1596165,262.07
Coldplay,16,377638169.82,2805686,129.2
"Kendrick Lamar, SZA",35,351540815.49,1712191,204.12
Shakira,44,342347660.87,2675489,142.33
The Weeknd,25,306255589.54,2005301,150.34
Chris Brown,37,286757181.75,1930362,143.38
Lady Gaga,24,286544086.26,1376853,216.57
Post Malone,35,197825039.05,1370069,142.34
Stray Kids,24,185384651.8,1265533,149.34
Imagine Dragons,33,185330530.59,1783699,102.75
Dua Lipa,36,181362976.66,1590842,121.09
Linkin Park,49,160555235.67,1363351,115.85
Metallica,19,137107458.47,1103697,123.47
Eagles,26,132995245.27,457453,291.28
Rauw Alejandro,47,104755618.48,780301,147.94
Tate McRae,69,102624814.88,1020809,99.47
My Chemical Romance,10,88552117.05,448045,200.09
Bad Bunny,8,85304493.34,517736,164.76
Billie Eilish,27,84041726.92,587032,146.78
Jonas Brothers,54,80589517.45,808936,100.86
Dead &amp; Company,6,75145124.0,294458,255.13
NBA YoungBoy,41,73624546.05,587736,122.93
Guns N' Roses,18,72102661.29,652326,109.91
Backstreet Boys,24,65138687.18,399831,162.95
Maroon 5,29,60843131.43,498558,127.68
Rüfüs Du Sol,35,59653177.33,692168,88.69
Bruce Springsteen &amp; The E Street Band,6,59625938.66,429948,139.04
Drake,18,58276863.11,371408,158.81
Mumford &amp; Sons,44,58088876.03,568296,98.38
Oasis,7,57167465.44,472627,121.26
Chris Stapleton,27,51945734.76,426113,126.5
Trans-Siberian Orchestra,58,50274189.97,642968,78.56
System Of A Down,3,45470377.28,302266,150.62
Iron Maiden,13,45167865.84,435068,105.47
Ghost,43,44084817.8,462088,95.97
Deftones,36,43997247.24,473351,92.14
Tyler Childers,28,43390286.93,466163,93.72
Chayanne,24,42908531.72,340414,128.68
Phish,29,42553269.1,428464,93.24
Dave Matthews Band,31,42503802.01,445135,99.92
Junior H,23,42326465.8,356825,116.54
Hozier,24,42325770.64,537171,76.6
Mary J. Blige,33,40991567.11,314340,127.76
Pierce The Veil,59,39491477.78,673324,58.52
Disturbed,41,38905039.71,426861,91.25
Katy Perry,26,38029363.6,313997,120.81
$uicideboy$,45,37331236.09,585272,64.95
Nine Inch Nails,22,35910874.28,310246,112.32
Matt Rife,35,35738577.64,446994,79.65
j-hope,7,34233600.34,178631,186.59
Paul McCartney,7,34071652.83,147837,251.07
Travis Scott,5,32441933.52,245393,138.59
Rod Stewart,28,31572285.91,284249,114.14
Stevie Nicks,12,30638807.4,155709,196.96
Sabrina Carpenter,20,30106527.23,307401,98.22
The Who,15,29324973.76,202191,145.6
Jin,6,28931970.73,142790,202.12
Teddy Swims,35,28749684.69,293098,101.83
Luke Bryan,29,28746288.16,451393,69.59
Lainey Wilson,26,28688854.45,319095,92.77
Creed,27,28536391.25,369469,79.91
Justin Timberlake,16,26954874.71,202468,135.33
Gracie Abrams,23,26729889.39,300532,81.47
Twenty One Pilots,16,25199416.41,298263,87.26
The Lumineers,19,25122642.1,355043,66.84
Olivia Rodrigo,6,23420107.2,227510,105.7
Dierks Bentley,33,23283552.15,443213,54.62
Pearl Jam,6,23156565.0,119067,194.12
Alejandro Fernández,24,22931077.08,237016,98.58
Ed Sheeran,3,22643073.52,212976,105.55
Playboi Carti,22,22630390.59,206655,110.07
Alejandro Sanz,14,22472885.99,181420,124.42
"""The Lion King""",40,22406277.84,268955,82.43
Zoé,2,22311365.82,345826,64.4
Kali Uchis,18,22079868.67,229162,92.2
Sting,16,21982703.95,176359,125.75
Green Day,6,21460949.76,162783,218.72
Shinedown,32,21331114.17,264926,80.16
Big Time Rush,40,21152362.24,355961,58.79
"""Electric Daisy Carnival"" (Mexico)",1,21083800.79,306917,68.7
"""Tecate Pa'L Norte""",1,20896723.37,228216,91.57
Marco Antonio Solís,13,20839496.46,188575,120.09
AC/DC,2,19802064.02,113695,176.24
blink-182,15,19096867.5,191116,138.87
The Offspring,36,18755375.16,354809,51.61
Sebastian Maniscalco,21,18668311.44,199030,91.25
"""Electric Picnic""",1,18191944.87,57750,315.01
Charli xcx,6,18148835.74,138231,132.02
"""Dancing With The Stars Live""",59,18111748.03,195018,92.29
Anyma,7,17922487.92,117634,152.09
"""FireAid Benefit Concert""",2,17470867.0,24907,702.5
Halsey,32,17361111.47,332770,58.1
Riley Green,40,17222468.29,274726,62.49
Lewis Capaldi,9,16955435.4,168732,98.87
Bryan Adams,22,16851779.6,206897,83.17
"""Corona Capital Festival""",1,16709417.19,173957,96.05
Adam Sandler,15,16649295.32,159248,102.72
Kendrick Lamar,5,16391807.46,175172,92.56
Lana Del Rey,2,15886206.43,101520,156.39
HARDY,19,15700851.87,220816,74.49
Rels B,8,15160572.29,208690,70.97
"""Vive Latino""",1,14609307.34,146151,99.96
"""Lollapalooza Chile""",1,14485022.56,73484,197.12
Central Cee,41,14449992.1,215875,58.48
TWICE,9,14410788.46,386463,57.19
Mariah Carey,18,14405553.0,79556,180.54
"Kesha, Scissor Sisters",25,14189011.55,391617,38.5
aespa,11,14143082.18,114362,125.86
Avril Lavigne,18,13943094.95,223571,67.48
Eric Clapton,5,13722762.98,67496,203.73
"""Weird Al"" Yankovic",27,13492075.38,221595,63.86
"""I-Days Festival""",2,13268377.23,149793,88.42
Chappell Roan,2,13087529.26,129632,100.26
SEVENTEEN,8,12934015.23,88592,144.03
Breaking Benjamin,24,12714852.35,238615,56.84
"""Radio City Christmas Spectacular""",2,12576958.0,133131,94.04
Olly Murs,16,11949027.78,150875,78.5
Kylie Minogue,13,11671678.83,103808,116.73
"""Coca-Cola Flow Fest""",1,11592281.19,158154,73.3
Tito Double P,19,11436457.13,151514,72.92
Cyndi Lauper,23,11211455.21,190424,60.89
Lenny Kravitz,9,11170397.27,73887,159.41
New Kids On The Block,16,11096560.0,63004,176.59
Lil Wayne,12,10847925.23,121825,92.13
"Cirque du Soleil - ""Ovo""",6,10742304.56,107075,100.68
Pitbull,7,10698298.05,111911,96.53
Fuerza Regida,4,10544687.8,120612,84.7
Robbie Williams,1,10536364.58,79676,132.24
Miguel Bosé,14,10498850.82,98926,100.88
"Papa Roach, Rise Against",30,10446521.02,204077,51.84
Kevin Hart,9,10390367.06,80162,126.78
Benson Boone,10,10154883.38,111736,85.56
Chase Atlantic,20,10116490.92,165283,61.04
"""Festival Estereo Picnic""",1,10077304.52,93630,107.63
Sam Fender,5,10069034.54,124226,75.39
Jelly Roll,9,10026266.75,120222,85.07
Styx,33,9790936.02,163775,60.76
Rascal Flatts,11,9575464.91,97821,98.96
David Byrne,10,9545607.8,67816,138.41
Vasco Rossi,1,9536547.65,111263,85.71
Billy Idol,12,9353267.15,119279,79.55
"""Les Misérables""",3,9311847.3,110499,84.1
Giveon,19,9274308.62,119788,76.05
Reneé Rapp,12,9202513.28,105913,86.95
Vybz Kartel,6,9086908.01,70501,131.56
Don Toliver,19,9032674.43,124898,72.29
Kelly Clarkson,9,8660326.46,37119,232.51
Bad Omens,14,8569424.64,116874,76.3
Caifanes,9,8568130.06,163240,60.47
"Jorge Medina, Josi Cuen",1,8463851.49,109765,77.11
"""Reggae Fest - The Return Of Vybz Kartel"", Vybz Kartel",1,8382799.5,31126,269.32
Dave Chappelle,5,8311587.78,64748,124.93
Simply Red,7,8304620.05,83682,102.97
"""World Wrestling Entertainment""",3,8241207.16,36670,224.41
"""Werchter Boutique"", Imagine Dragons",1,8191915.99,55000,148.94
"Billy Joel, Sting",1,8173873.25,46598,175.41
Jason Aldean,7,8109101.5,102261,90.08
Bunbury,6,8088982.23,103544,84.41
Jessie Murph,35,8077397.82,160254,50.74
Ricky Gervais,14,7968686.22,117013,67.55
Keith Urban,11,7745402.54,109479,71.39
"""Longitude""",1,7621036.55,47209,161.43
Hombres G,5,7590615.78,94102,92.91
Latin Mafia,19,7560424.71,135175,53.17
Lionel Richie,5,7480041.27,46905,219.01
Maluma,4,7389121.29,71728,113.0
Doja Cat,4,7384674.46,59032,124.08
Nelly,14,7286567.52,128402,59.89
Pantera,9,7226719.39,86179,83.41
Mora,7,7132543.1,86587,84.71
Duki,18,7116071.96,102529,62.05
"""Festival Cordillera""",1,6960323.37,69345,100.37
Noah Kahan,2,6886844.45,64735,100.72
NCT Dream,1,6839145.47,38798,176.28
Panteón Rococó,2,6762288.28,126863,49.18
Palomazo Norteño,7,6713743.18,64559,112.05
"Tina Fey, Amy Poehler",6,6691483.62,42396,156.55
ZZ Top,24,6625934.3,74723,87.91
mgk,9,6619898.1,79592,82.12
Limp Bizkit,6,6516094.4,69135,94.11
Lil Baby,8,6480654.87,78029,82.52
Grupo Firme,1,6465668.54,100953,64.05
Conan Gray,9,6277515.44,84050,74.67
Peter Kay,7,6268506.16,72026,89.01
Jeff Lynne's ELO,3,6209964.43,39079,159.23
Toto,9,6203235.76,77315,81.96
"""Tecate Comuna""",1,6061181.89,64160,94.47
"""C2C: Country to Country""",5,6003483.05,32729,161.73
David Gray,26,5975379.15,72282,85.44
Scissor Sisters,10,5931552.8,67596,86.16
Ice Cube,18,5914097.52,81614,71.1
"Kaytranada, Justice",6,5750695.59,62957,88.2
Korn,7,5720587.1,79748,71.79
Natalia LaFourcade,12,5663872.37,72745,79.46
Alanis Morissette,4,5572758.53,66404,86.15
Stereophonics,4,5526978.71,67106,73.01
Tom Segura,12,5526301.05,79997,72.44
Sammy Hagar,9,5482293.0,28652,191.2
BabyMonster,7,5423739.35,45944,112.77
Paulo Londra,5,5421114.76,71616,79.14
Pentatonix,7,5408449.45,73951,73.73
Brooks &amp; Dunn,5,5363456.75,58960,91.51
Snow Patrol,6,5274884.05,68743,75.26
"""Disney On Ice""",5,5172183.64,91930,56.23
The Killers,6,5126236.31,22704,235.71
Stevie Wonder,2,5077947.36,26760,189.91
Bailey Zimmerman,12,5016977.75,84697,63.25
Queens of The Stone Age,11,5011222.99,65308,80.68
Heart,13,5009751.33,52795,101.92
"""Dimension 20""",3,5008496.25,39675,124.43
Nurse John,50,4986859.56,106259,45.82
"""Gladiators Live""",5,4908201.28,64131,78.03
Parker McCollum,11,4833834.47,81083,58.44
Stick Figure,8,4822980.08,76357,64.06
Duran Duran,4,4794968.09,46602,107.13
D-Block Europe,8,4791928.09,60468,78.13
Yandel,20,4693305.19,59113,82.54
Picture This,6,4625849.01,57326,80.44
Anuel AA,1,4602409.39,59699,77.09
"""Harry Potter: Visions of Magic""",9,4479053.88,56996,78.57
Mt. Joy,9,4466482.03,67452,66.01
Amble,23,4457738.55,73202,40.06
OneRepublic,5,4430487.49,59050,74.87
Tedeschi Trucks Band,5,4408108.85,40351,94.64
Marco Mengoni,2,4379556.17,62360,85.21
Brad Paisley,11,4330361.05,68318,63.1
Chelo,7,4234605.25,40508,103.27
"""Outlaw Music Festival""",5,4228587.5,58642,75.27
Kygo,2,4114061.52,77470,56.6
Bring Me The Horizon,4,4107117.43,47764,85.8
The Brothers,1,4033680.11,24577,164.12
Nathaniel Rateliff &amp; The Night Sweats,9,3979895.74,55701,69.77
"""AXE Ceremonia Festival""",1,3945543.25,43040,91.67
"Staind, Breaking Benjamin",7,3937123.1,57862,70.23
Cesare Cremonini,1,3931850.54,114702,34.28
Neil Young and The Chrome Hearts,3,3884925.56,39853,95.14
Goose,13,3879425.33,68486,50.4
"""Entre Amigos""",2,3864221.0,35211,112.58
Simple Minds,9,3856616.25,53168,71.5
The Black Keys,7,3803805.11,50376,75.37
Pulp,4,3784531.67,41737,85.92
Morat,5,3779229.48,41441,89.95
ATEEZ,1,3766867.9,28134,133.89
David Garrett,9,3758245.25,36091,88.42
Yuri,6,3731348.59,48430,82.94
Doobie Brothers,8,3715862.42,39270,107.95
Russ,5,3714239.8,44140,82.07
Maria Bethania,16,3707536.76,41776,92.84
Moulin Rouge,1,3697459.94,37777,97.88
Los Tigres Del Norte,5,3692381.44,64479,52.81
"""Summer of '99 and Beyond Festival"", Nickelback",1,3680443.0,39990,92.03
Incubus,5,3649257.25,44049,83.25
"""Arre Pepsi Black""",1,3645927.09,62433,58.4
Los Fabulosos Cadillacs,3,3638555.2,45905,71.33
Gunna,6,3613712.73,49473,72.14
"""Dale Mixx""",1,3584121.37,39980,89.65
Widespread Panic,6,3562006.0,46180,84.2
"Hombres G, Los Enanitos Verdes",5,3449213.65,35032,96.88
The Wolfe Tones,2,3421724.66,56129,60.96
Sarah McLachlan,11,3420267.81,48462,75.96
Karan Aujla,4,3420048.2,37143,92.74
Zayn,1,3377740.87,35225,95.89
Cleo Sol,2,3368397.03,34580,97.52
John Legend,9,3360253.59,29427,119.67
Volbeat,9,3343801.54,54054,59.7
"""The Phantom Of The Opera""",9,3261288.97,32420,100.55
Caamp,11,3217078.96,61468,52.78
"Busted, McFly",3,3215292.89,38063,84.5
Sum 41,6,3203384.75,70364,46.59
Cody Johnson,3,3199431.0,49857,66.44
"John Oliver, Seth Meyers",10,3145479.0,27051,116.27
David Guetta,1,3120731.7,32867,94.95
"""Corona Capital Sessions""",4,3113901.05,32211,99.43
Jack White,11,3103831.15,38216,82.26
Ha*Ash,9,3090223.93,45186,69.6
Eladio Carrión,7,3066932.48,34135,85.42
Dimash Qudaibergen,3,3049212.23,29162,104.32
Omar Courtz,1,3021752.5,44291,68.22
Cazzu,6,3004034.81,45293,62.22
JJ Lin,1,2999033.85,12068,248.51
Michael Ball &amp; Alfie Boe,5,2998993.88,36720,81.54
Feid,13,2985284.05,44658,65.38
Thomas Rhett,4,2922641.5,50777,63.32
Kingfishr,5,2902368.64,42582,62.05
"""Firenze Rocks""",1,2865581.81,31864,89.93
JLS,4,2840311.54,35229,84.95
Fontaines D.C.,2,2810456.09,41792,52.2
Super Junior,2,2806946.25,22467,126.58
James Taylor,3,2774346.5,27120,101.07
Our Lady Peace,7,2773573.22,55190,50.44
"""Pulso GNP""",1,2764154.26,30270,91.32
María José,2,2736345.34,47265,57.91
Empire Of The Sun,3,2731627.68,47421,60.01
"""Neon Festival""",1,2721843.0,17646,154.25
Dei V,3,2721113.69,43517,69.21
Alabama Shakes,6,2693439.55,36351,72.43
Dijon,17,2661367.15,57374,43.88
"""SMTOWN Live""",1,2654756.52,23221,114.33
Lord Huron,8,2645300.23,40938,60.39
Fred again..,3,2637092.57,30163,87.05
Yuridia,3,2626454.39,44643,74.7
Xavier Naidoo,2,2617406.99,32025,81.73
Jimmy Carr,17,2614758.11,48096,50.64
Emmanuel &amp; Mijares,4,2606004.45,35384,73.86
James Arthur,4,2598995.1,35984,69.47
One Ok Rock,8,2588064.66,41111,67.17
Andrea Bocelli,1,2580985.38,17807,144.94
Eden Muñoz,4,2576081.26,31369,93.34
"""Hot Wheels Monster Trucks Live: Glow-N-Fire""",6,2536016.49,50626,51.65
Ludovico Einaudi,2,2533975.03,24500,101.98
Cody Jinks,6,2526247.96,28595,86.71
"""Baum Festival""",1,2522161.6,44882,56.2
Goo Goo Dolls,5,2510943.13,32457,80.81
Papa Roach,8,2502529.73,42129,60.56
The Rose,7,2496477.08,23703,112.28
"""Monster Jam""",1,2492982.3,44628,55.86
Day6,3,2479725.56,19827,119.26
"Breaking Benjamin, Three Days Grace",3,2462990.5,28704,85.57
Tim McGraw,3,2428643.7,21724,165.32
"""Disney On Ice: Find Your Hero""",10,2409030.55,45274,52.13
Matt Mathews,16,2402062.14,44476,54.53
El Tri,2,2400140.16,64935,41.96
"Cirque du Soleil - ""Corteo""",9,2380886.78,27096,87.91
J.I.D.,21,2374638.36,45891,51.02
"""Tycoon Music Festival""",1,2360203.0,13484,175.04
Vald,1,2354994.22,34067,69.13
Paul Smith,8,2310310.36,44162,48.93
Catfish And The Bottlemen,2,2308691.93,28958,74.88
The Script,2,2302061.52,28462,87.62
"""Festival Vaivén""",1,2289506.28,19782,115.74
"Caetano Veloso, Maria Bethania",2,2272409.52,48683,49.17
Zara Larsson,4,2266342.4,36483,65.94
"""Reggae Fest Massive""",1,2238805.5,19259,116.25
NSQK,1,2229528.88,41657,53.52
Blessd,2,2212796.97,43962,50.99
The Red Clay Strays,3,2185934.03,28767,65.26
"Three Days Grace, Volbeat",4,2184885.18,35998,61.04
The 2 Johnnies,3,2182243.9,31045,55.6
"""Rock For People""",1,2178245.44,22143,98.37
Mel Robbins,3,2176626.68,20109,107.48
The Driver Era,18,2168237.97,45224,47.47
"""Tecate Emblema""",1,2157849.78,35706,60.43
Jeff Dunham,11,2149072.12,32518,66.87
Fito &amp; Fitipaldis,1,2119838.06,31752,66.76
Macklemore,2,2112280.41,29877,70.62
Swedish House Mafia,1,2109522.24,30816,68.46
"""Somewhere In The Sky Tour""",3,2104318.0,35938,58.67
BABYMETAL,5,2087520.13,29410,67.44
Silvio Rodríguez,2,2072446.89,30330,63.42
CA7RIEL &amp; Paco Amoroso,4,2035220.03,38602,48.98
Doechii,4,2032136.83,22745,90.86
Khruangbin,6,2030701.82,34956,58.51
Oscar And The Wolf,1,2029138.88,30174,67.25
Ice Nine Kills,7,2023867.2,33120,61.35
Charlie Wilson,6,2021649.87,29816,73.06
LE SSERAFIM,1,2012908.75,12335,163.19
Santana,2,1986223.2,17804,111.1
Daniel Tosh,7,1973307.26,22162,96.96
Trey Anastasio,7,1970059.2,22300,80.33
Jim Gaffigan,3,1959122.91,24509,80.46
Peach Pit,13,1951760.61,41794,45.36
Aziz Ansari,6,1935260.06,21914,89.65
Gabriel Iglesias,7,1935045.24,24165,80.62
The Australian Pink Floyd Show,14,1925922.74,31250,61.36
YOASOBI,2,1924715.22,16131,118.4
Alex Warren,7,1913569.62,35862,49.18
The Corrs,2,1909096.62,26970,70.73
"Earth, Wind &amp; Fire",3,1908525.7,16139,117.75
Sabino,2,1904835.51,47946,60.49
Boyz II Men,4,1898802.0,13717,133.54
"""Jurassic World: The Experience""",69,1891737.8,66948,26.64
Counting Crows,5,1885361.68,22726,85.34
The Saw Doctors,7,1873001.43,32057,58.49
You Me At Six,7,1865018.59,32810,53.18
"""Hot Wheels Stunt Show""",8,1834571.69,35272,49.9
Enjambre,3,1831260.22,38787,44.89
Lynyrd Skynyrd,6,1810870.44,28721,62.71
Joaquin Sabina,3,1801630.87,17325,109.96
Fito Páez,7,1800630.67,28442,72.55
John Mulaney,3,1786115.13,19110,97.89
All Time Low,8,1774614.0,23836,75.04
Cigarettes After Sex,2,1763015.27,24414,70.18
Japanese Breakfast,9,1757627.5,27952,63.18
Quevedo,3,1752786.05,26839,67.1
Lindsey Stirling,5,1743800.89,29125,62.61
Colter Wall,9,1739360.97,25673,71.49
Treaty Oak Revival,3,1722311.0,29184,60.78
Intocable,1,1698750.6,29033,58.51
SLANDER,4,1696120.02,32995,49.84
Alison Krauss &amp; Union Station,6,1695392.0,20869,79.51
"A Day To Remember, Yellowcard",5,1694111.92,28929,57.62
KATSEYE,3,1679159.42,14374,116.97
Rob Thomas,6,1677826.59,20118,85.32
Amy Macdonald,3,1663050.22,24998,60.74
Trevor Noah,5,1655354.98,19816,86.4
John Fogerty,3,1650251.07,16493,101.2
"Judas Priest, Alice Cooper",3,1649160.0,23742,65.29
The Marias,2,1640982.0,25530,64.57
Roxette,4,1627102.46,19756,82.44
Jessie Reyez,20,1621339.39,41225,38.13
Erreway,1,1621206.73,14171,114.4
Deacon Blue,2,1619170.03,23123,65.42
Warren Zeiders,8,1567971.08,31064,50.97
Los Ángeles Azules,3,1563067.21,24781,68.52
Jordan Davis,4,1558921.77,24469,65.38
"""New Years at the Bowl""",1,1558785.87,13625,114.41
Spiritbox,8,1558715.12,29015,55.21
Parkway Drive,3,1551862.69,20387,76.12
Jake Shane,14,1550131.44,29392,51.18
Caetano Veloso,1,1547592.13,39722,38.96
Sodagreen,3,1540841.64,8145,204.38
The Warning,5,1535548.61,39612,38.67
Sugababes,5,1515468.07,25902,57.66
Brett Eldredge,2,1508635.17,14820,104.18
"""Sessanta""",3,1501584.5,19177,86.54
"""Riverdance""",8,1490022.46,19304,74.58
Molotov,4,1489210.19,30032,52.8
Kelsea Ballerini,1,1482061.0,14242,104.06
Davido,3,1481164.0,24545,58.47
Tool,1,1479987.07,11089,133.46
Steven Wilson,11,1476376.37,24434,68.97
Meek Mill,1,1473026.24,15118,97.44
"""Reggae Fest""",1,1472479.5,12067,122.03
Maxwell,4,1471210.45,13116,121.49
Tom Grennan,4,1452374.15,22927,60.33
Dream Theater,6,1444771.95,14373,99.7
Jordan B. Peterson,9,1439759.03,21602,70.01
Wiz Khalifa,7,1432323.8,30614,52.37
"Hasan Minhaj, Ronny Chieng",1,1432214.72,16626,86.14
Erykah Badu,3,1428882.85,11425,137.23
Zach Top,3,1422446.0,20809,61.09
Staind,3,1417594.5,24837,65.46
Haim,3,1415502.23,20067,70.79
BIBI,6,1409808.73,16528,86.52
HAUSER,5,1394963.58,16316,84.25
Hank Williams Jr.,3,1393018.75,20825,69.56
Foster The People,8,1391770.19,26894,50.1
Inhaler,9,1370964.42,29945,46.17
The Basement Yard,5,1368711.25,20117,62.5
Wardruna,10,1366768.62,19796,69.0
Tiësto,1,1365799.17,17617,77.53
AIR,5,1359539.83,18936,72.76
Trueno,5,1355442.77,28979,44.72
Martin Garrix,1,1350342.5,25884,52.17
Humbe,1,1345669.95,20608,65.3
Kevin Gates,5,1336127.59,22896,56.58
Morrissey,1,1332744.0,10908,122.18
Aurora,3,1326765.6,23443,59.26
Nina Chuba,1,1324911.81,13480,98.29
Jamiroquai,1,1311689.44,13436,97.62
Blue Rodeo,6,1308073.96,23863,55.55
Joanne McNally,15,1306249.17,22581,56.29
Kenshi Yonezu,2,1305742.18,11767,110.95
Little Big Town,3,1303922.5,18841,66.51
Sigur Rós,2,1298895.89,17030,75.34
"The Flaming Lips, Modest Mouse",6,1298582.75,24973,52.87
Milo J,3,1291687.82,28226,46.47
Turnover,9,1283310.21,27247,45.63
Bonnie Raitt,4,1281603.38,17750,81.45
Zhou Shen,1,1272362.55,7876,161.55
Madness,2,1269351.83,21140,57.64
Jackson Browne,1,1264527.51,11052,114.42
Chicago,5,1261184.65,12635,103.66
Simple Plan,5,1260167.35,24270,52.46
"Steve Martin, Martin Short",1,1255997.5,8394,149.63
Bob Dylan,2,1252619.12,11373,113.46
Los Autenticos Decadentes,3,1246425.63,26143,45.02
Raye,1,1241420.88,16998,73.03
Amyl and the Sniffers,11,1228568.08,32354,34.13
Max McNown,28,1222348.95,39910,29.99
Jagged Edge,6,1217657.13,16030,73.99
Slipknot,1,1216086.29,13084,92.94
Shane Gillis,1,1210244.0,16504,73.33
"""CCXP""",1,1203155.48,27016,44.53
Tom Odell,4,1203098.56,18087,67.85
"""Danny Go!""",4,1199268.3,21596,53.85
Rilo Kiley,4,1186555.93,15332,71.25
"Bullet For My Valentine, Trivium",5,1177024.43,18600,63.53
Justice,3,1167470.69,20218,56.69
Il Divo,6,1167374.23,11505,101.31
Meshuggah,6,1165126.84,19923,57.73
"""A State Of Trance""",1,1162194.63,11593,100.25
Marti Pellow,5,1150923.79,14891,77.11
Falling In Reverse,2,1136879.34,18241,61.34
Barenaked Ladies,5,1129044.65,23669,51.82
Andres Calamaro,6,1123524.29,21595,51.94
Chelsea Handler,8,1117669.93,12149,86.21
Gary Barlow,6,1117195.36,10206,110.51
Myles Smith,10,1111352.47,23565,47.27
Megan Moroney,1,1110740.75,11890,93.42
Paul Heaton,2,1107803.51,22382,49.36
"Breaking Benjamin, Staind",2,1101351.3,26575,41.43
"Coheed and Cambria, Taking Back Sunday",3,1092169.79,19771,52.77
"""Resuena Dos Equis""",1,1091286.87,14216,76.76
Three Days Grace,3,1089637.93,17975,57.07
GloRilla,5,1089586.79,19005,59.55
Architects (UK),5,1087056.08,19422,48.86
Manuel Medrano,3,1076343.3,19081,54.73
Chevelle,7,1076214.0,19793,54.98
Stay-C,7,1070467.95,15196,73.97
Sarah Millican,6,1068714.5,21833,48.24
Arcade Fire,4,1063959.19,10193,99.72
Nanpa Básico,2,1062059.42,28351,38.4
Los Bunkers,8,1053432.48,22363,46.13
"Nikki Glaser, David Spade",3,1045825.62,10456,100.05
BINI,3,1037800.89,11460,93.79
"Tedeschi Trucks Band, Whiskey Myers",2,1034864.33,14334,77.81
Mother Mother,5,1034647.3,25143,40.18
Myke Towers,3,1031497.55,19004,54.42
Kase.O,3,1028433.05,19586,51.15
Nate Bargatze,1,1027803.31,15494,66.34
"""Summer of Loud""",3,1022646.25,20686,50.06
Lorde,1,1022188.69,13965,73.2
Shaboozey,10,1021970.0,27786,37.55
Cliff Richard,1,1015396.36,9052,112.17
Eslabon Armado,3,1011031.2,14692,69.09
A Day To Remember,4,1010441.28,16782,59.56
Kehlani,2,1007578.9,12207,82.18
Torvill &amp; Dean,3,1003856.76,14351,70.09
Jon Pardi,4,1002488.16,19251,52.6
Wolf Alice,3,999564.68,16815,56.15
La Femme,3,998617.69,15906,46.69
Killswitch Engage,7,995224.55,16683,59.84
Medjy,2,984507.85,9216,105.48
Bush,5,981747.51,19580,50.09
Chris Lake,4,975206.4,18643,50.93
Jason Bonham’s Led Zeppelin Evening,7,974217.31,14505,69.39
Lucy Dacus,4,969577.5,17965,55.9
El Cuarteto de Nos,2,965063.41,19159,50.18
Jack's Mannequin,8,963961.0,20568,46.07
"""AT&amp;T Playoff Playlist Live!"", Lil Wayne",1,959103.45,8540,112.31
Vance Joy,4,956686.74,17141,55.54
In Flames,6,955321.51,14079,62.77
Bachman-Turner Overdrive,5,952899.65,16594,57.33
Shania Twain,2,951182.02,6395,143.88
Glass Animals,3,946844.75,14859,68.36
"""Giggly Squad""",2,943324.15,13728,72.8
James Blunt,4,942121.89,16926,55.76
Jo Koy,4,932955.12,10544,93.39
Loyle Carner,3,923408.37,15346,60.22
"""Buzzfest"", Chevelle",1,914755.5,14897,61.41
Dean Lewis,6,909446.9,19151,41.4
Dropkick Murphys,4,906364.45,16706,55.17
Pixies,4,906345.47,15665,59.18
Satinder Sartaaj,1,905668.32,13186,68.68
The Martinez Brothers,1,901171.62,9798,91.98
"""Misneach""",1,901143.0,9639,93.49
"Collective Soul, +LIVE+",4,900125.43,19922,45.49
Quinn XCII,3,895575.03,15361,51.69
Darius Rucker,5,892485.98,19871,47.76
Coco Jones,14,891794.97,23632,37.52
Morad,2,890445.15,19733,44.2
Kraftwerk,3,889466.39,8641,100.33
Yeah Yeah Yeahs,4,888983.52,10552,82.86
El Mimoso,2,887122.31,17260,51.28
NK Divine,1,880252.06,15508,56.76
Dinos,2,879031.56,14342,61.24
Mo Amer,7,878157.28,18081,47.35
José María Napoleón,3,859454.68,10249,78.8
Yungblud,3,856334.99,17715,47.28
Ledisi,6,853929.99,11358,72.26
keshi,2,853134.67,9802,79.17
T-Pain,2,843963.59,13061,65.93
Leon Bridges,3,837223.23,15538,51.68
The Revivalists,2,835951.5,10719,69.03
Averly Morillo,1,831617.5,18967,43.85
The Fray,7,823345.68,14898,54.91
Ringo Starr &amp; His All Starr Band,1,820762.4,5937,138.25
Fisher,1,816760.23,15453,52.85
"""Kidz Bop Live""",6,814748.41,23095,35.86
Cian Ducrot,2,810617.21,14750,49.36
Il Volo,3,805998.98,8167,98.33
Beabadoobee,3,801797.5,12157,69.5
Xavi,3,794718.25,10084,75.6
Mike Birbiglia,1,794027.35,15449,51.4
Jerry Seinfeld,1,788837.0,5820,135.54
Thirty Seconds To Mars,1,788099.0,11751,67.07
K.I.Z.,1,784860.22,9338,84.05
La Arrolladora Banda El Limón,2,784377.0,9157,83.54
Oscar Maydon,3,783544.43,12096,63.23
"""Bluey's Big Play""",2,781151.8,31331,25.54
Zeds Dead,3,774159.5,17209,44.89
"""All Elite Wrestling""",1,773118.84,6441,120.03
Anastacia,5,769018.5,10303,73.26
Alkaline,1,767731.8,10041,76.46
Two Friends,3,760230.1,13412,50.12
Nathan Evans &amp; St Phnx Band	,1,756299.34,13524,55.92
Maoli,7,755749.92,15000,50.92
Moenia,3,755367.08,14500,54.59
Russell Dickerson,5,754674.0,18958,39.8
Iggy Pop,2,750882.64,8853,84.08
Miranda!,3,750175.9,19882,41.73
"""Trinity College Ball""",1,746668.91,7235,103.2
"""90's &amp; 2000's I Love Dance en Concierto""",2,746541.74,17778,41.79
Ron White,4,745452.0,7608,98.34
Lorna Shore,4,744092.4,11898,62.42
Fantasia,2,741689.0,5800,127.88
Cash Money Millionaires,1,735559.7,10444,70.43
Dispatch,3,731155.2,4763,158.9
CMAT,1,730858.59,12663,57.72
Lenny Pearce,18,729878.21,21245,33.53
Mafia,1,726819.21,16095,45.16
Michael Kiwanuka,3,725284.36,14313,53.53
Camilo Séptimo,1,725218.99,13306,54.5
O.M.D.,1,724823.0,11720,61.84
Natalia Jiménez,3,724280.27,17475,43.4
The Mary Wallopers,2,718836.06,12983,54.72
Ben Schwartz,5,718353.28,12327,59.76
Ishay Ribo,1,714971.0,10928,65.43
Gente De Zona,1,709562.5,7095,100.01
Iconic,1,706629.31,9468,74.63
Supergrass,6,706046.04,12962,55.85
2025 Bucked Up LA Bowl Hosted by Gronk,1,700887.0,15681,44.7
Rohff,1,700616.67,15474,45.28
"""Gift Grub Live"" Starring Mario Rosenstock",24,697842.69,12937,51.01
Ty Myers,12,697156.5,21768,29.88
Def Leppard,1,696061.54,9940,70.03
A Conversation With Larry David,1,695804.1,2769,251.28
Till Lindemann,1,693720.5,8696,79.77
Brett Young,2,692673.22,11509,59.94
Coheed and Cambria,5,691012.52,13040,59.07
TREASURE,3,687531.0,5459,126.91
Bronco,2,685287.3,7705,85.0
The Kooks,4,682303.64,11641,61.42
Mike Epps,3,678789.0,7817,86.11
Yacht Rock Revue,8,678610.52,20006,33.54
Durand Jones &amp; The Indications,7,676190.72,15936,35.22
Alicia Villarreal,3,671786.48,13198,55.37
Ed Maverick,5,671284.74,9324,64.96
Danny Ocean,1,665736.06,11633,57.23
Joe Russo's Almost Dead,3,664475.0,10479,63.38
Boris Brejcha,2,664073.74,9902,64.7
"Peach Pit, Briston Maroney",3,662407.5,11845,56.88
"""Crime Junkie Podcast Live""",2,661304.98,9304,71.04
Wallows,4,659784.69,12695,50.78
Jamie xx,3,658248.97,14690,44.75
Vince Gill,3,655980.3,7356,88.76
Whiskey Myers,3,650842.5,12659,54.12
YG,1,649474.53,8071,80.47
Wakin Chau,1,648564.08,4691,138.26
Charles Ans,1,643141.92,16928,37.99
Astropical,2,640515.0,9787,64.6
"Falling In Reverse, Wage War, Sleep Theory",1,639291.0,15963,40.05
Primus,3,637782.0,11981,53.26
"Kansas, 38 Special",2,637296.25,9717,65.74
Bandalos Chinos,5,635186.35,13683,45.43
The Tea Party,4,634933.12,12939,47.58
"""Bad Friends Podcast""",1,633245.67,8493,74.56
Ben Rector,3,632415.5,12067,58.94
Daniela Spalla,1,630994.95,13972,45.16
"Michael Brun Presents ""BAYO""",1,629800.5,9168,68.7
"""Professional Bull Riders""",1,627558.0,18034,34.8
Banda MS,1,626417.0,7677,81.6
Sabor Es Polanco,2,625787.85,3844,161.38
Keith Sweat,3,625238.0,7223,84.45
Jason Isbell,2,624838.0,7228,89.45
Maria Becerra,1,622778.57,6673,93.33
Bloc Party,3,621930.71,10697,65.28
Emilia,3,620596.18,10684,57.84
Kes,1,619896.22,14024,44.2
"OhGeesy, Mozzy",1,613388.25,9171,66.88
Cage The Elephant,3,610728.01,8662,68.08
"""Clubland Live""",1,609769.43,9425,64.7
Tash Sultana,5,605143.02,11824,50.04
"""Reggae On The Rocks""",1,603389.6,6783,88.96
Jay Park,1,600560.62,5761,104.25
Martin Lawrence,2,600511.15,7426,86.08
Sam Harris,3,598408.36,6681,90.47
Elvis Costello &amp; The Imposters,4,596356.03,6857,89.23
Finneas,5,595800.0,11798,50.59
Royel Otis,6,593055.81,12612,46.99
The Coronas,3,591776.83,10823,54.9
Behemoth,3,591374.99,9220,64.41
BLAST Premier,3,590850.73,9398,62.46
Jon Batiste ,2,589924.0,8209,73.31
KALEO,1,589909.5,8887,66.38
Kai,1,588486.92,5427,108.44
"""Rewind Dublin""",1,583146.48,10998,53.02
Chance The Rapper,3,582979.5,8898,64.26
"Sebastian Maniscalco, Jim Gaffigan",1,581420.84,6118,95.03
Hwasa,3,579637.5,6412,90.69
The Rasmus,3,578775.6,12390,45.34
Dropout Improv,4,578439.5,10834,55.09
Frank Turner &amp; The Sleeping Souls,4,576484.25,11220,49.89
2hollis,9,575316.43,14844,36.11
Detroit Symphony Orchestra,1,574255.0,4279,134.2
The Strokes,2,568539.0,4970,115.4
Father John Misty,4,563568.89,10002,55.26
Willie Nelson,2,563368.5,8977,62.64
Elderbrook,1,563195.0,7002,80.43
"""Stardew Valley: Symphony of Seasons""",2,560208.25,10374,54.08
Black Jacket Symphony,17,560024.55,15451,36.76
"""California Mid-State Fair"", Bailey Zimmerman",1,558325.0,9936,56.19
Hippie Sabotage,2,555850.25,9705,45.11
Jay Shetty,2,555038.25,8451,66.11
Addison Rae,1,554247.39,8770,63.2
The Wombats,5,552135.92,10306,53.02
Avatar,5,549363.65,12511,41.97
DJ Sara Landry,1,549115.15,7105,77.29
Kneecap,1,548360.26,7994,68.6
Juliana,3,548241.07,12273,46.34
Gilberto Santa Rosa,2,547797.0,5225,104.76
Billy,1,546944.73,4466,122.47
Slightly Stoopid,3,544987.14,12343,44.16
Monsieur Nov,1,544196.81,7732,70.38
"Mt. Joy, Goose",1,537491.94,7598,70.74
Saint Motel,10,534147.0,16856,37.8
My Bloody Valentine,1,532864.45,7386,72.15
Stephen Stills,1,532610.0,4940,107.82
Brad Williams,10,532136.5,11388,47.33
LISA,1,530060.0,5640,93.98
Matt Maeson,8,529100.14,12613,42.13
Joé Dwèt Filé,1,528244.47,9912,53.29
"The B-52's, Devo",1,527128.0,6174,85.38
"Volbeat, Three Days Grace",1,525212.78,8944,58.72
Little Jesus,2,524071.52,13053,35.97
Kolohe Kai,1,520887.0,11919,43.7
Tim Minchin,1,520510.2,6371,81.7
Tiago PZK,6,516379.15,13388,42.54
"""Matt Rife's Pop Up Shows"", Matt Rife",4,514975.52,5912,88.87
Gov't Mule,3,514227.83,7635,66.21
Frank Turner,2,514057.98,10929,42.86
Sonny Fodera,1,513477.19,10142,50.63
Lea Salonga,3,513130.76,9771,54.21
Hermanos Gutiérrez,3,512993.05,9990,47.64
"""Remind GNP""",1,511677.5,14113,36.26
MercyMe,1,510883.5,10683,47.82
Ryan Adams,5,507880.55,6589,71.92
Pink Martini,2,507832.25,6890,77.78
"Tedeschi Trucks Band, Gov't Mule",1,505348.0,6678,75.67
MANIA - The ABBA Tribute	,18,505100.44,11538,44.51
Pete Tong Ibiza Classics,1,504183.55,7050,71.52
"""Experience Hendrix""",3,500859.11,6406,81.24
Gipsy Kings feat. Nicolas Reyes,2,499705.25,6252,70.25
Lila Downs,1,497116.71,8811,56.42
André Rieu,1,496626.02,4127,120.34
Destripando la Historia,3,492789.06,11383,50.83
Bastille,1,492334.68,7330,67.17
Massive Attack,1,491459.71,5586,87.98
Galantis,1,489960.5,7659,63.97
Josh Johnson,5,488343.16,10806,48.28
Robert Plant &amp; Saving Grace,3,486787.17,5351,93.39
Chase &amp; Status,1,485802.71,7411,65.55
Iván Cornejo,3,485574.67,9148,53.08
"""Seis De Copas""",9,482820.3,15226,32.08
Santiago Cruz,3,480967.46,9609,52.91
Wet Leg,4,479679.31,10879,45.47
Aaron Lewis,4,478477.76,6424,69.23
Miguel,1,476348.98,5878,81.04
Bowling For Soup,4,475315.46,11388,41.45
Turnstile,2,474692.86,8317,55.28
Jimmy O. Yang,1,473639.94,7463,63.47
Kurtis Conner,6,473157.18,9435,50.72
Stavros Halkias,6,473124.17,8889,52.26
Fangoria,2,472642.6,9621,55.96
Lee Brice,4,472298.39,10702,44.11
MK (Marc Kinchen),1,471982.71,7006,67.37
The Teskey Brothers,2,471787.11,7315,62.94
Weezer,1,470579.71,4991,94.29
David Bisbal,9,470141.0,6144,69.0
Old Dominion,1,470007.0,6538,71.89
"Daughtry, Seether",2,469113.56,10838,43.25
ERA,2,468900.61,8974,52.31
The Last Dinner Party,3,467279.62,8239,55.31
Dermot Kennedy,4,467094.55,6966,67.91
Role Model,5,467020.5,12113,38.45
El Alfa,3,464963.0,6620,70.07
girl in red,2,462547.31,6845,57.49
Daniel Sosa,16,462540.87,19217,26.21
Roger Daltrey,3,462528.32,5240,88.29
Sheng Wang,5,462081.9,8771,51.8
Dwight Yoakam,2,457431.05,3981,115.74
Babasónicos,1,455515.95,8910,51.12
Jeff Arcuri,2,455075.7,6482,65.43
Nate Jackson,7,455070.0,9578,46.92
Kevin Kaarl,3,454857.84,7571,61.24
Caleb Hearon,5,454305.0,9390,48.39
My Morning Jacket,3,454208.0,8670,53.58
"""Billboard - Women In Music""",1,451958.15,4224,107.0
Morgan Jay,4,446668.82,7135,54.48
Dominic Fike,1,445861.63,6273,71.08
Brit Floyd,3,444037.39,7841,61.3
Sebastián Yatra,1,443549.14,8530,52.0
The Swell Season,3,441717.04,7163,63.92
Rio Roma,4,440821.28,7132,61.96
Sonu Nigam,1,440199.1,5924,74.31
The Hives,3,437647.78,8120,54.83
El Trono de Mexico,1,437165.2,9112,47.98
"""KDAY Krush Groove""",1,435856.0,7578,57.52
"""Genshin Concert Tour""",1,431970.5,5015,86.14
Billy Currington,2,428009.5,8095,52.48
Sarah Silverman,2,426925.93,6733,64.5
Damiano David,3,425181.6,7536,55.97
Belters Only,1,424270.77,6989,60.71
Lewis Black,6,423497.69,7810,54.71
Parcels,2,423107.39,8493,47.28
Gavin Adcock,5,419602.04,13564,32.09
"""The Illusionists""",1,419530.79,6862,61.14
Flatland Cavalry,6,418848.5,11794,36.49
311,3,417869.5,7711,55.42
The Living Tombstone,6,417330.08,9782,41.66
Marisela,1,414990.0,3081,134.69
Dylan Gossett,6,414023.99,12446,32.63
Chris Distefano,2,413823.44,7513,50.98
"Modest Mouse, The Flaming Lips",1,411498.5,5585,73.68
Poppy,6,408534.02,9500,40.99
Raphael Saadiq,2,405911.61,4731,84.97
Alan Walker,2,403739.99,7950,47.34
Koe Wetzel,1,402460.5,4911,81.95
wave to earth,5,402424.18,9089,44.1
Kalan.FrFr,1,401797.5,5625,71.43
Miguel Rios,1,399230.72,8939,44.66
Peter Frampton,2,398620.1,4143,94.76
Katherine Ryan,8,397539.47,10560,37.97
Lauren Spencer Smith,3,396849.96,8301,50.09
Fonseca,2,396140.03,9767,42.54
Rise Against,3,395075.13,7394,58.5
"""RuPaul's Drag Race""",4,393989.9,5775,73.54
Pancho Barraza,1,393419.6,4006,98.21
Rainbow Kitten Surprise,3,393379.85,7363,51.34
Bridget Everett + The Tender Moments,1,393059.46,5263,74.68
"""El Mimoso"" Luis Antonio López",1,393026.32,8578,45.82
Acid Bath,3,392848.0,7591,51.49
Juanes,1,392598.84,8719,45.03
Mudvayne,3,391750.0,8334,47.9
"KevOnStage, Tony Baker",5,391261.24,6834,58.41
DecPierce Block Rockin Beats,2,391053.65,5793,68.03
Josh Gates,6,390958.0,7052,55.52
"""Crazy Ex-Girlfriend: The 10 (ish) Year Reunion Concert""",1,389588.5,4651,83.76
Gerardo Ortiz,1,385302.0,3782,101.88
Urzila Carlson,4,384864.43,10108,32.02
Key Glock,3,384514.0,8633,42.99
Alec Benjamin,3,384074.67,7990,47.77
Bill Burr,1,383079.9,2753,139.15
"Andrew Santino, Bobby Lee",1,382234.99,4483,85.26
Yung Lean ,1,382227.97,7039,54.3
Dark Star Orchestra,4,380390.25,8763,43.32
Mark McCabe,1,379321.04,5213,72.76
"""I Want My '80s Tour"", Rick Springfield",2,378256.5,7569,51.5
Jorja Smith,3,376907.92,6298,60.64
Andrew Santino,2,375266.18,6312,59.53
Theresa Caputo,2,375160.0,4151,90.86
The Isley Brothers,2,374952.5,4035,91.12
Michael McIntyre,2,374357.02,4066,92.07
C-Kan,1,374125.5,13558,27.59
"""Jurassic World Exhibition"" (Exposition)",3,372513.0,16581,22.45
Primal Scream,6,372339.4,6865,54.13
Ole 60,8,372147.0,13414,28.4
Patti LaBelle,2,371689.16,4031,88.3
Gabrielle (UK),2,370335.0,6084,61.04
Dance Gavin Dance,3,368597.15,7866,46.99
"""Have A Word Live""",2,367471.52,7313,42.65
Blackberry Smoke,4,366930.15,5936,58.58
Billy Ocean,2,366633.73,4851,75.28
Dizzee Rascal,4,363027.74,7489,48.74
Xavier Rudd,1,362857.05,8341,43.5
Odisseo,3,360226.19,9204,35.5
Al Green,1,360155.38,3971,90.7
"Paul Brandt, Terri Clark",4,356913.4,5687,64.3
sombr,3,356478.45,8012,43.12
Memphis May Fire,15,354670.5,13179,27.09
Tamino,1,353001.54,8332,42.37
Gareth Emery,1,352733.0,6131,57.53
Rag N Bone Man,1,352508.75,4990,70.64
Paul Anka,1,352463.13,8167,43.16
"""Trinity Summer Series""",1,352398.22,4990,70.62
"""Roma Summer Fest""",1,352344.14,4966,70.95
Meute,1,351278.7,6412,54.78
Oasis Ministry,1,350770.0,7097,49.43
Nathan Evans,9,349808.77,9539,35.19
Tennis,2,348960.75,8343,41.7
Stiff Little Fingers,2,348103.55,5834,52.64
Allman Betts Family Revival,2,347506.79,4164,83.74
Nessa Barrett,5,345585.96,9229,38.17
"""Cowboy Bebop Live""",14,345031.62,7574,45.57
Wanda Sykes,3,344279.38,4601,67.21
Texas,1,342344.67,4999,68.48
Camila Cabello,1,341912.31,4166,82.07
ABC,2,340900.4,4303,79.13
Niko Moon,9,338004.6,13355,25.04
mike.,2,336763.0,7159,47.12
Basement Jaxx,1,334973.69,4131,81.09
Descendents,9,334602.08,8657,38.09
Craig David,2,332834.53,6421,51.12
The Libertines,1,331796.2,6411,51.75
G-Eazy,5,331435.14,7037,47.46
Lasso,4,331156.52,6386,49.56
Thee Sacred Souls,4,330366.69,8601,38.14
"""Rocket League Championships""",2,330239.88,6966,47.42
Air Supply,2,326701.0,4098,78.68
Bobby Weir And Wolf Bros,1,326115.5,2189,148.98
Halestorm,2,325967.08,5931,50.9
Melissa Etheridge,1,325876.0,6151,52.98
Pretenders,1,324791.75,3389,95.84
Trivium,3,324561.12,6519,49.47
rusowsky,1,324461.42,7826,41.46
Tribe,1,323190.39,9420,34.31
Franz Ferdinand,2,323024.14,5871,52.42
Kodak Black,1,321179.0,6264,51.27
Brian Regan,6,319100.28,5661,57.74
"""Despedida del Hijo del Santo""",1,318990.75,7100,44.93
"""The 30+ Party""",2,316441.17,4777,41.64
Hoke,2,316081.73,7676,41.18
Gary Clark Jr.,3,315948.0,4891,64.61
Alice Cooper,2,314929.0,4041,77.2
Clara Luciani,1,313597.29,8034,39.03
Lisa Lisa,1,312360.0,3692,84.6
Robby Krieger,1,312165.68,5244,59.53
Ocean Colour Scene,4,310087.55,5537,57.6
Cake,1,310010.0,6289,49.29
Cypress Hill,2,309638.56,5347,56.73
Nile Rodgers &amp; CHIC,1,308881.63,4492,68.76
Andres Obregon,3,308275.64,7555,39.73
Djo,3,307233.79,6533,48.48
Destin Conrad,13,303426.19,8599,29.17
Jose Jose,1,301887.6,5891,51.25
"""Countdown Concert""",2,301560.83,5867,42.47
Destroy Lonely,2,301406.49,7207,43.72
Tom Jones,1,299406.02,2038,146.91
Guy Manoukian,3,299100.5,3863,78.03
Chiodos,5,298968.0,7221,41.44
Hulvey,11,298557.83,11923,24.94
Hasan Minhaj,1,297740.0,3660,81.35
L’Impératrice,2,296530.66,7975,36.92
BADBADNOTGOOD,5,295977.2,7139,38.42
The Head and the Heart,2,295598.04,6286,49.06
Jodeci,1,294881.0,2795,105.5
"Melissa Etheridge, Indigo Girls",1,294762.0,4165,70.77
Fujii Kaze,2,294258.94,4581,58.14
Foreigner,1,293243.5,2205,132.99
Colin Jost,2,291686.0,4048,69.88
"Billy Currington, Kip Moore",1,291579.43,4549,64.1
Sierra Ferrell,2,291090.5,5659,51.82
Burna Boy,1,290714.3,5145,56.5
Guitarricadelafuente,3,288450.93,5083,51.17
The Black Crowes,1,288041.64,6004,47.97
Trombone Shorty &amp; Orleans Avenue,2,287079.0,5732,49.5
Anjelah Johnson-Reyes,4,286367.0,5691,51.08
Mayday Parade,3,285241.92,7042,39.9
Benny Ibarra,3,285241.73,4398,65.65
RIIZE,1,285200.6,3019,94.47
La Castaneda,1,284988.71,8018,35.54
"""Gracie's Corner Live""",2,283522.5,3825,74.14
James Bay ,4,283135.93,6358,44.51
The Darkness,4,282438.45,5594,43.86
Eddie Griffin,3,281630.8,5399,51.68
Billy Gillies,2,281194.21,6106,41.98
bbno$,4,279442.48,6756,41.82
Deltron 3030,6,277369.5,7435,37.53
Men I Trust,1,276891.38,5900,46.93
"""The Jinkx &amp; DeLa Holiday Show""",3,276401.52,4642,56.8
Adán Cruz,3,276328.85,6529,51.18
Ziggy Marley,2,273845.15,4290,68.14
Sheryl Crow,1,272809.0,2168,125.83
Kiss Of Life,1,271599.97,2319,117.12
IDLES,1,271292.26,5665,47.89
Earthquake,1,270830.0,3436,78.82
The Fab Four - The Ultimate Tribute,9,270791.8,5479,50.2
"Amy Grant, Michael W. Smith",1,270474.0,2708,99.88
El Malilla,4,270407.44,7587,34.49
Charlie Berens,4,269705.88,5328,50.76
tripleS,6,267674.34,3468,79.73
"""Bigger! With Brennan and Izzy""",1,266027.5,5092,52.24
Bobby Pulido,1,265777.78,5763,46.12
Ben Nicky,1,264886.99,5015,52.82
Airbag,2,264505.37,4859,53.86
Blood Orange ,4,263448.97,4427,59.5
"Tank, Tyrese, Ginuwine",1,263363.0,3196,82.4
Heilung,1,263053.07,2992,87.92
Nicky Jam,1,262851.98,4358,60.31
Atsuko Okatsuka,2,262211.96,6205,39.56
Rema,1,258963.58,4071,63.61
David Kushner,2,258733.49,6273,40.5
112,1,258551.25,2976,86.88
Diana Krall,2,258509.5,3659,72.56
Tye Tribbett,2,257664.69,4792,54.36
Yes,2,253541.75,3151,77.8
Jon Stewart,1,251592.0,3571,70.45
Jesse &amp; Joy,1,251244.85,2716,92.51
Kamasi Washington,2,250330.74,5762,46.26
Los Estramboticos,1,247971.68,8283,29.94
Stephen Wilson Jr.,3,246416.25,5386,44.59
"Coheed and Cambria, Mastodon",2,246402.0,4336,57.45
"Trivium, Bullet For My Valentine",1,246363.8,4670,52.75
Phantogram,4,245860.9,5373,45.86
Matute,1,244687.5,2662,91.92
Lake Street Dive,2,243240.0,4960,49.54
CIF State Basketball Championships ,1,242548.0,33535,7.23
ONEUS,5,239891.75,2398,109.39
"Dispatch, John Butler ",1,239195.0,3537,67.63
Skillet,1,238739.28,4776,49.99
The Flaming Lips,2,238711.53,3322,71.86
Leonid &amp; Friends,4,238200.5,4304,56.32
DeRay Davis,3,237985.9,4607,52.21
YSY A,2,237860.99,3899,54.79
Gregory Alan Isakov,3,237758.56,5617,41.98
"""Night Of The Jumps""",1,234931.36,3414,68.81
"Gin Blossoms, Blues Traveler",1,232224.0,7111,32.66
Kevin James,2,231439.0,3296,70.71
Smokey Robinson,1,230586.0,3545,65.05
flipturn,5,230412.05,6930,32.55
WAR,2,229889.51,3209,60.69
"Black Country, New Road",5,228841.83,6273,35.38
Maren Morris,2,228795.69,3909,49.54
Maddox Batson,3,228309.5,5583,41.78
Chris de Burgh,4,228294.29,3048,75.79
"""I'm Grand Mam""",3,227579.73,5897,38.59
Norah Jones,1,227281.17,2393,94.98
"""10 Years of Choose Love""",1,227171.8,1965,115.61
Bladee,4,226983.79,4967,44.76
Sami Beigi,1,226689.2,2602,87.12
El Mato A Un Policia Motorizado,3,226442.68,6508,33.31
Brian Jonestown Massacre,3,225967.17,5265,42.98
Julieta Venegas,2,225928.6,2660,82.65
Movements,3,224318.6,6020,37.94
Hippo Campus,3,223431.5,5211,42.7
Drew &amp; Ellie Holcomb,2,223126.64,3985,56.06
Mannheim Steamroller,3,223064.69,3453,64.71
Manic Street Preachers,1,222915.45,3800,58.66
The Heart Killers,1,222371.08,3081,72.17
"""Killers of Kill Tony""",1,222170.0,5624,39.5
"""Lost 80's Live""",2,221525.5,3625,64.62
Brothers Osborne,3,221376.54,5664,38.58
Laufey,1,220995.78,3079,71.78
Coral Reefer Band,1,219605.75,2642,83.12
LaMP,2,219520.43,5005,43.04
Armor For Sleep,8,218551.8,7740,28.27
"Tony Baker, KevOnStage",2,218273.0,4548,47.54
Tina Knowles,1,217830.0,2900,75.11
Penn &amp; Teller,1,217433.5,2033,106.95
Jeffrey Sutorious,1,216683.83,3980,54.44
Ralph Barbosa,1,216638.3,4165,52.01
Thievery Corporation,2,215036.15,4998,46.02
The Stranglers,2,214247.49,3382,63.35
MC Magic,1,213868.35,3365,63.56
Los Huracanes Del Norte,1,211559.0,2085,101.47
Kip Moore,3,210934.59,4141,46.59
"Chris Botti, David Foster",1,210198.0,3813,55.13
Kidd Keo,1,209953.97,6456,32.52
Nate Smith ,3,209911.48,6204,33.84
"38 Special, Kansas",1,209839.0,2645,79.33
AFI,3,209456.5,5305,39.33
"""Blippi On Tour""",5,209433.16,4794,43.87
Alessi Rose,5,209076.62,6861,29.35
ANOHNI,1,209024.84,1867,111.96
Maldita Vecindad,1,208684.23,4964,42.04
"The Righteous Brothers, Bill Medley &amp; Bucky Heard",3,208333.5,3202,63.44
Noga Erez,10,208095.62,8312,26.67
Matt Maltese,5,207640.49,6147,34.75
Amos Lee,2,207528.0,3041,68.53
Ted Nugent,1,206358.78,4076,50.63
Get The Led Out,3,206104.0,5605,37.49
"""31 Minutos""",2,205007.44,6248,32.83
Beth Gibbons	,1,202617.0,2686,75.43
The Beta Band,1,202581.9,3762,53.85
Tom Papa,2,202164.9,3203,61.4
George Thorogood &amp; The Destroyers,3,202159.62,3381,61.13
DJ Moma,2,201795.0,5164,39.06
Loreen,3,201090.33,4689,52.94
Apocalyptica,4,200336.74,5040,39.75
Gary Numan,3,200153.42,3669,55.0
ILLENIUM,1,199900.0,2703,73.95
OsamaSon,5,199099.94,6682,29.63
Sharif,2,198887.28,5558,35.56
"Halestorm, Lindsey Stirling",1,198842.23,3589,55.4
Sarai Rivera,1,197992.5,4075,48.59
Kruder &amp; Dorfmeister,1,197589.35,3118,63.37
Dr. Neil deGrasse Tyson,1,196357.0,2038,96.35
Jarlath Regan,7,195496.06,6582,31.0
Kasabian,1,195330.89,2917,66.96
Dylan Scott,2,194183.0,5063,38.36
Viagra Boys,3,193459.48,5031,38.48
"Dirty Heads, Jake Owen",1,193055.0,2683,71.95
Disclosure,1,192731.0,4093,47.09
"""The Rock 2000""",1,192285.07,5973,32.19
"Nelly, Eve",1,191572.04,2170,88.28
Alemán,1,190986.52,5998,31.84
Silverstein,5,190430.89,4970,37.51
Niki,1,188871.27,3483,54.23
Cast,3,188425.31,4035,46.85
"""Gimme Gimme Disco""",7,187350.5,5139,22.62
"Dropkick Murphys, Bad Religion",1,187179.5,3318,56.41
Bassem Youssef,3,186391.6,3154,58.92
SiR,2,186055.5,3641,48.94
The Halo Effect,4,185050.45,4297,41.75
"+LIVE+, Collective Soul",1,184447.68,2392,77.11
Ludacris,1,184117.0,2313,79.6
Draco Rosa,1,182907.14,3251,56.26
Phil Rosenthal,4,182699.89,3493,50.44
Alton Brown,2,182648.25,2435,75.9
UB40,1,181504.0,3137,57.86
"""Rocky Horror Picture Show""",2,181039.32,2977,57.47
Entre Cómplices,1,179861.13,2983,60.3
"Gillian Welch, David Rawlings",3,179592.5,2543,72.88
Don Diablo,1,178390.0,3627,49.18
Fitz and The Tantrums,3,178021.45,4214,43.63
Clairo,2,177749.78,3322,53.51
Gerry Dee,4,177354.78,3426,52.5
Magdalena Bay,4,177302.5,6881,25.31
Pecos &amp; The Rooftops,17,177254.29,6880,25.19
Godsmack,1,176889.72,2817,62.79
Sofia Niño de Rivera,2,175853.74,3175,58.55
"""Boni's Dance Studio""",1,175680.0,5856,30.0
"The Psychedelic Furs, Gary Numan",1,175511.95,3989,44.0
"""Dog Man: The Musical""",1,175425.0,3993,43.93
Jason Mraz,3,174754.68,2982,59.02
In This Moment,3,174115.5,3300,51.38
José Madero,1,173824.98,2970,58.53
Aminé,4,173429.46,3972,43.64
Deirdre O'Kane,4,172946.17,5074,34.17
"Anjunadeep, Tinlicker",1,172400.0,3500,49.26
Half Alive,4,172148.56,4178,41.11
Trampled By Turtles,2,171117.0,3504,47.3
Stayin' Alive: One Night of the Bee Gees,3,170783.15,3405,50.75
Airbourne,4,170414.93,4298,39.98
Jamey Johnson,1,170362.0,2336,72.93
Vampire Weekend,1,169568.0,2564,66.13
Deon Cole,1,169333.0,2254,75.13
James Marriott,3,169222.41,5164,32.85
"Testament, Obituary",2,166225.88,2691,62.1
Bret Michaels,1,165537.43,3748,44.17
The Waterboys,4,165157.89,3875,41.81
The Band Camino,3,164547.34,4246,36.86
LA LOM,4,164381.3,4851,32.17
Jann Arden,1,163468.85,3011,54.29
Yeri Mua	,1,163133.23,5184,31.47
Smino,2,163027.5,3935,40.8
Dread Mar-I,1,162972.31,3618,45.04
Nathy Peluso,1,162799.55,3267,49.83
Machine Head,2,162272.66,3605,44.11
Twin Atlantic,2,162148.44,3791,41.52
The Lathums,3,161973.09,4315,37.19
Sam B. Harris (Podcaster),1,161588.0,2174,74.33
Modest Mouse,2,160897.0,3688,43.48
Darren Kiely,6,160384.12,4960,30.47
Polo &amp; Pan,1,159831.86,3162,50.55
The Stunning,3,159260.17,3886,41.02
KC &amp; The Sunshine Band,1,158684.0,1918,82.73
Bilmuri,3,157918.4,4489,32.9
Dan and Phil,1,157333.63,1929,81.56
Conor Moore,3,157266.75,3476,45.25
Pendulum,1,157189.14,2403,65.41
Richard Hawley,2,156571.36,2345,68.46
Jesse McCartney,1,156350.0,3625,43.13
Alison Moyet,3,156269.01,2667,56.81
Adam Ray is Dr. Phil Live,1,155805.0,2350,66.3
Keith &amp; Kristyn Getty,1,155756.06,2692,57.86
Nortec Collective,1,155467.53,5036,30.87
America,1,155404.77,1984,78.33
Leela James,1,154578.5,1816,85.12
BOYZLIFE feat. Brian McFadden and Keith Duffy,4,154243.74,3854,41.3
Sophie Ellis-Bextor,2,153881.49,2938,52.38
Idlewild,3,153714.08,4267,35.35
Wilco,1,153673.0,2423,63.42
"""The Thorn""",1,153555.0,2359,65.09
SFDK,1,153165.68,3047,50.27
Ramy Youssef,1,152058.5,2753,55.23
The Maccabees,3,151790.24,3276,48.59
Kathleen Madigan,2,150506.97,2615,58.32
Pigeons Playing Ping Pong,5,149404.48,4247,34.56
Doves,3,149346.28,3300,45.04
Trixie Mattel,1,148715.0,3000,49.57
Wendy,2,147855.5,1451,103.17
Steel Panther,5,147600.18,3530,41.97
Caravan Palace,2,147574.9,4378,33.8
Rob Lamberti,2,147358.19,2482,59.38
Collective Soul,2,147039.5,2720,54.02
Gemini Fourth,1,146577.13,2311,63.43
Lamp (Japan),3,146338.0,2913,50.72
Bright Eyes,3,145630.95,2759,50.87
hannah bahng,2,145093.96,2412,60.45
Rachel Galvo,4,144634.37,4202,31.39
Jade,2,144440.04,3158,45.74
Ximena Sarinana,1,144092.34,2829,50.93
BigXthaPlug,1,143990.9,2053,70.14
"""Gabby's Dollhouse Live""",3,143990.23,3329,44.21
Denzel Curry,2,143391.99,3323,44.37
Wyatt Flores,2,143330.27,4716,30.1
Yusuf / Cat Stevens,1,142984.37,1239,115.4
NoCap,2,142856.0,3345,43.44
Larkin Poe,2,142170.12,3147,44.62
Pouya,4,142138.0,4631,30.75
Molchat Doma,2,141569.73,3823,34.44
Dillom,1,141337.59,4222,33.48
Jimmy Eat World,2,140713.58,2854,49.32
Sam Barber,2,140510.0,4525,31.46
Sal Vulcano,1,139609.9,2630,53.08
"Guster, The Mountain Goats",1,139309.0,2624,53.09
Spacey Jane,3,139012.04,3795,35.76
The Beaches,1,138801.72,3347,41.47
"Seether, Daughtry",1,138731.45,3101,44.74
The Midnight,2,138685.59,3559,39.04
Clubz,1,138426.27,4365,31.71
Everything Everything,2,138424.13,3345,41.22
Ana Bárbara,1,138356.0,1936,71.46
Yelawolf,3,138129.0,3544,39.05
Peter Cat Recording Co.,1,138025.0,3350,41.2
Lyra,5,138006.45,3507,39.21
James Morrison,1,137680.27,2182,63.1
Kansas,1,137139.19,1449,94.64
Reik,1,137130.5,2180,62.9
"""The Pivot Podcast""",1,136640.49,2334,58.54
Insane Clown Posse,3,136613.0,2989,45.44
Marcello Hernández,1,136397.0,2136,63.86
Zack Fox,3,136347.4,4180,32.62
Tape B,2,135810.5,3434,39.24
Dr. John Cooper-Clarke,1,135262.38,2533,53.4
Buddy Guy,1,134732.73,2278,59.15
Rick Springfield,1,134044.0,1209,110.87
Marlon Wayans,1,133472.0,2166,61.62
Watchhouse ,2,133471.0,3183,41.62
"""Young Hot Guys""",3,133413.87,3533,38.49
San Pascualito Rey,2,133026.78,3990,32.26
Kybba,1,132905.0,3406,39.02
Garbage,1,132869.0,2180,60.95
Ben Harper &amp; The Innocent Criminals,1,132750.0,2196,60.45
Sam Morril,2,132199.7,3679,44.06
Los Pericos,1,131465.07,2597,50.62
Hinder,4,129381.0,3985,33.03
Alleh y Yorghaki,1,129334.01,3580,36.13
Blues Traveler,1,129289.25,1915,67.51
Kacey Musgraves,1,128580.8,1418,90.68
Guster,2,128267.6,2756,46.53
Mo Gilligan,1,128150.64,3727,34.38
Joy Crookes,2,128088.58,3090,41.48
"""A Fairytale For Christmas""",7,128086.99,3508,35.94
The Psychedelic Furs,2,127478.94,2045,60.4
Bullet For My Valentine,1,126525.0,2376,53.25
Ms. Pat,1,126326.0,2319,54.47
Levity,2,125918.0,4199,30.19
Lucybell,1,125594.29,2702,46.48
Euphorics,1,124596.6,2930,42.52
Marcus King,1,124525.3,2086,59.7
JT,1,124250.0,2471,50.28
Brandi Carlile,1,124010.47,1929,64.29
Howard Jones,2,123763.0,1694,73.09
The Beach Boys,1,123687.7,2680,46.15
Flo,2,123590.45,3969,31.29
Jet,2,123476.85,2468,51.8
Feeder,1,123429.49,2550,48.4
Jessica Kirson,1,123313.5,2743,44.96
grentperez,3,121843.63,2996,38.27
Trevor Wallace,1,121764.75,3096,39.33
Wilder Woods,2,121551.55,2867,40.92
Clutch,2,121493.96,2681,43.35
Los Cafres,1,121479.36,3052,39.8
Skunk Anansie,1,121145.16,2514,48.19
Ben Portsmouth,2,120909.0,2424,49.88
Guaco,1,120840.44,1991,60.69
Freddie Gibbs,1,120000.0,3000,40.0
"""Reggae Fest Blaze""",1,119945.0,2575,46.58
St. Paul &amp; The Broken Bones,2,118733.0,2255,58.75
TV On The Radio,1,118127.0,2208,53.5
Gary Allan,1,117988.0,1479,79.78
Joy Oladokun,2,117414.5,3324,34.02
Mimi Webb,2,117299.19,2545,46.1
Rhod Gilbert,4,117181.65,2301,51.21
Cannibal Corpse,3,117120.0,3146,37.16
BRESH,1,117103.9,2784,42.06
Celeste Barber,2,117073.38,2358,49.98
The O'Jays,1,116819.5,1289,90.63
Cameron Whitcomb,3,115449.86,3764,29.75
David Cross,4,114624.74,3260,35.48
Postmodern Jukebox,2,114267.78,1854,61.11
Rebecca Black,3,114229.41,3360,31.08
Colin James,2,114118.84,2237,51.52
Alexandra Kay,4,113911.05,3364,33.86
Rain - A Tribute To The Beatles,2,112417.0,2595,44.52
Clint Black,1,112354.1,1699,66.13
JPEGMafia,2,112110.54,3561,31.56
The Highstool Prophets,6,111459.62,3303,33.89
Malala Yousafzai,3,111370.64,2287,49.91
Ravyn Lenae,2,111247.04,2486,43.59
Des Bishop,3,110517.34,3212,34.53
That Mexican Ot,2,110439.0,2184,51.74
The Divine Comedy,1,110162.08,1934,56.96
Ricardo Caballero,3,109952.54,1239,88.78
Houndmouth,1,109424.93,1797,60.89
Ethel Cain,1,109281.61,2419,45.18
"Rick Springfield, Richard Marx",1,109109.7,1435,76.03
Bill Murray and His Blood Brothers,1,108883.0,1071,101.66
Jesse Welles,4,108366.39,3469,27.32
Rob Beckett,2,108173.67,2369,45.67
Dallas Cowboys Cheerleaders,2,107525.87,2527,42.04
Evan Honer,6,107457.12,4281,25.49
Big Thief,1,107149.24,1729,61.97
Of The Trees,2,106835.0,3375,30.2
Johnny Reid,1,106527.25,1728,61.65
Maz Jobrani,2,106424.0,1784,57.25
Jim Jefferies,1,105997.83,1365,77.65
Oteil Burbridge,1,105946.62,1070,99.02
Richy Mitch &amp; The Coal Miners,5,105937.28,3554,29.09
Straight No Chaser,1,105701.5,1775,59.55
Majo Aguilar,1,105494.7,2770,38.08
The Tumbling Paddies,2,105167.06,3276,32.14
Night Ranger,1,105087.0,1586,66.26
Queen Of The Night - A Tribute to Whitney Houston,2,104914.15,2555,41.08
Ian,3,104599.66,3210,32.82
Joey Diaz,1,104441.0,1386,75.35
Ichiko Aoba,1,104354.86,2567,40.65
Porter Robinson,2,104352.3,2774,37.38
Voyd,1,103610.48,2498,41.48
RuPaul,2,103545.76,1201,85.88
"Toro Y Moi, Panda Bear",2,103181.5,2761,37.39
Mana Moana,1,103127.88,6093,16.93
"Ralph Barbosa, Rene Vaca",1,103074.25,1552,66.41
"""Anastasia""",1,102847.85,1608,63.96
The Roots,1,102698.0,1468,69.96
Maria Leon,1,102272.84,1638,62.44
W.A.S.P.,2,102164.35,2019,50.61
Jorge Lozano,1,101802.51,1823,55.84
Three Dog Night,2,101695.64,1503,51.64
Jerry Cantrell,1,101472.0,1652,61.42
The Charlatans UK,1,101308.61,1900,53.32
"Hermanos de Leche - Adrián Marcelo &amp; Ivan Fematt ""La Mole""",1,101130.07,1677,60.3
Fromis_9,1,100987.25,933,108.24
"""Tenement Trail""",1,100791.4,2053,49.09
Lil Tracy,2,100759.71,2762,38.72
Kika Edgar,1,100666.47,2315,43.48
Agnes Obel,1,100368.22,1978,50.74
Tiffany Haddish,2,100264.39,1474,67.83
"Machine Head, In Flames",1,99894.5,1965,50.84
Eme Malafe,1,99802.86,2878,34.68
legallyrxx,1,99731.66,2883,34.59
Aqua,1,99404.4,1704,58.34
"""The Happy Together Tour"", The Turtles",1,99242.0,1458,68.07
Bellakath,1,98658.67,3310,29.81
Brantley Gilbert,1,98534.0,3931,25.07
Tab Benoit,4,98259.53,2114,46.45
Starsailor,2,98247.23,2297,42.3
Billy Strings,1,98105.66,2007,48.88
"""Central Bank Downtown Live!"", Ty Myers",1,97704.0,3096,31.56
Joshua Bassett,2,97089.1,2217,43.32
Black Rebel Motorcycle Club (B.R.M.C.),1,96739.73,2233,43.32
Leon Thomas,1,96605.5,2425,39.84
Paris Paloma,2,96140.02,2928,32.18
George Clinton and Parliament Funkadelic ,2,96135.2,1617,56.16
Banks,2,95737.0,2355,40.77
Randy Rainbow,1,95576.0,1604,59.59
Becky Robinson,4,95193.92,2016,42.37
Rich Mafia,1,95143.65,1785,53.3
Wunderhorse,1,94889.55,2331,40.71
Grand Funk Railroad,1,94885.0,1361,69.72
Paddy McGuinness,3,94855.45,2039,46.91
English Teacher,2,94811.42,2887,32.84
"""The Dirty Dancing Concert Tour""",2,94440.2,2170,43.94
Alabama 3 (A3),3,94432.07,2500,37.48
The Original Rudeboys,4,94380.96,2577,29.86
Don Broco,1,94242.78,1900,49.6
Arcy Drive,7,93963.22,4678,20.06
Bill Bellamy,1,93744.0,1848,50.73
Maribou State,2,93727.48,2528,30.22
Uncle Waffles,1,93722.0,1864,50.28
RØZ,1,93479.76,3100,30.15
Jessica Audiffred,1,93066.57,3777,24.64
Jay Leno,1,92514.62,1247,74.19
Olly Alexander (Years &amp; Years),2,92433.26,2139,43.66
Chippendales,1,91828.22,1690,54.34
Midland,1,91469.42,1934,47.3
The Temperance Movement,2,91222.14,2649,33.8
Wheatus,5,90976.83,2814,29.82
Andy Grammer,1,90932.5,2272,40.02
GWAR,2,90787.5,2054,42.56
Sons Of The East,2,90695.95,2153,42.56
Aaron Lewis &amp; The Stateliners,1,90401.0,1862,48.55
NxWorries,1,89706.0,1448,61.95
Michael Franti &amp; Spearhead,1,89656.0,2001,44.81
The Imperfects,1,89139.66,2217,40.21
Sullivan King,2,88945.5,2559,34.51
Gigi Perez,3,88905.73,3081,29.7
Shakey Graves,3,88873.5,2327,37.93
La bande-son imaginaire,1,88833.96,2447,36.3
David Grisman,1,88726.0,1666,53.26
Gene Simmons,1,88612.0,820,108.06
Hanson,1,88410.0,1160,76.22
The Backseat Lovers,1,87974.0,1708,51.51
M.I.A.,1,87714.85,1367,64.17
"""Summer Games Fest""",1,87561.0,1566,55.91
"""Seven Drunken Nights""",3,87463.88,1946,44.76
Wynton Marsalis,1,87333.5,2915,29.96
Static-X,2,87105.16,2244,39.08
Kim Deal,2,87011.5,1704,51.11
Georgie Carroll,2,86679.4,2940,29.49
Kyla Cobbler,2,86570.76,2567,33.78
Imelda May,3,86440.3,1585,54.54
Calum Bowie,4,86438.66,2888,28.02
Dope Lemon,1,86436.71,1915,45.14
Jacob Collier,1,86411.26,1726,50.06
PiL (Public Image Ltd),2,86373.74,1581,56.15
The Almighty,2,86277.89,1578,55.55
Mary Chapin Carpenter,1,85998.8,854,100.7
Balu Brigada,1,85746.86,1919,44.68
Prof,2,85376.5,3100,20.36
Citizen Soldier,3,85307.13,2805,31.46
Ángela Aguilar,1,84581.0,1287,65.72
thrown,6,84495.62,3872,21.98
Saxon,1,84451.77,1636,51.62
Basement,2,84421.83,2087,41.18
Randall King,10,84266.0,3954,23.25
Heaven 17,1,84186.79,1900,44.31
"Kenny Wayne Shepherd, Bobby Rush",1,83708.0,1293,64.74
David Archuleta,8,83443.5,3040,27.49
Sturniolo Triplets,1,83170.27,1562,53.25
"""MomTok"" The Unholy Tea""",1,82988.84,1116,74.36
Rashan Brown,1,82909.25,1230,67.41
Whitney Cummings,2,82521.78,1588,52.48
"""Páramo Celebra""",1,81982.95,1713,47.86
BØRNS,1,81839.29,1901,43.05
Tremonti,2,81811.5,1999,39.69
The Rush Tribute Project,2,81355.92,1982,40.54
Subtronics ,1,80914.6,2146,37.7
"Aaron Lewis, Aaron Lewis &amp; The Stateliners",1,79886.0,879,90.88
Dire Straits Experience feat. Chris White,1,79797.89,1661,48.04
Arcane,2,79598.46,1785,44.6
38 Special,1,79323.35,1480,53.6
The Magic Numbers,1,79235.28,1693,46.8
49th &amp; Main,2,79158.46,2986,26.58
"""The Second Captains Podcast""",2,79086.91,1604,49.29
Our Last Night,1,79031.5,1804,43.81
Stevie B,1,78756.0,1538,51.21
"Damian ""Jr. Gong"" Marley, Stephen Marley",1,78166.96,1385,56.44
The New Mastersounds,3,77931.76,1936,41.73
Orbital,1,77828.42,1546,50.34
Highly Suspect,1,77620.0,1740,44.61
Kim Dracula,2,77576.13,1934,39.97
Engelbert Humperdinck,1,77437.0,1150,67.34
Lil Tecca,1,77207.98,1989,38.82
The LaFontaines,1,77172.07,2116,36.47
Mark Normand,1,76955.81,1121,68.65
Sexolandia,1,76825.54,2185,35.16
Social Distortion,1,76374.0,1440,53.04
David McSavage,2,76328.92,2005,39.0
La Barranca,1,76214.38,1933,39.43
Javier Blake,1,75592.36,2336,32.36
Asking Alexandria,2,75517.0,1673,45.14
Leslie Odom Jr.,1,75262.0,911,82.61
Cold,9,75249.0,3007,25.1
Samia,4,75226.11,3135,23.67
Chris Kent,2,74863.08,2200,34.04
An Audience with Coronation Street,1,74817.26,1167,64.11
Lola Young,1,74705.92,2296,32.54
Raekwon,1,74635.5,1576,47.36
Kathy Griffin,1,74350.0,1125,66.09
Alan Sutton,2,74287.51,1901,40.55
Lane 8,2,74260.0,2980,25.52
MICO,4,74188.08,2623,29.89
Arthur Hill,2,74093.26,2750,26.72
Battle Beast,2,73947.56,1730,42.68
Knock2,1,73539.22,1793,41.01
d4vd,1,73447.53,1800,40.8
"""Santa's Circus""",1,73396.0,1509,48.64
Justin Moore,1,73253.8,1374,53.31
Whitechapel,2,73013.0,2321,31.45
Amy Grant,2,72933.5,1164,62.8
The String Cheese Incident,1,72911.5,1505,48.45
Elephant Sessions,1,72219.31,2086,34.62
Andy Frasco &amp; The U.N.,4,72054.19,2601,27.29
Matteo Bocelli,1,72028.72,1076,66.94
Self Esteem,1,72008.51,1597,45.09
Unknown Mortal Orchestra,2,72005.03,2150,32.63
Kris R,1,71884.46,2246,32.01
Iration,1,71742.5,1925,37.27
Voyage,1,71725.25,2368,30.29
Stayin' Alive - The Bee Gees Tribute,2,71713.4,1652,46.12
Morgan Wade,3,71548.32,2196,31.53
Ani DiFranco,1,71493.0,1692,42.25
Don West,2,71314.56,2124,33.62
Nazareth,1,71241.02,1725,41.3
Big Head Todd &amp; The Monsters,1,71175.0,1950,36.5
The Zutons,1,71059.61,1806,39.35
LSZEE,1,70973.6,2531,28.04
Jeff Goldblum &amp; The Mildred Snitzer Orchestra,1,70562.75,970,72.75
Tindersticks,1,69685.87,1237,56.33
Mark Ambor,1,69608.44,1659,41.96
The Enemy,1,69491.52,1900,36.57
"""Central Bank Downtown Live!"", Sierra Ferrell",1,69468.0,1814,38.3
Bryce Vine,2,69286.0,2037,34.36
Isabel LaRosa,4,69256.57,2232,30.57
David Foster,1,69033.94,971,71.1
Orishas,1,68916.64,1761,39.13
Jack Lukeman,1,68885.93,1223,56.33
Hudson Westbrook,2,68830.0,2443,25.66
Refused,1,68687.87,934,73.54
Nasa Histoires,3,68652.48,1680,40.68
Queen Extravaganza - Trib. to Queen,2,68497.15,1682,42.41
What The World Needs Now - The Bacharach Songbook Live,1,68400.0,974,70.23
Francis Ford Coppola Presents Megalopolis,1,68181.84,1524,44.74
Rend Collective,1,68176.39,1476,46.19
Bootleg Beatles,5,68160.29,1216,57.3
Los Concorde,1,67956.24,1812,37.5
NewDad,2,67507.76,2318,28.52
+LIVE+,1,67505.0,792,85.23
Los De Abajo,1,66938.2,2125,31.5
Matteo Lane,1,66813.0,1173,56.96
"""Cirque Musica Holiday Wonderland""",1,66637.35,1345,49.54
Qween and the Dublin Gospel Choir,1,66496.48,1596,41.66
"Pup, Jeff Rosenstock",1,66222.86,2143,30.9
Ruston Kelly,2,66040.0,1147,57.58
Steve Hackett,1,65882.0,935,70.46
Cavalera Conspiracy,1,65737.0,1801,36.5
Murder By Death,2,65252.0,1810,35.76
BUNT.,1,65170.56,2696,24.17
Doctor Krapula,1,65160.7,1667,39.09
"Terri Clark, Paul Brandt",1,65035.24,1232,52.79
HONNE,1,64624.07,1310,49.33
Loverboy,1,64606.12,1731,37.32
Trousdale,6,64567.91,2647,22.13
Aslan,2,64463.88,1623,40.03
The Cliffords,3,64111.28,2420,23.95
"""Juanpis Live Show""",1,63809.78,1855,34.4
"Yo La Tengo, Built To Spill",1,63756.0,1240,51.42
"""Rock Against Homelessness""",1,63615.85,1659,38.35
Suki Waterhouse,1,63447.01,1339,47.38
Yächtley Crëw,2,63424.2,2496,24.86
Lawrence,2,63169.24,1844,35.23
Mae,4,62961.93,2534,25.36
Ryan Bingham,1,62850.0,1300,48.35
Ryan McMullan,3,62546.3,1850,33.38
Dane Cook,1,62320.48,853,73.06
Whole Lotta Zepp,1,62205.69,1520,40.92
Fortune Feimster,1,62048.25,851,72.91
Lloyd Cole,1,62037.0,1211,51.23
Vilma Palma e Vampiros,2,61854.49,1537,40.79
Ash,2,61562.04,1683,36.65
Hugel,1,61226.45,1011,60.56
Africa Express,1,60834.31,1362,44.67
Herb Alpert,1,60640.95,1258,48.2
D'Aydrian Harding,1,60055.0,1087,55.25
Rosie O'Donnell,1,59882.51,1197,50.03
Quadeca,3,59784.26,2050,28.06
The Game,1,59724.59,1071,55.77
Matt Berninger,1,59720.13,1300,45.94
"Kim Dracula, HANABIE.",2,59545.0,1496,39.97
"""Tinderella Rides Again""",1,59416.85,1209,49.15
Uncle Acid &amp; The Deadbeats,2,59345.53,1455,40.45
For Those I Love,2,59186.37,1589,35.79
Daniel Seavey,3,59135.61,1416,43.33
Gin Blossoms,1,59079.0,1035,57.08
Gasolina Party,2,58937.0,3285,17.96
"""This Is Important LIVE!""",1,58876.0,1188,49.56
JoJo Siwa,1,58725.31,850,69.09
Surfistas del Sistema,1,58683.22,2486,23.61
Rubytates,1,58575.06,1609,36.4
Aunty Donna,1,58550.59,1155,50.69
Daði Freyr,2,58462.07,1843,31.67
Liquits,1,58399.77,2247,25.99
Judy Collins,2,58371.95,1125,51.41
Daily Bread,1,58148.0,1870,31.1
"David Foster, Katharine McPhee",1,57738.0,766,75.38
Drive-By Truckers,1,57500.5,1512,38.03
The White Buffalo,2,57079.48,1727,34.22
Miguel Mateos,1,57053.41,730,78.16
The Royston Club,1,56883.12,1900,29.94
Badly Drawn Boy,2,56770.4,1328,42.85
Robin Trower,1,56663.0,943,60.09
Slacker Media Group,2,56635.0,2407,24.26
Dorian,1,56563.55,2115,26.74
"""Dancing At Lughnasa""",3,56534.64,1205,47.43
Midnight Generation,5,56412.74,2029,27.13
Razorlight,1,56390.02,1300,43.38
Oh Wonder,2,56072.44,1499,37.89
Jack Keys,1,56012.85,300,186.71
Shayne Ward,2,55880.7,771,72.31
Karl Denson's Tiny Universe,1,55822.29,1318,42.35
Warren Haynes,1,55766.0,968,57.61
Scala &amp; Kolacny Brothers,3,55736.16,1400,41.49
Joss Stone,1,55681.73,880,63.27
Rod Tuffcurls And The Bench Press,4,55420.0,2108,26.34
Tom Cochrane,1,55105.67,1579,34.9
Great White,1,54684.0,949,57.62
Yung Gravy,1,54672.5,1565,34.93
Mary Black,1,54554.5,1279,42.65
Joesef,1,54373.86,1500,36.25
"Movements, Citizen",1,54243.5,1353,40.09
Lit Killah,1,54124.29,1364,39.68
Dogs in a Pile,4,54111.73,2497,21.32
Dawes,2,54016.0,1192,45.32
Jesse Cook,1,53994.31,1184,45.6
Mariah The Scientist,1,53437.5,1425,37.5
"""Gasolina Dance Party""",1,53395.5,2715,19.67
Desi Banks,1,53375.0,1083,49.28
Counterparts,2,53124.32,1015,45.67
Tinashe,1,53028.56,1456,36.42
Lauren Mayberry,2,52997.63,1358,39.12
The Chats,2,52969.23,1393,38.02
Zakk Sabbath,1,52884.0,1203,43.96
"""Bop To The Top""",4,52798.5,2767,19.53
Sevendust,2,52637.0,1250,42.58
Larry Fleet,2,52409.82,1744,30.0
Tyler Hubbard,2,52320.5,1706,30.67
Elsa Y Elmar,1,52319.68,1502,34.83
Orla Gartland,1,52190.58,1651,31.61
Stereolab,1,52028.17,1300,40.02
Matt Hansen,3,51924.17,1723,28.32
The Academic,1,51894.23,1313,39.52
Hamish Hawk,1,51867.34,1297,39.99
"""K-Pop Club Night""",2,51825.0,1389,34.97
Josiah Queen,1,51525.0,1500,34.35
The Classic Rock Show,2,51228.93,1386,37.52
Mack Fleetwood,1,51138.74,1659,30.83
Biig Piig,2,50913.95,1895,26.56
Bitch Sesh,1,50727.23,861,58.92
La Vela Puerca,1,50531.62,1668,30.29
"""Wheel of Fortune - The Live Tour""",1,50395.0,1055,47.77
"""Bored Teachers Comedy Tour""",1,50236.0,1142,43.99
RY X,1,50017.88,1426,35.08
Soul Coughing,1,49974.5,1196,41.78
Maca &amp; Gero,1,49841.88,1946,25.61
Mersiv,1,49667.0,1378,36.04
Big Gigantic,1,49623.5,1270,39.07
Ziggy Alberts,2,49573.28,1242,39.66
Fionn Regan,6,49501.85,1469,32.59
Charles Wesley Godwin,2,49465.98,1693,29.21
Geordie Kieffer,1,49337.44,1360,36.28
King Princess,2,49197.82,1392,34.96
Los Lonely Boys,1,49192.0,1024,48.04
Bjorn Again,1,49155.45,1232,39.9
Circa Waves,1,49096.04,1416,34.67
The Moss,5,49069.2,2261,21.4
Billie Marten,3,49054.61,1885,25.12
Howie Mandel,1,48996.0,712,68.81
"""Dockers: Songs and Stories of Dublin Docks""",5,48931.93,1438,34.67
Maverick Sabre,1,48630.74,1660,29.3
"""Hansel, Gretel &amp; The Witch""",7,48584.39,2547,19.17
The Allman Betts Band,1,48512.66,859,56.48
Wilson Phillips,1,48241.0,755,63.9
Marianas Trench,1,48233.34,1113,43.34
"Hudson Westbrook, Ian Munsick",1,48212.5,1100,43.83
Kae Tempest,1,48211.85,1244,38.76
Shoreline Mafia,1,48117.5,1358,35.43
Beach Bunny,1,48054.5,1673,28.72
"""Stans""",1,48000.0,1200,40.0
Joanna “JoJo” Levesque,1,47825.0,1314,36.4
CG5,2,47764.41,1038,44.74
John Vincent III,3,47729.2,1667,28.74
Antidoping,2,47640.26,2261,22.92
Chezile,4,47320.5,2062,22.2
These Charming Men ,1,47162.54,1620,29.11
Deafheaven,4,47112.0,1590,29.88
One Night In Nashville,1,46956.45,1411,33.28
"""Accents""",3,46940.79,1451,32.1
They Might Be Giants,1,46702.5,1215,38.44
Gipsy Kings feat. Tonino Baliardo,1,46550.0,716,65.01
BossMan Dlow,1,46463.0,1589,29.24
Kameron Marlowe,1,46385.0,1512,30.68
Jacquees,1,46364.0,829,55.93
Cooper Alan,1,46358.03,1366,33.94
The Front Bottoms,1,46339.5,1250,37.07
Heather McMahan,1,46307.72,711,65.13
Chayce Beckham,3,46276.46,1354,33.54
N.Flying,1,46216.5,424,109.0
"Still Woozy, Winnetka Bowling League",1,46200.0,1200,38.5
Black Violin,1,46153.9,870,53.05
Golden Ganga,1,46135.58,1270,36.33
Almost Queen - Trib. To Queen,1,46061.75,1450,31.77
PJ Morton,1,46060.5,1227,37.54
Luke Combs UK (Tribute),2,46023.74,1579,29.04
Chase Matthew,2,46002.2,1463,26.4
Martin Amini,1,45968.35,976,47.1
Mike Sherm,1,45930.0,1350,34.02
Joanne Shaw Taylor,3,45849.5,847,52.07
Atreyu,2,45813.53,1334,34.22
Alkaline Trio,1,45750.0,1250,36.6
Natos y Waor,1,45510.54,1531,29.73
Pete Davidson,1,45487.2,580,78.43
Tony Ann,1,45423.94,958,47.42
Orange Goblin,2,45414.43,1023,45.42
Kerala Dust,1,45389.26,1190,38.14
Paul Taylor,3,45325.22,1423,31.32
Torreblanca,2,45251.45,1392,32.5
Ardal O'Hanlon,1,45186.24,1213,37.25
Katie Gregson-MacLeod,6,44847.98,2088,21.53
Tom Keifer,1,44844.79,1083,41.41
Buckcherry,1,44688.49,1057,42.28
South Arcade,2,44377.23,1847,24.01
"Chris Olsen, Ryan Trainor",1,44188.52,1453,30.41
Los Daniels,1,44096.2,1794,24.58
Bacilos,1,44049.24,1193,36.92
Wayne Brady,1,44011.1,673,65.4
Stayin' Alive - The Ultimate Trib. to Bee Gees,2,43899.0,799,55.43
Bear's Den,2,43893.44,994,40.36
The Birthday Massacre,3,43883.0,1840,24.01
Wild Rivers,1,43670.0,1230,35.5
Mersey Beatles - Trib. to The Beatles,1,43524.19,1099,39.6
Sophie McCartney,3,43473.59,1500,29.03
The Songs of Joni Mitchell,2,43385.26,1008,41.24
Explosions In The Sky,1,43147.25,1137,37.95
Jason Byrne,1,43028.56,1198,35.92
LIT,1,42789.0,693,61.74
Zeal &amp; Ardor,2,42596.96,1263,33.77
Fit For A King,1,42556.0,1351,31.5
The Doors Alive,1,42538.07,1497,28.42
Ben Folds,1,42484.1,782,54.33
We Are Scientists,2,42380.94,1320,31.82
Brògeal,6,42361.92,2055,19.82
Soft Play,1,42359.75,1116,37.96
Paloma Morphy,1,42344.81,1107,38.25
Jonathan Van Ness,2,42236.4,637,66.56
Rainn Wilson,1,42208.6,836,50.49
Karnivool,1,41909.3,850,49.31
Brooke Combe,1,41853.54,1433,29.21
Laurie Berkner,1,41703.5,803,51.93
Emei,4,41459.56,1580,26.9
Silvestre y La Naranja,1,41421.15,1378,30.06
"""Work It! A 90's &amp; 2000's R&amp;B &amp; Hip Hop Party""",5,41412.0,1955,20.3
Nightly,1,41276.93,1137,36.3
"""You Should Know Podcast""",2,41215.0,935,44.12
Buena Vista Social Club Orchestra,1,41186.0,919,44.82
"""MeatEater Live""",1,41060.0,688,59.68
Choir! Choir! Choir!,4,41058.02,1032,40.22
Will Wood,1,40908.5,689,59.37
Arde Bogotá,1,40794.29,1140,35.78
Mustafa Sandal,1,40737.35,601,67.78
Jalen N'Gonda,1,40719.47,1300,31.32
"""The Emo Night Tour""",3,40617.5,1807,22.45
Nick Mulvey,3,40584.49,1043,38.33
Palaye Royale,2,40546.5,1482,27.05
Jenny Greene,1,40491.48,1161,34.88
"""OTT Wrestling""",2,40482.87,778,52.83
Slacker University,2,40300.0,1917,22.1
The Cribs,1,40248.57,1000,40.25
Mark Mehigan,3,40059.7,961,42.09
Charley Crockett,1,40037.0,954,41.97
Blood Incantation,1,39791.16,850,46.81
Hollywood Undead,1,39742.5,853,46.59
Estelares,2,39738.76,1072,37.07
Lyle Lovett &amp; His Large Band,1,39731.35,760,52.28
Ela Minus,2,39688.6,1543,25.65
Michael W. Smith,1,39680.0,893,44.43
Elena Rose,1,39339.39,954,41.24
The Panhandlers,1,38967.5,830,46.95
Russell Howard,1,38960.0,960,40.58
Zachariah Porter,2,38928.0,890,44.76
La Tremenda Korte,1,38877.91,1526,25.48
Devin Townsend,1,38850.0,869,44.71
Rigoberta Bandini,1,38807.76,935,41.51
Trey Kennedy,1,38799.85,957,40.54
"""The Offload"" Podcast",1,38793.84,995,38.99
"""Keep It Positive, Sweetie! with Crystal Renee Hayslett""",1,38776.5,1249,31.05
Blondshell,2,38702.89,1394,28.07
Gogol Bordello,1,38652.06,964,40.1
Theory of a Deadman,1,38553.27,836,46.12
"""School Yard Rap""",1,38549.3,4916,7.84
BabyTron,1,38530.0,862,44.7
Duckwrth,1,38530.0,862,44.7
Marcin,1,38530.0,862,44.7
Janine,1,38530.0,862,44.7
Rubblebucket,3,38419.34,1466,25.62
Mat Kearney,1,38382.5,976,39.33
Paul Chowdhry,4,38375.16,735,57.75
DUG,3,38342.31,1430,23.84
Ben Barnes,3,38313.41,1102,33.99
Khakikid,2,38296.54,1294,26.34
Juan Duque,1,38227.93,1556,24.57
Tommy Cash (Rap),2,38175.17,995,38.58
Corey Kent,3,38024.03,1300,29.02
Yoss Bones,1,38017.89,1240,30.66
Australia's Thunder From Down Under,1,37898.0,586,64.67
Napalm Death,1,37851.44,850,44.53
Allison Russell,1,37834.15,1001,37.8
Luvcat,3,37722.34,1834,19.87
Judah &amp; The Lion,1,37606.0,1016,37.01
Clipping.,3,37552.0,1505,24.95
Nothing More,1,37352.5,1048,35.64
Biohazard,1,37249.74,838,44.45
"""Keep it Tight"" Podcast",1,36899.36,975,37.85
Primordial,1,36870.51,744,49.56
Somebody's Child,2,36856.79,1490,24.62
Rianne Downey,2,36710.99,1401,24.82
P1 With Matt &amp; Tommy,2,36682.32,1038,35.19
Emmanuel Smith,1,36572.51,2465,14.84
REEF,1,36478.32,847,43.07
Killer Queen Feat. Patrick Myers,1,36426.0,753,48.37
Louis Dunford,1,36342.11,1412,25.74
Countess Cabaret,1,36041.68,722,49.92
Yves,1,36009.33,485,74.25
Roy Wood Jr.,1,35996.5,601,59.89
Mk.gee,1,35916.15,900,39.91
Sebastian Bach,1,35910.0,687,52.27
Our House - The Music of CSNY,2,35844.0,839,41.64
"Citizen Soldier, 10 Years",1,35789.0,1162,30.8
Pat &amp; Faye Shortt,2,35688.36,1188,28.9
Baby Lasagna,2,35688.08,1104,32.39
State Champs,1,35616.25,1025,34.75
Christian Kuria,2,35594.0,1222,29.52
Jacob Alon,4,35534.45,1671,20.28
Zaho de Sagazan,2,35387.85,1350,26.02
Rio Da Yung OG,1,35240.0,1170,30.12
Dom Kennedy,1,35217.5,1000,35.22
Mario,1,35130.5,1000,35.13
EST Gee,2,34969.5,984,35.84
Jackson Dean,2,34946.1,1058,31.98
Godspeed You! Black Emperor,1,34603.0,800,43.25
Cuco,1,34597.82,793,43.63
Beth Mccarthy,2,34560.16,1171,29.78
"Memphis May Fire, Rain City Drive, Nevertel, If Not For Me",1,34480.0,1005,34.31
Pabllo Vittar,1,34453.27,1052,32.75
Newton Faulkner,3,34423.03,859,40.36
"Drowning Pool, Spineshank",1,34336.12,790,43.46
Umphrey's McGee,1,34300.0,877,39.11
"""Sesame Street Live! - Elmo &amp; Friends Say Hello""",1,34175.0,783,43.65
Bricknasty,2,34106.74,1258,22.18
Eivør,2,34086.0,1068,31.32
"LIT, Fuel",1,34084.97,908,37.54
Lucy Spraggan,1,34064.68,1035,32.91
Jack Dee,1,33882.29,844,40.14
Petey,2,33832.24,1119,28.1
Los Blenders,1,33468.64,1499,22.33
Dweezil Zappa,1,33403.14,559,59.76
JMSN,2,33377.6,1170,27.95
STRFKR,2,33320.5,1150,29.0
"""Rocky Horror Picture Show with Barry Bostwick""",1,33100.0,878,37.7
"Torres, Julien Baker",1,33085.0,941,35.16
The Crane Wives,1,32979.0,1047,31.5
"""Last Podcast On The Left""",1,32944.55,683,48.24
Livingston,2,32888.22,1141,30.09
Jamie Webster,2,32870.53,1000,32.88
FLO,1,32740.71,886,36.95
Queensrÿche,1,32614.0,682,47.82
Electric Six,2,32558.9,1116,26.78
Matt Rogers,1,32555.0,766,42.5
"""Avatar: The Last Airbender In Concert""",1,32497.0,665,48.87
honestav,2,32452.0,1438,22.3
Macy Gray,1,32328.65,523,61.81
Tom Green,2,32295.0,817,39.79
Sloan,1,32228.26,1170,27.55
Rick Beato,1,32150.16,567,56.7
David Nihill,1,32113.07,1000,32.11
"""Napoleon Dynamite Live""",1,31939.0,711,44.92
John C. Reilly,1,31753.11,504,63.0
The Lemonheads,3,31613.52,789,38.99
nxrcisistxs,1,31527.74,1404,22.46
Ax and the Hatchetmen,4,31427.95,1655,18.73
Hot Milk,2,31373.71,999,30.92
Day Fever,3,31363.81,1916,16.51
Walk Off The Earth,1,31342.93,661,47.42
Infinity Song,2,31240.91,1354,22.99
Sharon Van Etten,1,31232.0,728,42.9
Miracle Of Sound,1,31227.07,850,36.74
Julio Victoria,1,31150.88,1114,27.96
Caroline Hirons,2,31131.87,825,41.84
Graham Nash,1,31130.0,425,73.25
Mark Goldbridge,1,31012.01,977,31.74
Helmet,2,30542.83,1019,29.96
RØRY,1,30452.59,1181,25.79
Casey Donahew,1,30316.5,864,35.09
Faun,2,30275.0,896,34.22
Troy Hawke,4,30251.62,1084,28.88
Ben Kweller,2,30192.0,1129,25.51
Alcest,1,30130.0,1000,30.13
Drake White,2,30111.0,957,31.34
Loathe,1,30096.32,850,35.41
Pup,1,30037.75,868,34.61
Cartel,1,30030.0,907,33.11
Todd Rundgren,1,29833.28,455,65.57
Vacations,1,29750.0,850,35.0
Sudan Archives,2,29724.45,1011,29.38
mxmtoon,3,29461.08,854,36.31
Sofia Isella,2,29454.91,1352,23.19
The War and Treaty,2,29427.23,869,32.94
Dave Lofts,3,29148.73,1099,26.37
Ispíní Na Héireann,1,29133.01,1169,24.92
Hilltop Hoods,1,29095.44,717,40.58
Cleopatrick,2,29081.24,1267,23.2
"""Reggaeton Rave""",1,29079.0,1718,16.93
Aimee Carty,2,29060.32,1117,25.98
Florence Road,3,29053.94,1377,18.95
Vieux Farka Touré,1,28971.4,894,32.41
Michael Marcagi,2,28965.0,1060,27.54
NAFTA,1,28858.98,1123,25.7
Cochise,3,28702.11,1075,26.75
Hard Life,1,28625.55,793,36.1
Clap Your Hands Say Yeah,1,28607.01,992,28.84
ThxSoMch,4,28553.79,1153,25.12
Monaleo,1,28550.0,1119,25.51
Renato Albani,1,28515.22,604,47.21
JD McPherson,2,28329.13,966,29.14
"Raekwon, Mobb Deep",1,28282.5,664,42.59
Ministry,1,28243.78,563,50.17
Carly Pearce,1,28240.66,808,34.95
Hairball,1,28232.0,857,32.94
"Ben Ottewell, Ian Ball (of Gomez)",1,28127.72,792,35.51
Del Water Gap,1,28127.54,638,44.09
SG Lewis,1,28098.16,614,45.76
Waylon Wyatt,1,28033.24,850,32.98
"""United We Dance: The Ultimate Rave Experience""",2,27886.5,1394,19.8
King Kong Company,1,27844.66,714,39.0
Café Del Mundo,1,27836.22,628,44.33
Martha Wainwright,1,27810.56,700,39.73
"Kasablanca, Innellea",1,27653.29,1374,20.13
Greentea Peng,1,27625.75,826,33.45
Countess Luann De Lesseps,1,27625.0,555,49.77
Tungas,1,27577.01,990,27.86
Crash Test Dummies,2,27528.12,585,47.06
Greensky Bluegrass,1,27512.5,739,37.23
Tony Mils,2,27474.57,1065,28.08
Tommy Richman,1,27425.0,921,29.78
Kidd Voodoo,2,27406.01,716,35.75
The Faint,2,27307.0,760,35.98
Hanumankind,1,27304.81,850,32.12
Sematary,2,27290.91,1118,24.68
Set It Off,1,27230.0,773,35.23
bôa,1,27211.72,871,31.24
Sydney Rose,2,27211.6,1050,26.9
Nieve Ella,2,27186.62,1450,18.76
Emjay,1,27110.83,736,36.84
Susana Cala,2,27077.0,942,31.73
SWIM SCHOOL,2,27009.29,664,105.44
"""Pod Meets World""",1,26851.4,380,70.66
Pvris,1,26657.5,636,41.91
Alok Vaid-Menon,2,26586.92,996,26.72
Mehro,4,26572.46,1327,20.84
Raphael Ghanem,1,26420.37,608,43.45
The Hip Abduction,2,26395.0,1134,23.6
Abdul Hannan,2,26389.98,1160,23.68
Floyd Nation - Experience Pink Floyd,1,26310.0,619,42.5
Alexis Ffrench,1,26286.66,788,33.36
Kawala,2,26272.08,1127,23.52
Count Arthur Strong ,1,26202.58,854,30.68
Sergeant,4,26112.81,1177,21.98
Nation Of Language,1,26064.7,879,29.65
We Came As Romans,1,26055.0,798,32.65
"""Bureau De Change Song Contest""",1,26053.81,774,33.66
French 79,1,25948.05,741,35.02
John Splithoff,3,25756.0,951,27.15
Priscilla Block,2,25754.5,897,28.62
"""Flightless Bird Live With David Farrier""",1,25721.5,681,37.77
"""Musique Electronique""",1,25635.0,591,43.38
Red Rum Club,1,25610.48,950,26.96
Whindersson Nunes,1,25576.07,452,56.58
"Our House - A Tribute To The Music of Crosby, Stills, Nash, and Young",1,25561.0,543,47.07
Destroy Boys,1,25551.33,911,28.05
Ricky Tomlinson,2,25499.64,636,40.27
Ider,5,25367.69,1235,20.5
The Dead South,1,25362.0,586,43.28
KHEA,1,25263.54,728,34.7
Admiral Fallow,2,25258.05,1026,24.24
Willow Avalon,2,25256.55,1064,23.97
Lambrini Girls,1,25245.0,900,28.05
Sasha Colby,1,25238.0,653,38.65
KWN,1,25196.11,850,29.64
Nonpoint,2,25107.0,942,26.9
Genitallica,1,25019.65,662,37.79
Hot 8 Brass Band,2,25018.99,908,28.39
Vincent Mason,1,24970.0,1100,22.7
"""The Dollop""",1,24968.0,716,34.87
Neon Moon ,1,24927.0,619,40.27
Paul Cauthen,2,24920.0,543,46.94
Pop Evil,2,24817.5,811,29.72
The Reytons,1,24700.33,850,29.06
Cry Before Dawn,1,24644.44,555,44.4
Nell Mescal,5,24533.8,1253,19.36
Del McCoury Band,1,24440.0,502,48.69
Lucius,1,24422.5,596,40.98
Dame Stuffy,2,24408.08,649,37.34
The SteelDrivers,1,24344.0,642,37.92
Paul F. Tompkins,1,24340.0,608,40.03
Niko B,2,24318.61,1171,20.3
Belly,1,24312.73,600,40.52
"""Sisters In The City"" Podcast",1,24294.09,617,39.37
Sienna Spiro,1,24263.94,700,34.66
The Man In Black: A Tribute to Johnny Cash,1,24139.86,767,31.47
Maria Bamford,1,24077.0,584,41.23
Donnie Iris &amp; The Cruisers,1,24053.0,564,42.65
Dexter and The Moonrocks,2,23989.0,956,25.14
Horseshoes &amp; Hand Grenades,1,23963.5,746,32.12
Taylorville: A Tribute to Taylor Swift,2,23959.5,893,26.86
Ian Bagg,1,23950.0,572,41.87
Rumours ATL,2,23940.0,894,27.04
Mannequin Pussy,1,23934.51,900,26.59
White Denim,3,23859.52,853,28.59
Kublai Khan TX,1,23693.18,811,29.21
Rival Schools,2,23688.26,880,27.13
Kittie,1,23603.1,600,39.34
Sea Power,1,23592.82,600,39.32
Kolby Cooper,6,23568.88,1055,22.22
KERIGMA,2,23556.43,710,33.18
Barrington Levy,2,23535.0,684,34.46
"Conner Smith, Dylan Marlowe",1,23470.0,788,29.78
Willa White,3,23440.77,764,30.77
Gareth (New Age),3,23430.3,1002,23.71
The Wookies,1,23391.8,779,30.03
Home Free,1,23340.5,503,46.4
Oklou,1,23253.27,850,27.36
The Japanese House,1,23231.0,604,38.46
Chaparelle,2,23207.61,1083,21.12
Lukas Nelson,1,23204.5,661,35.11
Pete Yorn,1,23132.5,531,43.56
Inspiral Carpets,1,23126.25,656,35.25
RENEE,1,23078.06,986,23.41
SE SO NEON,1,23053.93,507,45.47
Boyce Avenue,1,23052.48,495,46.57
K Camp,1,22950.0,675,34.0
"""The Last Live Waltz""",1,22940.97,739,31.04
Macario Martinez,1,22927.14,776,29.55
Joe The Magician,1,22799.64,804,28.36
Mass Of The Fermenting Dregs,2,22795.97,852,26.78
The Blades,1,22793.57,647,35.23
The Dogist,2,22759.5,367,61.6
TUSK – The Classic Fleetwood Mac Tribute,1,22746.75,820,27.74
All Them Witches,1,22700.09,750,30.27
"""Los Cantoral""",1,22655.08,410,55.26
"""Bad Bunny Dance Party""",2,22625.0,1024,22.09
Tycho,1,22610.0,495,45.68
Candace Bushnell,1,22587.27,375,60.23
Lagos,1,22524.4,623,36.15
Ramit Sethi,1,22510.0,614,36.66
Foxwarren,1,22424.6,650,34.5
The Twang,1,22394.54,600,37.32
The Concert: A Tribute to ABBA,1,22305.0,497,44.88
Silversun Pickups,1,22273.0,587,37.94
Finn Wolfhard,1,22084.38,766,28.83
Corey Smith,1,22026.3,540,40.79
Kelly Lee Owens,1,21976.31,682,32.22
Shawn James,2,21974.33,595,36.84
Adriel Favela,1,21913.27,467,46.92
Blanco White,1,21809.85,697,31.29
El Zar,1,21774.41,647,33.65
The Stews,1,21745.0,1091,19.93
Ocean Alley,1,21742.86,450,48.32
Marc Rebillet,1,21713.0,679,31.98
Aoife Dunne,2,21682.62,505,34.88
Grateful Shred,2,21537.66,1161,18.52
Rogelio Ramos,1,21492.94,455,47.24
Amigo the Devil,1,21464.0,581,36.94
Jeremy Piven,1,21319.0,454,46.96
6arelyhuman,2,21236.69,789,27.36
Brandy Clark,1,21221.75,531,39.97
Rhys Darby,1,21132.99,484,43.66
Callum Kerr,1,21131.8,696,30.36
HANABIE.,1,20874.79,539,38.73
glaive,2,20831.5,971,21.51
Omar Rudberg,1,20808.68,545,38.18
Alestorm,1,20794.0,664,31.32
Tech N9ne,1,20770.0,609,34.11
Atmosphere,1,20770.0,561,37.02
Armchair Boogie,3,20770.0,956,21.02
Nati Dreddd,4,20731.93,836,24.72
Leo Rizzi,1,20621.49,554,37.22
Shane Smith &amp; The Saints,1,20612.64,709,29.07
Dale Elliott Jr.,3,20479.25,756,28.44
Screwfish,1,20447.82,435,47.01
Owl and Wolf,1,20362.6,507,40.16
Archers,3,20349.0,913,22.29
Nitty Gritty Dirt Band,1,20334.0,364,55.86
Girl Ultra,1,20293.95,716,28.34
Bach &amp; Arthur,1,20164.26,607,33.22
Tyne-James Organ,1,20142.07,643,31.33
Madilyn Mei,3,20133.95,1035,19.93
China Crisis,1,20120.75,554,36.32
"""Big Blues Bash""",1,20120.0,528,38.11
Hobo Johnson,2,20072.0,637,31.67
Jacob Banks,1,20001.34,577,34.66
"Nathan Evans, Saint Phnx",1,19962.16,1924,10.38
M Huncho,2,19822.2,732,27.22
EarthGang,3,19765.78,653,30.46
The Subways,2,19700.85,600,32.84
The Amazons,1,19699.62,599,32.89
Gaelic Storm,1,19679.0,582,33.81
Lucia &amp; The Best Boys,1,19628.76,885,22.18
Bradley Simpson,1,19578.05,459,42.65
Steph Tolev,1,19548.33,599,32.63
Eric Bellinger,1,19545.0,486,40.22
Pink Sweat$,1,19380.0,549,35.3
Silverio,1,19379.45,580,33.41
"""I Love the 80's""",1,19378.9,543,35.69
Dayglow,1,19342.15,748,25.86
"""Shrek Rave""",3,19192.5,1138,19.68
Boris Grebenshikov,1,19171.43,380,50.45
John Colleary,1,19109.36,622,30.72
Overpass,3,19080.34,1019,19.04
La Delio Valdez,1,18890.88,451,41.89
Remember Monday,2,18803.04,597,33.61
Mirador,3,18784.52,550,33.97
"""Emo Night Karaoke""",1,18731.6,968,19.35
It's a 2000s (Halloween) Party,1,18710.0,757,24.72
Jordana,4,18693.0,1114,16.82
Superheaven,1,18610.0,607,30.66
BoyWithUke,1,18585.0,625,29.74
The Movement,1,18542.0,512,36.21
Nova Twins,1,18443.15,613,30.09
Ocie Elliott,1,18407.0,531,34.66
Peces Raros,1,18402.82,938,19.62
julie,2,18398.16,945,19.97
House Gospel Choir,1,18364.85,599,30.66
Tell Me Lies - The Fleetwood Mac Experience,1,18306.0,426,42.97
The Get Up Kids,1,18274.5,610,29.96
The Wrecks,1,18249.0,600,30.42
Panchiko,1,18236.73,600,30.39
Dorothy,1,18180.0,600,30.3
Kam Patterson,1,18180.0,688,26.42
Geese,1,18180.0,600,30.3
From Ashes To New ,1,18105.0,540,33.53
Mike Bahia,1,18013.44,591,30.48
Alyssa Edwards,1,18008.0,326,55.24
10 Years,1,17998.43,553,32.55
"""MasterChef Live!""",1,17936.5,269,66.68
The Dreggs,5,17894.66,953,18.88
"""EMO Night Brooklyn""",3,17858.0,925,19.47
Big Sleep,1,17856.0,771,23.16
Marc Broussard,2,17762.98,552,34.53
The Rifles,2,17756.6,497,35.8
BoA,1,17725.0,600,29.54
The Devil Wears Prada,1,17677.5,500,35.36
KenTheMan,1,17600.0,500,35.2
The Bridge City Sinners,2,17580.0,696,25.3
Hazlett,1,17560.21,631,27.83
AKRIILA,1,17489.61,621,28.16
Say Anything,1,17412.0,496,35.1
Joywave,1,17374.0,481,36.12
"Slacker University, ""It's a 2000s Party""",1,17340.0,674,25.73
Braxton Keith,1,17336.5,591,29.33
I Am Morbid,1,17301.48,420,41.19
The Rooks,6,17247.07,969,18.0
Pentagram,1,17241.62,435,39.64
Amistat,1,17226.86,539,31.96
Robert Forster,2,17157.11,464,36.98
Talib Kweli,2,17117.0,582,30.02
Between The Buried And Me,1,17104.0,468,36.55
Gloryhammer,1,17081.63,571,29.92
Lily Rose,2,17015.0,654,25.92
The Lalas Burlesque Show,1,16878.0,310,54.45
Zach Templar,2,16872.05,750,22.67
"""Remain In Night""",2,16860.0,534,31.57
Joaquina,1,16836.43,455,37.0
Moon Taxi,1,16835.0,569,29.59
Dusty Slay,1,16834.43,271,62.12
Che,1,16775.0,550,30.5
Boys Night Out,2,16667.5,692,24.07
Samantha Fish,1,16637.0,450,36.97
Keo,2,16500.84,924,18.02
The Brit Pack,1,16467.5,365,45.12
49 Winchester,1,16400.0,672,24.4
Chelcie Lynn,1,16365.0,358,45.71
Southall,1,16360.0,632,25.89
Panic Shack,2,16314.68,772,20.29
The Paper Kites,1,16270.0,459,35.45
Rotting Christ,1,16237.13,416,39.03
Las Victimas Del Dr. Cerebro,1,16222.28,589,27.54
Joe Rooney,1,16177.76,531,30.47
Aaron Rowe,2,16170.69,734,22.04
Secondhand Serenade,1,16018.5,500,32.04
Jessi Cruickshank,2,15996.06,446,35.25
Sixteen Candles,2,15966.0,860,18.62
Stephanie Tolev,1,15943.6,543,29.36
Margarita Siempre Viva,2,15885.6,687,23.36
Say Ocean,2,15849.21,748,21.54
Proud Mary,2,15848.38,600,26.41
Sorry,2,15797.43,638,24.72
The Jayhawks,1,15795.0,381,41.46
"""How to Gael ar an mbóthar - Podcast""",1,15792.58,522,30.25
Nao,1,15593.23,483,32.28
Reggie Watts,1,15593.0,420,37.13
Stunna Girl,1,15535.5,485,32.03
echobelly,1,15511.5,475,32.66
Glass Beams,1,15392.0,600,25.65
Aborted,1,15360.0,427,35.97
Victor Wooten,1,15352.0,495,31.01
Buzzcocks,1,15334.46,390,39.32
ZZ Ward,1,15328.5,525,29.2
The Okee Dokee Brothers,1,15312.0,500,30.62
Sleigh Bells,1,15298.0,507,30.17
Amy Winehouse Experience - Back To Black,1,15288.62,341,44.83
Spencer Sutherland,2,15243.36,659,22.61
Allie X,1,15167.16,500,30.33
Vistas,1,15104.95,605,24.97
Make Them Suffer,1,15080.1,490,30.78
American Aquarium,3,15075.0,627,23.3
Rachel Platten,1,15075.0,478,31.54
Naomi Sharon,1,15000.0,520,28.85
Allen Stone,1,14903.0,361,41.28
Phil Campbell And The Bastard Sons,1,14902.41,416,35.82
Futurebirds,1,14803.5,490,30.21
Jenevieve,1,14790.0,416,35.55
Shay O'Dowd,2,14690.49,880,15.83
Keyside,3,14563.74,917,15.79
Rich Amiri,1,14522.5,547,26.55
Curtis Harding,1,14467.56,500,28.94
Jared Freid,1,14393.28,470,30.62
"""And That's Why We Drink""",1,14380.0,388,37.06
Parmalee,1,14372.0,423,33.98
Paul C. Brunson,1,14365.26,336,42.75
Ben Ellis,4,14357.64,879,16.71
El Kuelgue,1,14324.63,629,22.77
Sunami,1,14319.5,515,27.8
ALASKA,1,14303.0,241,59.35
SexyTadhg,1,14255.07,708,20.13
Dark Angel,1,14213.48,300,47.38
Enya Martin,1,14209.89,319,44.55
The Sound Of Animals Fighting,1,14209.85,448,31.72
Bob Mould,1,14176.0,460,30.82
Nubya Garcia,1,14156.76,499,28.37
Skinny Living,2,14128.78,437,31.68
"nothing,nowhere.",1,14119.95,479,29.48
Steely Dane - Trib. To Steely Dan,1,14100.0,430,32.79
AJ Tracey,2,14074.23,530,26.56
"Green Lung, Unto Others",1,14065.06,427,32.94
The Kumbia Kings,1,14037.92,422,33.27
LANDMVRKS,1,14015.0,560,25.03
Dora Jar,1,14008.74,558,25.11
Better Lovers,2,13985.57,441,33.26
Stavroz,1,13958.62,591,23.62
The Xcerts,1,13953.49,600,23.26
Nemo,1,13929.0,428,32.54
The Murder Capital,1,13928.62,600,23.21
"""Watch What Crappens""",1,13922.5,377,36.93
Ben Walker,2,13912.05,752,18.26
Shambolics,2,13876.23,773,17.94
Jamie Miller,2,13858.29,621,22.6
Cloud Cult,1,13841.0,488,28.36
Molly Santana,1,13775.0,500,27.55
Destroyer,1,13698.5,527,25.99
Here Come The Mummies,1,13640.0,395,34.53
Northside,1,13618.4,528,25.79
Chuck Ragan,2,13610.35,431,30.8
Ab-Soul,1,13575.0,365,37.19
Paul Kelly,1,13571.01,430,31.56
The Whistlin Donkeys,1,13526.43,484,27.95
Sprints,1,13526.03,460,29.4
CKY,1,13492.56,438,30.8
Blind Pilot,1,13457.0,520,25.88
Iseo &amp; Dodosound,3,13403.34,548,25.25
KennyHoopla,3,13394.17,515,25.92
Rec Hall,3,13350.0,696,19.28
Circle Jerks,1,13249.6,388,34.15
The Brook &amp; The Bluff,1,13195.0,483,27.32
Jane Remover,1,13159.0,500,26.32
The Year Grunge Broke,1,13145.73,439,29.94
Jordan Jensen,1,13121.18,380,34.53
Fabulosos 90´s,1,13071.62,950,13.76
Nicotine Dolls,1,13055.0,522,25.01
"""Stop Making Sense""",1,13052.69,600,21.75
High Vis,1,13051.17,588,22.2
Haiver,2,13030.5,592,22.03
almost monday,2,13024.74,585,22.26
Halina Rice,1,13020.4,573,22.72
The English Beat,1,13012.0,355,36.65
"""Madison Carnaval""",1,12975.0,519,25.0
Ozark Mountain Daredevils,1,12971.75,342,37.93
Russell Kane,1,12967.32,350,37.05
Kikuo,1,12964.38,500,25.93
jasmine.4.t,4,12936.53,710,18.48
"""Small Town Dicks Podcast""",1,12902.5,289,44.65
Shack,1,12879.88,321,40.12
Cardellino,1,12852.64,280,45.9
Lord Of The Lost,1,12823.75,372,34.47
"""The Road To The Great Escape""",8,12770.06,626,20.57
Pain Of Truth,1,12760.0,500,25.52
The Sherlocks,1,12716.69,471,27.0
Sunday (1994),3,12690.46,723,17.73
Rivers Of Nihil,1,12685.29,355,35.73
Tim Heidecker,1,12612.25,314,40.17
Nekrogoblikon,1,12576.15,328,38.34
Klangphonics,1,12526.82,395,31.71
Pale Waves,1,12504.21,383,32.65
Avery Anna,1,12472.0,600,20.79
Hinds,1,12417.95,562,22.1
Mallrat,2,12361.43,600,20.6
"""Now That’s What I Call a Rave""",1,12360.0,593,20.84
Blanco,2,12359.81,708,17.12
Rose Gray,2,12333.5,612,20.09
Dinosaur Pile-Up,1,12278.62,362,33.92
The Hoosiers,1,12273.51,394,31.15
Dylan Marlowe,1,12272.0,590,20.8
Leith Ross,1,12269.0,475,25.83
WeTouchGrass presents: Anime Rave,1,12239.0,551,22.21
Tee Grizzley,1,12105.0,258,46.92
Leo Kottke,1,12100.0,272,44.49
Nourished By Time,1,12067.32,496,24.33
Joshua Radin,2,12047.42,294,40.98
Damien Dempsey,1,12019.91,414,29.03
Cults,1,12015.0,451,26.64
Zimmer90,2,11991.77,627,19.08
Venna,2,11964.17,417,28.63
The Molly Ringwalds,1,11923.0,623,19.14
KNOX,2,11906.2,545,22.25
Peter Perrett,2,11871.99,408,29.98
Built To Spill,1,11860.0,321,36.95
The Kissers,2,11830.0,735,16.14
The Last Revel,1,11824.0,484,24.43
Matilda Mann,2,11819.15,534,22.06
"Ross Thorn, The Spine Stealers",1,11773.0,132,89.19
Neon Trees,1,11733.0,397,29.55
Erin LeCount,1,11709.21,419,27.95
Winona Fighter,2,11704.0,573,20.43
Geordie Greep,1,11672.0,600,19.45
The Widdler,1,11570.0,394,29.37
The Castros,3,11568.36,700,16.3
Will Linley,2,11568.04,546,21.34
Michigander,2,11555.19,489,22.24
Post Animal,1,11545.0,560,20.62
Joan As Police Woman,1,11465.65,320,35.83
Alison Roman,1,11450.57,342,33.48
Kishi Bashi,2,11427.02,483,23.88
Friko,3,11420.0,576,19.78
Jim Norton,1,11320.07,284,39.86
Jimeoin,1,11293.24,437,25.84
Garth Marenghi,1,11264.1,428,26.32
Indigo De Souza,1,11202.5,379,29.56
Bellaire,1,11193.17,672,16.66
The Ramparts,1,11182.03,410,27.27
Corbin,2,11133.02,469,23.76
Dragged Into Sunlight,1,10982.0,494,22.23
Kei Linch,1,10953.47,460,23.81
The Men They Couldn't Hang,1,10949.47,342,32.02
G. Love &amp; Special Sauce,1,10912.5,290,37.63
L.S. Dunes,1,10822.0,296,36.56
Pozer,2,10778.64,534,20.89
Laila!,1,10750.0,500,21.5
YDG,1,10736.94,506,21.22
YT,2,10724.39,550,19.73
Sadie Jean,1,10720.94,507,21.15
"""2 Fast 2 Fiesta""",2,10685.0,526,20.62
The Callous Daoboys ,2,10680.0,560,19.0
Jack &amp; Jack,1,10675.3,298,35.82
Meryl Streek,2,10605.52,429,21.78
Simply Dylan - Trib. to Bob Dylan,1,10602.64,270,39.27
"""The Wiz Revisted""",1,10595.0,326,32.5
"""Punk Off! - The Sounds of Punk &amp; New Wave""",1,10581.6,359,29.48
Lecrae,1,10580.5,348,30.4
VOILÀ,1,10579.34,393,26.92
Penny and Sparrow,1,10527.0,392,26.85
William Hanson,1,10501.42,345,30.44
Model/Actriz,1,10478.56,500,20.96
Thy Art Is Murder,1,10475.78,269,38.94
Catch Your Breath,1,10444.0,411,25.41
The Clause,1,10430.95,519,20.1
Cassia,1,10382.2,456,22.77
Moonshine Bandits,1,10309.0,331,31.15
Diggy Graves,1,10284.5,222,46.33
John Foster,1,10280.0,344,29.88
The Motet,1,10253.0,372,27.56
RUSHERKING,1,10229.91,314,32.58
Real Estate,1,10210.0,336,30.39
Martin Sexton,2,10205.45,258,38.78
Iñigo Quintero,2,10204.63,330,30.48
"""Electric Feels""",1,10200.0,526,19.39
Club 90's: 2000's Night,1,10200.0,535,19.07
Hawthorne Heights,1,10175.0,331,30.74
Pokey LaFarge,2,10118.0,442,22.56
Morgana,1,10072.82,346,29.11
Black Joe Lewis &amp; The Honeybears,1,10057.0,390,25.79
Phil Hanley,1,10045.6,221,45.46
Pat Hamilton,3,10042.73,548,17.5
Sofia Camara,1,10009.18,500,20.02
Local H,1,10000.0,400,25.0
Couch,1,10000.0,400,25.0
"""I Love The 90s Tour""",1,9969.05,751,13.27
Good Neighbours,2,9966.34,594,17.73
Eem Triplin,1,9940.0,378,26.3
The OMG Girlz,1,9910.0,246,40.28
The Jungle Giants,2,9877.96,392,25.04
TTSSFU,1,9870.01,300,32.9
Power Trip,1,9861.61,290,34.01
Una Healy,1,9834.47,190,51.76
Gallus,1,9809.74,492,19.94
Dave Hause,2,9782.17,348,26.94
Dehd,1,9765.0,358,27.28
Vio-Lence,1,9726.32,251,38.75
AJ McQueen,1,9701.0,350,27.72
Isaac Butler,1,9660.27,375,25.76
Bad Nerves,1,9633.51,376,25.62
The Kiffness,1,9601.1,435,22.07
"Bonnie ""Prince"" Billy",1,9600.0,271,35.42
The Specials,1,9578.46,323,29.65
The Slow Readers Club,1,9574.55,401,23.88
Soapbox,1,9567.9,496,19.29
Margo Price,1,9547.0,304,31.4
Two Lanes,1,9538.46,600,15.9
Granny Shot,1,9536.0,486,19.62
Redferrin,1,9525.0,330,28.86
Neto Peña,1,9510.67,536,17.74
Mackenzy Mackay,2,9444.42,332,24.06
Wet,1,9380.0,345,27.19
Sports Team,1,9372.21,318,29.47
Katarsis,1,9355.2,289,32.37
Vlure,1,9332.58,415,22.49
Smells Like Nirvana - A Trib. to Nirvana,2,9325.0,501,18.42
Tonto,2,9311.82,541,17.53
I Dont Know How But They Found Me,1,9275.0,319,29.08
Jadu Heart,1,9270.14,296,31.32
Ben Ottewell,1,9253.32,275,33.65
George Lewis,1,9203.62,451,20.41
Pastel,3,9192.8,683,14.8
Bret McKenzie,1,9150.0,185,49.46
Caity Baser,2,9138.01,429,22.14
Driveways,2,9113.0,575,15.75
Bo Staloch,1,9100.0,400,22.75
"""Legends of Country""",1,9069.0,214,42.38
DJ Sarah Akawa,2,9045.0,800,11.31
Chalk,2,9028.29,455,19.88
Now Rave,1,8972.5,435,20.63
DC The Don,1,8942.0,332,26.93
Window Kid,2,8902.61,364,24.44
Seb Lowe,1,8901.57,500,17.8
Matisyahu,1,8865.0,289,30.67
Nick Shoulders,1,8800.0,400,22.0
Say She She,1,8773.25,272,32.25
Touché Amoré,1,8738.76,300,29.13
North Mississippi Allstars,1,8728.0,261,33.44
Ripe,1,8727.0,329,26.53
Jamie McIntyre,2,8700.76,479,17.68
Thee Sinseers,1,8640.0,319,27.08
The Boxer Rebellion,1,8631.53,300,28.77
Spear Of Destiny,1,8617.08,254,33.93
"Hayes Carll, Corb Lund",1,8617.0,235,36.67
Moonchild Sanelly,2,8616.39,441,19.63
Southern Culture On The Skids,1,8575.0,353,24.29
Spyres,2,8543.33,432,19.88
Bertha,1,8504.0,257,33.09
Nirvana Tribute,1,8473.9,279,30.37
The Browning,2,8375.0,403,20.86
TopHouse,2,8333.0,332,24.99
Shobsy,2,8287.3,395,21.02
Filter,1,8282.0,266,31.14
Lime Cordiale,1,8235.0,320,25.73
Boot n' Beats ,1,8231.0,354,23.25
Papadosio,1,8227.0,331,24.85
Maldito,1,8195.0,369,22.21
"""The Taylor Party""",2,8190.0,465,18.37
The Lottery Winners,1,8117.57,280,28.99
The K's,1,8098.41,340,23.82
Lakeview,2,8080.0,397,20.36
Cloth,2,8067.79,490,16.47
DMODE: Ultimate Depeche Mode Experience,1,8056.22,308,26.16
Husbands,3,8048.0,417,19.6
Black Stone Cherry,1,8039.0,230,34.95
Nile,1,8010.0,285,28.11
Billy Woods,1,8010.0,315,25.43
Dixon Dallas,1,8000.0,294,27.21
Corella,1,7983.98,330,24.19
Born of Osiris,1,7980.0,310,25.74
Spike and the Gimme Gimmes,1,7976.42,183,43.59
Sam Ryder,1,7951.59,600,13.25
Tom McRae,1,7943.01,237,33.51
David Keenan,1,7933.37,277,28.64
Honey Revenge,1,7920.0,314,25.22
Feliz Roast de las Madres,2,7874.27,412,19.58
Radio Free Alice,2,7865.38,450,16.42
Girls Overheard,1,7865.17,257,30.6
The Wandering Hearts,1,7857.86,214,36.72
Harbour,1,7768.0,304,25.55
Katie Boyle,1,7757.31,272,28.52
Tebi Rex,1,7736.7,287,26.96
Simple Things,2,7728.84,407,18.17
Dune Rats,2,7709.16,372,20.29
Toploader,1,7691.91,239,32.18
Old Mervs,2,7680.37,368,20.8
Lacuna ,2,7669.0,510,15.28
Absnt Mind,1,7655.01,331,23.13
Sungazer,1,7642.67,195,39.19
Juan Fernando Velasco,1,7610.0,207,36.76
PartyOf2,1,7570.0,340,22.26
Swallow The Sun,1,7539.33,214,35.23
Daniel Donato,1,7533.0,297,25.36
CARRTOONS,1,7510.0,292,25.72
Seafret,2,7504.89,226,33.21
Mitu,1,7500.43,280,26.79
Jason Wade,1,7479.0,178,42.02
After The Last Waltz,1,7440.6,300,24.8
Chloe Slater,2,7425.59,358,18.98
The East Pointers,1,7417.5,304,24.4
Ryan Fitzpatrick,1,7402.41,154,48.07
Band Of Skulls,1,7391.38,201,36.77
David Nail,1,7385.0,220,33.57
Cancer,1,7352.98,210,35.01
I See Stars,2,7327.38,240,30.53
Save Ferris,1,7305.0,286,25.54
Brad Kella,1,7292.11,153,47.66
"Norman Blake, Bernard Butler and James Grant",2,7289.19,170,41.8
AngelMaker,1,7282.0,278,26.19
Gavin James,1,7268.29,291,24.98
Blind Melon,1,7258.5,231,31.42
Morgan Wallen Tribute UK,1,7253.95,269,26.97
Moon Hooch,1,7224.0,336,21.5
Durry,1,7220.0,400,18.05
Donny Benét,1,7217.0,272,26.53
Remy Bond,1,7212.64,300,24.04
The Brothers Comatose,1,7212.0,285,25.31
Arkansauce,2,7209.0,288,25.54
Horsegirl,1,7208.0,400,18.02
"""Dizzee Rascal After Party""",1,7202.45,428,16.83
MICHELLE,1,7200.0,400,18.0
Patterson Hood,1,7188.16,207,34.73
Kid Kapichi,1,7185.24,300,23.95
"JUMP ""America's Van Halen Experience""",1,7180.0,231,31.08
Dustin Nickerson,1,7145.0,270,26.46
"Shaman's Harvest, Blacktop Mojo",1,7130.93,180,39.62
Brian Kelley,1,7120.0,213,33.43
Tanner Usrey,1,7110.0,263,27.03
The Wellermen,2,7102.58,365,20.24
"""Good Children""",1,7095.0,200,35.48
Kerr Mercer,1,7092.53,366,19.38
Dan Whitlam,1,7081.57,305,23.22
Momma,1,7053.65,300,23.51
Emma-Jean Thackray,1,7046.92,300,23.49
Andrew Ryan,1,7043.3,218,32.31
Joe Strummer - Tribute Night,1,7034.48,300,23.45
Yoke Lore,1,7000.0,277,25.27
Lil Skies,1,6975.0,215,32.44
Mind Enterprises,1,6955.74,300,23.19
D Smoke,1,6910.0,245,28.2
Willie J Healey,1,6902.42,298,23.16
Evening Elephants,2,6890.0,333,20.75
Steez,2,6885.0,380,18.27
Jake Lambert,2,6872.2,351,19.58
Wavves,1,6860.0,268,25.6
Defunk,1,6840.0,354,19.32
Dany Calvario,1,6837.46,275,24.86
Jamie Lissow,1,6835.0,249,27.45
Elle Coves,2,6834.6,341,19.47
Ross Leighton and Friends,1,6819.91,300,22.73
"""The B'old Triangle""",1,6794.86,331,20.53
Dr. Zhivegas,1,6776.0,360,18.82
Pete Wylie,1,6772.13,227,29.83
Denm,1,6770.0,265,25.55
Dea Matrona,1,6764.44,310,21.82
The Big Payback,1,6740.0,295,22.85
The Guest List,2,6698.74,450,14.39
Chloe Moriondo,1,6670.12,300,22.23
Gauri B,1,6620.66,163,40.62
The Linda Lindas,1,6615.28,271,24.41
"The Altons, Thee Sinseers",1,6600.0,300,22.0
Heartworms,2,6561.98,347,18.91
Yaelokre,1,6548.65,320,20.46
Joshua Burnside,2,6531.55,413,15.81
Tors,1,6512.26,281,23.18
"""Taylor Swift Night""",2,6434.0,391,16.64
EGGY,1,6427.0,276,23.29
Warm Reekin' Rich,2,6426.86,427,14.91
Anees,1,6424.16,211,30.45
Amaria,1,6415.0,283,22.67
Pork Tornadoes,1,6415.0,308,20.83
Couch Dog,2,6396.4,437,14.2
Mercury Rev,1,6390.0,210,30.43
Welly,4,6385.71,363,17.3
Anderson East,1,6376.0,227,28.09
Pa Sheehy,1,6367.71,226,28.18
The Wakes,1,6363.82,256,24.86
Vader,1,6349.65,186,34.14
Lyric,2,6333.2,207,30.21
Hassan Phills,1,6320.03,260,24.31
Whitey Morgan And The 78's,1,6310.0,186,33.92
Fright Years,2,6302.29,425,15.35
"""The Comedy Store""",4,6299.58,365,20.84
Leon Benavente,1,6297.57,280,22.49
Young Gun Silver Fox,1,6296.77,236,26.68
Wendy James,2,6273.61,205,30.61
Rebulu Group,2,6260.0,257,24.87
Sophie B. Hawkins,1,6250.95,185,33.79
Emo Halloween,1,6245.0,365,17.11
Zoso - The Ultimate Led Zeppelin Experience,1,6235.0,244,25.55
Kashus Culpepper,1,6228.0,342,18.21
Portal,1,6222.38,150,41.48
All American Throwbacks,1,6220.0,400,15.55
Between Friends,1,6216.92,265,23.46
Post Sex Nachos,1,6193.0,343,18.06
The Skids,1,6189.63,155,39.93
Jade Bird,1,6174.53,209,29.54
Driveway Thriftdwellers,1,6170.0,364,16.95
Ramirez,1,6117.5,226,27.07
Basht.,2,6114.43,373,16.39
Greg Warren,1,6105.0,223,27.38
Nish Kumar,1,6080.0,240,25.33
King Buffalo,1,6070.0,295,20.58
Roger Clyne &amp; The Peacemakers,1,6070.0,235,25.83
L'Usa,1,6051.92,289,20.94
"The Army, The Navy",2,6044.56,312,19.06
The Record Company,1,6034.35,229,26.35
Adrien Nunez,1,6000.0,400,15.0
Bit Brigade,2,5989.0,279,20.29
Duplat,1,5945.17,229,25.96
"""Sapphic Factory""",2,5945.0,423,13.95
The Wldlfe,1,5942.0,285,20.85
Billy Lockett,1,5925.86,297,19.95
"hey, nothing",1,5922.0,300,19.74
Nate Smith (drummer),1,5920.0,215,27.53
Houses In Motion,1,5910.0,361,16.37
The 502s,1,5888.0,211,27.91
"""The Happy Pear""",1,5883.32,220,26.74
Curtisy,2,5875.93,295,18.43
Conan,1,5868.99,241,24.35
Slix,1,5866.2,298,19.69
The Pale White,2,5853.45,291,20.3
EKKSTACY,2,5849.25,235,24.88
Humour,3,5832.8,366,16.02
Drake Milligan,1,5830.0,265,22.0
Emery,1,5815.0,229,25.39
Bongzilla,1,5815.0,229,25.39
The Kay Brothers,1,5798.0,441,13.15
Helicon,1,5689.5,248,22.94
Combat Rock,1,5684.78,253,22.47
Porch Light,1,5684.0,311,18.28
Chloe Qisha,1,5660.33,300,18.87
Face The West,1,5650.07,300,18.83
Nxdia,1,5649.8,300,18.83
Get Better With Chris,2,5645.48,136,41.04
Carbon Leaf,1,5635.0,184,30.63
Rachel Sermanni,1,5613.18,210,26.73
Thumpasaurus,1,5595.68,275,20.35
Jack Kays,1,5581.46,300,18.6
Koyo,1,5575.0,217,25.69
Drug Church,1,5570.0,270,20.63
Waylan St. Palan And The Magic Elves,1,5540.0,277,20.0
Peter Antoniou,1,5515.0,205,26.9
Avenue Street,2,5500.31,375,14.8
The Scratch,1,5488.36,225,24.39
"""King Tut's New Year's Revolution""",2,5468.82,346,15.79
Vincent Lima,1,5456.0,338,16.14
Phat Phunktion,1,5452.0,305,17.88
"""Redmen TV Live""",1,5448.41,210,25.94
Matt Andersen,1,5433.06,207,26.25
Angela Puerta,2,5399.0,351,15.54
The Futureheads,1,5396.25,149,36.22
The People Brothers Band,1,5386.0,264,20.4
Rhett Miller,1,5380.0,211,25.5
Natty Nation,2,5360.0,295,17.87
Boldy James,1,5355.0,208,25.75
Maggie Antone,1,5345.0,221,24.19
Fozzy,1,5316.52,228,23.32
The Deadlians,2,5312.95,259,20.52
EMEL,1,5305.0,227,23.37
Robyn Red,1,5304.33,300,17.68
Florence Black,1,5290.4,192,27.55
Versus Me,1,5282.0,235,22.48
Koo Koo,1,5280.0,192,27.5
Teenage Dads,2,5232.29,254,20.59
Nemzzz,1,5228.55,500,10.46
Rose Betts,1,5215.51,290,17.98
Luke Price,1,5193.06,196,26.5
Anthony Gomes,1,5180.0,181,28.62
Skinny Lister,1,5174.74,176,29.4
Matte Blvck,1,5155.0,207,24.9
Alcatraz,1,5153.51,299,17.24
Steve'n'Seagulls,1,5147.63,161,31.97
Abor &amp; Tynna,2,5142.57,958,4.32
Brian Bilston,1,5139.95,150,34.27
Great Grandpa,2,5135.96,258,19.91
Uncle Lucius,1,5126.0,281,18.24
Arts Fishing Club,1,5120.0,238,21.51
The Prince Experience,1,5099.0,161,31.67
Thousand Below,1,5080.0,227,22.38
Softcult,1,5063.53,254,19.94
Ruthanne,1,5052.36,161,31.38
Rubii,1,5048.15,230,21.95
Scratchcard Wednesday,1,5014.5,300,16.72
La Luz,1,5013.81,243,20.63
Spectral Wound,1,4998.0,163,30.66
deathtoricky,1,4995.87,290,17.23
High Fade,2,4947.0,271,18.7
Daniel Bedingfield,1,4920.03,129,38.14
Odhran Murphy,1,4883.99,279,17.51
"""Sleaze Freaks: An Indie Sleaze Revival Dance Party""",1,4850.0,239,20.29
Night Caller,2,4839.97,322,15.18
Creed Fisher,1,4830.0,148,32.64
The Cureheads,1,4801.09,163,29.45
newshapes,1,4775.53,300,15.92
feeble little horse,1,4773.21,221,21.6
Dead Posey,2,4737.5,214,22.14
Those Damn Crows,1,4717.31,174,27.11
Chris Porter,1,4710.0,172,27.38
DWLLRS,1,4662.0,289,16.13
"""The JOE Pub Quiz""",1,4657.8,149,31.26
Pentire,2,4648.93,301,15.52
Donavon Frankenreiter,1,4612.0,123,37.5
Medium Build,1,4603.06,165,27.9
Alfie Jukes,1,4600.95,216,21.3
Kirsteen Harvey,3,4598.75,272,16.93
Giovannie &amp; The Hired Guns,1,4596.0,183,25.11
Terrorvision,1,4587.61,137,33.49
Combichrist,1,4580.33,121,37.85
Alain Johannes,1,4577.56,162,28.26
Smoking Popes,1,4559.0,203,22.46
Nai Palm,1,4541.0,121,37.53
Felly,1,4540.0,200,22.7
Mdou Moctar,1,4532.0,171,26.5
"""Club 90's DJ Night""",1,4530.0,279,16.24
Leif Vollebekk,1,4507.0,163,27.65
Slomosa,1,4497.54,217,20.73
Black Pistol Fire,1,4487.0,162,27.7
Chicken Wire Empire,1,4485.0,247,18.16
Nathan Dawe,1,4484.36,236,19.0
Cheekface,1,4475.0,223,20.07
Ganavya,1,4445.86,164,27.11
Barry Adamson,1,4439.28,137,32.4
CVC,2,4427.22,215,20.6
Slow Crush,1,4420.0,215,20.56
Fana Hues,1,4414.0,203,21.74
Mantel,1,4400.15,290,15.17
Winterfylleth,1,4395.91,184,23.89
The Lilacs,1,4393.62,203,21.64
"""Uncruel Summer: A Girly Pop Dance Night""",2,4390.0,226,19.3
Big Richard,1,4384.0,227,19.31
Heavy Weather,1,4382.96,290,15.11
Låpsley,1,4370.75,164,26.65
Fog Bandits,1,4370.42,290,15.07
Polaris,1,4350.19,190,22.9
Mike Zito,1,4350.0,167,26.05
The Grapevine,1,4339.52,290,14.96
Jack Torrance,1,4330.06,290,14.93
Spafford ,1,4328.51,160,27.05
Patrick Hynes,2,4301.04,231,18.38
Youth For Sale,1,4297.37,281,15.29
Kyle Gass Band,1,4285.62,127,33.75
My Baby,1,4283.21,175,24.48
Pachyman,1,4262.43,180,23.68
The Cactus Blossoms,1,4250.0,205,20.73
Motherfolk,1,4244.0,211,20.11
JEV,1,4243.32,196,21.65
Craig Conant,1,4219.47,154,27.4
Your Smith,1,4205.0,205,20.51
Maanu,1,4204.47,153,27.48
Himalayas,1,4203.9,240,17.52
The Violets,1,4168.76,273,15.27
Sir Woman,1,4160.0,163,25.52
Direct Hit!,1,4155.0,240,17.31
Ghost-Note,1,4145.0,135,30.7
Hunter Metts,1,4145.0,181,22.9
The High Hawks,1,4142.0,139,29.8
Wild Horses,1,4116.0,258,15.95
Folk Bitch Trio,1,4114.52,240,17.14
Sheppard,1,4110.36,149,27.59
The Tranquils,1,4105.0,269,15.26
Kxllswxtch,1,4078.5,154,26.48
Gengahr,1,4074.6,179,22.76
Sawyer Hill,1,4040.56,193,20.94
Caseveti,1,4035.5,290,13.92
Gama Bomb,1,4018.74,156,25.76
AndSofia,1,4005.71,295,13.58
Sebastian Schub	,3,4003.17,239,16.6
Youth Lagoon,1,3990.0,157,25.41
Play It Off Legit - Ween Tribute,1,3990.0,241,16.56
Lola Kirke,1,3972.56,170,23.37
TX2,1,3964.0,178,22.27
Leisureland,1,3961.33,295,13.43
Mick The Busker,1,3958.92,192,20.62
Sugaboo,1,3943.16,101,39.04
The Wildwoods,1,3924.0,189,20.76
Dictator,1,3897.83,195,19.99
Brigitte Calls Me Baby,2,3890.44,227,17.2
LeasureLand Band,1,3882.62,233,16.66
Dances With DDeer - System of a Down Tribute,1,3880.0,186,20.86
Oddisee,1,3877.0,111,34.93
Maisie Adam,1,3874.98,153,25.33
The Garcia Project- Trib. To The Jerry Garcia Band,1,3871.0,149,25.98
Sam Grisman Project,1,3827.0,132,28.99
Delta Sleep,1,3825.0,138,27.72
Hohnen Ford,2,3822.53,188,20.34
Darren Sterud Band,1,3815.0,166,22.98
Sonny Tennet,1,3810.53,146,26.1
Rosin McCarney,1,3802.41,117,32.5
The Heavy Heavy,1,3790.99,129,29.39
Majesty Palm,1,3779.08,224,16.87
Indoor Foxes,1,3765.5,273,13.79
Ideal Husbands,1,3763.28,226,16.65
Chris Stapleton Experience,1,3746.99,158,23.72
TRSH,1,3744.0,168,22.29
Yaya Bey,1,3742.5,125,29.94
Daikaiju,1,3742.0,189,19.8
Soap,1,3724.32,182,20.46
The Spooklights,2,3709.0,242,14.15
The Breath,1,3706.85,149,24.88
KLOANS,1,3685.71,224,16.45
"""The Simpler Life? With James &amp; William"" Podcast",1,3681.75,189,19.48
Hot Like Mars,1,3680.0,148,24.86
Black Sabbitch - A Tribute to Black Sabbath,1,3672.61,127,28.92
San Jose,1,3665.68,214,17.13
Mixed Signals,1,3658.08,239,15.31
Westside Cowboy,1,3653.86,230,15.89
Ample House,1,3641.97,236,15.43
Nate Craig,1,3638.63,182,19.99
Frank's House,1,3636.85,242,15.03
Fangclub,1,3631.71,179,20.29
The Haunt,1,3623.24,175,20.7
Good Health Good Wealth,2,3601.02,190,19.88
Niamh Morris,2,3600.7,242,14.81
Callum Stewart,1,3589.71,266,13.5
Obscura,1,3578.98,124,28.86
Allie Sherlock,1,3557.38,217,16.39
The Inspector Cluzo,2,3548.53,178,21.04
West 22nd,1,3528.0,186,18.97
Harleymoon Kemp,2,3523.63,255,14.26
Mereba,1,3517.23,140,25.12
Ashley Singh,2,3500.78,193,18.68
Pretty Ugly,1,3496.5,252,13.88
Andrew Dickson,1,3495.78,215,16.26
Them Coulee Boys,1,3487.0,186,18.75
Man/Woman/Chainsaw,1,3462.46,245,14.13
Mark O'Donnell,1,3455.88,200,17.28
The Porch Flowers,2,3453.0,269,12.94
Ethan Regan	,1,3448.22,162,21.29
Mary in the Junkyard,1,3444.73,179,19.24
Bawo,2,3439.99,179,19.24
Stolas,1,3427.0,123,27.86
Liam St. John,2,3404.99,152,22.32
The Faith Hills Have Eyes,1,3400.0,189,17.99
Jay Webb,1,3395.0,175,19.4
Club 90s 2000s Night,1,3390.0,160,21.19
He Is Legend,1,3385.0,175,19.34
October Drift,2,3383.24,191,18.19
Jake Minch,1,3380.0,167,20.24
In Vertigo,1,3370.87,220,15.32
Elton Dan and the Rocket Band,1,3365.0,128,26.29
Girls Speak French,1,3362.47,217,15.5
Peter Croce,1,3360.0,181,18.56
Kaash Paige,1,3340.0,85,39.29
Pom Poko,1,3340.0,210,15.9
The Astronomers,1,3333.0,195,17.09
The Rions,1,3331.03,168,19.83
PVC,1,3323.97,212,15.68
Hailaker,1,3319.85,165,20.12
Snayx,1,3311.53,162,20.44
Blue Nicotine,1,3309.2,200,16.55
Silverada,1,3300.0,134,24.63
Kenny y los Electricos,1,3297.04,123,26.81
Kele Okereke,1,3259.73,131,24.88
The Hooten Hallers,1,3258.0,135,24.13
Dennis Cruz,1,3255.18,62,52.5
Andrea Vanzo,1,3241.88,76,42.66
Solasta,1,3233.88,208,15.55
Kilgour,1,3231.2,203,15.92
Tarzana,1,3211.88,228,14.09
The Regents,1,3202.91,227,14.11
Hope Tala,1,3198.66,120,26.66
Esmeralda Road,1,3192.48,169,18.89
Mercy Girl,1,3187.72,212,15.04
Shadowgrass,1,3176.0,170,18.68
Divorce,1,3174.4,173,18.35
Freak Slug,1,3173.52,189,16.79
Liza Treyger,2,3170.86,132,23.66
Tyler Rich,1,3160.0,134,23.58
The BellRays,1,3159.61,131,24.12
Sorcha Richardson,1,3155.62,110,28.69
Aysanabee,1,3145.78,178,17.67
The Loving Cup,1,3140.0,176,17.84
Chris Knight,1,3140.0,105,29.9
Jackie Venson,1,3135.0,197,15.91
The Aquabats,1,3123.11,99,31.55
Melt,2,3122.61,174,18.57
Bilk,1,3114.91,204,15.27
Greg Koch,1,3096.0,162,19.11
Moon Walker,1,3085.0,154,20.03
Martha May &amp; The Mondays,1,3063.1,223,13.74
Delights,1,3056.63,171,17.88
Dylan Jack Moran,1,3048.07,188,16.21
Kiesza,1,3045.0,108,28.19
Courting,1,3032.6,13,233.28
The Manatees,1,3015.04,170,17.74
BLOND:ISH,1,3014.45,54,55.82
Ten Hail Marys,1,3005.34,155,19.39
Food House,1,3005.11,139,21.62
Phanilla,1,3002.49,192,15.64
Bearings,1,2990.0,136,21.99
LF SYSTEM,1,2988.65,114,26.22
MRCY,1,2988.16,126,23.72
Oscar Jerome,1,2970.45,130,22.85
Basia Bulat,1,2942.0,113,26.04
Yung Bae,1,2940.0,136,21.62
Wave Chapelle,1,2920.0,116,25.17
The Karavats,1,2886.95,208,13.88
Party Cannon,1,2872.16,139,20.66
Noeline Hofmann,1,2860.0,187,15.29
Cosmic Charlie,1,2832.0,140,20.23
Croíthe,2,2830.2,230,14.12
Jeffrey Martin,1,2827.75,119,23.76
Damian Lewis,1,2824.57,67,42.16
Emmy,1,2818.64,97,29.06
BoomBox,1,2806.0,145,19.35
Thomas Green,1,2805.63,110,25.51
The Burney Sisters,1,2790.0,214,13.04
Kelsy Karter &amp; The Heroines,1,2779.75,170,16.35
Steinza,1,2767.0,161,17.19
"""Noche de Verano Sin Ti: Debi Tirar Mas Fiestas""",1,2760.0,115,24.0
Will Hoge,1,2760.0,107,25.79
The Marches,1,2758.87,175,15.76
Loving,1,2742.56,133,20.62
Theo Bleak,1,2733.24,167,16.37
Ha Ha Tonka,1,2730.0,170,16.06
"""La Movida Folklórica""",1,2710.21,293,9.25
Stratus,1,2692.69,187,14.4
Daisy The Great,1,2690.0,131,20.53
Or Does It Explode,1,2690.0,201,13.38
Anna Lea,1,2681.44,145,18.49
Rittz,1,2673.0,98,27.28
Kristin Key,1,2671.4,84,31.8
Erin Kinsey,1,2670.0,128,20.86
Oliver Francis,1,2664.0,108,24.67
slimdan,1,2655.0,177,15.0
JERUB,2,2649.2,150,18.52
Milkmaid Merchant,1,2642.27,182,14.52
Ward Davis,1,2640.0,100,26.4
The Rubens,1,2633.95,133,19.8
Harrison Storm,1,2628.06,120,21.9
The Crollas,1,2627.9,189,13.9
INOHA,1,2613.12,129,20.26
Twain,1,2610.0,165,15.82
Joe Derosa,1,2605.0,69,37.75
Spectral View,1,2600.47,171,15.21
KAIT,1,2597.96,174,14.93
Takuya Nakamura,1,2588.0,126,20.54
Penelope Road,1,2580.0,123,20.98
Hyphen,1,2577.35,149,17.3
"""Pink Pony Club - Chappell Roan Night""",1,2576.0,161,16.0
The Rills,1,2569.92,135,19.04
Vincent Antone,1,2565.0,119,21.55
Austin Snell,1,2565.0,176,14.57
Dean Wareham,1,2555.0,123,20.77
Clara La San,1,2553.98,129,19.8
Bold Love	,1,2552.39,126,20.26
Neave Marr,1,2546.34,170,14.98
MT Jones,1,2543.46,129,19.72
The Dirty Nil,1,2540.0,124,20.48
Liang Lawrence,1,2539.27,156,16.28
Tim Gallagher,1,2530.7,133,19.03
Crystal Lake,1,2530.0,137,18.47
Pearl Charles,1,2528.0,122,20.72
Just Someone Who Cared,1,2510.94,159,15.79
Riona O'Connor &amp; Olga Thompson,1,2509.14,93,26.98
The Painting,1,2505.48,153,16.38
Sextile,1,2502.16,130,19.25
Jensen McRae,1,2490.29,129,19.3
Alex White &amp; The Friends,1,2470.0,150,16.47
By Chance,1,2456.7,160,15.35
Drew Baldridge,1,2450.1,112,21.88
"""Finger Heart: The K-Pop Night""",1,2425.0,140,17.32
Decade,1,2419.28,143,16.92
Tanner Adell,1,2415.7,104,23.23
Baths,1,2413.09,121,19.94
daydreamers,1,2408.62,150,16.06
"""Welcome To Hell with Daniel Foxx &amp; Dane Buckley"" Podcast",1,2406.03,97,24.8
Alex Spencer,1,2405.32,133,18.09
ADMT,1,2400.2,109,22.02
Man Of Moon,1,2376.5,120,19.8
Marilyns,1,2375.0,128,18.55
The Buckleys,1,2372.64,70,33.89
Raff,1,2369.47,171,13.86
The Rolling People,1,2361.28,145,16.28
Dallas Love Field,1,2350.44,150,15.67
Vincent Neil Emerson,1,2331.0,140,16.65
Caspersridge,1,2314.44,156,14.84
Delush,1,2310.35,132,17.5
ili,1,2309.43,169,13.67
Say Sue Me,1,2306.03,739,3.12
Jason Boland &amp; The Stragglers,1,2306.0,83,27.78
Robert Grace,1,2300.22,103,22.33
Wings of Desire,2,2282.27,138,16.54
Close Control,1,2270.82,138,16.46
Arrows In Action,1,2268.92,94,24.14
Piri &amp; Tommy,1,2253.71,114,19.77
"Seaside Zoo - Trib, To The Grateful Dead",1,2250.0,158,14.24
Do Nothing,1,2240.09,120,18.67
Mama Digdown's Brass Band,1,2240.0,112,20.0
Birdtalker,1,2240.0,109,20.55
The Courettes,1,2237.35,86,26.02
Eddie 9V,1,2237.0,159,14.07
Blue Violet,1,2229.23,126,17.69
Wade Bowen,1,2225.0,107,20.79
Rachael Yamagata,1,2190.0,78,28.08
Bombargo,1,2182.5,112,19.49
"""One Man Star Wars Trilogy""",1,2179.63,83,26.26
waverley.,1,2173.1,129,16.85
Lizzie Reid,1,2172.84,129,16.84
Citizen Papes,3,2170.49,173,12.62
Future Palace,1,2162.42,103,20.99
Hospital Corner,1,2149.28,143,15.03
Dazed &amp; Confused,1,2143.54,135,15.88
The Strand,1,2126.87,115,18.49
The Stanleys,1,2117.32,129,16.41
Earthtone9,1,2113.83,72,29.36
Kingston,1,2112.07,132,16.0
Danko,1,2102.19,141,14.91
Mickey Callisto,1,2096.21,128,16.38
Tiny Voices,1,2095.0,191,10.97
The Paul Simon Trearment,1,2092.78,93,22.5
Paddy Keyes,1,2083.82,109,19.12
Ariel Posen,1,2082.0,100,20.82
The Dave Matthews Tribute Band,1,2080.0,101,20.59
SOFY,1,2077.55,129,16.11
Bow Anderson,1,2069.03,76,27.22
Yam Haus,1,2069.0,121,17.1
James McVey,1,2062.15,85,24.26
Moncrieff,1,2058.92,40,51.47
Slow Joy,1,2058.0,121,17.01
Venus Grrrls,1,2057.94,117,17.59
Open Mike Eagle,1,2044.0,111,18.41
Milange,1,2023.61,129,15.69
Dopethrone,1,2021.33,84,24.06
The Pill,1,1993.65,118,16.9
Kiss The Tiger,1,1989.0,119,16.71
"""Sandwiches Of History""",2,1985.36,61,32.55
Jasmine Jethwa,1,1982.08,120,16.52
LeBrock,1,1960.62,74,26.49
Action/Adventure,1,1950.0,100,19.5
Nomad,1,1935.79,123,15.74
Neriah,2,1935.69,68,25.96
Killowen,1,1935.03,112,17.28
Todd Day Wait,2,1926.0,134,14.42
The Native Howl,1,1922.0,102,18.84
Villanelle,1,1919.8,120,16.0
Luke Sital-Singh,1,1915.09,86,22.27
Phun,1,1913.0,107,17.88
Black Foxxes,1,1907.68,107,17.83
Ellur,1,1897.71,128,14.83
Josh Pyke,1,1894.95,70,27.07
Austin Meade,1,1894.0,81,23.38
Rodeo Club,1,1893.0,135,14.02
Stephen Day,1,1892.0,110,17.2
The Toxhards,1,1892.0,119,15.9
Gareth Reynolds,1,1890.0,66,28.64
Priyanka,1,1870.08,73,25.62
Azamiah,1,1862.3,117,15.92
Murray MacLeod,1,1850.48,104,17.79
Lil Skag,1,1848.62,80,23.11
Colby Acuff,1,1840.0,89,20.67
Low Cut Connie,1,1836.45,86,21.35
Not Quite Brothers,1,1830.0,112,16.34
The Dream Machine,1,1829.19,100,18.29
Duskus,1,1823.98,117,15.59
Meep,1,1812.26,119,15.23
Jakob,1,1807.22,99,18.25
Litany,1,1803.05,89,20.26
Rosie H Sullivan,1,1796.73,109,16.48
Jamie Grey,1,1796.36,106,16.95
The Early November,1,1795.05,75,23.93
Your Favorite Ex,1,1793.79,106,16.92
Suburban Legends,1,1781.81,91,19.58
EEVAH,1,1778.95,113,15.74
Ruti,1,1777.31,113,15.73
The Molotovs,1,1764.64,130,13.57
Angela Barnes ,1,1745.36,68,25.67
Me Like Bees,1,1730.0,99,17.47
Moreish Idols,2,1726.87,103,16.0
Jessica Doolan,1,1710.69,95,18.01
bluejayd,1,1701.09,98,17.36
Bay Faction,1,1698.0,82,20.71
Greg Pearson,1,1680.59,114,14.74
KIPPAX,1,1677.21,112,14.98
The Sleeveens,1,1672.26,92,18.18
Weston Loney	,2,1671.14,108,16.93
Blair Davie,3,1668.31,100,16.92
Drax Project,1,1664.2,82,20.3
Interlaker,1,1650.23,103,16.02
Pauric O'meara,1,1650.15,100,16.5
The Band Loula,1,1640.4,102,16.08
Jack Kane,2,1631.96,98,16.66
Calum Agnew,1,1626.0,90,18.07
The Droptines,1,1595.0,99,16.11
Papa Romeo,1,1574.39,90,17.49
Paddy Hanna,1,1571.66,63,24.95
Hush,1,1546.8,104,14.87
Mystic Heights,1,1546.48,108,14.32
ONEFOUR,1,1539.62,54,28.51
Lewis Aird,1,1538.48,100,15.38
Dawson Hollow,1,1518.0,112,13.55
Cruel Sister,1,1511.62,78,19.38
DICE,1,1491.94,86,17.35
Katie Tupper,1,1490.7,80,18.63
Dad's Best Friend,1,1485.8,103,14.43
Kolton Moore &amp; the Clever Few,1,1485.0,70,21.21
Ryan Brown,1,1478.99,102,14.5
never easy,1,1470.0,88,16.7
Mild Orange,1,1458.25,83,17.57
GANS,1,1456.17,110,13.24
Dogpark,1,1440.0,68,21.18
The Balancing Act,1,1439.25,81,17.77
Whitehorse,1,1435.3,106,13.54
chokecherry,1,1430.0,76,18.82
Matthew Nolan,1,1426.8,87,16.4
Fletchr Fletchr,2,1424.84,91,15.68
Abbie Gordon,1,1419.85,88,16.13
Blusher,1,1415.16,87,16.27
The Rants,1,1405.05,79,17.79
JJ Bull,1,1390.6,82,16.96
Black Nylon,2,1390.25,104,13.76
Pebbledash,1,1379.78,80,17.25
Vraell,1,1374.24,75,18.32
Bass Drum Of Death,1,1371.0,60,22.85
Haircut Overdose,1,1367.0,100,13.67
YNG Martyr,1,1351.41,83,16.28
Teenage Bottlerocket,1,1351.04,76,17.78
Kean Kavanagh,1,1349.19,67,20.14
Outcharms,1,1346.02,89,15.12
Leifur James,1,1344.01,57,23.58
XO,1,1332.18,100,13.32
Paws,1,1329.42,64,20.77
Mar Charav,1,1325.97,80,16.57
Parliamo,1,1324.64,97,13.66
The Dangerous Summer,1,1317.0,63,20.9
Retirement Party,1,1313.19,65,20.2
Callinsick,1,1310.03,87,15.06
Emily Nenni,1,1310.0,65,20.15
The Neon Empire,1,1301.66,70,18.6
NOFUN!,1,1294.55,64,20.23
Tyler Ballgame,1,1288.66,79,16.31
Archer Oh,1,1276.0,82,15.56
"""Concierto Pura Vida""",1,1265.19,55,23.0
Johnluke,1,1255.02,70,17.93
East Nash Grass,1,1254.0,65,19.29
The Band Feel,1,1242.0,80,15.53
The Rosecaps,1,1238.47,65,19.05
Hotel Lux,2,1215.68,69,17.6
Vertige,1,1212.99,83,14.61
Han Shot First,1,1207.84,80,15.1
Väsen,1,1203.71,73,16.49
Katie Nicoll,1,1192.94,85,14.03
Juanita Stein,1,1191.66,73,16.32
Picture Parlour,1,1188.75,70,16.98
Esme Emerson,1,1181.53,80,14.77
Kristeen Harvey,1,1178.51,69,17.08
Escuela Grind,1,1175.0,53,22.17
Etta Marcus,1,1160.99,57,20.37
Neeve Zahra,1,1160.73,93,12.48
Blood Donor,1,1146.85,70,16.38
Amy Michelle,1,1145.8,57,20.1
The Howlers,1,1131.98,51,22.2
Pet Symmetry,1,1130.0,53,21.32
Great Gable,1,1129.86,51,22.15
Belako,1,1129.48,74,15.26
Youth Sector,1,1114.71,65,17.15
Dylan Flynn And The Dead Poets,1,1112.02,65,17.11
Sean McConnell,1,1104.86,54,20.46
Jammy Buffet,1,1095.0,68,16.1
Mugshot,1,1095.0,65,16.85
Two Strangers,1,1093.64,75,14.58
Jack Skipper,1,1077.99,52,20.73
Hector Shaw,1,1077.15,70,15.39
Burial at Sea,1,1064.31,48,22.17
Emily Scott Robinson,1,1061.07,47,22.58
Surf Trash,1,1054.21,65,16.22
The Deep Blue,1,1044.65,61,17.13
The Wran,1,1044.28,60,17.4
Lusaint,1,1043.66,47,22.21
Split Chain,1,1042.0,55,18.95
Trey Mills,1,1037.91,149,6.97
Greg Mendez,1,1037.06,50,20.74
tessio.,2,1035.76,75,13.81
Brian Fuller,1,1035.0,69,15.0
Gag Reflex,1,1029.18,94,10.95
Fortune Igiebor,1,1025.99,74,13.86
MC Hammersmith,1,1020.47,45,22.68
John Butler ,1,1010.69,60,16.84
Lizzie Esau,1,1008.65,50,20.17
Tanzana,1,1004.38,112,8.97
Quiet Man (UK),1,1004.01,63,15.94
Unflirt,1,998.95,61,16.38
Lamaya,1,991.18,62,15.99
Billianne,1,990.94,62,15.98
BETH,1,983.59,54,18.21
Paddy Raff,1,978.02,43,22.74
Chubby Cat,2,969.16,61,15.38
Scorey,1,964.0,38,25.37
Hounds ,1,951.0,65,14.63
Anamoe Drive,1,938.81,54,17.39
Rainbow Girls,1,935.75,46,20.34
Will Paquin,1,932.7,45,20.73
Neve,1,930.81,41,22.7
The Franklin Electric,1,923.55,34,27.16
The Meffs,1,916.9,45,20.38
Zebra Lane,1,916.18,60,15.27
Ruthven,1,903.11,59,15.31
The Zebecks,1,901.29,51,17.67
spill tab,1,896.19,55,16.29
Tejon Street Corner Thieves,1,870.0,58,15.0
Ask Alice,1,863.32,52,16.6
The Wild Things,1,852.45,62,13.75
Josh Jones,1,844.7,40,21.12
JC Stewart,1,832.89,41,20.31
Better Joy,1,830.23,64,12.97
Civic,1,825.09,37,22.3
Gannon Fremin &amp; CCREV,1,825.0,52,15.87
Glitterfox,1,808.0,41,19.71
Anella Herim,1,805.0,40,20.13
Matt Heckler,1,800.0,50,16.0
SØUP,1,797.87,49,16.28
Charlie Pittman	,1,779.45,46,16.94
Aiko,1,778.52,43,18.11
LILO,1,765.62,49,15.62
Oscar Blue,1,765.08,53,14.44
L'objectif,1,759.74,46,16.52
Green Gardens,1,754.61,47,16.06
Tamzene,1,750.22,37,20.28
Jessica Winter,1,746.94,35,21.34
Slyrydes,1,743.76,37,20.1
Hotline TNT,1,724.0,41,17.66
Deadlands,1,690.0,35,19.71
Ally Forsyth,1,681.73,45,15.15
Felipe Baldomir,1,675.49,23,29.37
Kylie Morgan,1,652.06,20,32.6
Slowly Slowly,1,640.65,33,19.41
Corridor,1,622.0,26,23.92
Sullen Kink,1,590.26,41,14.4
MADMADMAD,1,573.57,33,17.38
The Drive,1,564.2,32,17.63
Jagged Baptist Club,1,536.56,39,13.76
Simeon Hammond Dallas,1,518.58,33,15.71
Ethan Tasch,1,512.91,31,16.55
Matt Benson,1,471.0,23,20.48
Declan Welsh &amp; The Decadent West,1,465.86,23,20.25
Finn Forster,1,449.41,21,21.4
Cherym,1,440.95,20,22.05
Ace Monroe,1,411.0,32,12.84
Chain,1,398.0,23,17.3
Zac Lawrence,1,382.71,23,16.64
Jasper Hodges,1,367.86,27,13.62
Bells Larsen,1,350.57,24,14.61
Digdeep,1,326.63,30,10.89
Kelsey Waldon,1,318.0,19,16.74
Aerial Salad,1,309.49,20,15.47
Betty Taylor ,1,304.63,19,16.03
Chloe Foy,1,300.43,18,16.69
Laney Jones And The Spirits,1,273.0,16,17.06
Our Man In The Field,1,202.1,11,18.37
Little Known,1,171.67,13,13.21
