Headliner,Count,Total_Gross,Tickets_Sold,Avg_Ticket_Price
Coldplay,16,409734237.4,3188778,128.63
P!NK,44,305974436.87,2267714,152.82
Bruno Mars,24,230707028.74,1865398,120.46
Bad Bunny,46,207303216.16,703846,292.26
Metallica,21,179373637.38,1500311,121.36
Eagles,40,168150846.73,574612,290.6
Olivia Rodrigo,64,165965299.51,1289014,131.12
Justin Timberlake,53,161932316.69,922050,176.55
Bruce Springsteen &amp; The E Street Band,23,155773766.46,1035372,164.1
Madonna,26,135370066.65,637886,213.17
Dead &amp; Company,10,131449779.68,476945,275.15
Usher,30,130690750.77,801548,163.26
Travis Scott,33,123021489.91,1043366,124.83
Pearl Jam,19,121388609.61,779639,163.6
Nicki Minaj,70,110001928.25,807075,133.52
blink-182,42,109027978.76,983122,110.44
Green Day,27,104115959.02,897349,114.57
Chris Brown,31,87385812.42,568372,170.86
U2,1,84720544.0,249122,340.08
Noah Kahan,52,79622039.95,771554,101.99
Karol G,21,78532366.52,670189,109.31
Chris Stapleton,36,77323555.18,665096,116.64
Drake,16,73159797.25,346625,210.47
Jelly Roll,57,73002646.84,701313,103.11
Imagine Dragons,34,64823419.68,706595,92.89
Depeche Mode,25,64629397.45,470756,137.78
Post Malone,22,62998572.0,469651,137.21
Creed,53,61326867.92,782899,83.0
Feid,28,60742237.87,680154,101.06
Trans-Siberian Orchestra,60,60670164.45,735654,81.74
Peso Pluma,34,59424150.19,468910,130.27
Twenty One Pilots,40,56716720.14,468210,118.83
Billie Eilish,12,56423407.67,328628,169.1
Sebastian Maniscalco,43,56272258.65,545436,97.66
Hozier,57,55971723.9,981576,57.51
Foo Fighters,12,53156702.01,413232,125.48
Niall Horan,61,53005350.91,818979,65.61
"Billy Joel, Sting",5,51188772.35,217919,234.19
Tim McGraw,45,50999873.55,465817,110.22
Dave Matthews Band,30,47738415.9,527735,100.74
Melanie Martinez,37,47611379.31,472328,100.59
"Def Leppard, Journey",13,45835107.79,384995,118.95
Phish,10,44453370.03,400523,100.29
Fuerza Regida,22,43721688.72,326685,135.57
Missy Elliott,26,42497725.02,319411,132.49
"Journey, Def Leppard",11,39925174.0,350463,115.64
Janet Jackson,38,39701170.88,418986,96.1
Tyler Childers,31,39075121.74,464178,84.69
New Kids On The Block,44,38515004.69,501869,79.5
Jeff Lynne's ELO,19,37371574.12,258055,143.3
Luke Bryan,32,36724203.04,485019,77.14
AJR,47,35525266.67,473011,75.61
Pitbull,26,34818125.0,504061,70.26
Red Hot Chili Peppers,19,34136109.8,405349,162.07
Sting,32,32520377.29,274803,136.91
Grupo Firme,28,31681207.3,278733,113.07
Paul McCartney,5,31532303.52,225617,138.59
Iron Maiden,22,30761024.21,301540,109.86
Alanis Morissette,32,30678064.16,473053,70.53
Billy Joel,4,29482641.85,161411,195.87
The Killers,22,28473542.5,332572,123.35
Mariah Carey,26,28393472.55,204381,155.78
"Charli xcx, Troye Sivan ",21,28018143.49,297719,93.02
Linkin Park,11,27568154.22,287079,97.29
"""Tecate Pa'L Norte""",1,26329302.59,244940,107.49
The Weeknd,2,26115998.0,211062,125.12
Fall Out Boy,25,25926293.42,280249,91.73
Sammy Hagar,28,25458673.7,333831,81.73
"Earth, Wind &amp; Fire, Chicago",30,25334652.63,377738,70.84
Diljit Dosanjh,17,25313032.33,198702,121.89
Stevie Nicks,12,25280725.1,148845,170.88
"Enrique Iglesias, Ricky Martin, Pitbull",18,24462410.16,201252,122.22
Morat,21,24277231.02,308658,84.02
Kevin Hart,42,23743897.61,173346,142.33
Dua Lipa,9,23638925.26,190351,121.63
Junior H,13,23370087.59,159566,143.0
"Billy Joel, Stevie Nicks",2,23240994.78,103675,225.76
"""Electric Daisy Carnival"" (Mexico)",1,23238692.66,309063,75.19
Avril Lavigne,28,23226221.89,417073,58.76
Maxwell,24,22559748.83,233389,97.51
Dan + Shay,48,22104012.06,418740,64.73
Cyndi Lauper,24,21533859.34,215283,102.61
"Styx, Foreigner",36,21398674.01,385476,58.52
SEVENTEEN,7,21258667.2,161154,132.92
"Future, Metro Boomin",15,21181596.48,181235,115.0
Megan Thee Stallion,16,21138681.83,202512,102.03
Glass Animals,31,21107505.18,348057,61.55
Liam Gallagher,7,20824711.18,227906,85.78
Jonas Brothers,17,20818657.44,240806,91.86
"""Afterlife""",6,20287850.01,317368,83.86
Weezer,21,20216876.74,230930,88.24
Marco Antonio Solís,21,20199180.05,157915,127.14
SZA,7,19991590.67,158971,127.84
"Cirque du Soleil - ""Kurios""",12,19267001.24,179836,106.71
Matt Rife,27,18833910.16,227128,83.68
Thirty Seconds To Mars,55,18545461.25,355065,53.67
Kings Of Leon,22,18330097.31,218500,80.13
Cigarettes After Sex,22,17780059.29,267429,66.38
Grupo Frontera,25,17651142.69,180898,94.14
Maroon 5,12,17604575.14,122715,158.67
TWICE,3,17537967.49,180033,97.48
21 Savage,28,17409298.6,414476,43.73
Alejandro Fernández,11,17299134.69,187125,105.76
Rod Stewart,16,17211734.68,158699,113.48
HARDY,18,16992209.63,261915,68.63
Odesza,4,16409026.09,143043,131.75
Limp Bizkit,20,16209726.55,296972,54.7
Los Bukis,13,15998261.0,61884,256.84
"Caetano Veloso, Maria Bethania",11,15283713.43,314120,52.61
"""Corona Capital Festival""",1,15276102.73,164615,92.8
Tool,11,15271882.46,129965,117.61
NF,22,14539042.65,194852,73.83
Sarah McLachlan,29,14495209.12,184542,78.81
Neil Young &amp; Crazy Horse,11,14483099.48,120520,120.3
AC/DC,1,14316703.89,82298,173.96
Nickelback,12,14151306.5,145185,96.44
Anyma,5,13568642.94,86343,157.19
Meghan Trainor,23,13407158.61,251582,54.53
"XSCAPE, SWV",29,13361726.21,232325,59.4
Pentatonix,17,13331611.6,187512,72.14
Disturbed,23,12872332.01,186317,72.01
Little Big Town,14,12862304.35,131294,98.38
Andrew Schulz,30,12846942.48,177910,74.35
"Tina Fey, Amy Poehler",9,12845156.4,84218,156.85
"""Vive Latino""",1,12831649.67,151630,84.62
"""Lollapalooza Chile""",1,12637561.76,70820,178.45
Ana Gabriel,14,12599030.04,103084,124.4
John Mayer,8,12314225.74,126264,79.64
I.U,6,12302302.52,78080,156.65
A Boogie Wit Da Hoodie,32,11823958.48,202415,55.46
Tate McRae,28,11798767.16,190524,62.46
"""Festival Estereo Picnic""",1,11643560.88,105074,110.81
Lady Gaga,7,11473416.0,37113,309.18
Gloria Trevi,25,11260188.94,116344,100.13
Korn,10,11194067.98,139525,76.04
"""Coca-Cola Flow Fest""",1,11187331.55,142963,78.25
Luis Miguel,2,11085013.95,112690,98.34
Yuri,18,10879555.58,110212,103.89
Zach Bryan,3,10602350.88,72252,144.44
Lindsey Stirling,36,10597826.77,146576,75.37
Slipknot,10,10588544.4,143271,76.21
Emmanuel &amp; Mijares,16,10420069.05,144450,75.14
"""Pixar World""",49,10354776.77,332586,28.71
Riley Green,33,10194701.01,197866,52.26
"Billy Joel, Rod Stewart",1,9676590.0,44553,217.19
Burna Boy,6,9423901.1,95693,98.35
Yuridia,17,9205955.36,138670,68.75
Kygo,10,9127303.05,118290,77.64
Young Miko,25,9126522.18,113661,85.44
Ne-Yo,9,9085553.03,90268,98.46
"""Tecate Emblema""",1,8995569.59,117021,76.87
IVE,9,8929690.86,82290,107.53
Jordan B. Peterson,25,8875683.34,122919,72.96
Lainey Wilson,14,8667169.77,118168,71.66
Incubus,8,8631273.81,94331,91.35
Hootie &amp; The Blowfish,8,8467291.46,101362,85.79
Aventura,3,8351505.4,96193,86.75
Lionel Richie,8,8342176.48,93606,89.49
"""AXE Ceremonia Festival""",1,7933319.25,57917,136.98
Fred again..,7,7761245.85,77550,100.5
Greta Van Fleet,14,7739278.16,94072,80.02
Russ,11,7710543.24,94108,76.63
Doobie Brothers,14,7617633.96,98854,74.81
Trevor Noah,11,7591809.21,95558,75.92
"""Anastasia""",21,7547851.04,97469,75.36
Conan Gray,17,7537711.98,131312,58.26
Benson Boone,34,7536350.82,141996,48.4
Don Toliver,10,7533386.19,95088,81.08
Becky Hill,10,7477819.45,118483,62.44
Bill Burr,10,7475488.96,81236,87.79
"""Longitude""",2,7333776.86,67758,108.25
Pepe Aguilar,13,7327394.96,91149,83.06
Doja Cat,7,7298161.81,85633,88.21
Maggie Rogers,12,7253743.94,105677,62.47
Bryan Adams,14,7165251.48,84116,85.67
"Santana, Counting Crows",6,7146644.24,66104,103.01
Bryson Tiller,16,7116014.81,101943,65.54
Lenny Kravitz,3,7012780.42,52900,120.87
Judas Priest,17,6983254.56,87191,80.19
"""Disney On Ice: Magic In The Stars""",4,6971035.97,121480,57.34
Los Temerarios,2,6945849.69,111280,62.31
NCT Dream,7,6891469.21,54076,127.41
Jay Chou,1,6848512.89,21205,322.97
Bush,25,6830978.39,144584,50.34
Sum 41,12,6826139.41,81195,74.87
Snoop Dogg,9,6759172.52,83212,80.85
Excision,8,6720531.71,97880,66.45
Brett Goldstein,17,6713781.57,63735,107.14
Cage The Elephant,12,6661841.17,116785,58.12
Vampire Weekend,10,6642125.73,100350,61.03
Mon Laferte,18,6636622.69,102499,67.47
$uicideboy$,5,6551276.43,75798,86.09
The Script,14,6481964.51,93490,63.65
"ZZ Top, Lynyrd Skynyrd",14,6462722.2,110635,64.73
ILLENIUM,1,6375232.5,71096,89.67
Take That,3,6349886.79,65310,96.73
"The Smashing Pumpkins, Weezer",5,6343260.93,68039,92.89
Tom Segura,13,6223273.8,73991,85.22
"Cirque du Soleil - ""Ovo""",18,6104981.96,79148,76.47
Shakira,1,6004725.2,52308,114.8
Sam Hunt,15,5982359.78,111705,54.35
Caifanes,8,5921674.85,121352,54.18
Karan Aujla,7,5657194.97,79686,70.92
Louis Tomlinson,5,5638661.24,66337,83.48
Kirk Franklin,14,5625525.86,81148,69.57
Bunbury,3,5624693.22,89150,78.24
"""Netflix Is A Joke"", Jerry Seinfeld, Jim Gaffigan, Sebastian Maniscalco",1,5596915.0,33017,169.52
Pantera,10,5509133.27,67890,82.01
Cody Johnson,3,5501266.85,60686,90.6
Eric Clapton,2,5474180.72,42063,160.56
Natanael Cano,1,5468738.12,62583,87.38
Troye Sivan ,17,5458292.5,122245,38.52
Los Fabulosos Cadillacs,6,5378211.8,87477,63.06
Parker McCollum,18,5370287.85,101471,52.81
Danny Ocean,20,5363456.48,94126,60.18
ITZY,8,5336228.55,55057,101.07
City and Colour,15,5319286.97,91116,58.28
Hombres G,9,5282149.08,51819,103.63
"""Festival Cordillera""",1,5153916.85,61008,84.48
Ms. Lauryn Hill,4,5043918.86,46019,122.95
The Corrs,7,5000305.72,48402,104.23
PARTYNEXTDOOR,26,4947160.5,84273,57.15
The Australian Pink Floyd Show,38,4894408.14,73426,76.11
Kehlani,9,4714294.3,58704,77.59
Bring Me The Horizon,6,4658817.42,76544,61.49
"""Jurassic World Exhibition"" (Exposition)",43,4619934.46,149059,32.18
Scorpions,1,4612676.0,36607,126.01
"""Electric Picnic""",1,4601490.16,16717,275.26
Five Finger Death Punch,9,4538554.83,75170,64.27
The Wolfe Tones,13,4536152.78,85062,54.89
Tom Jones,10,4534656.74,57276,92.88
Wallows,12,4521316.57,74363,59.0
Avenged Sevenfold,10,4389625.86,55664,78.9
Billy Idol,10,4386979.85,58525,75.14
Keane,7,4321794.64,57535,72.91
Carín León,1,4285642.16,54831,78.16
Brooks &amp; Dunn,5,4185153.71,50307,84.39
James Arthur,16,4151519.34,77915,50.97
"Lynyrd Skynyrd, ZZ Top",8,4128634.2,78885,54.65
Queens of The Stone Age,12,4124203.0,64485,61.39
"""Festival ARRE HSBC""",1,4109365.67,90942,45.19
Los Ángeles Azules,9,3984471.51,49474,89.97
Belanova,9,3977669.71,65997,69.73
Tedeschi Trucks Band,9,3888234.92,47158,83.58
Duran Duran,4,3843017.81,32775,112.97
Crowded House,8,3837185.9,49593,78.37
Banda MS,3,3825220.33,25727,147.65
"""Pulso GNP""",1,3812761.14,35659,106.92
Godsmack,17,3762009.4,49672,82.55
Kasabian,5,3720306.03,48477,71.67
Colter Wall,19,3679117.08,60478,61.89
Gunna,8,3658144.22,50588,71.44
Palomazo Norteño,5,3639583.0,26743,131.98
Gracie Abrams,8,3639481.0,55121,64.57
Dierks Bentley,9,3632538.87,75311,49.84
Tenacious D,4,3627887.08,47792,75.52
Jordan Davis,11,3608849.85,62951,56.65
AIR,13,3608833.24,39002,92.74
The Beach Boys,15,3606014.13,69454,55.23
Shania Twain,2,3593857.42,40297,89.05
Roberto Carlos,7,3587721.72,35214,95.36
"""Dale Mixx""",1,3561475.06,41663,85.48
Girls Aloud,4,3530210.18,37411,95.56
"John Oliver, Seth Meyers",11,3453609.0,30065,114.88
Third Eye Blind,7,3404176.86,55184,61.38
Larry David,5,3397737.35,15852,214.17
Kaytranada,5,3366346.46,54236,58.48
Foreigner,18,3321143.57,30673,108.52
"""Jurassic World Live""",2,3309865.23,63409,52.08
Goose,11,3287879.3,55645,56.43
Andres Cepeda,5,3270841.44,54820,52.87
Laufey,13,3258981.69,50840,62.09
"Stone Temple Pilots, +LIVE+",10,3236536.21,76603,46.16
Simple Minds,4,3216793.87,38552,83.47
Iván Cornejo,5,3216075.15,36612,82.8
Café Tacvba,3,3204992.15,67934,49.05
Derek Hough,16,3169761.88,40549,78.74
Def Leppard,3,3144981.0,31812,106.08
Styx,16,3142493.5,46602,75.68
Christian Nodal,1,3119269.53,37781,82.56
"Dave Chappelle, Killer Mike",5,3117836.45,21339,145.15
Evanescence,6,3116528.49,51916,60.81
"""Monster Jam""",1,3080744.02,55565,55.44
Megadeth,6,3080691.82,55885,52.72
John Legend,6,3041521.65,30167,102.47
Grupo Codiciado,8,2977033.92,31215,95.97
Travis,2,2974066.63,25340,106.15
The Black Crowes,10,2971000.3,30982,101.2
Mt. Joy,9,2970471.81,53305,48.15
Chelsea Handler,23,2960124.78,41472,71.47
"+LIVE+, Stone Temple Pilots",9,2922491.0,64324,45.94
Franco Escamilla,5,2916823.0,30496,94.7
"""Belfast Vital""",1,2880049.45,40000,72.0
Arcángel,6,2863408.39,44594,64.69
Cold Chisel,2,2862076.7,25501,112.3
Hatsune Miku,5,2852519.38,29904,97.95
Fontaines D.C.,6,2835412.48,61162,43.37
Joker Xue,2,2819362.53,17480,154.89
Stick Figure,4,2796519.16,50355,54.57
Kenia Os,3,2794724.87,40068,69.66
A Day To Remember,8,2780674.1,48105,57.84
Álvaro Díaz,4,2744052.87,43745,57.44
Boyz II Men,8,2696552.06,27032,114.15
"""C2C: Country to Country"", ""Introducing Nashville""",1,2695541.82,27354,98.54
Whiskey Myers,13,2694014.63,45436,61.81
The 1975,2,2693693.7,35529,73.53
The National,4,2690946.82,31954,83.2
Jacob Collier,11,2690587.39,44713,59.52
"""Soulshine - Hurricane Benefit Concert""",1,2647706.43,15892,166.61
James Taylor,4,2646006.88,36408,73.72
Hank Williams Jr.,4,2631730.9,37128,69.53
Tucker Carlson,6,2583555.06,28669,89.2
"In Flames, Arch Enemy",6,2580719.16,38364,66.88
Picus,13,2547891.0,52899,48.49
"""Hot Wheels Monster Trucks Live""",2,2530862.88,54363,46.54
Kany García ,6,2524850.68,34094,73.79
Blue Man Group,63,2513494.76,40388,61.09
David Foster,3,2512290.5,18504,110.41
Picture This,5,2501433.98,43570,53.74
"""One Hallelujah""",12,2498137.79,36058,69.27
Sleep Token,5,2448371.75,44770,53.82
The Teskey Brothers,20,2433593.48,48606,49.38
"""Belfast Vital"", Liam Gallagher",1,2420177.27,32009,75.61
"""The Illusionists""",5,2417619.0,38465,62.03
"Cirque du Soleil - ""Messi10""",24,2398814.27,26989,90.63
Duki,3,2368046.42,34279,69.77
"""Festival Vaivén""",1,2332659.62,19261,121.11
Juanes,11,2293614.2,34683,64.71
"""Disney On Ice: Road Trip Adventures""",10,2276372.96,49555,45.52
Brett Eldredge,4,2272843.56,24613,90.3
Sean Paul,21,2265245.0,43812,52.62
"Cirque du Soleil - ""Corteo""",1,2264333.11,20900,108.34
Chase Atlantic,7,2251686.96,35374,59.51
Ha*Ash,5,2247623.16,35458,64.44
"""Mrs Brown's Boys D'Live Show""",19,2220199.7,42101,53.58
Rex Orange County,8,2219980.85,31430,73.63
The Kid LAROI,8,2206668.93,40022,54.5
Asake,4,2202743.13,25654,87.0
3 Doors Down,2,2188939.7,22234,105.24
Moderatto,5,2162432.33,34007,60.89
Scooter,5,2158396.53,34781,62.08
María José,4,2157947.21,41352,53.44
Raphael,8,2141362.5,29785,81.2
"""Stirling Summer Sessions"", Shania Twain",1,2133435.76,20560,103.77
"""Outlaw Music Festival"", Willie Nelson",2,2126670.07,29588,71.79
"""Life Is a Carnival: A Musical Celebration of Robbie Robertson""",1,2123343.0,10846,195.77
Jon Pardi,6,2121514.82,35778,56.38
Micky Flanagan,2,2088618.99,32613,64.04
J. Cole,1,2084747.68,14215,146.66
Aurora,7,2068866.83,45760,45.64
Charli xcx,5,2061787.98,38813,44.86
Los Caligaris,2,2061591.17,27710,66.45
Slash featuring Myles Kennedy &amp; The Conspirators,5,2059553.8,30778,63.58
"""Strength of a Woman""",1,2059367.3,13216,155.82
Intocable,1,2058402.75,29041,70.88
"""Sessanta""",3,2056366.6,26027,82.98
Latto,6,2055693.13,26559,1181.85
"Steve Martin, Martin Short",3,2054384.0,15891,145.87
Westlife,5,2006488.02,27272,76.11
Hasan Minhaj,7,1985724.2,27211,74.33
Bleachers,7,1968898.13,30419,56.09
Alfie Boe,18,1965877.12,24284,81.05
Emicida,10,1959415.59,61521,28.55
"""ABGT 600""",1,1953069.67,24676,79.15
LCD Soundsystem,3,1952104.44,27850,63.78
Subtronics ,8,1951792.4,34255,55.81
"""Helping Hands Concert &amp; Auction""",1,1950580.0,4761,409.7
Texas,1,1942485.74,27379,70.95
Snow Patrol,1,1938880.38,28302,68.51
The 2 Johnnies,2,1937105.07,29624,65.0
Ringo Starr &amp; His All Starr Band,2,1926055.24,24251,80.96
"""Festival HERA HSBC""",1,1910331.96,36363,52.54
Rob Zombie,2,1903401.88,28062,66.13
ZZ Top,8,1892769.7,21607,89.86
Sam Fender,2,1883246.95,26623,70.68
Porter Robinson,9,1883208.92,32626,55.31
Ishay Ribo,1,1878031.5,12380,151.7
Ronny Chieng,11,1850216.29,33715,52.43
Dashboard Confessional,19,1836841.0,42073,43.53
"Breaking Benjamin, Staind",2,1835131.29,25437,73.78
Catfish And The Bottlemen,1,1833304.78,27000,67.9
Deftones,1,1825419.0,21244,85.93
Nathaniel Rateliff &amp; The Night Sweats,4,1816592.3,27137,66.37
"""Baum Festival""",1,1813431.79,38174,47.5
Michael Franti &amp; Spearhead,14,1809842.85,27952,70.88
Two Door Cinema Club,9,1804032.37,34905,52.41
J Balvin,2,1798499.34,26082,69.22
IDLES,11,1791995.59,38708,45.97
LANY,12,1788743.42,32268,55.64
Nick Cave &amp; The Bad Seeds,2,1778174.65,20327,87.18
"""C2C: Country to Country""",1,1774916.94,13460,131.87
Jeff Dunham,8,1755485.36,25898,70.04
Wynonna Judd,11,1725447.81,21435,82.27
Joé Dwèt Filé,1,1717851.86,36629,46.9
Kimberly Loaiza,3,1711375.52,29172,57.78
"""2:22 - A Ghost Story""",59,1710820.55,33671,50.48
"Jane's Addiction, Love and Rockets",5,1698738.57,21953,76.84
"""Francofolies La Rochelle"", Sting",1,1690708.1,13000,130.05
Falling In Reverse,4,1690529.29,28903,59.42
Two Friends,3,1678439.67,23656,71.01
Billy Strings,2,1665972.5,24947,66.44
Alice Cooper,3,1663054.68,33100,50.36
Goldband,1,1650024.3,29581,55.78
Jason Aldean,2,1628067.5,18532,91.82
Something Corporate,11,1621554.5,28795,56.17
"The National, The War On Drugs",4,1615221.77,28031,59.46
Breaking Benjamin,5,1613578.75,23541,72.3
"""Netflix Is A Joke"", Bill Burr",1,1602306.0,16041,99.89
Khruangbin,6,1588764.0,26747,63.16
Chappell Roan,11,1588249.38,41417,38.18
Jay Wheeler,1,1583287.52,9366,169.05
Eric Prydz,2,1558017.94,18557,91.03
London Grammar,2,1552670.45,28488,56.04
"""Kidz Bop Live""",9,1530487.88,34382,46.73
Camilo Séptimo,10,1529965.26,31467,42.17
"""Tecate Peninsula""",1,1520533.06,20530,74.06
Boris Brejcha,4,1518066.61,24378,58.35
Eden Muñoz,5,1507346.77,18905,85.13
Cian Ducrot,2,1498107.44,27905,53.72
"""Netflix Is A Joke"", Kevin Hart",1,1480808.0,13576,109.08
John Fogerty,5,1478297.6,26421,57.82
Madison Beer,8,1477816.34,28576,49.45
Cole Swindell,5,1472237.52,17936,114.52
LP,5,1460201.9,27618,56.2
Paolo Nutini,1,1459251.71,25040,58.28
Brent Faiyaz,2,1449212.32,20078,71.95
"""Summer of '99 and Beyond Festival""",1,1441577.0,23332,61.79
Deep Purple,5,1429989.87,27065,53.29
Residente,3,1428663.49,22514,76.9
"""Tycoon Music Festival""",1,1427074.0,12099,117.95
"""Reggae Fest Massive""",1,1418343.5,12791,110.89
Ellen DeGeneres,4,1418298.78,15124,93.32
"""Clubland Live""",4,1414531.9,25332,55.33
Michael McIntyre,2,1414454.65,16127,89.27
"""Zamna Festival""",2,1413117.72,29236,45.62
Teddy Swims,9,1412955.12,20950,66.3
Sofia Niño de Rivera,12,1411857.13,32494,49.0
Fatboy Slim,4,1409158.55,23580,59.31
Stevie Wonder,1,1403858.74,12671,110.79
Ali Wong,3,1398383.0,18932,75.35
Diana Ross,3,1388556.1,13973,112.51
Leon Bridges,2,1379169.0,14049,84.16
Amon Amarth,7,1378202.3,25878,51.48
Marti Pellow,5,1376221.92,19754,69.67
Jessie Murph,13,1375531.39,36241,36.86
Still Woozy,9,1374958.11,27108,49.57
"Pixies, Modest Mouse",3,1361740.88,26130,51.56
"Lamb of God, Mastodon",4,1354712.2,22730,58.43
The Black Keys,2,1353264.21,18962,71.5
ONEUS,11,1352939.0,13917,97.0
Koe Wetzel,4,1349715.5,26938,56.26
John Summit,2,1348295.04,19149,63.43
Sabrina Carpenter,1,1346091.0,12203,110.31
Pixies,4,1331373.87,19047,68.72
Black Coffee,3,1326915.6,22896,57.87
The Postal Service,3,1314844.45,19057,69.3
Ron White,6,1313703.0,15734,86.57
"REO Speedwagon, Train",3,1308384.33,38181,37.34
Jason Derulo,2,1281694.22,18297,70.38
"""Netflix Is A Joke"", Trevor Noah",1,1280820.0,15200,84.26
One Ok Rock,2,1265370.56,20515,61.6
Esther Perel,4,1264549.31,15626,80.49
DPR,1,1253626.25,19246,65.14
Tank,8,1245657.1,18219,70.65
Mitski,7,1237865.18,18143,68.06
Enrique,1,1229220.45,10427,117.89
Bobby Weir And Wolf Bros,1,1226124.5,9347,131.18
Blessd,2,1211828.21,31288,37.99
Mother Mother,11,1211194.92,33618,35.24
Carlos Vives,4,1210727.68,20819,61.78
Beabadoobee,4,1207854.1,23314,51.16
Tori Kelly,30,1201766.71,41561,29.34
"""KDAY Krush Groove""",1,1196417.0,10514,113.79
Lake Street Dive,3,1192275.04,19566,58.39
Staind,4,1165122.24,17727,74.16
"Caifanes, Café Tacvba",2,1162043.2,18740,65.32
"Alanis Morissette, Joan Jett &amp; The Blackhearts",1,1153625.0,15829,72.88
"The Postal Service, Death Cab For Cutie",2,1153379.24,16336,72.53
Jhené Aiko,1,1152887.48,11665,98.83
Vance Joy,2,1150956.83,19452,59.26
girl in red,7,1149393.14,24531,47.52
D-Block Europe,1,1147845.76,16106,71.27
"The Revivalists, Spoon",1,1143049.5,15762,72.52
Los Autenticos Decadentes,2,1135602.93,27147,45.17
"I Prevail, Halestorm",3,1125210.32,30772,36.8
Humbe,2,1119266.21,15536,72.02
"James, Razorlight",2,1118614.79,16633,67.01
"Staind, Breaking Benjamin",2,1118606.06,35602,36.05
Arcade Fire,1,1115153.73,16049,69.48
Lewis Black,13,1113364.08,18569,60.61
Napoleón,3,1110814.27,22526,50.46
Madness,3,1109992.19,16905,65.29
The Offspring,1,1108798.5,11098,99.91
"""Netflix Is A Joke"", ""Kill Tony""",2,1104193.0,13589,80.25
Dark Star Orchestra,10,1095647.46,26811,41.56
"""Hot Wheels Monster Trucks Live Glow Party""",1,1093877.15,21640,50.55
Daniel Tosh,4,1091437.0,11116,107.44
Daryl Hall,4,1076143.48,13731,86.87
André Rieu,1,1065950.88,10602,100.54
O.A.R.,6,1062011.48,20179,53.78
Milo J,3,1052560.2,20266,51.9
Martin Lawrence,3,1051240.0,8700,120.83
Scouting For Girls,20,1045004.57,27457,37.67
Lil Tjay,5,1039277.37,20572,48.39
The Marley Brothers,3,1034980.72,19483,54.52
Flatland Cavalry,5,1032378.6,25557,36.88
Lila Downs,8,1031882.44,22134,46.14
Black Pumas,6,1029167.37,17754,57.36
Ledisi,6,1029016.3,13257,77.96
The Marias,7,1027349.81,16191,61.19
PJ Harvey,3,1023680.77,13384,75.36
UB40 Feat. Ali Campbell,3,1016684.59,16667,64.07
mike.,6,1009447.83,20358,49.58
Bronco,2,1008584.55,9541,107.4
Aaron Lewis,6,1000523.28,11736,87.12
"""90's Pop Tour""",2,999564.01,10706,89.54
Ken Carson,5,992895.02,21138,48.43
John Mulaney,3,985691.38,7977,125.05
"""BET Experience""",1,983280.5,12793,76.86
"""Outlaw Music Festival""",1,958607.5,9055,105.86
Rick Astley,2,958141.64,13671,70.78
Jason Mraz,2,956943.0,13282,63.79
The Driver Era,10,955430.92,24363,39.61
Bizarrap,2,943849.85,6584,211.95
Tems,8,943777.05,31560,29.48
Willie Nelson,2,930035.0,14619,66.3
"""Night Of The Jumps""",2,928280.07,10188,98.68
Exhale,2,920746.79,17958,51.04
Enjambre,2,919763.19,23221,44.88
YOASOBI,2,919580.88,9943,90.58
Ray LaMontagne,5,919520.0,12057,82.37
Ricky Gervais,3,918423.05,16980,52.89
Paul Smith,2,913265.37,17717,51.55
Pendulum,3,913071.41,17137,53.3
Future,1,899981.0,9888,91.02
Taeyang,1,892793.42,7413,120.44
Moenia,5,887876.74,22469,40.02
The Smashing Pumpkins,1,882163.12,11343,77.77
"""Netflix Is A Joke"", Andrew Schulz, Shane Gillis",1,881879.0,13059,67.53
"""Power 105.1's Powerhouse""",1,880262.0,12725,69.18
Anderson .Paak,2,880133.9,14420,60.04
Matisse,6,879641.36,19925,43.85
Sonny Fodera,2,878934.14,14274,61.58
Juan Luis Guerra,2,870461.27,8177,106.58
Lucky Daye,10,869983.26,22979,36.01
Brad Williams,14,868572.73,21153,41.29
Tom Odell,3,865250.24,14911,47.69
Paul Heaton,2,864880.36,19434,44.45
Davido,2,862716.57,12221,70.88
Needtobreathe,8,861373.69,20007,43.17
"""The Thorn""",2,856852.3,11870,72.19
Bret Michaels,2,855725.47,12508,71.06
Zac Brown,1,855126.75,7742,110.45
Josh Gates,10,854863.18,14629,59.38
TV Girl,2,854260.17,16112,50.82
"""CCXP""",1,853662.2,24607,34.69
Babasónicos,3,849590.3,22759,36.65
"Ms. Lauryn Hill, The Fugees",1,839809.26,8315,101.0
"""The Queens of R&amp;B Tour"", XSCAPE, SWV",1,839209.5,10102,83.07
HAUSER,4,836694.5,9119,89.22
Jim Gaffigan,1,826151.77,10871,76.0
"""Funk Flex Winter Fest""",1,820764.1,10614,77.33
The Basement Yard,2,820340.5,14744,52.0
A Perfect Circle,1,818100.0,13060,62.64
Spanish Riding School of Vienna,3,815143.03,7988,101.24
"""FBLO Festival"", Sting",1,811840.81,8500,95.51
Niki,6,810600.84,16206,54.86
Arkells,6,810073.34,18589,41.61
Wos,7,809587.96,20111,42.73
Peter Frampton,3,796959.69,8439,102.21
"Indigo Girls, Amos Lee",2,796114.4,13641,58.08
Morad,1,794077.62,13458,59.0
The Coronas,7,792897.99,14771,49.62
Brutalismus 3000,5,792583.95,17984,41.25
Gabriel Iglesias,3,788678.9,9789,82.62
KALEO,4,785879.11,14475,53.42
Sturgill Simpson,2,782518.5,9926,78.84
Sabor Es Polanco,1,782334.81,8808,88.82
"""Lucca Summer Festival"", Rod Stewart",1,776309.59,7786,99.71
"""Cowboy Bebop Live""",33,775311.63,18096,43.99
The World of Hans Zimmer,1,773442.29,8580,90.14
Leon Larregui,1,773406.25,15757,49.08
Fantasia,2,770561.0,5800,132.85
"Lionel Richie, Earth, Wind &amp; Fire",1,769341.5,8686,88.57
Tim Robinson,3,769253.0,11023,69.29
The Blaze,1,769039.06,13331,57.69
"""Mavis Staples 85th: All-Star Birthday Concert""",1,767545.5,5505,139.43
Charlie Wilson,2,765153.18,10085,84.86
Orville Peck,5,763248.65,15469,48.32
Mike Birbiglia,2,756125.0,12226,66.47
Heart,1,755472.2,8181,92.34
"Yuri, Cristian Castro",1,753939.2,8181,92.16
OneRepublic,2,753237.87,12787,69.45
Erykah Badu,2,752965.0,4997,150.92
The Smile,2,752552.5,11381,66.99
Donny Osmond,4,747999.65,9288,79.84
RADWIMPS,2,746852.59,7476,96.44
"""The Great Western Festival""",1,744116.0,11015,67.55
Within Temptation,3,740845.3,13438,54.65
"Death Cab For Cutie, The Postal Service",1,736851.13,12230,60.25
"""Biggest Disco""",1,734982.36,13000,56.54
Pat Benatar &amp; Neil Giraldo,4,734915.86,11469,71.59
Nate Bargatze,1,725788.25,10405,69.75
The Toast,2,723974.88,10906,66.4
Brian Regan,8,715971.5,11480,60.4
Los Bunkers,1,707601.39,17958,39.4
"""The Away From Home Festival""",1,706049.29,8917,79.18
"""Netflix Is A Joke"", Shane Gillis",1,705239.5,12461,56.6
Squeeze,5,704884.82,9256,74.47
Masego,4,703887.71,15412,43.98
Kevin James,6,700152.5,8745,84.98
"""Cancelled Podcast: Cross Country with Tana Mongeau &amp; Brooke Schofield""",7,700089.18,13334,52.52
Trueno,5,697534.51,19943,35.89
"""Trinity College Ball""",1,697403.61,7153,97.5
Yandel,3,695647.99,14399,47.89
"""Reggae On The Rocks""",1,691478.42,7721,89.56
Iliza Shlesinger,4,689676.48,10316,65.03
Kurtis Conner,6,689646.06,11230,62.46
Alec Benjamin,6,688044.55,15742,43.04
Heilung,1,686129.0,9102,75.38
Idina Menzel,3,683028.78,7386,91.54
hololive English 2nd Concert - Breaking Dimensions,2,681315.0,5820,117.06
Joe Russo's Almost Dead,3,678195.0,11334,61.39
"""Punchestown Music Festival""",2,675648.83,10546,63.27
The Snuts,4,674577.55,14410,37.31
King Gizzard and the Lizard Wizard,2,674477.07,9785,60.21
The Hives,3,673975.07,16258,44.49
Zedd,1,671277.5,9272,72.4
Tesla,4,664585.0,9169,71.12
Manuel Medrano,3,661816.98,15292,47.79
Joshua Bassett,5,657772.21,12537,52.52
Lawrence,5,656798.41,14863,37.09
Lauren Daigle,2,653467.15,10520,62.28
Charles Ans,2,650366.09,16339,40.0
Loreena McKennitt,3,650291.17,7997,81.55
"""Totally Tubular Festival""",3,648759.5,11361,58.83
Carlos Ballarta,4,647312.77,17172,40.1
Nothing But Thieves,7,644069.69,15993,39.83
Robert Plant and Alison Krauss,1,643189.5,6964,92.36
Wanda Sykes,3,639202.4,9453,68.91
Turnstile,8,638353.83,14814,41.64
311,5,635449.87,14977,49.5
Laura Pausini,1,634574.71,8569,74.05
Suki Waterhouse,6,631461.63,15164,39.25
Maren Morris,4,631395.0,13854,44.32
Ice Spice,4,629207.34,10020,62.64
El Malilla,10,627062.81,19455,31.88
Paloma Faith,3,625571.25,9631,65.28
Franglish,1,622201.26,15206,40.92
ATARASHII GAKKO!,2,621883.33,15959,38.97
Blackberry Smoke,5,616551.55,11532,51.9
"""XMAS Vybe""",1,614437.04,12792,48.03
"""Party 101""",5,613214.01,13492,40.66
"Social Distortion, Bad Religion",3,611707.0,10223,60.1
Zara Larsson,3,609087.46,12520,44.84
Paquita La Del Barrio,2,607153.5,5910,101.24
Taking Back Sunday,4,606593.0,11468,52.01
"David Spade, Nikki Glaser",2,606124.86,6967,87.0
"Cavetown, Mother Mother",3,606093.75,11149,52.96
"""Keinemusik Showcase""",1,604529.11,7387,81.84
Melissa Etheridge,2,604230.75,11512,54.76
Pete Tong Ibiza Classics,2,598421.13,8938,66.58
Allman Betts Family Revival,5,592680.49,8067,72.24
Jimmy Eat World,2,591566.49,12582,46.25
Bill Bailey,2,588634.61,9030,65.48
Jamey Johnson,5,587045.1,12033,47.64
"""Rewind Dublin""",1,583060.39,9210,63.31
The Saw Doctors,3,577057.09,11299,47.98
"""Netflix Is A Joke"", Tom Segura",1,576549.04,9220,62.53
"""Freestyle Explosion""",2,575991.9,8450,65.34
Interpol,3,575485.1,10687,52.54
Blxst,4,574611.07,11028,47.05
My Morning Jacket,2,572515.0,8147,70.04
Marisela,1,571916.25,4967,115.14
Elevation Worship,2,571549.79,10969,52.86
Dani Flow,3,571280.3,14633,38.88
Daily Bread,1,566802.2,9337,60.7
No Te Va Gustar,7,566428.18,14553,41.59
Armin Van Buuren,1,562420.15,8673,64.85
Lorna Shore,4,556308.7,14537,38.6
Amy Shark,2,554460.75,8475,65.26
DLD,1,552210.72,15404,35.85
"""All Elite Wrestling""",3,548934.81,10138,54.79
"""Tecate Sonoro""",1,547166.93,8312,65.83
Straight No Chaser,7,546838.0,8091,67.69
Ocean Colour Scene,1,546292.37,7818,69.88
"""RuPaul's Drag Race""",3,543927.48,6850,82.25
Frankie Boyle,7,543127.09,15115,36.11
Bassem Youssef,4,542753.11,9267,57.78
Kingfishr,11,542012.06,17482,29.77
División Minúscula,3,539386.35,12040,44.76
Quevedo,1,538594.88,7873,68.41
"""31 Minutos""",4,535807.56,12302,43.83
Kountry Wayne,6,534643.53,11603,46.46
Bert Kreischer,1,533748.5,4753,112.3
BABYMETAL,2,533353.5,8454,63.76
King Diamond,3,533086.38,7889,67.9
Love of Lesbian,2,532585.48,11754,60.26
Tim Dillon,7,530778.17,9508,56.04
"La Santa Grifa, Dharius",9,529992.5,12827,41.14
Nick Carter,6,529899.04,6494,72.92
Nikos Vertis,1,527340.0,3007,175.37
Nanpa Básico,3,525768.5,11557,43.84
Whee in,5,525646.24,6815,80.43
Pretty Lights,1,525503.0,11245,46.73
"Howard Jones, ABC",3,525461.83,6614,85.29
Suede,1,523257.61,6571,79.63
Matute,2,521201.31,5655,95.84
Belters Only,1,518667.5,8085,64.15
Randy Rainbow,6,518423.35,9482,55.29
Dr. Dog,1,517193.5,10237,50.52
Tito Double P,1,516370.0,5829,88.59
Dylan John Thomas,3,515964.54,12582,27.52
BLK,1,515597.58,10717,48.11
Marcus King,8,513353.76,12344,41.48
Loyle Carner,2,512800.57,9000,56.74
Jungle,2,512747.14,10018,53.78
Ilana Glazer,4,512234.0,9365,55.59
Sublime With Rome,2,512176.0,9478,54.31
Niko Moon,15,510520.0,21464,24.08
Stephen Sanchez,2,510294.84,8432,56.46
Emilia,6,508706.63,10777,47.79
Elsa Y Elmar,3,508150.49,17692,31.91
Emmanuel,2,507606.1,5699,91.07
Leo Dan,1,503989.2,4869,103.51
Justice,2,503938.43,7557,65.62
Marianas Trench,8,502970.06,11907,42.53
"""WRIF Riff Fest""",1,502389.32,11677,43.02
Paulo Londra,2,502209.99,8963,53.48
Ben Schwartz,4,502093.06,9481,54.18
Frankie Valli and the Four Seasons,2,500205.0,5223,98.37
PinkPantheress,3,500141.97,12464,36.91
The Courteeners,1,500002.52,8346,59.91
Nile Rodgers &amp; CHIC,1,499108.35,7000,71.3
Yung Gravy,6,497271.31,10456,45.46
Dave Chappelle,1,497215.0,2691,184.77
Electric Callboy ,3,495174.32,10775,46.49
Daniela Spalla,3,493587.69,12758,35.62
MANIA - The ABBA Tribute	,14,492729.55,10233,48.53
New Order,1,490327.37,6312,77.68
Hippie Sabotage,1,486084.0,8624,56.36
Chris Tucker,2,482267.0,6791,69.71
Royal Blood,3,482008.25,8865,50.39
Billy Gillies,2,481525.54,10228,47.08
Mike Epps,1,481285.0,5497,87.55
REO Speedwagon,3,478734.2,4625,103.54
Hayat Project,1,478675.0,5320,89.98
Brett Young,5,477948.51,11731,41.16
Marlon Wayans,1,475265.0,2900,163.88
Dreamcatcher,1,473676.55,3027,156.48
"""Live Out""",1,469499.75,7076,66.35
Get The Led Out,5,468705.12,12323,38.22
Chicago,3,467900.0,5105,94.05
Cody Jinks,3,467795.86,8857,55.01
"""Highways Festival""",1,467115.36,5570,83.86
"""Mix 104.1 Deck The Hall Ball""",1,466823.5,5953,78.42
Jimmy Carr,15,466119.51,11216,42.0
Bill Maher,2,464887.5,4494,103.04
Rea Garvey,1,464092.92,6746,68.8
"""S.E.R.P.E.N.T. Festival"", Slash",3,463049.0,7681,58.55
Omar Apollo,3,462157.85,8835,49.85
The Gaslight Anthem,6,462040.05,10556,47.44
Pedro Fernández,1,461029.0,4778,96.49
Norah Jones,1,457242.0,5882,77.74
Black Stone Cherry,2,454560.44,8091,56.08
The Last Dinner Party,7,453401.24,11615,41.59
Anitta,5,452919.16,9592,44.67
"""A Benefit for Jesse Malin"", Jesse Malin",1,452237.6,5192,87.1
Nicki Nicole,1,449072.08,8223,54.61
Anthony Jeselnik,4,448789.2,7818,57.85
"""Beethoven's Birthday Celebration""",1,447402.58,9370,47.75
Rawayana,2,446599.87,13271,35.08
Ben Böhmer,1,444235.03,10061,44.15
ZHU,4,440266.29,10614,41.6
Billy Currington,2,439900.0,9624,48.34
Busted,1,434779.44,6800,63.94
Disclosure,1,431722.53,7980,54.1
"""Life Is A Carnival - Last Waltz Tour""",3,431633.18,4128,102.14
CMAT,1,430920.84,8000,53.87
Black Jacket Symphony,14,427356.0,11553,37.04
PJ Morton,7,427355.5,7173,61.22
Caloncho,1,427313.65,9979,42.82
"""Vaselina Timbiriche""",1,427201.0,4002,106.75
Alicia Villarreal,4,425969.51,5410,72.49
Brooke Fraser,1,425359.24,9383,45.33
Tinashe,4,424980.5,10475,38.96
St. Vincent,2,424524.26,7293,55.42
Culture Club,1,424509.05,5415,78.4
Jason Isbell &amp; The 400 Unit,2,422583.61,5824,72.23
Cory Wong,8,422569.34,10326,41.7
The Stranglers,4,420448.32,7818,57.3
Placebo,2,418706.01,5019,80.68
Greensky Bluegrass,7,418396.04,11841,35.92
"""Bored Teachers Comedy Tour""",5,418186.44,9050,46.15
The Fab Four - The Ultimate Tribute,10,417971.5,8097,52.06
Dayglow,10,417469.19,13472,32.2
Brothers Osborne,3,416736.0,8750,50.1
Alesso,1,416634.0,6541,63.7
"""Dancing With The Stars Live""",2,414817.0,5646,73.17
Okean Elzy,2,414169.5,4401,80.13
"""Glory Dayz""",1,413818.44,6227,66.46
"""Tecate Supremo""",1,407656.95,6313,64.57
Lamb of God,2,406443.51,8397,49.52
"In This Moment, Ice Nine Kills",2,405267.5,7189,56.52
Amble,12,405043.53,13943,26.53
Bob Dylan,1,402665.0,4170,96.56
Till Lindemann,2,402376.0,5809,71.54
Daniel Caesar,2,399780.09,7790,51.02
The Piano Guys,3,399173.21,6717,59.76
Biffy Clyro,1,398947.4,5612,71.09
The Libertines,4,396351.7,7759,49.36
The Jesus and Mary Chain,3,393420.99,7007,53.06
Declan McKenna,4,391089.16,9699,39.86
"""Netflix Is A Joke"", Chelsea Handler",1,390406.1,4281,91.2
Jennifer Hudson,2,389906.93,4764,83.2
JP Saxe,22,389285.18,14948,26.62
Yacht Rock Revue,3,384025.0,8632,46.17
Bruce Dickinson,2,382635.5,5336,66.46
JPEGMafia,6,381289.37,10712,35.13
Tye Tribbett,4,380326.36,6501,56.46
Corey Holcomb,3,377296.9,7189,51.34
"""Netflix Is A Joke"", Brett Goldstein",1,377269.0,3763,100.26
"Primus, Coheed and Cambria",2,375624.0,7683,50.0
Elbow,1,375133.63,4999,75.04
Roger Daltrey,2,374655.0,9049,53.18
Pete Davidson,4,373823.0,6283,59.34
The Pogues,1,368185.06,6086,60.5
Anthony Hamilton,1,367873.0,2900,126.85
Professor Brian Cox,8,367037.07,6673,54.73
Neck Deep,1,366685.34,8034,45.64
Chief Keef,2,366115.0,6698,55.1
Nathy Peluso,1,365784.76,6182,59.17
Oliver Anthony,2,365775.0,10153,36.05
"""The Last Dance Festival""",1,365137.77,5818,62.76
KevOnStage,5,364275.92,6507,56.18
Craig David,2,364004.23,6585,52.52
Lauv,1,359270.55,5919,60.7
Fisherman's Friends,1,357748.69,786,455.15
Jess Glynne,1,356443.31,6210,57.4
Nikki Glaser,5,356184.3,6124,58.8
Bakar,1,354307.69,7968,44.47
Bloc Party,2,353727.51,6250,56.42
Ludacris,2,352339.0,3013,121.43
Bombay Bicycle Club,5,352157.15,8338,41.94
Pretenders,2,352053.93,4334,81.03
JLS,1,351626.3,5946,59.14
"Train, REO Speedwagon",1,351146.0,5778,60.77
Celeste Barber,4,349886.18,5731,60.9
Killer Queen Feat. Patrick Myers,5,348375.47,10168,36.28
Mocedades,3,346434.99,9601,36.56
Grand Corps Malade,1,346372.95,7083,48.9
Cold War Kids,8,345917.5,10521,33.24
Julieta Venegas,1,345830.0,5601,61.74
Paty Cantu,1,345592.63,9368,36.89
"Daryl Hall, Elvis Costello &amp; The Imposters",1,344928.0,5161,66.83
Beartooth,2,344915.09,7166,45.63
Empire Of The Sun,1,343908.35,8460,40.65
"Squeeze, Boy George",2,341696.25,3578,97.26
"Slightly Stoopid, Dirty Heads",1,341520.0,7374,46.31
Train,2,339739.82,6030,54.96
NSQK,1,339461.07,7985,42.51
Dweezil Zappa,5,339267.1,5356,63.48
Earthquake,2,338472.0,4544,73.74
Charlie Berens,4,337765.9,6318,53.1
La India Yuridia,1,337358.0,3338,101.07
"""The Reunion Tour"", Kirk Franklin",1,336899.0,4262,79.05
"""The Price Is Right - Live""",3,336330.5,6349,52.87
"Joe Satriani, Steve Vai",2,333003.0,4549,72.93
Los Meñiques De La Casa,2,332983.1,8621,38.64
Sarah Millican,9,332754.04,7556,44.47
"""Galway Summer Sessions"", The Wolfe Tones",1,332389.44,4999,66.49
The Compozers,1,331028.8,5783,57.24
The Dead South,3,330908.06,8009,40.21
Miranda!,3,330653.61,7709,45.78
BoyWithUke,8,328631.82,12770,25.57
Xavi,2,326540.43,5339,61.68
"""Galway Summer Sessions"", Fatboy Slim",1,326494.67,4999,65.31
Odisseo,1,325445.05,9457,34.41
Shed Seven,3,324962.54,6890,47.22
Dropkick Murphys,2,322887.0,6647,48.72
"Anthrax, Kreator, Testament",1,322530.92,3981,81.02
Paul Weller,1,322376.82,4999,64.49
Ben Howard,3,321310.29,6074,52.87
Manic Street Preachers,1,320788.74,4999,64.17
"""Dimension 20""",2,319560.53,5347,59.52
Home Free,6,317822.39,6536,48.72
Phil Rosenthal,3,317118.0,7103,44.0
Gabito Ballesteros,1,316984.87,6160,51.46
Gilberto Santa Rosa,1,316160.0,2786,113.48
Pancho Barraza,1,315436.21,3539,89.13
Gary Clark Jr.,1,313140.1,4352,71.95
Lizzy McAlpine,2,312702.0,6458,50.61
Joe Gatto,3,312243.15,5631,55.61
Soulwax,4,310809.27,7762,40.04
Enter Shikari,4,310548.36,8250,36.28
Jamie Webster,3,310532.65,7325,41.9
Blues Traveler,6,310272.63,8237,40.21
Trey Kennedy,5,309362.5,7426,42.72
Piso 21,3,308664.46,4851,53.11
Thievery Corporation,2,308637.0,6180,47.57
Gavin James,11,307984.82,6488,44.28
Tyler Hubbard,5,307243.93,9154,33.24
Stiff Little Fingers,2,305911.95,5785,47.64
"""Reggae Fest Blaze""",2,305870.0,6303,48.02
Carlos Sadness,1,305573.05,8162,37.44
La Gusana Ciega,1,303227.39,9003,33.68
Briston Maroney,8,303057.5,11508,26.63
Waxahatchee,3,302748.55,6376,46.03
"Liam Gallagher, John Squire",2,302638.81,3457,88.03
Shane Gillis,1,302257.0,5686,53.16
Richard Hawley,4,301015.39,6697,45.0
Jamie xx,1,300686.29,6462,46.53
Oliver Tree,2,297847.68,5809,51.32
Jodeci,1,296840.0,2808,105.71
The Mary Wallopers,1,294745.02,7950,37.07
Villagers,3,292858.67,6310,40.32
Magdalena Bay,4,291774.5,3698,76.02
Clannad,1,289442.58,2641,109.6
"Nikki Glaser, David Spade",1,289031.92,3353,86.2
The Try Guys,5,287417.0,5186,56.62
Dane Cook,4,287354.45,6574,45.24
"Dirty Heads, Slightly Stoopid",1,287138.5,4810,59.7
Pablo Alborán,1,285870.8,2523,113.31
Dr. Neil deGrasse Tyson,1,281691.0,3552,79.3
The Roots,2,281637.42,5786,48.96
Lucki,3,281635.7,8259,34.04
Tornillo,9,281052.75,7598,37.24
Jann Arden,2,280658.77,4900,57.22
Jon Batiste ,2,279874.5,4633,60.57
Mike DelGuidice,6,279451.74,8138,34.25
Mo Gilligan,3,278266.85,8412,31.34
Daniel Sloss,4,276881.73,5708,49.41
Stephanie Mills,1,276666.0,2900,95.4
Chromeo,3,275529.13,8258,33.52
The Avett Brothers,1,275454.0,3958,69.59
Ski Mask The Slump God,5,274777.24,7467,37.22
Isaiah Rashad,2,274022.0,5735,46.7
Band Of Horses,3,273659.15,4356,61.35
Jane's Addiction,1,273478.84,4278,63.93
The Waterboys,1,271582.28,5045,53.83
Let's Sing Taylor - A Live Band Experience,5,271557.3,7341,36.99
Rudimental,1,270589.92,4913,55.08
Hombre,1,269997.0,2904,92.97
Zeds Dead,2,269598.0,4903,48.79
Stavros Halkias,1,269580.0,4684,57.55
Jake Bugg,6,268893.9,7609,36.33
Diversity,2,266275.84,4759,61.36
Lyra,14,265602.34,9002,30.15
Blue October,4,265597.4,5344,49.72
Andrew Bird,3,265452.65,5306,47.74
"""Galway Summer Sessions"", The Coronas",1,265059.08,3955,67.02
Warren Haynes Band,4,264777.73,4032,65.97
"""Festival Bravo""",1,264752.2,3580,73.95
Quinn XCII,3,264388.83,5339,50.23
Gov't Mule,1,264138.02,3408,77.51
"""Giggly Squad""",2,263894.0,5184,49.3
André 3000,2,263822.5,6078,54.82
"""Mother Of All The Behans""",8,263748.9,5100,51.88
Raf-Saperra,6,263406.2,6337,40.78
The O'Jays,1,262729.0,2900,90.6
The Commodores,2,262226.0,3117,89.52
Roosevelt,1,261066.26,4723,55.28
Insite,2,257266.01,4394,50.83
La Adictiva,1,256896.0,3043,84.42
Peter Hook &amp; The Light,4,254273.61,6355,42.91
"Dropkick Murphys, Pennywise",1,254038.25,4649,54.64
Vintage Culture,1,253618.5,4903,51.73
Róisín Murphy,2,253490.72,4846,50.35
Douglas Murray,2,253391.2,3883,62.34
"Damian ""Jr. Gong"" Marley, Stephen Marley",2,252846.0,5285,48.06
"Matt Fraser ""Psychic Medium""",4,252456.33,3997,63.31
Jim Breuer,4,252263.61,4219,59.73
"""Avatar: The Last Airbender In Concert""",3,252125.72,4155,60.08
"""La Haine""",2,251387.86,7450,33.66
Todd Rundgren,3,250408.5,3950,63.72
Knocked Loose,2,250296.0,5119,50.17
"Nathaniel Rateliff &amp; The Night Sweats, My Morning Jacket",1,249832.33,3636,68.71
Fangoria,2,248413.08,6144,40.44
"""Countdown Concert""",2,248084.7,7545,30.26
Underworld,1,247818.44,4925,50.32
Industria Del Amor,1,247799.0,2338,105.99
Connor Price,7,247544.5,9459,26.38
Jason Bonham’s Led Zeppelin Evening,3,247290.16,3793,64.0
"""Sad Summer Festival""",1,246585.0,3469,71.08
Anthony Rodia,3,245391.5,3207,76.52
James Acaster,1,245235.0,5509,44.52
"Black Veil Brides, Creeper",1,245124.72,4335,56.55
Sepultura,2,244906.95,3466,70.68
Faithless,1,242717.73,4934,49.19
"""Concierto de Campeones""",1,242188.5,2229,108.65
Twin Atlantic,5,241843.92,6562,36.7
Richard Ashcroft,1,241573.35,3948,61.19
Digable Planets,6,241107.0,5231,43.44
Vulfpeck,1,240765.0,4586,52.5
Modest Mouse,2,240112.0,5219,46.1
Iron &amp; Wine,3,239736.8,4963,48.85
VV,1,239520.9,3367,71.14
Franz Ferdinand,5,238528.07,5429,41.3
"""Galway Summer Sessions"", James Arthur",1,237775.13,3563,66.73
The Story So Far,3,235747.75,6239,37.92
Keith Sweat,1,235161.0,2117,111.08
GIMS,1,235072.99,4490,52.35
Johnny Marr,3,233357.26,4455,52.77
"""Corona Sunsets""",2,233118.69,4621,30.4
"""Anjunabeats Outdoors""",1,232350.58,3190,72.84
"""Galway Summer Sessions"", Pixies",1,231102.37,3465,66.7
Dizzee Rascal,2,230345.36,4166,54.42
Willa White,9,229819.38,6041,38.4
Clutch,2,229460.8,5149,42.56
Coin,3,228684.4,5286,50.19
"""Ibis RockCorps""",1,228571.42,14048,16.27
Flogging Molly,3,226699.13,5000,46.08
"""Las Culturistas Culture Awards""",1,226538.0,3008,75.31
Air Supply,1,226421.0,2900,78.08
RIIZE,1,225959.54,2303,98.12
"""Bad Friends Podcast""",1,225903.0,2219,101.8
Opeth,1,224826.5,2869,78.36
Rain - A Tribute To The Beatles,4,224812.97,6536,36.23
Drive-By Truckers,4,224351.11,4623,46.1
Tom Grennan,1,224233.6,4199,53.4
Extreme,3,224078.0,3938,58.82
"Halestorm, I Prevail",1,223946.0,4932,45.41
Goose (Europe),1,223878.12,5667,39.51
"""Galway Summer Sessions"", Madness",1,223847.57,3430,65.26
The Stray Cats,1,223116.5,3080,72.44
Jeff Arcuri,3,222771.87,4849,44.16
Chelsea Cutler,3,221719.0,6198,35.6
Charley Crockett,4,221563.47,5819,39.58
The View,4,221202.04,4950,44.68
"Mother Mother, Cavetown",1,220630.0,4659,47.36
Brit Floyd,3,220365.37,3933,56.54
Mägo De Oz,1,220082.25,2473,88.99
William Black,4,219897.5,5944,31.31
Bowling For Soup,4,219823.74,5512,40.44
"Melissa Etheridge, Jewel",1,219077.5,2454,89.27
Smokey Robinson,1,218952.0,1919,114.1
Men I Trust,2,217713.46,4471,48.5
Marca MP,1,217145.5,4264,50.93
Machine Girl,6,217051.45,6342,33.59
Tom Walker,3,217008.35,6936,35.3
"""Disney Junior Live""",3,216132.1,4706,46.99
HANABIE.,12,215729.83,8726,24.62
Sen Senra,1,215070.64,5073,42.4
Herbie Hancock,1,214908.0,2319,92.67
Miguel Mateos,2,212741.03,4698,44.6
"""Sea Sessions""",2,212675.77,2831,74.81
Macaulay Culkin,1,212552.5,2791,76.16
El Bogueto,1,212508.73,8274,25.68
Ibiza Orchestra,1,211356.75,3732,56.63
"The Psychedelic Furs, The Jesus and Mary Chain",1,210978.63,2453,86.01
Mariah The Scientist,2,210801.0,5425,39.06
Queen Extravaganza - Trib. to Queen,3,208511.24,4198,52.35
"""Mrs Brown's Boys""",4,208388.14,3845,54.2
Kathy Griffin,2,208325.73,3536,61.4
Charlotte De Witte,1,208262.82,4468,46.61
Pigeons Playing Ping Pong,2,208159.5,5209,39.53
The Sisters Of Mercy,1,206502.0,3345,61.73
WAR,1,206052.0,3246,63.48
Jarlath Regan,3,204965.59,6591,30.52
Lagos,4,203381.78,6595,34.93
Devo,1,202650.0,2180,92.96
Big Head Todd &amp; The Monsters,2,202300.81,3841,52.64
Los Tucanes De Tijuana,1,200302.57,2142,93.51
Calum Scott,2,199794.26,3961,50.74
"Freddie Gibbs, Madlib",1,199175.0,3500,56.91
Max Amini,2,198903.4,2963,69.47
Wale,3,198564.5,4641,35.66
Gipsy Kings feat. Nicolas Reyes,2,198268.11,2520,78.7
Waterparks,3,196550.0,5081,37.4
The Magnetic Fields,2,196516.5,3067,64.07
Roberto Tapia,1,196412.5,2134,92.04
Steve Earle,5,195786.18,3721,52.8
Bachman-Turner Overdrive,2,195731.72,2824,70.28
Boiler Room,2,195462.54,4342,44.65
Raye,4,195147.61,5235,38.76
Lupita D'Alessio,1,193553.0,1978,97.85
"Joey Fatone, AJ McLean",2,193522.0,2979,66.96
Kenny Wayne Shepherd,2,193475.0,2847,66.26
Holly Humberstone,8,192808.15,7713,25.31
Faye Webster,3,192294.0,4906,41.93
NOFX,1,191747.07,3400,56.4
Jake Shane,4,190394.0,5101,37.45
Keith Barry,8,189196.83,4526,41.13
Chiquis,3,188487.0,3384,64.83
Stephanie Miller,6,187937.05,3690,51.35
Jamie Cullum,3,187850.33,3286,56.09
David Kushner,3,187673.4,5570,34.18
BashfortheWorld,10,187472.2,6315,28.81
"""Whose Live Anyway?""",2,187453.5,2825,66.26
Prateek Kuhad,4,187090.35,4836,37.39
Lola Young,12,187068.21,7894,24.4
Drew Holcomb &amp; The Neighbors,1,186435.0,3779,49.33
The Japanese House,2,185886.05,4800,36.42
Ke Personajes,3,185718.43,5309,35.59
Sarah Silverman,2,185575.75,3011,60.47
"""A Bronx Tale"" starring Chazz Palminteri",2,185529.5,2138,86.78
"""Galway Summer Sessions"", Two Door Cinema Club",1,184925.99,3378,54.74
Blossoms,3,184871.17,4150,45.15
Matteo Bocelli,2,184049.39,3377,57.98
Bridget Everett,1,183862.83,2641,69.62
The 9AM Banger,1,183570.0,3641,50.42
Bacilos,3,183557.88,5183,36.06
Kacey Musgraves,1,183335.94,3197,57.35
Asking Alexandria,4,182673.0,5135,35.26
"""Wild O'Fest""",1,182037.24,3381,53.84
Frank Turner &amp; The Sleeping Souls,5,181893.75,4696,39.76
Danny Brown,6,181039.77,5822,30.86
Tim Minchin,2,179441.5,3209,56.2
Engelbert Humperdinck,2,178244.5,2726,67.58
Portugal. The Man,3,177802.5,4216,42.32
Vacations,5,177512.66,5683,31.65
Poolside,5,177458.22,4638,39.25
Saint Motel,6,176990.4,6341,27.77
"""Peppa Pig Live""",1,176459.01,5990,29.46
"""Boni's Dance Studio""",1,175680.0,5856,30.0
Destroy Lonely,1,173667.0,3346,51.9
Morrissey,1,173350.0,1892,91.62
"""Galway Summer Sessions"", The Waterboys",1,173243.51,2649,65.4
Bad Religion,1,172285.0,3537,48.71
Kem,1,171808.0,1701,101.0
Jeezy,3,171761.8,3287,51.7
Woosung,1,171357.93,3042,56.33
Trippie Redd,2,171012.5,4224,40.53
Charles Wesley Godwin,2,170341.75,4075,41.02
Mk.gee,4,170088.0,5427,29.14
Gregory Porter,1,168644.0,1912,88.2
"""Fairytale of New York""",4,168372.59,4181,40.27
Back to the Eighties Show with Jessie's Girl,3,168319.6,4308,38.94
Julian Marley &amp; The Uprising,1,167956.54,3292,51.02
Elvis Costello &amp; The Imposters,1,167270.5,1959,85.39
Michael Jackson Sinfonico,1,167173.32,4167,40.12
Los Mesoneros,1,166974.29,5475,30.5
Kim Petras,2,165660.3,4458,37.5
"""Hollywood Black Comedy Festival""",1,164946.85,2277,72.44
Reneé Rapp,2,163680.44,4157,39.98
Trey Anastasio,1,163384.0,2461,66.39
Voyage - Celebrating the Music of Journey,3,162660.6,4406,37.05
Tasha Cobbs Leonard,1,162501.0,2834,57.34
Trombone Shorty &amp; Orleans Avenue,1,161651.5,3140,51.48
Nacho Vegas,1,161226.43,3558,45.31
"""Marvel Universe Live!""",1,161187.43,8343,19.32
"Cody Jinks, Jason Boland &amp; The Stragglers",1,160700.0,2296,69.99
"""Bely y Beto""",1,160600.59,2029,79.15
UB40,1,160544.0,4329,37.09
Jesse McCartney,3,160290.55,3964,39.69
Jim Jefferies,1,160220.0,2040,78.54
Jack Savoretti,1,160022.73,2583,61.95
Badflower,5,159729.5,4310,36.81
Dulce,1,159172.93,2942,54.1
Grace Potter,2,159049.0,2596,60.65
"""Wheel of Fortune - The Live Tour""",3,159043.0,3115,55.71
Jon Stewart,1,158974.0,2174,73.13
Deirdre O'Kane,4,158467.38,5148,30.8
"""Comedy Bang! Bang!""",2,157988.2,2887,54.8
Barry Can't Swim,2,157903.62,4700,30.49
Rainbow Kitten Surprise,1,157887.0,3935,40.12
Modi,2,157113.35,2138,73.48
Behemoth,1,156576.57,3258,48.06
Nas,1,156425.59,1619,96.62
ABC,1,156266.95,1926,81.14
"Toad The Wet Sprocket, Gin Blossoms",1,155660.93,1804,86.29
Alan Doyle,2,155589.72,3295,46.64
FLETCHER,3,154425.88,5601,27.98
"""The Rock 2000""",1,154334.78,4410,35.0
Highly Suspect,1,154237.46,3398,45.39
"""Galway Summer Sessions"", The 2 Johnnies",1,152257.44,2299,66.23
James Blake,1,151716.84,4453,34.07
Diana Krall,1,151094.0,1069,141.34
DJ Sara Landry,1,150538.75,2834,53.12
Jonathan Van Ness,2,150190.0,2111,72.85
"Alex Cooper ""Call Her Daddy"" Podcast",1,150164.5,2012,74.63
"""Harry Potter Y El Caliz De Fuego En Concerto""",1,149629.68,4479,33.41
Gipsy Kings feat. Tonino Baliardo,1,149465.0,1948,76.73
Marc Rebillet,1,148939.57,2708,55.0
Milky Chance,2,148930.93,3276,48.41
Evan Honer,13,148884.43,7144,20.47
††† (Crosses),1,147714.9,2964,49.84
Yeat,1,147710.5,2807,52.62
Sal Vulcano,1,147197.5,2129,69.14
Damas Gratis ,1,147084.23,3291,44.69
Dogstar,3,146865.89,3955,34.8
Sex Pistols,1,146730.66,2273,64.55
Regina Spektor,1,145899.0,2254,64.73
Johnny Mathis,1,145860.0,1435,101.64
Jorge Lozano,1,145409.15,3035,47.91
"""The Night Joe Dolan's Car Broke Down""",6,144135.9,3872,35.79
O.M.D.,2,142238.58,2099,71.94
"""Green Day Friends &amp; Family""",3,142205.0,3324,46.19
Lasso,1,141841.15,3014,47.06
Gladys Knight,1,141691.0,2069,68.48
Social Distortion,2,141511.1,3190,44.49
Ride,3,141283.25,3187,44.49
"Angelica Vale, Angelica Maria",1,141207.0,1851,76.29
Alex Edelman,1,141137.5,2686,52.55
Dirtbirds (Comedian),4,140900.22,3800,37.0
"Band Of Horses, City and Colour",1,140511.6,2602,54.0
"The Temptations, The Four Tops",1,140448.0,1713,81.99
Rickey Smiley,2,140144.0,2558,54.69
Jack White,2,139825.88,1360,97.95
Leslie Odom Jr.,1,139571.0,1519,91.88
Eddie Griffin,1,138568.0,2626,52.77
James,1,138489.88,2228,62.16
Laura Ramoso,4,138471.11,3835,35.78
Matt Mathews,2,138369.5,2837,49.02
Tenille Townes,6,138089.66,4408,31.04
DJ Shadow,4,138075.79,3688,37.35
Jon Anderson,1,138068.0,1635,84.45
Direct from Sweden – The Music of ABBA,1,136727.5,3692,37.03
TIMØ	,4,136063.76,3788,32.0
Silvana Estrada,2,135600.62,7206,18.49
Kika Edgar,2,135579.01,3366,55.64
Inhaler,1,135385.0,3500,38.68
Royel Otis,4,135215.06,5031,26.39
Los Tres,2,134845.46,3739,35.02
Russell Crowe,2,134620.57,1842,73.36
Summer Salt,5,133880.65,4225,30.96
The Everyday People,1,133769.0,3550,37.68
Tom Papa,3,133660.7,2782,46.78
Amerie,1,133645.0,2581,51.78
Mannheim Steamroller,1,133385.0,2062,64.69
Mr. Big,3,132305.57,2925,45.34
"""Elsie Fest""",1,132275.0,2372,55.77
Rag N Bone Man,1,132097.03,2545,51.9
Steven Bartlett,1,131716.23,1764,74.67
6LACK,2,131104.59,3523,37.0
Rob Lamberti,2,130990.64,2544,51.5
Chevelle,2,130647.72,3062,42.66
Cruz Cafuné,2,130565.93,3090,42.94
Diplo,1,130309.5,4700,27.73
The Decemberists,1,129645.0,1850,70.08
Cast,5,128986.85,3613,34.97
Natalie MacMaster and Donnell Leahy,2,128010.95,3533,36.19
KC &amp; The Sunshine Band,1,127652.0,1637,77.98
Wyatt Flores,2,127209.0,3756,33.52
Metalocalypse: Dethklok,2,127206.0,2555,49.08
"Rick Springfield, Richard Marx",1,126864.23,1069,118.68
Merol,1,126736.63,3955,32.04
Dillinger Escape Plan,1,126400.0,2720,46.47
Eric Nam,2,126381.49,3204,39.44
Atsuko Okatsuka,1,125730.66,3068,40.98
Mammoth,3,125721.0,3427,37.25
Barenaked Ladies,2,125383.64,3024,40.9
Leonid &amp; Friends,2,125188.0,2516,49.64
Nurse John,1,124900.0,3034,41.17
The 502s,4,124799.66,4512,26.88
"""Blippi On Tour""",3,124750.3,2601,47.62
Public Service Broadcasting,2,124583.46,2772,45.34
Black Violin,2,124557.5,2664,46.74
Angus &amp; Julia Stone,1,124383.48,2224,55.93
"""Danny Go!""",2,123372.25,2138,57.7
David Essex,1,123007.21,1848,66.56
DJ Spoony,1,122994.56,2895,42.49
Impractical Jokers ,1,122554.0,3637,33.7
Confidence Man,2,121981.66,3559,34.26
Desi Banks,2,121472.64,2109,57.57
Bill Bellamy,1,121102.0,2344,51.66
Apocalyptica,2,120591.12,2241,50.33
Pratibha Jena Singh,1,119110.76,2036,58.5
Griff,2,119030.0,3668,32.15
Russell Peters,1,118933.87,1661,71.6
"""I'm Grand Mam""",6,118765.83,3264,37.71
Carlos Cuevas,1,118548.13,2929,40.47
Zakir Khan,2,118328.65,2257,52.49
Marilyn Manson,1,117608.0,1706,68.94
Therapy?,3,117558.87,2638,43.77
Chico Bean,2,117139.0,2882,38.0
Say Anything,2,116421.81,2638,42.99
The Mountain Goats,2,116394.0,2697,42.56
Ian Munsick,1,115841.0,1996,58.04
Deacon Blue,1,115834.62,1790,64.71
"""Here's The Thing"" with Alec Baldwin",1,115225.5,2170,53.1
Ryan Hamilton,1,114885.0,2499,45.97
Wardruna,1,114254.48,1781,64.15
Sleater-Kinney,2,113985.81,2448,48.11
The Flaming Lips,1,113777.0,1854,61.37
That Mexican Ot,2,113663.5,3291,34.62
Mark Normand,1,113107.25,1825,61.98
Pink Sweat$,3,112360.0,3539,31.76
Oneohtrix Point Never,1,112084.0,2640,42.46
Los Cafres,2,111945.72,3448,29.82
"""Help I Sexted My Boss""",2,111882.53,2590,43.36
LosPetitFellas,1,111631.26,2774,40.24
jxdn,4,111254.4,2836,42.84
Silversun Pickups,3,111188.5,2895,39.62
Elvira Sastre,1,111098.9,2393,46.43
Tumua Tuinei,1,110609.0,1729,63.97
Yelawolf,1,109854.81,2504,43.87
The Fab Faux,1,109828.55,1069,102.74
Jo Dee Messina,1,109822.5,2190,50.15
ANOHNI and the Johnsons,1,109572.62,1875,58.44
Nothing More,2,109207.0,2518,42.43
Cat Power,1,108939.9,2400,45.39
Liquid Stranger,2,108871.0,3184,33.25
"""The Happy Together Tour"", The Turtles feat. Flo &amp; Eddie",1,108447.0,1682,64.48
"""Spencer &amp; Vogue - Podcast""",4,108412.74,2219,47.86
"""Galway Summer Sessions"", Belters Only",1,107916.73,1649,65.44
Miles Kane,5,107833.84,2998,36.45
Jimmy Sea,1,107720.83,1963,54.88
Plastilina Mosh,1,107566.39,3036,35.43
"""Netflix Is A Joke"", Mae Martin, Brett Goldstein",1,107543.0,1333,80.68
Pecos &amp; The Rooftops,7,107401.75,4824,22.46
Nina Pastori,2,107204.42,940,114.02
Local Natives,4,107177.91,3180,33.56
Future Islands,2,107133.2,3085,34.72
Polo G,2,106678.96,2969,35.13
Dru Hill,1,106224.0,1556,68.27
Stayin' Alive - The Bee Gees Tribute,2,106219.1,2407,48.08
Emperor,1,106208.27,1565,67.86
Pablo López,1,106040.1,1836,57.76
Gary Numan,1,104681.79,2197,47.65
Tash Sultana,1,104495.0,1519,68.79
Nurse Blake,2,104441.5,1986,52.66
Joss Stone,2,104335.25,1447,70.96
The Jim Cuddy Band,3,104038.22,2107,48.55
Simple Plan,1,103842.0,2530,41.04
Mudvayne,1,103794.0,2048,50.68
Static-X,1,103749.0,2418,42.91
Burton Cummings,1,103593.0,1668,62.11
Brian Culbertson,2,103536.67,2212,46.18
Richard Dawkins,1,103518.6,1280,80.87
Darren Kiely,5,103222.8,3752,24.45
Tino El Pingüino,1,103018.9,4611,22.34
Little River Band,1,102995.0,1799,57.25
El Haragan,1,102981.1,3793,27.15
Romesh Ranganathan,1,102930.58,2441,42.17
Guster,1,102735.0,2290,44.86
TesseracT,4,102402.54,3000,34.33
Los Rumberos,2,102292.97,3166,31.57
Alvvays,2,102263.99,3556,28.73
Hot Dub Time Machine,1,102263.45,1965,52.04
Artemas,5,102130.54,4080,22.64
Katherine Ryan,3,101972.38,2882,35.57
Buena Vista Social Club Orchestra,2,101375.98,2146,48.42
Stayin' Alive - The Ultimate Trib. to Bee Gees,3,101322.0,2029,50.77
"Damian Marley, Stephen Marley",1,101212.22,2200,46.01
The War On Drugs,1,101082.26,1800,56.16
Kevin Herrera,2,101003.2,2138,47.24
Our House - The Music of CSNY,3,100370.0,2364,42.24
Warren Zeiders,2,100291.91,3640,27.52
Lil Yachty,1,100279.3,2038,49.2
Qveen Herby,2,99920.0,2486,38.75
Ricardo O' Farrill,1,99846.15,2982,33.48
Jessica Audiffred,1,99422.16,3637,27.34
David Spade,1,99393.0,1603,62.0
Kikuo,3,98760.81,2536,38.77
SLANDER,1,98546.5,1952,50.48
Diamante Electrico,2,98067.78,3033,27.74
Amyl and the Sniffers,2,97817.59,2949,32.27
Steve Treviño,2,97754.0,1805,54.22
Toto,1,97690.0,1408,69.38
Tommy Dobeck,1,97372.0,1633,59.63
"""Remind GNP""",2,97267.08,12582,21.55
The Used,1,96465.51,2448,39.41
Myles Kennedy,2,96411.8,2150,42.54
Elderbrook,2,96008.36,3046,30.6
"""Staying Relevant Live""",1,95901.42,1837,52.21
"The Righteous Brothers, Bill Medley &amp; Bucky Heard",2,95844.75,1700,56.3
La Mafia,1,95805.89,1878,51.01
"""Last Podcast On The Left""",1,95798.0,2060,46.5
Darcy &amp; Jer,4,95527.33,2167,43.11
Offset,1,95326.0,1665,57.25
Travis Tritt,1,95263.5,1595,59.73
Beth Hart,1,95053.0,1434,66.29
"""Páramo Celebra""",1,95008.17,2773,34.26
Whitney Cummings,1,94989.2,2072,45.84
Switchfoot,3,94879.5,2668,38.59
Colde,2,94594.0,2268,41.74
Kevin Bloody Wilson,6,94509.33,2340,40.04
Hot Tuna,1,94475.5,1069,88.38
"Skid Row, Lzzy Hale",1,94345.0,2084,45.27
"David Foster, Katharine McPhee",1,93988.56,1206,77.93
Corinne Bailey Rae,1,93230.0,1377,67.71
"""Netflix Is A Joke"", ""Let There Be Laughs""",1,92964.2,1180,78.78
Yellowcard,1,92903.47,1902,48.85
Dethklok,1,92552.0,2143,43.19
"""The Magic of Motown""",2,92521.67,2071,44.72
Roy Wood Jr.,2,92080.0,2200,41.85
Orbital,1,91821.66,1900,48.33
"""Worship Live Holiday Tour""",1,91571.0,1539,59.5
Kip Moore,1,91411.0,2434,37.56
Citizen Soldier,4,91349.0,3763,24.52
Bootleg Beatles,2,91330.43,2400,36.18
"""Seven Drunken Nights""",3,91055.89,2431,37.31
YoSoyMatt,1,90797.56,2488,36.49
Three Dog Night,1,90647.0,1494,60.67
MAN WITH A MISSION,1,90350.17,2252,40.12
Ashnikko,2,90323.19,1432,63.81
Joe Jackson,2,89894.99,1730,52.62
Dustin Lynch,1,89774.0,2328,38.56
Old Crow Medicine Show,1,89654.38,1893,47.36
Lee Brice,1,89507.0,1956,45.76
Yung Beef,1,89315.46,2286,39.07
Ginuwine,2,89303.0,1810,51.16
Mike Dean,1,89293.5,2257,39.56
Thee Sacred Souls,2,89154.55,2127,41.32
Natalie Jane,10,89016.59,4335,20.59
Craig Ferguson,2,88620.13,1629,50.26
Kenny G,1,88620.0,1220,72.64
David Gray,1,88455.02,1488,59.45
"""Netflix Is A Joke"", ""85 South Live Comedy Tour""",1,88186.25,1158,76.15
Tracy Morgan,1,88062.5,1069,82.38
The Nude Party,2,87838.0,2763,29.7
Passenger,1,87272.0,2072,42.12
Trophy Eyes,1,86847.02,1905,45.59
Stayin' Alive: One Night of the Bee Gees,2,86698.0,1995,45.18
The Harlem Globetrotters,1,86679.0,1940,44.68
Duff McKagan,2,86495.22,1351,63.81
In Flames,2,86489.23,2339,34.56
Dublin Oldschool,2,86374.76,2088,41.26
Allen Stone,2,86193.0,2264,36.96
Fat Freddy's Drop,1,86029.57,1631,52.75
Destripando la Historia,1,85987.41,1923,44.72
Beth Gibbons &amp; Rustin' Man,1,85904.18,1736,49.48
Sammy Rae &amp; The Friends,3,85828.05,2418,36.33
Beres Hammond,1,85535.2,1573,54.38
"""Girls Gotta Eat"" - Live Podcast",1,84922.0,1490,56.99
Gondwana,1,84856.57,2287,37.1
Ashley McBryde,2,84642.05,2082,44.88
"Tyler Henry, The Hollywood Medium",1,84506.8,903,93.58
Jenny Lewis,2,84383.0,1699,45.4
The Academic,2,84147.59,2904,28.35
LA LOM,5,84009.67,3144,25.21
Pvris,2,83763.0,2323,36.08
The Mars Volta,1,83634.0,1493,56.02
SiR,1,83185.5,2369,35.11
Rostros Ocultos,1,82685.87,1934,42.75
"""Shrek The Musical""",1,82659.0,1211,68.26
"Jerry Harrison, Adrian Belew",2,82658.6,1569,51.72
You Me At Six,1,82631.39,1879,43.98
Sea Girls,3,82480.35,2598,30.93
Marc Maron,2,82443.0,1411,58.24
DRAMA,2,82268.5,2870,28.71
moe.,1,81702.12,2159,37.84
Andrew Dice Clay,1,81560.75,1069,76.3
From Ashes To New ,3,81454.0,2337,34.86
"La Garfield, La Garfield",1,81228.66,2868,28.32
Majo Aguilar,1,81006.95,5726,14.15
Artem Pivovarov,1,80812.2,1150,70.27
Kodaline,1,80672.06,1766,45.68
Mahalia,4,80376.6,2855,28.77
Example,1,80351.81,2550,31.51
Allison,1,80084.67,2910,27.52
Darius Rucker,2,80084.3,1634,49.36
"Nathan Evans, Saint Phnx",7,79785.45,3496,22.83
IAM,1,79582.96,1982,40.15
Almost Queen - Trib. To Queen,1,79412.75,1277,62.19
Good Kid,3,79246.7,2856,27.53
Raver Tots,1,79089.63,2842,27.83
Ricky Montgomery,3,78214.97,2896,26.12
Taburete,2,78146.58,2179,31.64
Dayseeker,2,78050.34,2450,30.02
"""I Love Dance Festival""",1,78017.57,19000,4.11
Rachel Galvo,8,77974.34,3227,24.08
The Charlatans UK,2,77641.0,1950,39.48
"Amaranthe, Dragonforce",1,77130.41,1952,39.51
Judah &amp; The Lion,2,77046.7,2170,35.16
Machine Head,2,76603.25,2091,36.92
The Plot In You,2,76478.5,2550,29.96
"Gloryhammer, Beast In Black",1,76457.81,1965,38.91
Bratty,2,75829.69,3082,24.83
Tricky,1,75824.52,1950,38.88
Warrant,1,75001.0,939,79.87
Bad Omens,1,74771.97,1982,37.73
Lukas Graham,2,74690.66,2285,31.91
Everything Everything,2,74637.72,2179,34.89
K-Trap,1,74397.37,2171,34.27
Lucinda Williams,1,74081.47,981,75.52
Senses Fail,1,73793.75,1573,46.91
Eliades Ochoa,2,73716.7,2465,29.94
"""Pod Save America""",1,73683.0,1121,65.73
New Found Glory,1,73664.45,1573,46.83
Fit For An Autopsy,3,73587.0,2866,25.94
Patrick Watson,3,73552.25,1485,49.53
Annie Mac,1,72998.84,1473,49.56
Alison Goldfrapp,1,72796.45,1639,44.42
Postmodern Jukebox,1,72356.75,1271,56.93
Bambie Thug,4,72209.26,2647,26.96
Lucybell,2,72171.64,2406,32.9
Billy Talent,1,71955.87,1888,38.11
Wild Rivers,1,71401.5,2172,32.87
Odd Eye Circle,1,71361.0,835,85.46
Depresión Sonora,1,71355.01,2431,29.35
Waylan St. Palan And The Magic Elves,1,71220.0,377,188.91
Rob Schneider,1,71180.0,1391,51.17
Marwan,1,71117.77,2070,34.36
Embrace,1,71056.85,1900,37.4
The New Mastersounds,3,71045.0,2245,32.75
W.A.S.P.,2,70922.0,1595,44.2
Movements,2,70876.15,2132,32.91
"Iration, Pepper",1,70839.5,2091,33.88
Gepe,1,70826.09,2183,32.44
The Guess Who,1,70610.0,1012,69.77
Iseo &amp; Dodosound,2,70581.31,2248,31.4
Colony House,4,70517.0,2332,30.24
Dylan Gossett,4,70203.82,2831,25.05
The Undertones,1,70055.39,1591,44.03
Henry Moodie,3,70032.06,2891,25.46
Ministry,1,70026.0,1474,47.51
TR/ST,1,70010.77,1792,39.07
Jinjer,1,69902.88,1919,36.43
Megan Moroney,1,69854.05,1900,36.77
"Damian ""Jr. Gong"" Marley",1,69638.0,1410,49.39
Nick Swardson,2,69501.0,1466,47.56
Elle King,2,69351.75,1776,40.76
Los Pericos,1,69345.24,2078,33.37
Pomme,2,69173.74,1401,48.28
Bicep,2,69087.4,2124,30.06
"Orgy, Cold",6,68977.25,2415,29.39
"""Netflix Is A Joke"", ""The Sinbad Tribute Show""",1,68828.75,822,83.73
Hasan Raheem,2,68825.41,2606,26.9
Monsieur Periné,1,68811.57,2207,31.18
Tommy Emmanuel,1,68777.0,1267,54.28
Remi Wolf,1,68750.55,1898,36.22
Jimmy Kenny and The Pirate Beach Band,3,68704.55,3049,22.75
Matt Maltese,3,68603.8,2347,31.02
Kaiser Chiefs,1,68350.11,1400,48.82
Chris Botti,1,67973.0,879,77.33
Soft Play,1,67721.26,1900,35.64
Ari Shaffir,2,67506.45,1613,41.96
The Menzingers,3,67244.0,1897,35.37
Matt Maeson,2,66793.47,1782,37.39
Bikini Kill,1,66788.12,1494,44.7
Soulja Boy,3,66200.0,2139,30.92
Violent Femmes,1,65966.05,1537,42.92
The Milk Carton Kids,2,65919.38,1726,35.12
Andrew Santino,1,65470.0,1430,45.78
Billy Bragg,2,65437.0,1274,50.48
Andrés Suárez,2,65041.39,1893,41.56
flipturn,1,64849.0,2442,26.56
Froukje,1,64688.64,1987,32.56
Gaz Coombes,5,64542.14,1661,38.83
"""Burger Fest""",1,64466.88,2600,24.79
Dispatch,1,64206.0,1462,43.92
Wunderhorse,2,64178.16,2230,27.36
Stephen Pearcy,1,64141.0,1016,63.13
The Wallflowers,1,64123.55,1176,54.53
Luenell,1,63630.0,1080,58.92
James Marriott,3,63566.7,2720,23.42
Scotty McCreery,1,63566.1,1602,39.68
Paul Young,2,63461.66,1233,50.94
Cat Burns,1,63427.64,1943,32.64
DYLAN,2,63420.66,2602,23.75
Robleis,1,63303.14,1624,38.98
Shenandoah,1,62991.25,1325,47.54
Mika,1,62963.77,1599,39.38
The Stunning,1,62895.84,1661,37.87
"""Gimme Gimme Disco""",7,62678.0,2760,21.63
"The Church, The Afghan Whigs",2,62671.0,1583,39.38
Ziggy Alberts,2,62531.67,2061,30.04
"""Sweet Caroline Tour"" Featuring Jay White",1,62336.0,1329,46.9
Modeselektor,1,62253.96,1837,33.89
Feeder,1,62248.93,1900,32.76
Moncrieff,1,62211.27,1555,40.01
"""Sesame Street Live""",1,62195.19,1359,45.77
"""And That's Why We Drink""",2,61921.5,1430,44.24
"Descendents, Circle Jerks",1,61858.89,1324,46.72
Southside Johnny &amp; The Asbury Jukes,1,61832.0,1157,53.44
Skillet,1,61663.8,1727,35.71
"""Gasolina Reggaeton Dance Party""",2,61658.5,3326,18.31
Gabriel Rios,1,61516.73,1938,31.74
"""Rocky Horror Picture Show with Barry Bostwick""",1,60947.0,1162,52.45
Tiago PZK,2,60811.12,1340,46.04
Ruston Kelly,3,60772.0,1844,28.76
Nia Archives,2,60679.17,1850,32.83
Patton Oswalt,1,60300.0,985,61.22
Bailey Zimmerman,2,60147.21,2150,27.82
Girls Overheard,3,60144.26,1400,39.14
Elyanna,2,60085.18,2325,26.38
Fatima Yamaha,1,59983.72,1920,31.24
Tom Keifer,1,59710.0,1256,47.54
Alexa Zuart,1,59678.13,2960,20.16
Palace,2,59677.36,1962,30.53
Mehro,2,59638.52,1660,36.13
"""The Taylor Party""",5,59432.5,2816,20.8
Caravan Palace,1,59139.38,1392,42.49
Killer Mike,2,59124.73,1340,44.26
Daughtry,1,59081.25,1489,39.68
"""The Last Live Waltz""",2,59026.09,1851,31.72
La Santa Cecilia,1,58965.26,1868,31.57
Charlotte Cardin,1,58944.46,1408,41.86
La Vela Puerca,2,58929.77,2311,25.54
Matteo Lane,1,58925.0,1367,43.11
The Red Clay Strays,2,58335.11,2150,27.44
Nemzzz,3,58225.88,1900,27.05
Gogol Bordello,3,58186.71,1578,37.62
Meute,1,57971.48,1496,38.75
"""Coca-Cola Food Fest Bogota Para Compartir""",1,57938.24,26474,2.19
Camera Obscura,1,57898.45,1848,31.33
Buzzcocks,2,57735.42,1471,39.12
Ethel Cain,1,57559.75,1661,34.65
City Morgue,1,57416.6,1236,46.45
Cavetown,1,57092.0,1419,40.23
Ben Elton,2,57064.57,1178,48.73
French Montana,1,57055.5,1571,36.32
Will Wood,3,57032.0,1398,42.68
Asen,1,56976.14,824,69.15
The Zutons,3,56955.83,1638,33.67
Newton Faulkner,3,56828.89,1605,35.38
Feist,1,56817.48,1500,37.88
Bizkit Park,1,56788.97,1946,29.18
The Shires,2,56443.72,1487,37.96
Colin Hay,2,56204.5,1004,56.13
Milton Jones,4,55876.52,1267,46.55
Alabama 3 (A3),1,55856.84,1460,38.26
The Cadillac Three,3,55662.2,1776,29.08
Casting Crowns,1,55365.0,1250,44.29
George Clinton and Parliament Funkadelic ,1,55098.8,907,60.75
Maoli,2,55040.0,1869,28.29
Mayer Hawthorne,3,54986.0,1867,29.81
Futurebirds,1,54982.0,1406,39.11
Queensrÿche,1,54931.5,1377,39.89
In This Moment,1,54777.5,1139,48.09
MC Davo,1,54745.65,2313,23.67
Vince Staples,1,54150.0,1425,38.0
Bear Grylls,1,54031.56,1181,45.75
Berre,1,54020.57,1958,27.59
Goth Babe,1,54010.0,1628,33.18
Aslan,2,53999.24,1325,41.04
Fatherson,1,53976.05,1900,28.41
Alestorm,2,53784.58,1500,35.12
"Static-X, Sevendust",1,53665.55,1131,47.45
Adam Rowe,6,53627.0,1663,33.46
Frank Turner,1,53577.5,1435,37.34
Bang Yong-guk,5,53516.0,1818,29.12
Chasing Abbey,2,53043.38,1848,28.78
The Lightning Seeds,2,52797.23,1500,35.38
"Randy Rogers, Wade Bowen",1,52608.0,1725,30.5
"""Rocky Horror Picture Show With Patricia Quinn""",1,52116.0,1053,49.49
Lime Cordiale,2,52073.92,1405,36.55
El Columpio Asesino,2,52072.36,2193,22.36
The Billy Joel Songbook,2,52069.76,1406,37.19
The Psychology Of...,3,51895.66,1496,35.17
Pale Waves,2,51737.8,1800,28.74
Mariachi Sol de Mexico de Jose Hernandez,1,51540.0,1156,44.58
The Moss,4,51484.0,2242,22.86
The Rocket Man Show - Elton John Tribute Show feat. Rus Anderson,1,51393.5,1196,42.97
Elvis &amp; Friends by Hector Ortiz,1,51323.01,2421,21.2
Chris Renzema,1,51190.5,1379,37.12
Gossip,1,50969.43,1293,39.42
Fight Like Apes,1,50912.0,1317,38.66
Houndmouth,2,50772.0,1656,32.04
The Maine,1,50685.49,1181,42.92
Railroad Earth,2,50539.5,1568,31.92
Caity Baser,3,50370.66,1699,29.84
"""The Second Captains Podcast""",1,50342.8,1073,46.92
"""Jay And Silent Bob Get Old""",1,50315.75,684,73.56
Bahamas,1,49909.63,1337,37.33
Shane Todd,2,49661.71,1565,32.9
Rick Wakeman,1,49328.58,868,56.83
"""Shxtsngigs""",2,49050.0,1344,36.52
Imminence,3,48881.78,2064,23.96
Pete Correale,1,48880.5,1069,45.73
The Struts,1,48734.87,1119,43.55
Ezra Collective,1,48431.92,1615,29.99
Mary Coughlan,1,48341.47,1103,43.83
Keb' Mo',1,48290.0,957,50.46
Russell Howard,2,48263.39,1548,31.16
Justin Willman,1,48132.45,1069,45.03
Black Veil Brides,1,48104.9,1198,40.15
The Marshall Tucker Band,1,48089.0,625,76.94
"""A Hero Lies In You""",2,47964.53,1800,26.66
Hania Rani,2,47946.16,1504,31.88
Kyla Cobbler,4,47861.82,1599,30.18
Alex Fernández,1,47802.58,1429,33.45
Classic Albums Live,1,47769.46,1382,34.57
The Beaches,2,47739.52,1900,23.7
Michael W. Smith,1,47641.5,873,54.57
Los Espiritus,3,47576.61,1753,31.71
Ben Ottewell,2,47548.23,1439,32.92
Boney James,1,47494.91,820,57.92
Maskatesta,2,47351.28,1856,26.36
Marauda,1,46793.6,2231,20.97
Blk Odyssy,4,46735.63,1574,29.08
Kerala Dust,2,46504.93,1194,41.44
David McSavage,1,46483.23,1200,38.74
Triciclo Circus Band,1,46466.39,1709,27.19
Judy Collins,1,46423.0,757,61.32
Sal Valentinetti ,1,46405.2,1069,43.41
ALEX FDZ,1,46360.12,1210,38.31
Asi Wind,1,46262.8,843,54.88
Atmosphere,1,46221.0,1160,39.85
The Allman Betts Band,1,46160.5,725,63.67
Baroness,2,46073.1,1199,36.45
Everclear,1,46039.72,1316,34.98
John Oates,1,45916.5,840,54.66
Hermanos Gutiérrez,1,45775.5,1255,36.47
Alan Sutton,2,45461.57,1457,27.26
"""Jim Henson’s Labyrinth: In Concert""",1,45458.0,820,55.44
Starset,2,45441.6,1347,33.45
Slayyyter,2,45319.1,1583,28.06
Hippo Campus,1,45202.0,1150,39.31
"""The Dargon""",1,45176.43,551,81.99
Sinead Harnett,2,44946.15,1599,28.78
So Good! The Neil Diamond Experience,1,44780.0,1069,41.89
"""Sorry Papi""",1,44735.0,1727,25.9
Best of the Eagles - Tribute Band,1,44561.5,1277,34.9
Hardrock,8,44502.0,2158,20.69
42 Dugg,1,44259.5,1078,41.06
Wooli,1,44191.5,1175,37.61
Cosa Seria,1,44067.86,1592,27.68
I Dont Know How But They Found Me,2,44006.58,1562,27.7
Tony Ann,2,43981.44,1175,38.64
Fix You,1,43959.25,1573,27.95
Tokyo Police Club,2,43947.0,1205,35.66
The Dandy Warhols,1,43870.47,850,51.61
Marc Almond,1,43759.95,736,59.46
The Twilight Sad,3,43756.77,1714,25.52
Julian Lage,2,43716.0,1163,34.81
Dean Lewis,2,43678.1,590,74.07
"Sepultura, Obituary",1,43500.0,1310,33.21
Eric Cantona,3,43383.11,795,54.56
Fred Armisen,2,43278.0,1235,36.28
"""Sesame Street Live! - Say Hello""",1,43260.0,780,55.46
Rejjie Snow,2,43222.84,1647,26.14
The Panhandlers,1,43086.0,934,46.13
Saint Levant,2,43062.4,1350,30.1
Jason Byrne,1,42770.69,1186,36.06
Weegie Hink Ae That,7,42673.26,1580,26.34
JJ Grey &amp; Mofro,1,42610.0,1129,37.74
Maximo Park,2,42508.15,1174,36.44
The Strumbellas,3,42404.0,1804,24.02
Randall King,4,42370.5,2130,20.52
Max Fosh,2,42259.42,1422,31.5
Jazzy,1,42016.17,1550,27.11
Hamish Hawk,1,41991.44,1900,22.1
The Budos Band,1,41965.0,1199,35.0
The Musical Box,1,41941.0,815,51.46
"""EMO Night Brooklyn""",4,41741.0,2305,18.13
Garth Marenghi,1,41695.28,1208,34.52
Glen Hansard,1,41505.0,900,46.12
Ms. Pat,1,41486.75,770,53.88
Ghostland Observatory,1,41449.5,1097,37.78
Leslie Jones,1,41365.0,896,46.17
Pat McGann,1,41247.3,1069,38.58
Mersey Beatles - Trib. to The Beatles,1,41096.17,1185,34.68
Asia,1,41095.45,633,64.92
Dr. John Cooper-Clarke,1,41002.22,908,45.16
Neil Forever - Neil Diamond Tribute,1,40809.75,1029,39.66
La Matatena Royal Club,1,40741.63,1156,35.24
Dirty Honey,3,40307.16,1376,29.43
Meekz,2,40294.84,1850,21.94
Countess Luann De Lesseps,1,40203.9,563,71.41
Chippendales (LV),1,40076.44,617,64.95
"Jesús ""Aguaje"" Ramos",1,39763.7,655,60.71
"""No Such Thing As A Fish""",1,39545.71,1075,36.79
Kate Nash,2,39368.95,1247,32.1
Donovan Morales,1,39252.37,1460,26.89
Serena Terry,1,39201.86,1257,31.19
Cannons,1,39150.0,900,43.5
#SistersInLaw,1,39112.5,995,39.31
Aaron May,1,38920.0,1000,38.92
Yächtley Crëw,1,38901.1,1327,29.32
"""A Crime World Presentation with Nicola Tallant""",3,38818.14,1284,31.02
Little Feat,1,38748.0,620,62.5
Wayne Newton,1,38627.0,523,73.86
Lost In Music - One Night At The Disco,1,38483.95,884,43.53
Luke Combs UK (Tribute),1,38480.19,1700,22.64
Romy,1,38312.34,1214,31.56
Morgan Wade,1,38295.0,1132,33.83
2hollis,2,38230.0,1520,24.88
Nick Mulvey,1,38193.01,1000,38.19
Sasha Colby,2,38082.4,1129,32.98
The Man In Black: A Tribute to Johnny Cash,1,37797.14,947,39.91
Avatar,1,37795.0,1464,25.82
Viva Suecia,2,37661.5,965,46.69
Umphrey's McGee,1,37637.0,916,41.09
Who's Bad - The Ultimate Michael Jackson Tribute,1,37617.9,1164,32.32
The Laurie Berkner Band,1,37466.71,954,39.27
49 Winchester,2,37440.99,1124,32.11
The Warning,2,37365.69,1376,27.28
Michael Marcagi,3,37166.93,1714,21.07
The Datbirds,1,37085.76,945,39.24
"Testament, Kreator",1,37003.36,922,40.13
Denver,1,36928.76,1115,33.12
Blind Guardian,1,36900.37,850,43.41
Technicolor Fabrics,1,36810.35,2109,17.45
Sam Morril,1,36716.15,721,50.92
Olivia Dean,1,36473.73,1300,28.06
Son Rompe Pera,1,36405.65,1229,29.62
Path to Power,1,36337.89,1021,35.59
Bersuit Vergarabat,1,36266.37,1086,33.39
Novo Amor,1,36253.56,1300,27.89
Mack Fleetwood,1,36142.0,1269,28.48
Durand Jones &amp; The Indications,1,35960.0,899,40.0
Tyla,1,35902.0,932,38.52
Eme Malafe,1,35674.13,1070,33.34
Big Bad Voodoo Daddy,1,35608.7,881,40.42
The Royston Club,3,35605.82,1660,21.38
Hermitage Green,1,35394.27,1090,32.47
Matt Rogers,1,35360.0,832,42.5
Brooks Nielsen,2,35232.5,1094,32.2
One More Time - Trib. to Daft Punk,3,35170.0,1356,26.05
Heaven 17,1,35142.99,826,42.55
03 Greedo,2,35007.5,992,30.9
The Drums,1,34966.6,1023,34.18
All You Need Is Love! - The Beatles Musical ,1,34932.0,680,51.37
ERNEST,1,34598.0,970,35.67
The Chats,1,34537.79,1042,33.15
Ocean Alley,1,34528.59,953,36.23
Kameron Marlowe,2,34475.68,1310,27.58
Donnie Iris &amp; The Cruisers,1,34475.0,740,46.59
The LaFontaines,1,34424.77,1044,32.97
Jet,2,34318.52,918,38.43
Boys Night Out,1,34246.21,1357,25.24
Harvest &amp; Rust: Tribute to Neil Young,1,34095.87,1158,29.44
Lola Indigo,2,33998.0,1075,32.62
Iván Ferreiro,1,33855.25,1063,31.85
Airbag,1,33849.12,1186,28.54
Calum Bowie,2,33711.32,1594,20.39
Poppy,1,33643.09,955,35.23
English Teacher,4,33563.33,1700,18.71
Kula Shaker,1,33558.95,827,40.58
Ole 60,2,33505.0,1410,23.82
Baianasystem,1,33473.31,800,41.84
Lacuna Coil,1,33465.07,850,39.37
Them Coulee Boys,2,33440.0,1317,23.04
The Devil Wears Prada,1,33348.0,941,35.44
Destin Conrad,3,33108.84,1230,26.68
"""1964"" The Tribute",1,32996.61,827,39.9
LTJ Bukem,2,32957.0,954,34.54
Saint Phnx,1,32927.73,1243,26.49
Chicano Batman,1,32823.07,1078,30.45
Camille O'Sullivan,1,32713.55,937,34.91
legallyrxx,1,32679.74,1054,31.01
Cradle Of Filth,1,32660.63,850,38.42
Shakey Graves,1,32617.0,854,38.19
Lewis Ofman,1,32512.88,836,38.89
Lil Darkie,1,32471.5,974,33.34
Elephant Sessions,3,32075.08,1211,25.6
Mickey Darling,3,32052.0,1494,21.81
"""Concierto Pura Vida""",1,32035.7,903,35.48
Our Last Night,1,32025.5,945,33.89
Even The Losers - Trib. To Tom Petty,1,31957.33,1403,22.78
"Big Jay Oakerson, Robert Kelly",1,31944.35,715,44.68
Stephen Wilson Jr.,3,31670.94,1166,26.93
CG5,2,31625.42,776,40.58
Marc Broussard,1,31605.0,1061,29.79
Insane Clown Posse,1,31536.0,799,39.47
Buffalo Tom,2,31440.46,760,41.94
Vitamin String Quartet,1,31424.5,886,35.47
Rumours of Fleetwood Mac,1,31390.0,732,42.88
Sigrid,1,31348.22,585,53.59
The Stews,2,31159.5,1443,19.09
Fidlar,2,31150.0,1200,25.95
"""Magic Rocks!"" Feat. Leon Etienne, America's Rock Illusionist",1,31141.5,819,38.02
BOYS LIKE GIRLS,2,30997.5,1267,25.15
Marc Scibilia,3,30932.0,1550,19.96
The Staves,1,30867.5,968,31.89
Medium Build,5,30852.78,1390,21.26
Genesis Owusu,1,30818.45,1003,30.73
Hinder,1,30765.5,1094,28.12
Montell Fish,1,30670.0,1113,27.56
Joseph,2,30658.5,851,35.91
The Aquabats,1,30635.0,1007,30.42
Thank You For The Music - The Ultimate Tribute to ABBA,1,30589.12,709,43.14
Alien Ant Farm,1,30520.66,817,37.36
Set It Off,1,30502.0,1028,29.67
Tucker Wetmore,1,30485.0,1480,20.6
Sheng Wang,1,30466.5,494,61.67
Marshall Charloff &amp; Purple Xperience,1,30351.85,1107,27.42
Chelsea Wolfe,1,30350.5,1000,30.35
Gaelic Storm,1,30181.94,1045,28.88
"""Remembering Pat Farrell""",1,30106.4,894,33.68
Rene Vaca,1,30044.93,830,36.2
Kchiporros,1,29922.5,1234,24.25
Cavalera Conspiracy,1,29853.7,850,35.12
Hatebreed,1,29822.5,1172,25.45
LP Giobbi,1,29695.0,841,35.31
Carolina Ross,1,29618.4,956,30.98
Brògeal,6,29503.76,1743,16.18
Michael Blaustein,1,29430.08,712,41.33
Fit For A King,2,29412.75,1021,28.56
Jenny Slate,1,29395.0,435,67.57
Jessica Kirson,1,29360.0,796,36.88
Roddy Collins In Conversation With Paul Howard,2,29350.87,783,37.53
Frankie Quinones,1,29305.0,871,33.65
Thrice,1,29153.45,806,36.17
Leprous,2,29069.62,935,30.34
Mass Of The Fermenting Dregs,2,28947.17,1365,20.44
Primordial,1,28912.36,752,38.45
Bob Vylan,1,28890.19,1010,28.6
Lil Tracy,1,28688.32,1300,22.07
Del Water Gap,2,28594.89,1350,19.94
Thy Art Is Murder,1,28563.17,593,48.17
The Boulet Brothers,1,28495.0,567,50.26
Neil Frances,1,28473.85,984,28.94
The Movement,2,28473.0,872,32.49
Wasia Project,2,28377.14,1293,20.9
Rod Tuffcurls And The Bench Press,2,28364.0,1078,26.4
Psychedelic Porn Crumpets,2,28311.81,1225,24.08
Say She She,1,28294.0,900,31.44
Neko Case,1,28191.0,492,57.3
Benny the Butcher,1,28027.5,839,33.41
The K's,2,28011.95,1118,25.06
Veil Of Maya,2,27767.5,947,29.43
Mert Demir,1,27722.83,587,47.23
Alex Warren,1,27602.63,850,32.47
Somebody's Child,1,27572.87,1100,25.07
Delux,1,27547.26,1556,17.7
Coco &amp; Clair Clair,2,27109.56,1039,25.86
Rita Payés,1,27066.82,1104,24.52
Leigh-Anne,2,27045.82,895,30.22
Joy Oladokun,2,27037.16,1013,23.22
BLP KOSHER,1,26978.5,766,35.22
Out Of Control Army,1,26969.68,1573,17.15
Joey Valence &amp; Brae,2,26809.08,1095,23.72
Savannah Guthrie,1,26806.62,365,73.44
Troy Hawke,3,26786.19,1040,25.68
"Unforgettable Fire - Trib. to U2, Fix You",1,26740.38,901,29.68
Death From Above 1979,1,26703.73,912,29.28
Sidecars,1,26677.07,1032,25.85
Cammy Barnes,3,26633.92,1124,24.03
KING,1,26627.38,717,37.14
Allie X,2,26588.31,878,29.65
Rozalén,1,26577.96,779,34.12
Disco Nights,1,26493.0,952,27.83
Max Cooper,1,26358.37,802,32.87
Arizona Zervas,6,26287.53,1162,22.88
Kerbdog,1,26230.63,800,32.79
Skinny Living,3,26178.4,1017,25.74
FIZZ,1,26156.91,755,34.64
bôa,1,26095.01,1000,26.1
Slacker Media Group,3,25868.0,911,28.21
d4vd,1,25771.1,850,30.32
Sophie McCartney,2,25768.19,916,31.64
Richard Herring,1,25701.43,852,30.17
"""Lovett Or Leave It""",1,25668.0,526,48.8
Forester,1,25516.0,1039,24.56
"""MajestuOsos""",1,25510.49,12978,1.97
Role Model,1,25510.04,850,30.01
Muscadine Bloodline,1,25475.0,854,29.83
The Blackout,1,25404.89,807,31.48
Sylosis,3,25344.12,1000,25.41
Nathan Dawe,1,25332.2,800,31.67
The Crane Wives,2,25180.0,1225,20.56
Wilderado,2,25137.0,1006,24.93
Elmiene,1,24930.0,654,38.12
Eclipse,1,24865.0,598,41.58
David Cross,1,24846.0,607,40.93
Kid Francescoli,1,24743.23,593,41.73
Cattle Decapitation,1,24718.83,753,32.83
Starsailor,1,24683.78,782,31.56
"Ben Ottewell, Ian Ball (of Gomez)",2,24658.83,770,31.9
Wild Child - Trib. to The Doors,1,24602.35,1186,20.74
Electric Six,1,24440.86,827,29.55
Russell Dickerson,1,24385.37,647,37.69
Wheeler Walker Jr.,1,24320.0,600,40.53
"""Champions of Magic""",1,24208.22,663,36.51
Natos y Waor,1,24206.65,969,24.98
Kanii,4,24183.11,1144,21.24
Richy Mitch &amp; The Coal Miners,2,24171.15,975,25.4
Anson Seabra,2,23994.43,934,25.83
Joe The Magician,1,23982.95,809,29.65
Crash Test Dummies,2,23863.5,563,43.36
Destroyer,3,23815.0,946,25.15
Shambolics,6,23695.81,1509,15.03
Clinton Baptiste,2,23560.2,688,34.24
Alessandra,2,23556.59,1170,20.06
Double Vision - The Foreigner Experience,1,23533.95,622,37.84
The Tumbling Paddies,1,23515.25,846,27.8
Alcest,1,23506.18,665,35.35
Sprints,3,23387.9,1279,17.41
G. Love &amp; Special Sauce,1,23341.0,582,40.1
Live Forever,1,23316.14,800,29.15
Growing up with Keelin Moncrieff,2,23165.73,745,30.86
Rollercoasting Live with Megan Welsh,2,23128.78,770,30.59
Bas,2,23072.15,717,32.39
Jose Cantoral,1,22935.4,923,24.85
Majid Jordan,3,22764.01,821,27.92
El Zar,1,22657.78,750,30.21
Buckethead,1,22652.0,561,40.38
Caleb Gordon,2,22500.0,916,24.72
Rachel Chinouriri,1,22478.93,950,23.66
Baynk,1,22438.52,662,33.9
Accidents,1,22422.7,805,27.85
Daniel Donato,2,22380.0,787,26.38
Searows,2,22265.41,1106,20.17
Conociendo Rusia,1,22221.78,1012,21.96
Windborne,1,22091.0,431,51.26
Eduardo Capetillo,1,21958.24,2271,9.67
6arelyhuman,2,21888.39,944,23.14
Eivør,1,21880.92,665,32.9
"""Los Cantoral""",1,21695.63,483,44.92
Microwave,2,21677.48,787,26.68
Lea Heart,1,21621.38,804,26.89
Aterciopelados,1,21613.81,465,46.48
Appetite For Destruction - Guns N Roses Tribute Show,1,21608.1,1100,19.64
Live Dead &amp; Brothers,1,21602.0,561,38.51
Mary Byrne,1,21506.61,570,37.73
Doechii,1,21505.0,500,43.01
Shovels &amp; Rope,1,21485.0,608,35.34
SIX60,2,21466.52,600,35.22
Jalen N'Gonda,2,21326.99,950,22.45
Hollow Coves,1,21306.1,850,25.07
"""Musique Electronique""",1,21280.0,578,36.82
The Real Antonios,1,21100.43,644,32.76
Ferris &amp; Sylvester,6,21028.22,1157,17.53
The Gilmour Project,1,21020.0,552,38.08
49th &amp; Main,3,21008.97,1080,17.73
Joywave,2,20994.06,756,25.24
Snow Tha Product,1,20973.94,568,36.93
Sainte,2,20971.12,830,25.3
Cry Before Dawn,2,20970.5,577,36.34
Burning Spear,1,20955.0,355,59.03
Explosions In The Sky,1,20946.39,611,34.28
David Michael Wyatt,1,20920.0,500,41.84
Mannequin Pussy,2,20902.65,900,22.82
grentperez,2,20887.25,1150,17.69
The Brook &amp; The Bluff,2,20872.5,873,24.32
Nadine Shah,2,20842.61,726,29.1
Alejo,2,20800.39,600,36.54
Nina Nesbitt,1,20765.92,886,23.44
Cody Pennington,1,20678.59,723,28.6
Tab Benoit,1,20614.0,561,36.75
Rodrigo y Gabriela,1,20460.66,512,39.96
Ron Sexsmith,1,20413.94,410,49.79
Brian Downey's Alive and Dangerous,1,20387.37,555,36.73
Abbath,1,20355.08,446,45.64
BigXthaPlug,1,20250.0,675,30.0
"""Rock Against Homelessness""",1,20210.76,818,24.71
Mallory Knox,1,20204.69,562,35.95
AKRIILA,1,20203.62,1282,15.76
Sango,1,20097.5,623,32.26
"""Senoras Punk""",1,20052.74,688,29.15
Willow Pill,1,20050.0,396,50.63
Balance &amp; Composure,1,20040.0,567,35.34
Tribal Seeds,1,19912.5,675,29.5
The Blades,1,19901.96,634,31.39
SiM,1,19897.57,700,28.43
Giant Rooks,2,19782.2,956,20.48
Chance Peña,2,19734.17,1050,18.83
The Lemon Twigs,1,19609.18,600,32.68
Polaris,1,19604.8,670,29.26
Scott Stapp,1,19575.0,372,52.62
Sea Power,1,19500.45,605,32.23
An Evening with Ron Sexsmith,1,19467.14,428,45.48
Turnover,2,19449.0,745,26.3
The Longest Johns,2,19440.28,854,22.72
Sky Ferreira,1,19399.51,613,31.65
Dead Pony,1,19375.62,900,21.53
KK’s Priest,1,19338.27,417,46.37
STRFKR,1,19213.03,677,28.38
Aston Merrygold,1,19195.44,271,70.83
Queen Of The Night - A Tribute to Whitney Houston,1,19100.0,673,28.38
Typhoon,1,18965.0,628,30.2
Kolby Cooper,3,18959.0,819,23.12
Lissie,1,18926.99,600,31.54
Seb Lowe,3,18909.11,1130,17.4
Roberto Chairez,3,18783.05,945,19.85
The Rifles,2,18777.91,548,34.62
Bricknasty,2,18772.55,877,19.42
Dead Poet Society,3,18759.4,906,20.63
Elles Bailey,2,18682.06,656,28.5
Kawala,2,18668.58,897,21.82
Sleaford Mods,1,18523.29,600,30.87
Arthur Hill,2,18491.78,740,25.01
Godspeed You! Black Emperor,1,18445.0,610,30.24
Sampha,1,18312.0,600,30.52
Soulfly,1,18286.3,616,29.69
Sixpence None The Richer,2,18281.0,514,35.68
Nicotine Dolls,2,18265.0,728,25.1
X Ambassadors,1,18241.23,599,30.45
Day Fever,2,18211.83,1112,16.36
Battle Beast,1,18180.0,622,29.23
The Highstool Prophets,3,18154.36,867,20.74
The Villagers,1,18143.09,500,36.29
Potter Payper,1,18117.32,669,27.08
Kamelot,1,18104.4,438,41.33
Joker Out,1,18062.64,600,30.1
The Airborne Toxic Event,1,18032.16,527,34.22
Sam Barber,1,18030.0,854,21.11
Jackson Dean,1,18000.0,625,28.8
Orange Goblin,2,17848.2,592,30.14
'68,3,17815.0,888,19.9
Red Fang,1,17774.5,638,27.86
Felly,1,17685.0,630,28.07
Good Neighbours,3,17682.13,804,22.22
Built To Spill,1,17655.0,437,40.4
Admiral Fallow,2,17643.09,763,22.6
GoGo Penguin,1,17622.98,639,27.58
Pip Blom,3,17603.4,882,19.85
Mason Ramsey,2,17527.0,970,19.34
Saint Asonia,1,17505.0,570,30.71
The Paper Kites,1,17457.51,700,24.94
Billlie,1,17418.41,438,39.77
Currents,1,17349.3,590,29.41
"And So I Watch You From Afar, Caspian",1,17343.0,655,26.48
Better Lovers,2,17122.0,666,25.72
"""Best Night Ever Party""",1,17120.0,674,25.4
Fern Brady,1,17117.5,531,32.24
Post Sex Nachos,3,17115.0,967,18.78
Dorian Electra,2,17097.63,679,25.2
Juanpalitoschinos,1,17091.59,640,26.71
Louis Dunford,1,17071.96,800,21.34
Reverend Horton Heat,2,17044.0,649,26.64
Disco Bahía,1,17032.52,921,18.49
Helmet,2,17032.0,564,30.37
Christian Kuria,1,17000.0,680,25.0
Benjamin Tod &amp; Lost Dog Street Band,1,16900.0,550,30.73
Jordan Mackampa,3,16807.02,757,22.88
The Legendary Wailers,1,16756.9,545,30.75
echobelly,2,16659.48,530,31.45
Circa Waves,1,16637.55,600,27.73
The Cream Of Clapton Band,1,16551.1,479,34.55
Washed Out,1,16462.0,531,31.0
Grateful Shred,1,16445.0,581,28.3
Paula Poundstone,1,16371.14,501,32.68
Cardiacs,1,16318.69,500,32.64
Ryan Mack,1,16292.51,816,19.97
Carl Barron,1,16260.52,386,42.13
Susana Cala,1,16202.84,599,27.05
Priscilla Block,1,16170.9,557,29.03
Here Come The Mummies,1,16130.0,489,32.99
Yard Act,1,16114.72,795,20.27
Legends In Concert,1,16075.0,391,41.11
The Wakes,2,15995.72,779,20.93
Health,1,15932.95,490,32.52
Bleed From Within,2,15928.89,665,22.22
Skylights,1,15812.61,600,26.35
Chase Matthew,1,15800.0,568,27.82
Max Weinberg's Jukebox,1,15715.45,384,40.93
Red Rum Club,1,15606.31,700,22.29
Amistat,1,15570.88,600,25.95
Eliza McLamb,4,15536.0,906,17.19
Snow Strippers,1,15515.0,603,25.73
Murder By Death,1,15485.0,509,30.42
"""K-Pop Club Night""",1,15481.0,576,26.88
Petey,1,15480.0,600,25.8
The Men They Couldn't Hang,1,15438.55,520,29.69
Too Many Zooz,1,15392.0,600,25.65
Jeff Rosenstock,1,15392.0,600,25.65
Sarah Jarosz,1,15377.0,454,33.87
Casey Donahew,1,15260.0,459,33.25
Ian Bagg,2,15207.21,634,24.08
"Cold, Orgy",1,15203.0,521,29.18
Sueco,1,15200.0,600,25.33
Sons Of The East,1,15106.97,497,30.4
The New Pornographers,1,15072.0,416,36.23
Livingston,1,15027.0,571,26.32
Bradley Simpson,1,15000.77,513,29.24
TopHouse,1,14905.0,600,24.84
Steely Dane - Trib. To Steely Dan,1,14898.0,481,30.97
"Bop to the Top Presents: ""Hannah Montana Night""",1,14875.0,675,22.04
Joan As Police Woman,1,14820.73,451,32.86
Joe Pera,1,14810.0,347,42.68
Myles Smith,2,14803.99,780,18.62
"Christone ""Kingfish"" Ingram",1,14749.0,424,34.79
The Record Company,1,14737.0,482,30.57
The Press,1,14712.0,567,25.95
NOAHFINNCE,1,14703.34,615,23.91
Wes Nelson,2,14697.88,612,26.56
Wiplash,1,14673.78,698,21.02
Angie McMahon,1,14641.93,600,24.4
"""The Road To The Great Escape""",7,14597.67,804,19.73
Brass Queens,1,14597.5,583,25.04
Sebastian Bach,1,14457.0,475,30.44
Rumours - A Fleetwood Mac Tribute,1,14430.0,616,23.43
berlioz,1,14390.77,658,21.87
Pokey LaFarge,2,14386.0,553,26.03
Leon Thomas,1,14375.0,530,27.12
Steve Mason,1,14334.73,452,31.71
Omar Cruz,1,14323.49,417,34.35
Anees,1,14317.0,544,26.32
THE POLICE EXPERIENCE,1,14208.0,419,33.91
John Craigie,2,14172.0,554,25.58
Batushka,1,14117.77,384,36.77
Isabel LaRosa,1,14096.31,600,23.49
"""Club 90s Charli XCX Party""",1,14030.0,600,23.38
Donny Benét,1,13949.03,564,24.73
Town Mountain,2,13922.0,627,21.92
Gianmarco Soresi,2,13876.85,504,27.3
"""The Useless Hotline""",1,13833.32,388,35.65
Stand Atlantic,1,13817.9,600,23.03
Ryan McMullan,2,13764.72,399,33.95
Midnight City Band,1,13724.0,530,25.89
The Wldlfe,2,13640.0,736,18.68
Malevolence,1,13573.37,486,27.93
Kaitlyn Bristowe,2,13558.0,390,37.75
Drake White,1,13500.0,675,20.0
Kerr Mercer,3,13432.27,912,13.93
Aaron Frazer,1,13425.0,510,26.32
Emotional Oranges,2,13342.02,545,24.24
The Ghost Inside,1,13324.35,339,39.3
The Wandering Hearts,1,13314.97,585,22.76
"""Club 90's DJ Night""",1,13310.0,600,22.18
Me First,1,13267.42,344,38.57
Wednesday 13,1,13249.64,364,36.4
"""Bigger! With Brennan and Izzy""",1,13226.4,310,42.67
Tape B,1,13130.0,600,21.88
The Magic Gang,1,13125.33,515,25.49
Destroy Boys,1,13120.0,600,21.87
"Lovelytheband, MOD SUN",1,13107.5,484,27.08
Ginger Root,2,13082.24,650,20.06
J Mascis,1,13039.87,456,28.6
Panchiko,1,13030.0,466,27.96
Axel Catalán,1,12979.74,831,15.62
Juan Fernando Velasco,1,12930.0,220,58.77
"""Welcome To Night Vale""",1,12905.57,341,37.85
Crown The Empire,1,12866.34,395,32.57
Corey Smith,1,12845.0,419,30.66
Jay Sean,1,12831.59,402,31.92
Hobo Johnson,1,12724.99,500,25.45
Lil Poppa,1,12645.0,482,26.23
Man Of Moon,3,12597.31,712,16.9
Erland Cooper,1,12595.47,400,31.49
We Are Scientists,1,12551.7,500,25.1
Driveways,2,12486.0,764,16.63
Shane Smith &amp; The Saints,1,12387.37,500,24.77
Sapphira Cristál,1,12357.0,343,36.03
Pa Sheehy,2,12321.55,475,23.25
Rising Appalachia,1,12310.0,405,30.4
Eric Hutchinson,1,12250.0,404,30.32
Jordan,1,12249.61,450,27.22
5AM Trio,1,12235.0,460,26.6
Leah Kate,2,12153.89,696,17.68
Plini,1,12133.72,372,32.62
Gatecreeper,1,12111.88,400,30.28
The Last Revel,1,12105.0,568,21.31
Los Master Plus,1,12073.51,917,13.17
"""How to Gael ar an mbóthar - Podcast""",1,12049.83,373,32.31
American Aquarium,2,12033.0,477,24.73
Girli,2,11984.42,617,19.54
Godflesh,1,11952.03,331,36.11
Craig Finn,2,11903.5,375,32.49
"""The Bomb Squad Podcast""",1,11888.33,394,30.17
Ocie Elliott,1,11845.15,440,26.92
Leif Vollebekk,1,11824.61,453,26.1
DIIV,1,11801.0,364,32.42
Pete Yorn,1,11790.0,342,34.47
Mackenzy Mackay,2,11770.11,501,24.8
Josh Van Cuylenburg,2,11760.11,605,19.44
Peter McPoland,1,11757.0,498,23.61
Crowbar,1,11744.57,417,28.16
Hulvey,1,11735.0,500,23.47
Foxing,2,11719.41,531,21.94
Trae Crowder,1,11650.0,343,33.97
B.D.U,1,11637.11,308,37.78
Tourist,2,11618.58,522,22.26
The Kay Brothers,2,11615.0,802,14.62
Butcher Brown,1,11570.0,450,25.71
Marduk,1,11564.08,350,33.04
Tanerélle,1,11560.0,437,26.45
Amigo the Devil,1,11547.5,417,27.69
The Heart of Rock &amp; Roll - Tribute to Huey Lewis &amp; The News,1,11521.05,323,35.67
Kris Barras Band,1,11479.31,410,28.0
RØRY,1,11465.86,600,19.11
L.S. Dunes,1,11432.47,360,31.76
Tommy Lefroy,2,11419.02,633,18.67
Paris Paloma,1,11370.04,500,22.74
A.G. Cook,1,11361.15,500,22.72
VNV Nation,1,11307.0,359,31.5
THUMPER,2,11301.63,520,21.73
Alok,1,11296.42,329,34.34
Luke La Volpe,3,11284.08,591,19.24
Sam Tompkins,1,11250.52,387,29.07
Punk Rock Factory,1,11238.54,347,32.39
San Fermin,2,11216.15,536,21.0
Marika Hackman,1,11212.71,472,23.76
John Early,1,11184.0,288,38.83
Yellow Days,1,11179.24,508,22.01
The Southern River Band,2,11162.43,589,19.01
Sonido Gallo Negro,1,11139.89,873,12.76
Brian Bilston,1,11107.54,438,25.36
JOY (Anonymous),1,11089.47,489,22.68
Creed Bratton,1,11084.47,361,30.7
Grits And Biscuits,1,11020.0,551,20.0
Enslaved,1,10996.58,319,34.47
Mdou Moctar,1,10993.0,470,23.39
"Oliver Hazard, Próxima Parada",2,10940.0,539,20.32
"""Todos Juntos: Concierto por un Futuro sin Hambre""",1,10921.2,334,32.7
The California Honeydrops,1,10892.0,347,31.39
The Big Sleep,1,10883.61,525,20.73
Max &amp; Iggor Cavalera,1,10834.57,300,36.12
Sixteen Candles,2,10829.0,567,19.22
And So I Watch You From Afar,1,10813.0,389,27.8
Toser One,1,10740.22,595,18.05
Damien Dempsey,1,10739.64,371,28.95
Lexa Gates,1,10700.0,500,21.4
Steel Panther,1,10661.7,1437,7.42
Hannah And Miley - Best Of Both Worlds Show ,1,10646.0,790,13.48
NewDad,1,10639.54,600,17.73
Songer,1,10636.87,436,24.4
Jazmin Bean,1,10582.66,466,22.71
Owen Riegling,1,10581.36,493,21.46
Lily Rose,1,10453.0,421,24.83
Peter Cat Recording Co.,1,10442.0,402,25.98
"""Shrek Rave""",1,10397.0,495,21.0
Rich Amiri,1,10348.6,333,31.08
Bodysnatcher,1,10325.0,454,22.74
Aaron West And The Roaring Twenties,1,10316.46,406,25.41
Durry,2,10290.0,590,18.02
Armchair Boogie,1,10270.0,476,21.58
Miss May I,1,10260.0,399,25.71
Mickey Guyton,2,10246.5,372,26.7
Chameleons,1,10245.1,289,35.45
I Monster,2,10225.54,435,23.45
Vundabar,1,10222.0,477,21.43
Crawlers,1,10152.94,500,20.31
Sports Team,1,10139.52,399,25.41
EKKSTACY,2,10122.61,531,19.21
Cassyette,1,10110.41,500,20.22
"""The Sneaker Game Awards Shows""",1,10106.51,2183,4.63
Beta,1,10089.76,527,19.15
Kassi Ashton,1,10045.0,457,21.98
Pond,1,10028.25,300,33.43
Evan Dando,1,10016.0,284,35.27
James McMurtry And The Martial Law Review,1,10000.0,400,25.0
Caroline Rose,1,10000.0,400,25.0
Dylan Marlowe,2,9995.0,659,15.14
Show Lyniel,1,9973.52,171,58.32
J.I.,2,9942.59,354,27.9
Jim Norton,1,9926.5,244,40.68
Pelican,1,9902.0,305,32.47
Thursday,1,9902.0,305,32.47
Ronda Machetera,1,9898.13,830,11.93
Vida,3,9870.11,489,21.1
Nile,1,9832.53,286,34.38
Josh Blue,1,9830.0,316,31.11
The Black Dahlia Murder,1,9789.66,326,30.03
Cults,1,9774.0,401,24.37
Greg Puciato,2,9720.24,368,26.63
Solstafir,1,9707.96,331,29.33
Riverside,1,9678.79,254,38.11
Preacher Lawson,1,9630.0,302,31.89
Peatbog Faeries,1,9606.14,302,31.81
Jason Wade,1,9602.5,202,47.54
The People Brothers Band,2,9569.0,524,17.56
"""Redmen TV Live""",1,9537.64,315,30.28
Conner Smith,1,9536.41,348,27.4
modernlove.,2,9529.75,473,19.87
Southall,2,9526.15,469,20.61
UPSAHL,2,9525.96,402,23.8
The War and Treaty,1,9520.0,378,25.19
The Sheepdogs,1,9518.38,500,19.04
Geoff Tate,1,9505.0,267,35.6
ADMT,2,9464.99,450,22.16
Milk.,1,9463.58,475,19.92
Tiny Habits,1,9444.37,448,21.08
Master Peace,4,9420.05,585,16.34
"""Best Night Ever: Taylor's Version""",2,9420.0,443,19.4
Dada,1,9385.0,318,29.51
SWIM SCHOOL,1,9354.89,600,15.59
Brother Ali,1,9327.0,354,26.35
Shannon And The Clams,1,9297.0,397,23.42
The Joy Hotel,1,9273.57,485,19.12
Vivir Quintana,1,9265.67,423,21.9
Chris Shiflett,1,9246.53,321,28.81
Bay Ledges,1,9245.0,452,20.45
Corella,2,9221.4,480,18.84
RED,1,9215.0,362,25.46
Niko B,1,9167.41,500,18.33
Rapsody,1,9160.0,426,21.5
LavaLamp,5,9100.98,619,14.6
Night Tempo,1,9097.0,375,24.26
VK Blanka,1,9093.86,335,27.15
Slix,1,9092.45,600,15.15
Sarah Kinsley,1,9042.25,500,18.08
Gideon,1,9000.0,450,20.0
Laura Jane Grace,1,8935.45,300,29.78
Beth Mccarthy,2,8913.03,519,17.36
Dagny,1,8908.78,363,24.54
Triple01,1,8897.03,500,17.79
Gallus,5,8880.6,659,13.57
Neon Waltz,4,8842.27,475,18.34
Pup Punk,1,8835.0,393,22.48
Bears In Trees,1,8824.77,428,20.62
Mickey 9s,1,8771.05,460,19.07
Jessica Pratt,1,8692.0,332,26.18
Stone,2,8653.86,528,17.28
The Steel Woods,1,8653.0,348,24.86
Connor McGlave,1,8650.75,543,15.93
Rachel Sermanni,1,8642.59,340,25.42
The National Parks,3,8628.14,369,23.19
"""The Five Lamps""",1,8619.9,266,32.41
Leisure,1,8607.0,344,25.02
IE/DC - Trib. to AC/DC,1,8605.78,316,27.23
"Cynic, Obscura",1,8602.53,228,37.73
Nada Surf,1,8599.4,326,26.38
Real Friends,1,8558.0,286,29.92
The Clockworks,2,8539.79,453,18.61
"Hifi Sean, David McAlmont",1,8539.63,375,22.77
Johnny Orlando,1,8530.89,343,24.87
Cosmo Sheldrake,1,8521.43,430,19.82
Dave Hause,1,8510.51,300,28.37
Melt-Banana,1,8481.0,338,25.09
Hazlett,1,8466.71,430,19.69
"""Levels House Party""",1,8444.0,480,17.59
Dirtwire,1,8442.0,420,20.1
Jaze,1,8422.64,600,14.04
DJ Sarah Akawa,2,8410.0,800,10.52
Jason Leech,1,8407.17,383,21.95
Zoltan Kaszas,1,8340.0,324,25.74
Night Lovell,1,8338.35,316,26.39
Dale Watson,2,8303.0,374,22.24
Wolves In The Throne Room,1,8212.66,225,36.5
Blake Rose,1,8176.48,265,30.85
Pete Wylie,1,8151.39,295,27.63
"Atheist, Cryptopsy",1,8140.84,217,37.52
Brent Cobb,1,8120.0,289,28.1
Boston Manor,1,8088.32,320,25.28
Kike Vazquez,1,8082.24,359,22.51
Tors,1,8080.33,464,17.41
Star 67,2,8060.0,570,14.6
The Brothers Comatose,1,8029.0,320,25.09
Natty Nation,2,8020.0,535,17.34
Late Night Radio,1,8020.0,365,21.97
Matthew Sweet,1,8015.0,390,20.55
Geese,1,8010.0,400,20.03
Delain,1,8003.74,252,31.76
United We Stand Live: Andy Mitten &amp; Brian McClair,1,7971.48,257,31.02
The Volunteers,2,7971.0,221,35.53
Jan Brierton,1,7921.53,295,26.85
Troy Bond,1,7917.69,242,32.72
Shobsy,2,7884.37,415,19.0
Circles Around The Sun,1,7877.0,341,23.1
Brett Dennen,1,7845.0,255,30.76
Slothrust,1,7830.0,388,20.18
Banners,1,7829.37,416,18.82
"Born of Osiris, Attila",1,7785.44,239,32.58
Jake Hill,1,7779.5,270,28.81
Orla Gartland,1,7761.83,260,29.85
Evanoff,1,7760.0,335,23.16
Poly Diaz,1,7756.3,353,21.97
BRESH,2,7749.54,418,15.98
Youngr,2,7730.16,392,19.76
Drew Lynch,1,7729.9,257,30.08
Girls Speak French,2,7653.02,600,12.76
Judge John Hodgman,1,7599.0,195,38.97
Ladyhawke,1,7579.8,300,25.27
Struggle Jennings,1,7550.0,232,32.54
Couch,2,7546.65,400,18.94
Food House,2,7536.78,448,16.76
Green Lung,1,7506.94,300,25.02
Driveway Thriftdwellers,1,7490.0,442,16.95
La Luz,1,7484.0,333,22.47
Ramona,1,7475.85,490,15.26
Night Club,1,7475.0,359,20.82
Dogs in a Pile,1,7470.0,408,18.31
Master Boot Record,1,7452.41,300,24.84
Bat Sabbath - Tribute To Black Sabbath,1,7432.37,300,24.77
Kainalu,1,7428.0,348,21.34
Dromedarios Magicos,1,7425.05,668,11.12
Remember Monday,1,7357.56,322,22.85
Aaron Watson,1,7352.0,269,27.33
James McVey,2,7346.03,333,22.08
Nati Dreddd,1,7345.47,384,19.13
Razorlight,1,7341.19,225,32.63
Arrows In Action,1,7332.0,285,25.73
"""Initium Pool Party""",1,7317.08,533,13.73
Irvine Welsh,1,7315.88,196,37.33
Dream Wife,1,7243.26,383,18.91
Alesana,1,7225.0,325,22.23
Fousheé,1,7205.0,192,37.53
Mark Farina,1,7200.0,275,26.18
Hannibal Buress,1,7198.0,180,39.99
Deap Vally,1,7189.58,300,23.97
Chat Pile,1,7187.0,295,24.36
OhGeesy,1,7185.0,285,25.21
Mystic Grizzly,1,7170.0,478,15.0
Club XCX: A Charli Party,1,7164.0,372,19.26
The Smyths - Trib. to the Smiths,1,7153.99,288,24.84
Morgan Jay,1,7131.97,318,22.43
Phony Ppl,1,7120.0,278,25.61
Los Látigos,1,7094.37,614,11.55
"""Off Book – The Improvised Musical""",1,7076.05,218,32.46
Greg Warren,1,7050.0,268,26.31
Joe P,2,7035.43,331,19.28
"""UpDating""",1,7015.32,216,32.48
JMSN,1,7013.0,285,24.61
The Amazons,1,6995.47,220,31.8
Dos,1,6980.0,349,20.0
"""Taylor's Version""",1,6970.0,312,22.34
Dead Men Walking,1,6957.18,200,34.79
Lee Fields,1,6952.0,238,29.21
Zach Templar,2,6918.42,355,19.35
Vended,1,6911.58,277,24.95
Shemekia Copeland,1,6875.0,250,27.5
Nathan Evans,1,6849.04,350,19.57
After The Last Waltz,1,6821.82,300,22.74
Mull Historical Society,1,6819.58,270,25.26
Boy &amp; Bear,1,6808.41,300,22.69
"""Look What You Made Me Do: A Taylor Swift Party""",1,6801.0,397,17.13
Palaye Royale,1,6782.0,433,15.66
Martin Vachon,1,6756.49,323,20.92
"""Sapphic Factory""",2,6720.0,346,19.29
Will Linley,1,6717.93,348,19.3
Bars And Melody,1,6717.08,175,38.38
Zoso - The Ultimate Led Zeppelin Experience,1,6690.0,258,25.93
BERTHA: Grateful Drag,1,6680.0,325,20.55
S7N,1,6671.08,642,10.39
Neal Francis,1,6647.0,244,27.24
"Slaughter Beach, Dog",1,6625.0,265,25.0
Leith Ross,1,6614.06,350,18.9
Dr. Zhivegas,1,6613.0,339,19.51
One Night In Nashville,1,6580.15,244,26.97
Emery,1,6575.0,231,28.46
Suffocation,1,6545.48,222,29.48
Ari Abdul,1,6542.66,330,19.83
Granny Shot,1,6525.0,400,16.31
Tom Davis,1,6516.94,217,30.03
Lotus,1,6516.0,254,25.65
Bit Brigade,1,6502.0,342,19.01
"Electric Six, Supersuckers",1,6500.0,314,20.7
Afflecks Palace,2,6493.24,322,20.02
The Clause,2,6490.05,369,17.24
86TVs,2,6461.31,339,19.06
Andrew Ryan,1,6440.58,218,29.54
Brujeria,1,6424.88,238,27.0
Yot Club,1,6424.53,300,21.42
Mothica,1,6418.08,300,21.39
John Prine Trib. Band,1,6402.0,186,34.42
Basht.,3,6397.9,409,15.36
Mystery Skulls,1,6355.0,312,20.37
October Drift,2,6331.39,389,16.14
"""The Empire Film Club Podcast""",1,6323.61,257,24.61
"""Christmas Crackers""",1,6278.41,381,16.48
Allie Sherlock,1,6261.66,325,19.27
Prince Daddy &amp; the Hyena,1,6242.0,273,22.86
Theatre of Hate,1,6221.07,188,33.09
The Dirty Dozen Brass Band,1,6221.0,233,26.7
Houses In Motion,1,6219.0,386,16.11
Fin Taylor,1,6209.64,214,29.02
The Skints,1,6194.71,189,32.78
Grecia Costello,1,6194.6,290,21.36
Elle Coves,3,6178.73,359,16.86
Mustard Plug,1,6150.0,400,15.38
Kenyon Dixon,1,6138.39,288,21.31
Hackle,1,6115.42,300,20.38
Bell Witch,1,6106.19,225,27.14
Eric Lalor,1,6083.79,257,23.67
Bendigo Fletcher,2,6072.0,305,19.73
Courting,2,6050.22,339,17.87
The Sankaras,2,6048.94,452,13.38
Walt Disco,1,6034.96,315,19.16
Joe Strummer - Tribute Night,1,6031.92,300,20.11
Joeyy,1,6005.0,192,31.28
Barry Adamson,1,5992.52,208,28.81
Anvil,1,5952.32,217,27.43
Stevie Bill,2,5897.37,367,16.05
Hackle &amp; Buckshot,1,5870.8,283,20.74
Roger Clyne &amp; The Peacemakers,1,5868.0,258,22.74
Hinds,1,5861.71,290,20.21
Doom Flamingo,1,5860.0,212,27.64
Sam Palladio,1,5856.32,161,36.37
SunSquabi,1,5856.0,269,21.77
Holding Absence,1,5855.14,270,21.69
Alfie Templeman,2,5840.36,248,30.05
Altégo,1,5836.44,330,17.69
Abhi The Nomad,1,5810.0,274,21.2
Cat Clyde,3,5795.21,320,18.24
Karate,1,5773.11,227,25.43
Odie Leigh,1,5762.0,317,18.18
Ciaran Moran,2,5749.08,328,17.36
Ekoh,1,5745.0,249,23.07
Joe Goddard,1,5740.87,300,19.14
salute,1,5729.4,300,19.1
Pixel Grip,1,5720.0,260,22.0
Alfie Jukes,2,5715.84,341,16.84
"""Take On Me: New Wave 80s Party""",1,5710.0,297,19.23
The Howl &amp; The Hum,1,5707.47,300,19.02
The Cliffords,2,5668.28,363,14.55
BAILEN,1,5668.0,238,23.82
Tropidelic,1,5667.0,255,22.22
Been Stellar,1,5663.3,300,18.88
"""M4 Festival""",1,5660.25,273,20.73
The Scratch,1,5648.55,300,18.83
Michael Aldag,1,5639.82,283,19.93
Bad Nerves,1,5616.08,300,18.72
Fionn Regan,1,5608.66,190,29.52
Gareth (New Age),1,5608.55,290,19.34
"""Noche De Verano Sin Ti: Bad Bunny Night""",1,5602.0,346,16.19
Echosmith,1,5599.98,196,28.57
The Lilacs,2,5595.75,330,16.58
Phat Phunktion,1,5590.0,368,15.19
Stomptown Brass,1,5563.11,294,18.92
King Buzzo,1,5563.0,190,29.28
Deerhoof,1,5558.0,273,20.36
Majesty Palm,2,5556.08,434,12.8
"""Club Saltburn""",1,5550.0,335,16.57
Hannah Wicklund,3,5543.29,278,20.1
DR. GABBA,1,5530.0,351,15.75
Soap,1,5515.54,281,19.63
Powfu,1,5500.0,275,20.0
The Rah's,1,5495.38,358,15.35
Galactic Empire,1,5480.0,245,22.37
Dave Lofts,2,5478.26,406,13.48
Liana Flores,1,5444.59,300,18.15
Yami Safdie,1,5427.17,243,22.33
DJ Mike Servito,1,5425.0,217,25.0
Quiet Houses,2,5384.85,390,14.1
Tokio Myers,1,5377.71,201,26.75
Kasbo,1,5367.0,180,29.82
Will Moseley,1,5350.0,194,27.58
Xentrix,1,5333.09,195,27.35
Kofi Stone,1,5324.51,300,17.75
Thumpasaurus,1,5318.0,264,20.14
Ben Walker,2,5310.79,400,13.85
Please Please Please Party,1,5296.0,263,20.14
Avery Anna,1,5290.0,260,20.35
John 5,1,5274.0,200,26.37
Escape The Fate,1,5254.52,196,26.81
ThxSoMch,1,5219.91,259,20.15
"""The Greatest Generation"" ",1,5176.0,185,27.98
John Vincent III,1,5158.99,268,19.25
Lewis McLaughlin,4,5141.96,366,13.5
The East Pointers,1,5140.22,300,17.13
Creeper,1,5139.85,186,27.63
Bumpin Uglies,1,5115.0,244,20.96
Oh Romance,2,5093.86,390,13.06
Chuck Ragan,1,5046.04,201,25.1
John Garcia,1,5035.0,151,33.34
Buck Meek,1,5028.0,275,18.28
Des Rocs,1,4996.9,280,17.85
Blues Pills,1,4990.69,152,32.83
Veeze,2,4971.73,168,29.5
Feels So Close,1,4950.0,283,17.49
Arkansauce,2,4949.0,158,35.98
Daniel Rooney,1,4941.44,300,16.47
Joe Dowlin,2,4938.09,339,16.02
Only The Poets,1,4933.7,235,20.99
Liam Payne,1,4902.91,140,35.02
"""Freakin' Halloweekend""",1,4900.0,275,17.82
SLIFT,1,4874.61,225,21.66
David Nihill,1,4860.0,168,28.93
RUSH - Monterrey Tribute,1,4855.57,374,12.98
Elliot Moss,1,4852.0,217,22.36
The Jungle Giants,1,4849.07,300,16.16
Goat Girl,1,4821.98,231,20.87
Teenage Dads,2,4816.77,306,17.64
Ivo Graham,1,4815.09,198,24.32
Arxx,1,4802.82,299,16.06
Alessi Rose,1,4796.1,300,15.99
Chris Porter,1,4775.0,173,27.6
Restless Road,1,4770.32,246,19.39
The Covasettes,1,4750.56,290,16.38
"""Latin Music Fest""",1,4750.0,190,25.0
Bob Schneider,1,4750.0,190,25.0
Gama Bomb,1,4734.56,220,21.52
Sadie Jean,1,4732.91,300,15.78
IAMDDB,1,4720.13,164,28.78
Paddy McDonnell,1,4694.78,166,28.28
Brad Upton,1,4675.0,183,25.55
The Warped Band - The Ultimate Tribute To Warped Tour,1,4670.0,248,18.83
Guns Reloaded - Trib. To Guns N' Roses,1,4633.08,167,27.74
Everyone You Know,1,4589.86,211,21.75
Femme Noire,1,4580.0,204,22.45
Dances With DDeer - System of a Down Tribute,1,4572.0,254,18.0
Pork Tornadoes,1,4572.0,205,22.3
Nieve Ella,1,4546.44,300,15.15
The Bygones,1,4529.66,137,33.06
Evile,1,4529.04,174,26.03
Strandz,1,4518.03,230,19.64
Incantation,1,4500.11,166,27.11
Oscar Blue,1,4490.44,247,18.18
Parliamo,1,4489.07,300,14.96
Pedro The Lion,1,4485.0,196,22.88
Anchor Lane,1,4476.91,261,17.15
DUG,3,4462.45,240,17.93
Murdo Mitchell,2,4427.2,349,12.68
Sam Grisman Project,1,4425.0,177,25.0
porij,1,4422.67,236,18.74
Paul Draper,1,4389.32,140,31.35
Christian Lee Hutson,1,4386.38,230,19.07
Nourished By Time,1,4371.62,264,16.56
Sergio Arau &amp; Los Heavy Mex,1,4370.34,389,11.23
Katie Gregson-MacLeod,2,4367.99,229,19.08
Foxy Shazam,1,4350.0,190,22.89
Mike Zito,1,4350.0,193,22.54
Jeffrey Martin,1,4340.0,199,21.81
Soft Launch,2,4333.44,350,12.26
David McAlmont,1,4333.25,190,22.81
"""El Sonido Live""",1,4327.0,418,10.35
Cloud Nothings,1,4316.0,192,22.48
Áine Deane,1,4291.39,165,26.01
Honey,1,4289.83,289,14.84
Skinny Lister,1,4288.69,168,25.53
Wheelhouse,1,4260.0,284,15.0
Calum MacPhail,1,4248.63,209,20.33
Patrick Droney,1,4245.59,224,18.95
Gate,1,4243.55,120,35.36
Infinity Song,1,4240.0,166,25.54
Pearlfishers,1,4227.56,147,28.76
Theo Bleak,1,4214.9,266,15.85
"""Stop Making Sense""",1,4202.66,188,22.35
Seann Walsh,1,4186.46,239,17.52
Club XCX,1,4171.0,189,22.07
Black Joe Lewis &amp; The Honeybears,1,4153.0,184,22.57
The Motet,1,4152.0,136,30.53
Danielle Nicole,1,4147.0,171,24.25
MAVI,1,4133.0,182,22.71
Bottle Rockets,1,4114.99,300,13.72
Soapbox,1,4114.99,300,13.72
"""Club 90's Presents Midnight Memories - One Direction Night""",1,4107.0,236,17.4
La La,1,4099.86,218,18.81
Natalie Cuomo and Dan LaMorte,1,4091.64,145,28.22
Wolves of Glendale,1,4086.0,221,18.49
Blistered Earth - Trib. To Metallica,1,4077.5,233,17.5
Christian Death,1,4068.69,150,27.12
Fly By Midnight,1,4037.0,179,22.55
Smells Like Nirvana - A Trib. to Nirvana,1,4035.0,212,19.03
Alex White &amp; The Friends,1,4030.0,237,17.0
Empress Of,1,4027.45,205,19.65
Sister Madds,1,4019.09,266,15.11
Manic Focus,1,4016.0,157,25.58
Illuminati Hotties,1,4003.0,197,20.32
Akeem Ali,1,4000.0,200,20.0
Stop Light Observations,1,4000.0,197,20.3
lavalamp 008,1,3997.69,300,13.33
The Luka State,2,3987.4,251,16.14
The Surfrajettes,1,3980.0,185,21.51
Static Sky,1,3969.47,282,14.08
Aimee,1,3966.73,203,19.54
Lo Moon,1,3963.24,244,16.24
Avenue Street,1,3948.71,264,14.96
Dea Matrona,1,3947.78,228,17.31
Black Dove,1,3944.78,300,13.15
Jordan Harvey,1,3931.93,204,19.27
Low Cut Connie,1,3926.0,144,27.26
CVC,1,3924.18,200,19.62
Left Lane Cruiser,1,3912.0,200,19.56
JC Stewart,1,3896.67,193,20.19
Sexy Zebras,1,3886.41,321,12.11
San Jose,1,3873.23,300,12.91
Chicken Wire Empire,1,3865.0,220,17.57
Redolent,3,3843.53,291,13.24
Jerry Fish,1,3841.97,140,27.44
Overpass,1,3838.95,300,12.8
DJay Mando,1,3835.0,220,17.43
Belmont,1,3825.0,181,21.13
Das Koolies,1,3812.7,150,25.42
Dillon Squire,1,3811.2,300,12.7
Reginald D. Hunter,1,3792.55,332,11.42
The Wits,1,3792.42,300,12.64
Cheekface,1,3790.0,187,20.27
Oliver Hazard,1,3782.0,208,18.18
Aimee Carty,1,3749.94,200,18.75
Velvet,1,3747.86,213,17.6
Soft Kill,1,3735.0,178,20.98
Christopher Hall,1,3730.83,141,26.46
Lime Garden,1,3728.7,209,17.84
Nate Craig,1,3724.59,163,22.85
Bad Bad Hats,1,3723.0,242,15.38
Meryl Streek,2,3720.77,265,14.16
The Squints,1,3719.96,249,14.94
The Pale White,1,3719.2,205,18.14
Softcult,1,3712.83,230,16.14
Hawke The Band,2,3711.75,293,12.22
Abbie Gordon,1,3706.96,261,14.2
Tina Sandwich,1,3699.15,279,13.26
Big Special,1,3695.08,243,15.21
Marvel Years,1,3695.0,168,21.99
The Rampants,1,3680.02,257,14.32
Steph Strings,1,3679.62,179,20.56
Villanelle,1,3675.58,290,12.67
Massive Wagons,1,3654.88,128,28.55
GEL,1,3643.6,190,19.18
Etta Marcus,1,3630.19,219,16.58
LAUREL,1,3628.51,163,22.26
Rosin McCarney,1,3624.04,247,14.67
Friday Pilot's Club,1,3623.35,284,12.76
CA7RIEL &amp; Paco Amoroso,1,3610.53,300,12.04
Alesia,1,3595.26,245,14.67
Wheatus,1,3580.0,179,20.0
Hovvdy,1,3564.04,158,22.56
Bellah Mae,1,3556.82,189,18.82
Jet Fuel Chemistry,1,3556.15,219,16.24
Appeal To Authority,1,3538.33,235,15.06
A. Savage,1,3532.02,189,18.69
Mindchatter,2,3532.0,161,22.04
Simple Things,2,3525.2,201,17.04
Katy Kirby,1,3518.0,202,17.42
Samuel Nicholson,1,3512.96,240,14.64
Rittz,1,3509.0,129,27.2
Oh My God! It's The Church,1,3505.41,150,23.37
"Excuse Me, Who Are You?",1,3490.0,297,11.75
The Rants,1,3482.35,236,14.76
Honeyglaze,1,3457.99,219,15.79
Anthony Gomes,1,3435.0,134,25.63
Bea and her Business,1,3432.71,173,19.84
The Blinders,1,3427.84,195,17.58
Something In The Smokeshow - Trib. To Zach Bryan,1,3426.0,224,15.29
The Wild Feathers,1,3420.0,163,20.98
Zach Seabaugh,1,3410.0,155,22.0
Curtisy,1,3404.17,208,16.37
Elton Dan and the Rocket Band,1,3400.0,158,21.52
Jersey,1,3397.15,175,19.41
The Crollas,1,3395.8,253,13.42
Brigitte Calls Me Baby,1,3375.0,217,15.55
Dan Croll,2,3369.74,181,18.83
Bogle,1,3334.3,221,15.09
Siights,2,3327.43,212,15.89
Ian Moss,1,3303.01,122,27.07
Robyn Red,1,3290.86,229,14.37
Nick Shoulders,1,3275.0,184,17.8
Melt,1,3250.0,160,20.31
Sirenia,1,3233.63,120,26.95
Wild Party,2,3226.0,177,18.32
Local H,1,3221.0,154,20.92
Old Mervs,1,3219.3,164,19.63
Plantain Papi,1,3217.74,179,17.98
charlieonnafriday,1,3182.36,124,25.66
"Atlas Genius, Robert DeLong ",1,3180.0,147,21.63
Ossuary,1,3170.0,137,23.14
Soup,1,3168.48,206,15.38
The Braes,1,3160.91,214,14.77
Ishmael Ensemble,1,3130.71,164,19.09
Church Of Cash,1,3130.0,149,21.01
Junk Pups,1,3122.6,237,13.18
Hulder,1,3113.69,118,26.39
Moving Pictures,1,3108.96,110,28.26
The Rolling People,1,3108.95,237,13.12
Kirsteen Harvey,1,3107.73,219,14.19
Rob Ickes &amp; Trey Hensley,1,3102.0,175,17.73
Jade Bird,1,3089.0,140,22.06
Porridge Radio,1,3087.13,115,26.84
SATAN,1,3049.79,110,27.73
Magic Nostalgic,1,3048.47,160,19.05
Lucy McWilliams,1,3045.59,187,16.29
Resurrection,1,3044.67,158,19.27
Tom Vek,1,3036.23,129,23.54
Dylan Schneider,1,3020.0,133,22.71
The Skins,1,3018.37,208,14.51
Terrapin Flyer -  Trib. to Grateful Dead,1,3015.0,171,17.63
Bride,1,2972.37,229,12.98
Foreign2,1,2970.99,203,14.64
PVC,1,2967.67,223,13.31
Ed Harcourt,1,2965.29,102,29.07
Bad Touch,1,2948.63,193,15.28
The Arcadian Wild,1,2940.0,196,15.0
Georgie Carroll,1,2935.31,100,29.35
L Devine,1,2934.5,195,15.05
Author &amp; Punisher,1,2932.98,119,24.65
Hotline TNT,1,2928.0,153,19.14
Bedouin Soundclash,1,2919.7,88,33.18
LeBrock,1,2903.47,113,25.69
Jake Carter,1,2901.9,154,18.84
Rosie Jones,1,2900.63,98,29.6
Dead On A Sunday,1,2898.0,144,20.13
Plasticine,1,2891.71,190,15.22
Aim For Two,1,2888.53,196,14.74
"""Broadway Rave""",1,2866.0,137,20.92
Erica Banks,1,2864.0,100,28.64
Robert Grace,1,2838.86,132,21.51
"""Club 90s: One Direction Night""",1,2827.0,166,17.03
Urne,1,2812.55,131,21.47
Alcatraz,1,2811.71,186,15.12
Fenne Lily,1,2809.92,170,16.53
Carsick Charlie,1,2805.45,190,14.77
Henhouse Prowlers,1,2795.0,162,17.25
Angela Puerta,1,2787.0,205,13.6
Human Renegade,1,2782.67,188,14.8
sim0ne,1,2772.22,141,19.66
The Marches,1,2771.09,211,13.13
Pinky Promise,1,2766.32,212,13.05
William Elliott Whitmore,1,2760.0,138,20.0
Terror Reid,1,2760.0,110,25.09
Mountain Grass Unit,1,2748.0,168,16.36
Shwayze,1,2744.0,146,18.79
Tom Rasmussen,1,2740.92,137,20.01
Surfer Girl,1,2736.0,146,18.74
Sheer Mag,1,2727.0,153,17.82
The Zebecks,1,2725.49,185,14.73
Nolan Taylor,1,2724.0,129,21.12
Jamie Wyatt,1,2720.0,130,20.92
FrogLeg,1,2715.0,147,18.47
Lord Apex,1,2702.26,134,20.17
Ailsha,1,2691.31,168,16.02
London Calling,1,2687.55,109,24.66
The Brothers Allmanac - Allman Brothers Trib.,1,2685.0,158,16.99
Slotface,2,2679.64,142,18.87
Sad Night Dynamite,1,2669.04,135,19.77
Proud Parents,1,2660.0,145,18.34
The Hooten Hallers,1,2648.0,164,16.15
St. Lundi,1,2641.51,164,16.11
Spiral Cities,1,2638.58,185,14.26
"""Thanks For The Memories - Music Of The Paramount Picture Era""",2,2632.24,150,17.53
James Austin Johnson,1,2617.72,152,17.22
Baest,1,2612.11,135,19.35
Junodream,1,2585.03,168,15.39
Odhran Murphy,1,2583.32,163,15.85
Sterling Press,1,2575.68,177,14.55
Pawpaw Rod,1,2575.0,123,20.93
Ruby Waters,1,2569.25,152,16.9
Lauran Hibberd,1,2546.8,147,17.33
Fangclub,1,2543.91,142,17.91
Deco,1,2531.83,140,18.08
Pert Near Sandstone,1,2530.0,155,16.32
The Dreggs,1,2524.6,98,25.76
Icon For Hire,1,2520.0,144,17.5
Vincent Neil Emerson,1,2514.0,138,18.22
Crows,1,2513.74,121,20.77
Tolu Makay,1,2504.05,136,18.41
The Psychs,1,2502.56,150,16.68
Tow'rs,1,2501.0,142,17.61
Chris Franjola,1,2460.0,90,27.33
Cornelia Jakobs,1,2444.48,129,18.95
Koffin Kats,1,2440.0,115,21.22
Teen Mortgage,1,2435.73,146,16.68
Tim Gallagher,1,2430.01,150,16.2
Milange,1,2428.69,184,13.2
Kaitlin Butts,1,2428.0,119,20.4
Snayx,1,2414.8,129,18.72
Dead Sea Souls,1,2389.4,133,17.97
Raff,1,2383.18,156,15.28
Honey Revenge,1,2382.38,150,15.88
The Imagineers,1,2376.96,135,17.61
Kinfolk,1,2375.94,138,17.22
Lewis Jaoui,1,2372.34,165,14.38
The Big Payback,1,2370.0,103,23.01
Smile Empty Soul,1,2367.0,184,12.86
F3miii,1,2365.74,125,18.93
Conscious Pilot,1,2364.77,181,13.07
Vraell,2,2362.74,153,15.44
False Evidence,1,2359.26,185,12.75
Vigilanti,1,2348.04,179,13.12
Joseph Huber,1,2346.0,140,16.76
Peach Pit,1,2338.85,176,13.29
Peach Crumb,1,2326.12,176,13.22
Todd Barry,1,2325.0,79,29.43
The Balancing Act,1,2323.16,139,16.71
Paddy Raff,1,2320.72,110,21.1
Karina Rykman,1,2320.0,131,17.71
Big Something,1,2320.0,127,18.27
The Apologies,1,2315.93,155,14.94
Salt Tree,1,2315.67,93,24.9
Mama Digdown's Brass Band,1,2315.0,135,17.15
Trade,1,2314.37,178,13.0
Saibh Skelly,1,2313.82,178,13.0
Mae Simpson,1,2313.0,170,13.61
Ghostly Kisses,1,2312.17,122,18.95
Wild Child,1,2307.7,118,19.56
Wizthemc,2,2306.72,142,16.11
Peter Richardson,1,2300.35,148,15.54
Ten Hail Marys,1,2299.15,184,12.5
Highschool,2,2291.93,143,16.07
Cloth,1,2282.99,120,19.02
Cosmic Charlie,1,2276.0,110,20.69
MC Chris,1,2268.0,129,17.58
Transmission,1,2257.77,89,25.37
The Era,1,2245.29,174,12.9
Jacoby Curry,1,2245.0,130,17.27
Grooveline,1,2243.06,136,16.49
Pink Cloud Season,1,2242.91,173,12.96
Theo Fitzgibbon,1,2240.45,119,18.83
Acid Mother's Temple,1,2240.0,106,21.13
Tyler Halverson,1,2229.0,172,12.96
Le Boom,1,2227.98,130,17.14
No Windows,1,2219.31,172,12.9
Hottt Probs,1,2215.0,179,12.37
PG Ciarletta,1,2198.41,155,14.18
Harrison Storm,1,2196.64,129,17.03
Noisy,1,2185.48,138,15.84
The Collection,1,2182.0,103,21.18
Michael &amp; Michelle,1,2180.05,115,18.96
The Dream Machine,1,2177.94,133,16.38
Radkey,1,2172.0,157,13.83
The Sensational David Bowie Tribute Band,1,2162.53,83,26.05
Sick Love,1,2160.29,134,16.12
Brad Stank,1,2152.73,135,15.95
overdaze,1,2127.58,161,13.21
Steez,1,2118.0,124,17.08
Francisco Victoria,1,2114.46,100,21.14
Sofie Hagen,1,2113.54,84,25.16
Grayling,1,2106.08,161,13.08
Riley (IRE),1,2102.28,109,19.29
Jennifer Knapp,1,2095.0,116,18.06
Gaby Moreno,1,2088.0,91,22.95
Sarah Rae,1,2073.55,141,14.71
Lola Kirke,1,2066.32,112,18.45
Pauric O'meara,1,2057.81,106,19.41
Lexie Carroll,1,2053.92,129,15.92
Tapir!,1,2028.93,110,18.44
The Grogans,1,2025.9,150,13.51
Tom A. Smith,1,2020.09,122,16.56
The Burney Sisters,1,2019.0,265,7.62
Lizzie Reid,1,2016.23,156,12.92
Willi Carlisle,1,2008.0,106,18.94
Samsara,1,2007.75,143,14.04
Calva Louise,1,2002.05,141,14.2
The Rions,1,1986.36,125,15.89
The Drive,2,1981.83,145,13.64
Venus Grrrls,1,1972.43,149,13.24
ili,1,1956.69,129,15.17
Sam Burchfield,1,1950.0,122,15.98
"Seaside Zoo - Trib, To The Grateful Dead",1,1947.0,135,14.42
The New Routines,1,1942.43,147,13.21
DJ Pain 1,1,1938.0,105,18.46
The Regrets,1,1923.32,147,13.08
"Play It Off Legit - Ween Tribute, Soul Symmetry",1,1923.0,135,14.24
Kat And The Hurricane,1,1905.0,142,13.42
The Spooklights,1,1905.0,143,13.32
Bernstrum &amp; the Men,1,1894.46,147,12.89
Bandit Country,1,1889.43,127,14.88
A Tale For A Story,1,1879.5,132,14.24
The Mascot Theory,1,1870.0,109,17.16
YESNOMAYBE? (UK),1,1866.87,142,13.15
"The Porch Flowers, One Beer Please",1,1850.0,137,13.5
Sarah Crean,1,1849.75,107,17.29
Hans Williams,1,1849.0,85,21.75
Austin Meade,1,1845.0,83,22.23
Reverend Peyton's Big Damn Band,1,1820.0,108,16.85
Pixey,1,1813.45,130,13.95
Jake Scott,1,1812.42,95,19.08
The Loving Cup,1,1810.0,137,13.21
Cameron Whitcomb,1,1804.0,177,10.19
Folly Group,1,1795.07,116,15.47
Hotel Fiction,1,1781.0,119,14.97
The Sleeping Souls,1,1775.61,93,19.09
Chameleon,1,1767.02,108,16.36
The Rills,1,1739.52,114,15.26
Humbird,1,1725.0,105,16.43
Aidan Moore &amp; The Outkkasts,1,1721.56,130,13.24
Surface Detail,1,1716.88,123,13.96
Here At Last,1,1708.92,122,14.01
Blue Violet,1,1692.68,104,16.28
"Wayne ""The Train"" Hancock",1,1688.0,82,20.59
Conquer Divide,1,1671.0,108,15.47
Dolores Forever,1,1658.61,107,15.5
Jack Hill,1,1657.51,112,14.8
Dylan Flynn And The Dead Poets,2,1655.13,99,16.57
Swim Deep,1,1647.36,75,21.96
Elliot Greer,1,1645.72,129,12.76
Scratchcard Wednesday,1,1635.27,124,13.19
SØUP,1,1634.48,127,12.87
Model Man,1,1629.66,129,12.63
St Clements,1,1627.64,105,15.5
Osiris,1,1627.49,84,19.37
Lizzie Esau,1,1623.03,129,12.58
Corrine,1,1621.05,127,12.76
Dystopial,1,1615.13,120,13.46
Our Girl,1,1615.03,96,16.82
Anoraq,1,1612.37,116,13.9
Strangers With Guns,1,1605.46,98,16.38
Bandit,1,1600.99,102,15.7
John R. Miller,1,1593.0,75,21.24
Rival Saints,1,1587.65,109,14.57
Himalayas,1,1584.0,100,15.84
Levi Hummon,1,1580.0,98,16.12
Chubby And The Gang,1,1578.24,88,17.93
South Arcade,1,1565.91,102,15.35
Arlo Mckinley,1,1562.0,88,17.75
Idle Discourse,1,1556.26,108,14.41
RiTchie,1,1554.84,80,19.44
JESSIA,1,1553.48,86,18.06
Pentire,1,1536.91,120,12.81
Crystal Tides,1,1529.64,101,15.14
Words That Burn,1,1526.09,88,17.34
Yotuma,1,1510.0,116,13.02
Geoff Norcott,2,1507.48,61,24.71
The Terrys,1,1500.41,84,17.86
Nadja,1,1499.02,79,18.97
Friko,1,1498.84,98,15.29
Grace &amp; The Flat Boys,1,1496.9,102,14.68
Rufus Case Stone,1,1489.35,100,14.89
Beerjacket,1,1483.94,77,19.27
"""The Comedy Store""",2,1475.4,59,24.98
The Deep Blue,1,1462.99,90,16.26
Zoe Graham,1,1453.24,111,13.09
A Thousand Horses,1,1452.0,72,20.17
Cesar Pinzon,1,1446.53,154,9.39
The Feraltones,1,1446.34,109,13.27
Louis Culture,1,1440.03,115,12.52
Amy Papiranski,1,1425.8,91,15.67
The Cruel Knives,1,1420.29,90,15.78
Cassadee Pope,1,1420.0,70,20.29
Indoor Foxes,1,1410.41,107,13.18
Stephen Kirkwood,1,1404.71,74,18.98
Jacob Alon,2,1401.39,103,13.56
The District,1,1398.76,87,16.08
Neave Marr,1,1382.99,100,13.83
Big Girl's Blouse,1,1373.0,91,15.09
Killy,1,1356.27,63,21.53
Tigercub,1,1352.0,65,20.8
MSPAINT,1,1340.25,96,13.96
The Native,1,1338.23,86,15.56
Micky Bartlett,1,1335.87,52,25.69
Sixth Wonder,1,1332.18,92,14.48
Chalk,1,1327.94,104,12.77
KB &amp; The Raskals,1,1316.11,94,14.0
Tsatsamis,1,1309.32,86,15.22
Problem Patterns,1,1287.34,98,13.14
Delights,1,1283.49,96,13.37
Loupe,1,1275.54,100,12.76
Defuser,1,1272.41,92,13.83
"""Denver National Hockey Team""",1,1271.53,96,13.25
Seth Lakeman,1,1265.91,41,30.88
newshapes,1,1250.99,95,13.17
Riviera,1,1242.85,84,14.8
Thelma and The Sleaze,1,1232.0,88,14.0
Felipe Baldomir,1,1231.46,52,23.68
L'objectif,1,1225.67,95,12.9
Matthew Nolan,1,1225.6,96,12.77
The Strand,1,1217.37,78,15.61
Alex Spencer,1,1216.99,75,16.23
Sean Koch,1,1209.45,48,25.2
Cat Ryan,1,1207.14,63,19.16
Amy Michelle,1,1204.36,63,19.12
Kim Churchill,1,1204.01,47,25.62
Drayton Farley,1,1201.0,56,21.45
The Blonde Parade,1,1162.11,89,13.06
Sam Ness,1,1157.91,79,14.66
The Red Pears,1,1145.0,74,15.47
Kyla Belle,1,1138.24,87,13.08
Dool,1,1122.95,45,24.95
Youth Sector,1,1118.48,73,15.32
The Ike Reilly Assassination,1,1116.0,60,18.6
Great Gable,1,1112.29,47,23.67
Kash'd Out,1,1107.0,69,16.04
Fourth Daughter,2,1100.98,84,13.11
1-800-GIRLS,2,1096.27,68,16.16
Lloyd's House,1,1089.56,82,13.29
Bleeding Lizard,1,1080.0,108,10.0
Bea Stewart,1,1072.61,68,15.77
Van Houten,1,1057.6,81,13.06
Ben McGuinness &amp; The Bandits,1,1052.08,79,13.32
Hotel Mira,1,1034.88,63,16.43
Nectar Woode,1,1034.23,68,15.21
Cliffdiver,1,1026.0,70,14.66
Seaforth,1,1002.73,41,24.46
"""A New Local Hero - Finale""",1,1002.48,46,21.79
The Chase,1,997.57,75,13.3
lavalamp 009,1,986.35,74,13.33
Layzee Gold,1,970.55,66,14.71
Sean Joyce,1,966.82,64,15.11
She's In Parties,1,947.66,60,15.79
Haiku Hands,1,946.34,63,15.02
Faceplant,1,923.33,71,13.0
Stolen City,1,910.98,73,12.48
Fee Gray,1,909.9,69,13.19
Asha Jefferies,1,890.25,59,15.09
Anamoe Drive,1,870.01,50,17.4
Sad Girl,1,869.83,77,11.3
Kevin Davy White,1,858.28,57,15.06
Don't Panic,1,857.81,54,15.89
Ber,1,856.05,54,15.85
Creeping Jean,1,850.85,62,13.72
Ellie Bleach,1,844.79,63,13.41
William Edward Thompson,1,842.28,38,22.17
D3LTA,1,841.79,65,12.95
Cherym,1,841.46,41,20.52
Fancy Hagood,1,841.21,43,19.56
Christopher MacArthur-Boyd,1,830.71,43,19.32
Blood Donor,1,814.01,50,16.28
Monster Florence,1,798.71,43,18.57
Gen And The Degenerates,1,789.19,59,13.38
Red Leather,1,785.0,48,16.35
The Wild Things,1,784.37,58,13.52
Tom Ward,1,776.25,41,18.93
Lunale,1,773.56,69,11.21
KuleeAngee,2,772.2,59,13.07
Peelander-Z,1,765.0,47,16.28
Pauli The PSM,1,748.16,46,16.26
Christopher Paul Stelling,1,739.0,73,10.12
Hana Lili,1,730.02,55,13.27
Welly,2,716.49,76,10.94
BabyJake,1,710.0,34,20.88
Jodie Nicholson,1,700.87,55,12.74
Ray Bradshaw,1,700.41,34,20.6
KLDD,1,695.27,52,13.37
Projector,1,691.66,43,16.09
Gia Ford	,1,682.2,54,12.63
Aiko,1,680.81,37,18.4
Lee Brady,1,667.08,39,17.1
Aonair,1,659.81,36,18.33
Everyone Says Hi,1,652.31,40,16.31
Goodbye June,1,651.0,36,18.08
Hayden Coffman,1,620.0,38,16.32
Ben Chapman,1,606.0,44,13.77
Kai Bosch,1,593.73,47,12.63
Rob Leines,1,586.0,54,10.85
Lamaya,1,558.38,36,15.51
The Kount,1,554.9,29,19.13
Jaison Neutra,1,554.44,61,9.09
Phoebe Hall,1,545.78,42,12.99
Cole Chaney,1,535.0,33,16.21
Allegra Krieger,1,533.42,33,16.16
Jonathan Scales Fourchestra,1,519.0,36,14.42
Tessa Rose Jackson,1,511.59,32,15.99
Emily 7,1,509.62,47,10.84
Iyamah,1,507.71,31,16.38
Rainbow Girls,1,480.99,31,15.52
Cardinals,1,467.15,37,12.63
James Hersey,1,453.81,17,26.69
Bryan Andrews,1,453.0,36,12.58
Joshua Quimby,1,450.0,36,12.5
Mickey Callisto,1,447.11,35,12.77
Gonzalo Avila,1,438.22,28,15.65
Kassi Valazza,1,432.76,27,16.03
Erin Viancourt,1,432.0,33,13.09
Jack Jones,1,426.59,30,14.22
Vandoliers,1,417.0,24,17.38
Baby's Berserk,1,394.02,28,14.07
Great Lake Swimmers,1,390.0,19,20.53
Dale Hollow,1,372.0,26,14.31
Jill Andrews,1,365.99,17,21.53
BEL,1,360.78,24,15.03
GENN,1,355.51,22,16.16
Josh Heinrichs,1,342.0,26,13.15
LVRA,1,334.14,22,15.19
Horacio Palencia,1,290.94,125,2.33
Jay Allen,1,285.0,19,15.0
Travis Birds,1,264.85,24,11.04
Oska,1,211.47,70,3.02
Frankie Beetlestone,1,201.35,15,13.42
Dominie Hooper,1,178.94,11,16.27
Coloso,1,162.21,26,6.24
Evergrey,1,155.69,5,31.14
His Father's Voice,1,137.77,11,12.52
Rojuu,1,15.88,676,0.02
