artist,event date,event quarter,promoter name,2025 gross,2024 gross,2023 gross,Amphitheatre,Arena,Theater,Club,Stadium,other,Most likely venue
Charli xcx,2026-09-28,,LIVE NATION MUSIC,18148835.74,3165588.7,198001.15,0,9,13,43,1,0,Arena
Five Finger Death Punch,2026-09-28,,LIVE NATION MUSIC,485138.13,5167906.39,0.0,12,74,25,39,1,4,Amphitheatre
Taste,2026-09-28,,LIVE NATION MUSIC,0.0,0.0,0.0,0,0,1,1,0,0,Club
R&amp;B Vibes Live,2026-09-28,,LIVE NATION MUSIC,0.0,0.0,0.0,0,0,0,2,0,0,Club
Stranger,2026-09-28,,LIVE NATION MUSIC,0.0,0.0,0.0,1,0,0,0,0,0,Amphitheatre
The Garden,2026-09-28,,LIVE NATION MUSIC,76155.0,28867.59,207558.5,0,0,5,52,0,4,Club
Of Monsters And Men,2026-09-28,,HOUSE OF BLUES CONCERTS (HOB),673008.22,0.0,0.0,11,5,49,50,1,6,Club
Florence Road,2026-09-28,,LIVE NATION MUSIC,29053.94,0.0,0.0,0,0,3,4,0,0,Club
Ben Harper &amp; The Innocent Criminals,2026-09-28,,LIVE NATION MUSIC,388928.51,0.0,50292.5,9,4,21,14,2,2,Theater
Polyphia,2026-09-28,,LIVE NATION MUSIC,0.0,121407.0,744654.76,0,0,3,49,0,1,Club
Buena Vista Orchestra,2026-09-28,,LIVE NATION MUSIC,80477.5,0.0,0.0,0,0,1,1,0,0,Club
Belles,2026-09-28,,LIVE NATION MUSIC,725.0,970.0,0.0,0,0,0,2,0,0,Theater
Beck,2026-09-28,,HOUSE OF BLUES CONCERTS (HOB),1461640.71,626608.75,4873011.17,24,9,29,9,0,4,Theater
Stars,2026-09-28,,LIVE NATION MUSIC,0.0,35980.0,29820.25,0,0,21,84,0,0,Club
Ziggy Marley,2026-09-28,,LIVE NATION MUSIC,431908.07,681037.0,171281.63,33,0,43,31,1,5,Amphitheatre
Olivia Rodrigo,2026-09-29,,LIVE NATION MUSIC,23420107.2,169307085.8,0.0,0,68,10,2,5,1,Arena
AC/DC,2026-09-29,,LIVE NATION MUSIC,114015153.82,69298697.14,0.0,0,24,0,0,68,6,Stadium
Breaking Benjamin,2026-09-28,,LIVE NATION MUSIC,7744296.6,3109971.11,1340194.0,43,39,34,40,2,3,Arena
Iron Maiden,2026-09-29,,LIVE NATION MUSIC,101820128.39,66715059.9,43129700.35,63,249,3,2,90,7,Arena
The Gathering,2026-09-29,,LIVE NATION MUSIC,0.0,0.0,0.0,0,0,2,0,0,0,Arena
Shoreline Mafia,2026-09-28,,LIVE NATION MUSIC,755971.0,0.0,0.0,0,2,8,40,0,0,Arena
Two Door Cinema Club,2026-09-29,,LIVE NATION MUSIC,0.0,2811716.67,777788.89,4,7,43,87,3,5,Theater
Shaboozey,2026-09-28,,LIVE NATION MUSIC,988231.18,60000.0,0.0,0,0,3,7,0,1,Theater
Sara Bareilles,2026-09-28,,LIVE NATION MUSIC,0.0,0.0,0.0,12,6,27,45,0,1,Theater
Jack White,2026-09-28,,LIVE NATION MUSIC,9888079.67,1029333.01,0.0,8,36,58,33,2,4,Theater
Audrey Hobert,2026-09-29,,LIVE NATION MUSIC,78692.06,0.0,0.0,0,0,6,9,0,1,Club
Staind,2026-09-29,,LIVE NATION MUSIC,1417594.5,2423123.19,729547.4,5,9,7,9,0,3,Amphitheatre
America,2026-09-28,,LIVE NATION MUSIC,3837882.2,4477164.55,1750231.2,5,8,175,41,0,14,Theater
"Santana, Doobie Brothers",2026-09-28,,LIVE NATION MUSIC,0.0,0.0,0.0,0,4,0,0,0,0,Amphitheatre
Social Distortion,2026-09-28,,LIVE NATION MUSIC,510974.93,348028.3,0.0,9,4,50,111,1,4,Club
Foster The People,2026-09-28,,LIVE NATION MUSIC,1851580.29,0.0,0.0,17,7,38,56,2,7,Club
Turnstile,2026-09-29,,LIVE NATION MUSIC,3535380.32,739762.83,739153.98,3,7,40,34,0,3,Amphitheatre
Forever,2026-09-28,,LIVE NATION MUSIC,70329.51,0.0,0.0,0,1,0,0,0,0,Amphitheatre
Twin Temple,2026-09-28,,LIVE NATION MUSIC,0.0,0.0,0.0,0,0,2,5,0,0,Club
Lenny Pearce,2026-09-29,,LIVE NATION MUSIC,1149576.75,11247.35,0.0,1,0,32,23,0,2,Theater
W.A.S.P.,2026-09-29,,LIVE NATION MUSIC,1258507.15,334712.93,1072342.16,1,3,31,32,2,8,Club
Sawyer Hill,2026-09-29,,LIVE NATION MUSIC,37539.14,18871.47,0.0,0,0,1,10,0,0,Club
Running,2026-09-29,,LIVE NATION MUSIC,0.0,0.0,0.0,0,0,0,1,0,0,Club
Caamp,2026-09-29,,LIVE NATION MUSIC,7520593.07,0.0,3606190.96,28,1,28,53,2,9,Theater
G-Eazy,2026-09-29,,LIVE NATION MUSIC,453863.88,166997.78,53337.0,33,23,54,102,1,4,Amphitheatre
Everything,2026-09-28,,HOUSE OF BLUES CONCERTS (HOB),0.0,0.0,0.0,0,0,0,1,0,0,Club
Artemas,2026-09-29,,LIVE NATION MUSIC,30822.0,725837.64,0.0,0,0,10,22,0,1,Club
Stranger,2026-09-29,,HOUSE OF BLUES CONCERTS (HOB),0.0,0.0,0.0,1,0,0,0,0,0,Amphitheatre
Bleachers,2026-09-29,,LIVE NATION MUSIC,0.0,4208643.78,0.0,6,4,15,43,0,7,Amphitheatre
Bebe,2026-09-29,,LIVE NATION MUSIC,0.0,0.0,0.0,0,0,0,4,0,0,Club
Public,2026-09-29,,LIVE NATION MUSIC,0.0,0.0,0.0,0,0,0,4,0,0,Theater
Sanguisugabogg,2026-09-29,,LIVE NATION MUSIC,0.0,87000.54000000001,4360.0,0,0,3,14,0,0,Theater
America,2026-09-28,,LIVE NATION MUSIC,3837882.2,4477164.55,1750231.2,5,8,175,41,0,14,Theater
PRESIDENT,2026-09-28,,LIVE NATION MUSIC,0.0,0.0,0.0,0,0,1,2,0,0,Club
America,2026-09-28,,LIVE NATION MUSIC,3837882.2,4477164.55,1750231.2,5,8,175,41,0,14,Theater
Ela,2026-09-28,,LIVE NATION MUSIC,0.0,44734.2,0.0,0,0,2,9,0,1,Club
The Sweet,2026-09-28,,LIVE NATION MUSIC,38486.18,0.0,0.0,0,0,2,0,0,0,Theater
Lambert,2026-09-29,,LIVE NATION MUSIC,0.0,0.0,3471.2,0,0,0,0,0,4,Other
Mastodon,2026-09-29,,LIVE NATION MUSIC,0.0,178040.83000000002,1899213.01,3,6,42,78,0,1,Club
gnash,2026-09-29,,LIVE NATION MUSIC,0.0,0.0,0.0,0,0,0,21,0,0,Theater
Cardinals,2026-09-28,,LIVE NATION MUSIC,0.0,467.15,0.0,0,0,0,2,0,0,Club
Evening Elephants,2026-09-28,,LIVE NATION MUSIC,48547.21,0.0,0.0,1,0,0,12,1,0,Club
Charley Crockett,2026-09-29,,LIVE NATION MUSIC,1031812.06,2029270.24,414419.87,9,1,26,50,0,1,Theater
Allison,2026-09-28,,LIVE NATION MUSIC,0.0,98544.23,355688.91,0,2,5,1,0,0,Theater
Junebug,2026-09-28,,LIVE NATION MUSIC,0.0,0.0,0.0,0,0,0,1,0,0,Club
Donnie Iris &amp; The Cruisers,2026-09-28,,LIVE NATION MUSIC,24053.0,34475.0,0.0,0,0,3,4,0,0,Club
Dermot Kennedy,2026-09-29,,LIVE NATION MUSIC,132950.5,0.0,19937522.59,6,39,52,59,10,4,Stadium
Charles Wesley Godwin,2026-09-29,,LIVE NATION MUSIC,758444.48,1054854.04,609346.0,1,2,10,22,0,2,Club
Emmaline,2026-09-28,,LIVE NATION MUSIC,17333.5,7520.0,15366.4,0,0,3,7,0,0,Club
Katie Pruitt,2026-09-29,,LIVE NATION MUSIC,4721.0,45814.0,0.0,0,0,0,11,0,0,Club
Charles Wesley Godwin,2026-09-29,,LIVE NATION MUSIC,758444.48,1054854.04,609346.0,1,2,10,22,0,2,Club
Jeff Bernat,2026-09-28,,HOUSE OF BLUES CONCERTS (HOB),0.0,55938.73,0.0,0,0,2,14,0,0,Club
Arrows In Action,2026-09-28,,LIVE NATION MUSIC,13082.73,34183.25,19376.53,0,0,0,14,0,0,Club
LP,2026-09-28,,LIVE NATION MUSIC,0.0,1924602.25,997128.67,4,11,25,57,2,21,Club
Pennywise,2026-09-29,,LIVE NATION MUSIC,1198459.09,17555.0,0.0,0,1,24,35,0,4,Club
Pennywise,2026-09-29,,LIVE NATION MUSIC,1198459.09,17555.0,0.0,0,1,24,35,0,4,Club
Geese,2026-09-28,,LIVE NATION MUSIC,156640.0,29014.0,20820.18,0,0,1,30,0,2,Theater
Bayside,2026-09-29,,LIVE NATION MUSIC,9303.74,29085.0,63366.19,0,0,1,37,0,2,Club
Bayside,2026-09-29,,LIVE NATION MUSIC,9303.74,29085.0,63366.19,0,0,1,37,0,2,Club
Dermot Kennedy,2026-09-29,,LIVE NATION MUSIC,132950.5,0.0,19937522.59,6,39,52,59,10,4,Stadium
LP,2026-09-28,,LIVE NATION MUSIC,0.0,1924602.25,997128.67,4,11,25,57,2,21,Club
Geese,2026-09-28,,LIVE NATION MUSIC,156640.0,29014.0,20820.18,0,0,1,30,0,2,Theater
Arrows In Action,2026-09-28,,LIVE NATION MUSIC,13082.73,34183.25,19376.53,0,0,0,14,0,0,Club
Gorillaz,2026-09-29,,LIVE NATION MUSIC,0.0,0.0,5075.0,8,73,15,1,3,1,Arena
"Chris Brown, Usher",2026-09-29,,LIVE NATION MUSIC,0.0,0.0,0.0,0,0,0,0,18,0,Stadium
"Chris Brown, Usher",2026-09-29,,LIVE NATION MUSIC,0.0,0.0,0.0,0,0,0,0,18,0,Stadium
The Gathering,2026-09-30,,LIVE NATION MUSIC,0.0,0.0,0.0,0,0,2,0,0,0,Arena
Olivia Rodrigo,2026-09-30,,LIVE NATION MUSIC,23420107.2,169307085.8,0.0,0,68,10,2,5,1,Arena
Dallas,2026-09-29,,LIVE NATION MUSIC,0.0,0.0,0.0,0,0,0,1,0,0,Arena
Jonas Brothers,2026-09-30,,LIVE NATION MUSIC,49501788.39,30144554.31,109403725.33,75,195,28,1,28,5,Arena
wave to earth,2026-09-29,,LIVE NATION MUSIC,1624927.5,590021.89,112350.0,0,0,8,12,0,0,Theater
Five Finger Death Punch,2026-09-30,,LIVE NATION MUSIC,485138.13,5167906.39,0.0,12,74,25,39,1,4,Arena
Shoreline Mafia,2026-09-29,,LIVE NATION MUSIC,755971.0,0.0,0.0,0,2,8,40,0,0,Amphitheatre
Shaboozey,2026-09-30,,LIVE NATION MUSIC,988231.18,60000.0,0.0,0,0,3,7,0,1,Club
"""Lucca Summer Festival"", Tom Jones",2026-09-29,,LIVE NATION MUSIC,0.0,0.0,0.0,0,0,0,0,0,1,Theater
Empire Of The Sun,2026-09-29,,LIVE NATION MUSIC,4644398.53,1215090.17,546678.79,15,2,20,14,2,3,Amphitheatre
Tou,2026-09-29,,LIVE NATION MUSIC,0.0,348354.82999999996,0.0,0,0,0,1,0,1,Theater
Stephen Wilson Jr.,2026-09-29,,LIVE NATION MUSIC,786854.57,66436.31,0.0,2,0,10,13,0,1,Theater
Jack White,2026-09-29,,LIVE NATION MUSIC,9888079.67,1029333.01,0.0,8,36,58,33,2,4,Theater
The Anniversary,2026-09-29,,LIVE NATION MUSIC,0.0,0.0,0.0,0,0,0,2,0,0,Theater
Audrey Hobert,2026-09-30,,LIVE NATION MUSIC,78692.06,0.0,0.0,0,0,6,9,0,1,Club
Dominic Fike,2026-09-29,,LIVE NATION MUSIC,445861.63,0.0,1182711.6,3,0,3,10,0,1,Club
Suki Waterhouse,2026-09-29,,LIVE NATION MUSIC,0.0,1845642.36,489285.46,1,0,10,37,0,0,Club
Forever,2026-09-29,,LIVE NATION MUSIC,70329.51,0.0,0.0,0,1,0,0,0,0,Amphitheatre
Young Thug,2026-09-29,,LIVE NATION MUSIC,874047.0,0.0,0.0,1,5,10,18,0,0,Amphitheatre
Bryson Tiller,2026-09-29,,FRANK PRODUCTIONS,0.0,14396903.73,1952369.56,10,20,31,34,0,2,Amphitheatre
Role Model,2026-09-30,,LIVE NATION MUSIC,884833.07,275786.98,0.0,0,0,8,44,0,1,Amphitheatre
BABYMETAL,2026-09-29,,LIVE NATION MUSIC,6963474.43,1465932.38,656846.58,2,12,22,18,1,0,Amphitheatre
Mumford &amp; Sons,2026-09-29,,LIVE NATION MUSIC,69320239.19,0.0,108400.0,71,157,29,30,23,8,Amphitheatre
Modest Mouse,2026-09-29,,FRANK PRODUCTIONS,830855.2,1391230.25,494004.69,36,5,80,65,2,9,Club
Tou,2026-09-29,,LIVE NATION MUSIC,0.0,348354.82999999996,0.0,0,0,0,1,0,1,Theater
Lenny Pearce,2026-09-30,,LIVE NATION MUSIC,1149576.75,11247.35,0.0,1,0,32,23,0,2,Theater
Of Monsters And Men,2026-09-29,,LIVE NATION MUSIC,673008.22,0.0,0.0,11,5,49,50,1,6,Amphitheatre
Judah &amp; The Lion,2026-09-29,,LIVE NATION MUSIC,74475.0,108536.7,156098.0,1,0,33,100,0,3,Club
Soccer Mommy,2026-09-30,,LIVE NATION MUSIC,257014.8,4765.9,92616.97,0,0,7,45,0,1,Club
Suki Waterhouse,2026-09-30,,HOUSE OF BLUES CONCERTS (HOB),0.0,1845642.36,489285.46,1,0,10,37,0,0,Club
Pennywise,2026-09-30,,LIVE NATION MUSIC,1198459.09,17555.0,0.0,0,1,24,35,0,4,Club
Taking Back Sunday,2026-09-30,,LIVE NATION MUSIC,0.0,1192562.18,59060.0,0,1,32,133,0,8,Club
10 Years,2026-09-29,,LIVE NATION MUSIC,17283.0,47010.25,6775.0,0,0,11,89,0,3,Amphitheatre
Buffalo Traffic Jam,2026-09-30,,LIVE NATION MUSIC,0.0,0.0,0.0,0,0,1,7,0,0,Club
G-Eazy,2026-09-30,,LIVE NATION MUSIC,453863.88,166997.78,53337.0,33,23,54,102,1,4,Theater
Killswitch Engage,2026-09-29,,LIVE NATION MUSIC,1880979.65,0.0,0.0,1,5,29,89,1,4,Theater
Lost,2026-09-29,,LIVE NATION MUSIC,0.0,0.0,36826.43,0,0,0,5,0,0,Theater
The Linda Lindas,2026-09-30,,LIVE NATION MUSIC,101815.99,6550.0,0.0,0,0,1,4,0,0,Club
Rodrigo y Gabriela,2026-09-30,,HOUSE OF BLUES CONCERTS (HOB),68954.74,537959.35,1458366.69,33,3,134,58,0,10,Theater
PRESIDENT,2026-09-29,,LIVE NATION MUSIC,0.0,0.0,0.0,0,0,1,2,0,0,Club
Chance The Rapper,2026-09-29,,LIVE NATION MUSIC,582979.5,0.0,2160801.5,15,25,18,26,1,1,Club
"Lord Esperanza, Sally",2026-09-29,,LIVE NATION MUSIC,0.0,0.0,0.0,0,0,0,1,0,0,Club
Tou,2026-09-30,,LIVE NATION MUSIC,0.0,348354.82999999996,0.0,0,0,0,1,0,1,Club
Jane Remover,2026-09-29,,LIVE NATION MUSIC,42748.9,0.0,0.0,0,0,0,9,0,0,Amphitheatre
Seasick Steve,2026-09-30,,LIVE NATION MUSIC,0.0,163736.71,0.0,2,1,13,16,0,0,Club
Bayside,2026-09-30,,FRANK PRODUCTIONS,9303.74,29085.0,63366.19,0,0,1,37,0,2,Theater
glaive,2026-09-30,,LIVE NATION MUSIC,87140.09,0.0,70042.53,0,0,4,26,0,1,Club
America,2026-09-29,,LIVE NATION MUSIC,3837882.2,4477164.55,1750231.2,5,8,175,41,0,14,Theater
Jensen McRae,2026-09-29,,LIVE NATION MUSIC,95811.55,0.0,0.0,0,0,0,11,0,0,Club
Tinlicker,2026-09-29,,HOUSE OF BLUES CONCERTS (HOB),0.0,288077.94,226265.83,0,1,4,11,0,1,Club
Rise Against,2026-09-30,,LIVE NATION MUSIC,4277860.61,678554.91,194297.26,27,65,68,73,4,10,Club
Black Label Society,2026-09-29,,LIVE NATION MUSIC,0.0,0.0,0.0,0,4,34,65,0,2,Arena
Chat Pile,2026-09-29,,LIVE NATION MUSIC,0.0,7187.0,8340.0,0,0,0,3,0,0,Club
INOHA,2026-09-30,,LIVE NATION MUSIC,7725.0,0.0,0.0,0,0,0,1,0,0,Club
Kes,2026-09-30,,LIVE NATION MUSIC,688877.36,107443.08,0.0,3,0,3,8,1,0,Club
"Cradle Of Filth, DevilDriver",2026-09-29,,LIVE NATION MUSIC,0.0,0.0,29384.5,0,0,0,2,0,0,Club
Asha Banks,2026-09-30,,LIVE NATION MUSIC,0.0,0.0,0.0,0,0,0,0,0,1,Theater
Bear Ghost,2026-09-30,,LIVE NATION MUSIC,8490.0,48168.0,0.0,0,0,2,11,0,0,Theater
Rise Against,2026-09-30,,LIVE NATION MUSIC,4277860.61,678554.91,194297.26,27,65,68,73,4,10,Club
Citizen,2026-09-30,,LIVE NATION MUSIC,0.0,28836.4,0.0,0,0,0,15,0,1,Theater
Alesana,2026-09-29,,LIVE NATION MUSIC,0.0,189037.5,11293.0,0,0,11,94,0,2,Club
Hunter Hayes,2026-09-29,,LIVE NATION MUSIC,0.0,47984.0,213456.81,10,32,20,33,2,5,Club
Foster The People,2026-09-29,,LIVE NATION MUSIC,1851580.29,0.0,0.0,17,7,38,56,2,7,Club
Stranger,2026-09-30,,LIVE NATION MUSIC,0.0,0.0,0.0,1,0,0,0,0,0,Amphitheatre
Brian Kirk &amp; The Jirks,2026-09-30,,LIVE NATION MUSIC,0.0,0.0,12770.0,0,0,9,4,2,0,Theater
Alyssa &amp; Wayne Brewer,2026-09-29,,LIVE NATION MUSIC,505.0,0.0,0.0,0,0,0,1,0,0,Club
R&amp;B Vibes Live,2026-09-29,,HOUSE OF BLUES CONCERTS (HOB),0.0,0.0,0.0,0,0,0,2,0,0,Club
Skillet,2026-09-30,,LIVE NATION MUSIC,2238507.06,260542.96,1377748.06,6,30,43,67,0,14,Theater
Skillet,2026-09-30,,LIVE NATION MUSIC,2238507.06,260542.96,1377748.06,6,30,43,67,0,14,Theater
Coheed and Cambria,2026-09-29,,LIVE NATION MUSIC,546819.75,67380.28,791706.52,7,4,71,149,1,4,Amphitheatre
Ziggy Marley,2026-09-30,,LIVE NATION MUSIC,431908.07,681037.0,171281.63,33,0,43,31,1,5,Amphitheatre
Ziggy Marley,2026-09-30,,LIVE NATION MUSIC,431908.07,681037.0,171281.63,33,0,43,31,1,5,Amphitheatre
Rebecca Black,2026-09-29,,LIVE NATION TENNESSEE,182900.41,0.0,36513.32,0,0,1,12,0,1,Club
Our Lady Peace,2026-09-29,,LIVE NATION MUSIC,3127178.77,0.0,33700.0,0,14,13,20,0,1,Club
156/Silence,2026-09-29,,LIVE NATION MUSIC,0.0,0.0,2487.0,0,0,0,6,0,2,Club
America,2026-09-29,,LIVE NATION MUSIC,3837882.2,4477164.55,1750231.2,5,8,175,41,0,14,Theater
Chasing Abbey,2026-09-29,,LIVE NATION MUSIC,0.0,53043.38,0.0,0,0,4,8,0,1,Club
America,2026-09-29,,LIVE NATION MUSIC,3837882.2,4477164.55,1750231.2,5,8,175,41,0,14,Theater
Coheed and Cambria,2026-09-29,,LIVE NATION MUSIC,546819.75,67380.28,791706.52,7,4,71,149,1,4,Amphitheatre
"Good Morning, Elizabeth",2026-09-29,,LIVE NATION MUSIC,0.0,0.0,0.0,0,0,0,1,0,0,Club
Apes Of The State,2026-09-30,,HOUSE OF BLUES CONCERTS (HOB),0.0,4485.0,5480.0,0,0,1,2,0,0,Club
Geese,2026-09-29,,LIVE NATION MUSIC,156640.0,29014.0,20820.18,0,0,1,30,0,2,Theater
Lauren Sanderson,2026-09-29,,LIVE NATION MUSIC,0.0,20673.0,22912.57,0,0,1,13,0,0,Club
Jeff Bernat,2026-09-29,,HOUSE OF BLUES CONCERTS (HOB),0.0,55938.73,0.0,0,0,2,14,0,0,Club
Our Lady Peace,2026-09-30,,LIVE NATION MUSIC,3127178.77,0.0,33700.0,0,14,13,20,0,1,Theater
Geese,2026-09-30,,LIVE NATION MUSIC,156640.0,29014.0,20820.18,0,0,1,30,0,2,Club
Vianova,2026-09-29,,HOUSE OF BLUES CONCERTS (HOB),0.0,0.0,0.0,0,0,0,0,0,1,Other
Of Monsters And Men,2026-09-29,,LIVE NATION MUSIC,673008.22,0.0,0.0,11,5,49,50,1,6,Amphitheatre
Ethan Regan,2026-09-29,,LIVE NATION MUSIC,29853.28,2015.0,0.0,0,0,0,6,0,0,Theater
Adrian &amp; Meredith,2026-09-29,,LIVE NATION MUSIC,0.0,0.0,0.0,0,0,1,1,0,0,Club
The High &amp; Wides,2026-09-29,,FRANK PRODUCTIONS,0.0,0.0,2440.0,0,0,0,1,0,0,Theater
Geese,2026-09-30,,LIVE NATION MUSIC,156640.0,29014.0,20820.18,0,0,1,30,0,2,Club
Lauren Sanderson,2026-09-29,,LIVE NATION MUSIC,0.0,20673.0,22912.57,0,0,1,13,0,0,Club
Geese,2026-09-29,,LIVE NATION MUSIC,156640.0,29014.0,20820.18,0,0,1,30,0,2,Theater
Santiago Cruz,2026-09-30,,LIVE NATION MUSIC,430375.18,48950.0,110386.25,0,1,7,6,0,1,Theater
Santiago Cruz,2026-09-30,,LIVE NATION MUSIC,430375.18,48950.0,110386.25,0,1,7,6,0,1,Theater
"The Morning Kings, New Primitives, The Only, Sunshine &amp; The Night Walkers",2026-09-29,,LIVE NATION MUSIC,0.0,0.0,1583.0,0,0,0,1,0,0,Club
Harry Styles,2026-09-30,,LIVE NATION MUSIC,0.0,0.0,252490036.3,1,117,15,2,33,5,Arena
Bruno Mars,2026-09-30,,LIVE NATION MUSIC,23796194.0,280515343.74,87980695.9,12,221,79,9,45,8,Stadium
Gorillaz,2026-10-01,,LIVE NATION MUSIC,0.0,0.0,5075.0,8,73,15,1,3,1,Arena
Doja Cat,2026-10-01,,LIVE NATION MUSIC,7384674.46,7298161.81,31988065.4,0,39,0,9,0,0,Arena
Eric Clapton,2026-10-01,,LIVE NATION MUSIC,6081294.07,32385264.61,6379121.33,6,88,18,0,6,2,Theater
Jonas Brothers,2026-10-01,,LIVE NATION MUSIC,49501788.39,30144554.31,109403725.33,75,195,28,1,28,5,Arena
Tyler Childers,2026-09-30,,LIVE NATION MUSIC,36674764.66,45935861.16,19428021.46,48,32,32,49,8,3,Arena
Breaking Benjamin,2026-09-30,,LIVE NATION MUSIC,7744296.6,3109971.11,1340194.0,43,39,34,40,2,3,Amphitheatre
Ringo Starr &amp; His All Starr Band,2026-09-30,,LIVE NATION MUSIC,2665919.99,4274683.66,7327433.94,58,34,135,10,2,12,Theater
Rise Against,2026-10-01,,LIVE NATION MUSIC,4277860.61,678554.91,194297.26,27,65,68,73,4,10,Theater
The Chicks,2026-09-30,,LIVE NATION MUSIC,0.0,0.0,21183223.21,39,69,4,0,3,0,Theater
"""Lucca Summer Festival"", Tom Jones",2026-09-30,,LIVE NATION MUSIC,0.0,0.0,0.0,0,0,0,0,0,1,Theater
Bilmuri,2026-09-30,,LIVE NATION MUSIC,222404.4,149604.0,15570.0,0,0,6,13,0,0,Theater
The Smashing Pumpkins,2026-09-30,,LIVE NATION MUSIC,956409.95,4451112.17,12656219.06,29,91,37,25,1,5,Arena
Little Big Town,2026-10-01,,LIVE NATION MUSIC,1005292.0,13004819.31,2846985.5,20,68,94,16,1,12,Theater
Bryson Tiller,2026-09-30,,LIVE NATION MUSIC,0.0,14396903.73,1952369.56,10,20,31,34,0,2,Amphitheatre
Steve Lacy,2026-09-30,,LIVE NATION MUSIC,0.0,0.0,48400.0,1,2,2,7,0,0,Club
Audrey Hobert,2026-10-01,,LIVE NATION MUSIC,78692.06,0.0,0.0,0,0,6,9,0,1,Club
America,2026-09-30,,LIVE NATION MUSIC,3837882.2,4477164.55,1750231.2,5,8,175,41,0,14,Amphitheatre
Parcels,2026-09-30,,LIVE NATION MUSIC,4711634.82,585030.1,0.0,5,5,10,16,0,4,Theater
Staind,2026-10-01,,LIVE NATION MUSIC,1417594.5,2423123.19,729547.4,5,9,7,9,0,3,Arena
Jon Pardi,2026-10-01,,LIVE NATION MUSIC,4677550.0,3425980.7199999997,6304963.5600000005,13,27,22,23,1,2,Amphitheatre
Dominic Fike,2026-09-30,,LIVE NATION MUSIC,445861.63,0.0,1182711.6,3,0,3,10,0,1,Club
SUGAR,2026-09-30,,LIVE NATION MUSIC,0.0,0.0,0.0,0,0,1,1,0,0,Club
Dogstar,2026-09-30,,LIVE NATION MUSIC,87643.0,668636.35,244581.85,0,2,11,9,0,5,Theater
Anne Wilson,2026-09-30,,LIVE NATION MUSIC,1160179.08,2081631.78,857470.0,0,1,81,2,0,2,Arena
Hayley Williams,2026-09-30,,LIVE NATION MUSIC,0.0,0.0,0.0,0,0,7,3,2,0,Amphitheatre
Charles Wesley Godwin,2026-10-01,,LIVE NATION MUSIC,758444.48,1054854.04,609346.0,1,2,10,22,0,2,Amphitheatre
Sara Bareilles,2026-09-30,,LIVE NATION MUSIC,0.0,0.0,0.0,12,6,27,45,0,1,Theater
Mike Campbell &amp; the Dirty Knobs,2026-09-30,,LIVE NATION MUSIC,211711.75,192163.2,70058.5,0,0,11,10,0,2,Theater
Mastodon,2026-10-01,,LIVE NATION MUSIC,0.0,178040.83000000002,1899213.01,3,6,42,78,0,1,Club
Soccer Mommy,2026-10-01,,LIVE NATION MUSIC,257014.8,4765.9,92616.97,0,0,7,45,0,1,Club
The Rock Orchestra,2026-09-30,,LIVE NATION MUSIC,14025278.03,748084.85,131796.0,0,12,144,9,1,10,Theater
ZZ Top,2026-09-30,,LIVE NATION MUSIC,15092696.99,8840466.74,1880764.0,121,97,246,32,8,58,Theater
The Valley,2026-10-01,,LIVE NATION MUSIC,0.0,0.0,0.0,0,0,0,1,0,0,Club
Role Model,2026-10-01,,LIVE NATION MUSIC,884833.07,275786.98,0.0,0,0,8,44,0,1,Club
"Cradle Of Filth, DevilDriver",2026-09-30,,LIVE NATION MUSIC,0.0,0.0,29384.5,0,0,0,2,0,0,Club
Cavetown,2026-09-30,,LIVE NATION MUSIC,0.0,444645.86,1226221.94,2,1,17,39,0,6,Theater
Buffalo Traffic Jam,2026-10-01,,LIVE NATION MUSIC,0.0,0.0,0.0,0,0,1,7,0,0,Club
Lenny Pearce,2026-10-01,,LIVE NATION MUSIC,1149576.75,11247.35,0.0,1,0,32,23,0,2,Theater
G-Eazy,2026-10-01,,LIVE NATION MUSIC,453863.88,166997.78,53337.0,33,23,54,102,1,4,Amphitheatre
Sanguisugabogg,2026-10-01,,LIVE NATION MUSIC,0.0,87000.54000000001,4360.0,0,0,3,14,0,0,Theater
Tinlicker,2026-09-30,,LIVE NATION MUSIC,0.0,288077.94,226265.83,0,1,4,11,0,1,Club
Suki Waterhouse,2026-10-01,,LIVE NATION MUSIC,0.0,1845642.36,489285.46,1,0,10,37,0,0,Club
Epik High,2026-10-01,,LIVE NATION MUSIC,0.0,184487.78,400979.87,0,0,5,15,0,0,Club
Lost,2026-09-30,,LIVE NATION MUSIC,0.0,0.0,36826.43,0,0,0,5,0,0,Club
Ryan Beatty,2026-09-30,,LIVE NATION MUSIC,0.0,164812.0,12100.0,0,1,3,17,0,0,Club
Tou,2026-09-30,,LIVE NATION MUSIC,0.0,348354.82999999996,0.0,0,0,0,1,0,1,Club
Young Thug,2026-09-30,,LIVE NATION MUSIC,874047.0,0.0,0.0,1,5,10,18,0,0,Amphitheatre
Of Monsters And Men,2026-09-30,,LIVE NATION MUSIC,673008.22,0.0,0.0,11,5,49,50,1,6,Theater
The Jungle Giants,2026-09-30,,LIVE NATION MUSIC,104499.01,8084.78,434845.65,2,1,8,35,0,1,Theater
Beck,2026-09-30,,LIVE NATION MUSIC,1461640.71,626608.75,4873011.17,24,9,29,9,0,4,Theater
John Waite,2026-10-01,,LIVE NATION MUSIC,101772.0,120295.29,222076.07,4,0,25,31,1,3,Arena
Buzzcocks,2026-10-01,,LIVE NATION MUSIC,23024.46,78970.92,0.0,0,0,6,27,0,2,Theater
Bolden.,2026-10-01,,LIVE NATION MUSIC,10795.59,0.0,0.0,0,0,1,0,0,0,Theater
INOHA,2026-10-01,,LIVE NATION MUSIC,7725.0,0.0,0.0,0,0,0,1,0,0,Club
Freya Skye,2026-09-30,,LIVE NATION MUSIC,0.0,0.0,0.0,0,0,6,2,0,0,Theater
Sawyer Hill,2026-09-30,,LIVE NATION MUSIC,37539.14,18871.47,0.0,0,0,1,10,0,0,Club
Taylor &amp; The Wild Now,2026-10-01,,LIVE NATION MUSIC,0.0,0.0,0.0,0,0,0,3,0,0,Club
Upon Your Dead Body,2026-09-30,,LIVE NATION MUSIC,0.0,0.0,0.0,0,0,0,1,0,0,Club
Charley Crockett,2026-10-01,,LIVE NATION MUSIC,1031812.06,2029270.24,414419.87,9,1,26,50,0,1,Club
Foster The People,2026-09-30,,LIVE NATION MUSIC,1851580.29,0.0,0.0,17,7,38,56,2,7,Club
Theo Katzman,2026-10-01,,LIVE NATION MUSIC,0.0,0.0,187752.32,0,0,2,26,0,0,Theater
Wyatt Flores,2026-10-01,,LIVE NATION MUSIC,221710.27,925820.77,33065.0,0,0,10,20,0,3,Club
Dermot Kennedy,2026-10-01,,LIVE NATION MUSIC,132950.5,0.0,19937522.59,6,39,52,59,10,4,Amphitheatre
Benjamin Tod &amp; Lost Dog Street Band,2026-10-01,,LIVE NATION MUSIC,0.0,179250.0,0.0,0,0,3,37,0,0,Club
Earl Sweatshirt,2026-09-30,,LIVE NATION MUSIC,145905.72999999998,0.0,304502.67,0,0,7,36,0,0,Theater
Ringo Starr &amp; His All Starr Band,2026-10-01,,LIVE NATION MUSIC,2665919.99,4274683.66,7327433.94,58,34,135,10,2,12,Stadium
Enter,2026-10-01,,LIVE NATION MUSIC,28761.16,0.0,0.0,0,0,0,1,0,0,Arena
Kenny Wayne Shepherd,2026-09-30,,FRANK PRODUCTIONS,512523.77,1084321.07,3587479.38,9,0,139,67,0,17,Arena
Solya,2026-09-30,,LIVE NATION MUSIC,0.0,0.0,0.0,0,0,0,3,0,0,Club
Coheed and Cambria,2026-09-30,,LIVE NATION MUSIC,546819.75,67380.28,791706.52,7,4,71,149,1,4,Club
Fcukers,2026-09-30,,LIVE NATION MUSIC,20241.66,4780.0,0.0,0,0,2,7,0,0,Theater
Leap,2026-09-30,,HOUSE OF BLUES CONCERTS (HOB),26077.87,26464.69,10457.61,0,0,1,7,0,2,Club
Ringo Starr &amp; His All Starr Band,2026-10-01,,LIVE NATION MUSIC,2665919.99,4274683.66,7327433.94,58,34,135,10,2,12,Stadium
The Number Twelve Looks Like You,2026-09-30,,LIVE NATION MUSIC,0.0,0.0,0.0,0,0,0,4,0,0,Club
Kelsey Lu,2026-09-30,,LIVE NATION MUSIC,0.0,0.0,0.0,0,0,0,1,0,0,Club
The Bros. Landreth,2026-09-30,,LIVE NATION TENNESSEE,0.0,35320.75,28416.78,0,0,7,21,0,0,Club
Max McNown,2026-09-30,,FRANK PRODUCTIONS,1480851.04,0.0,0.0,1,1,16,37,0,1,Club
Show Me The Body,2026-09-30,,LIVE NATION MUSIC,0.0,10785.0,70585.45,0,0,1,16,0,3,Theater
KiNG MALA,2026-09-30,,FRANK PRODUCTIONS,0.0,0.0,0.0,0,0,0,1,0,0,Club
Coheed and Cambria,2026-09-30,,LIVE NATION MUSIC,546819.75,67380.28,791706.52,7,4,71,149,1,4,Club
Jacob Collier,2026-09-30,,LIVE NATION MUSIC,2083471.94,3700744.51,623705.63,1,3,28,25,2,6,Theater
Adrian &amp; Meredith,2026-09-30,,LIVE NATION MUSIC,0.0,0.0,0.0,0,0,1,1,0,0,Club
Mason's Children,2026-09-30,,LIVE NATION MUSIC,0.0,1500.0,0.0,0,0,0,2,0,0,Theater
Stayin' Alive: One Night of the Bee Gees,2026-10-01,,LIVE NATION MUSIC,378531.16,252820.95,192930.21,0,0,20,6,0,0,Theater
Arrows In Action,2026-09-30,,LIVE NATION MUSIC,13082.73,34183.25,19376.53,0,0,0,14,0,0,Club
"Salt-N-Pepa, Ginuwine",2026-09-30,,LIVE NATION MUSIC,0.0,0.0,0.0,0,0,1,0,0,0,Theater
Aldous Harding,2026-09-30,,LIVE NATION MUSIC,0.0,0.0,190643.78,0,0,8,23,0,4,Club
Stayin' Alive: One Night of the Bee Gees,2026-10-01,,LIVE NATION MUSIC,378531.16,252820.95,192930.21,0,0,20,6,0,0,Theater
Deltron 3030,2026-09-30,,LIVE NATION MUSIC,1026914.59,0.0,0.0,0,0,8,33,0,1,Club
Arrows In Action,2026-09-30,,LIVE NATION MUSIC,13082.73,34183.25,19376.53,0,0,0,14,0,0,Club
Carter Faith,2026-10-01,,LIVE NATION MUSIC,0.0,0.0,0.0,0,0,0,3,0,0,Club
Deltron 3030,2026-09-30,,LIVE NATION MUSIC,1026914.59,0.0,0.0,0,0,8,33,0,1,Club
Carter Faith,2026-10-01,,LIVE NATION MUSIC,0.0,0.0,0.0,0,0,0,3,0,0,Club
Metallica,2026-10-01,,LIVE NATION MUSIC,137107458.47,179373637.38,146435306.85,0,95,4,4,135,10,Stadium
Metallica,2026-10-01,,LIVE NATION MUSIC,137107458.47,179373637.38,146435306.85,0,95,4,4,135,10,Stadium
AC/DC,2026-10-02,,LIVE NATION MUSIC,114015153.82,69298697.14,0.0,0,24,0,0,68,6,Stadium
Rod Wave,2026-10-01,,LIVE NATION MUSIC,19871622.03,44782080.52,58117202.64,1,84,1,0,0,0,Arena
El Mundo,2026-10-02,,LIVE NATION MUSIC,0.0,0.0,0.0,0,0,1,0,0,0,Stadium
The Gathering,2026-10-02,,LIVE NATION MUSIC,0.0,0.0,0.0,0,0,2,0,0,0,Arena
Jonas Brothers,2026-10-02,,LIVE NATION MUSIC,49501788.39,30144554.31,109403725.33,75,195,28,1,28,5,Arena
Riley Green,2026-10-01,,LIVE NATION MUSIC,16044323.77,11336207.41,4129193.53,48,55,33,29,2,11,Arena
Chris Stapleton,2026-10-02,,LIVE NATION MUSIC,45673908.76,78825261.73,15339749.0,165,154,22,24,20,4,Amphitheatre
Neon Moon,2026-10-01,,LIVE NATION MUSIC,24927.0,0.0,0.0,0,0,1,1,0,0,Arena
Mumford &amp; Sons,2026-10-01,,LIVE NATION MUSIC,69320239.19,0.0,108400.0,71,157,29,30,23,8,Amphitheatre
Shoreline Mafia,2026-10-01,,LIVE NATION MUSIC,755971.0,0.0,0.0,0,2,8,40,0,0,Amphitheatre
Bilmuri,2026-10-01,,LIVE NATION MUSIC,222404.4,149604.0,15570.0,0,0,6,13,0,0,Arena
Phish,2026-10-02,,LIVE NATION MUSIC,51719556.83,51805142.03,60505793.5,156,98,10,0,26,5,Theater
Bryson Tiller,2026-10-02,,LIVE NATION MUSIC,0.0,14396903.73,1952369.56,10,20,31,34,0,2,Arena
"""Laughs, Music, &amp; Vibes""",2026-10-02,,LIVE NATION MUSIC,0.0,0.0,0.0,0,0,0,1,0,0,Club
Malcolm Todd,2026-10-01,,LIVE NATION MUSIC,158405.31,63535.0,0.0,0,0,4,8,0,0,Theater
Social Distortion,2026-10-01,,LIVE NATION MUSIC,510974.93,348028.3,0.0,9,4,50,111,1,4,Theater
BABYMETAL,2026-10-01,,LIVE NATION MUSIC,6963474.43,1465932.38,656846.58,2,12,22,18,1,0,Amphitheatre
Tou,2026-10-01,,LIVE NATION MUSIC,0.0,348354.82999999996,0.0,0,0,0,1,0,1,Club
ALL,2026-10-02,,LIVE NATION MUSIC,0.0,0.0,0.0,0,0,0,2,0,0,Club
Empire Of The Sun,2026-10-01,,LIVE NATION MUSIC,4644398.53,1215090.17,546678.79,15,2,20,14,2,3,Amphitheatre
Steve Lacy,2026-10-01,,LIVE NATION MUSIC,0.0,0.0,48400.0,1,2,2,7,0,0,Club
"The Black Crowes, Whiskey Myers",2026-10-02,,LIVE NATION MUSIC,0.0,0.0,0.0,1,1,0,0,0,0,Amphitheatre
Stephen Wilson Jr.,2026-10-01,,LIVE NATION MUSIC,786854.57,66436.31,0.0,2,0,10,13,0,1,Amphitheatre
"""California Mid-State Fair"", Treaty Oak Revival",2026-10-02,,LIVE NATION MUSIC,0.0,0.0,0.0,0,1,0,0,0,0,Amphitheatre
Dan + Shay,2026-10-02,,LIVE NATION MUSIC,0.0,23220519.09,2076160.61,32,54,33,41,1,8,Amphitheatre
Julieta Venegas,2026-10-01,,LIVE NATION MUSIC,361709.8,1062864.7,834939.24,2,3,33,14,1,3,Theater
Skillet,2026-10-02,,LIVE NATION MUSIC,2238507.06,260542.96,1377748.06,6,30,43,67,0,14,Club
Taste,2026-10-02,,LIVE NATION MUSIC,0.0,0.0,0.0,0,0,1,1,0,0,Club
Chance The Rapper,2026-10-01,,LIVE NATION MUSIC,582979.5,0.0,2160801.5,15,25,18,26,1,1,Theater
From First To Last,2026-10-01,,LIVE NATION MUSIC,0.0,0.0,0.0,0,0,0,2,0,0,Club
John Summit,2026-10-01,,LIVE NATION MUSIC,1618895.52,6378033.54,2121909.0,1,6,4,6,1,1,Arena
Rush,2026-10-01,,LIVE NATION MUSIC,0.0,0.0,0.0,40,118,1,0,2,8,Arena
Indigo Girls,2026-10-02,,LIVE NATION MUSIC,327018.75,953813.05,1415498.26,20,0,194,53,0,8,Theater
Sugarland,2026-10-02,,LIVE NATION MUSIC,0.0,0.0,0.0,71,60,8,1,4,4,Arena
Miranda Lambert,2026-10-01,,LIVE NATION MUSIC,0.0,364391.25,0.0,73,175,9,1,1,4,Arena
Steve Earle,2026-10-01,,LIVE NATION MUSIC,317269.0,679490.1900000001,199089.95,4,3,91,129,0,10,Club
Modest Mouse,2026-10-02,,LIVE NATION MUSIC,830855.2,1391230.25,494004.69,36,5,80,65,2,9,Theater
Joe Russo's Almost Dead,2026-10-01,,FRANK PRODUCTIONS,995377.5,2203750.85,1368415.39,10,1,33,46,6,3,Club
French Police,2026-10-01,,LIVE NATION MUSIC,4947.94,32177.0,0.0,0,0,0,6,0,0,Club
Pennywise,2026-10-02,,LIVE NATION MUSIC,1198459.09,17555.0,0.0,0,1,24,35,0,4,Club
Julia Wolf,2026-10-02,,LIVE NATION MUSIC,22865.0,3291.0,51475.0,0,0,1,15,0,0,Club
W.A.S.P.,2026-10-01,,LIVE NATION MUSIC,1258507.15,334712.93,1072342.16,1,3,31,32,2,8,Theater
Schoolboy Q,2026-10-01,,LIVE NATION MUSIC,0.0,31295.0,0.0,0,5,16,38,0,1,Club
Alicia Villarreal,2026-10-01,,LIVE NATION MUSIC,647045.73,1374508.36,306780.57999999996,1,4,28,3,0,1,Theater
Palace,2026-10-01,,LIVE NATION MUSIC,216325.96,176855.55,138298.91,0,0,7,19,0,1,Club
Tinlicker,2026-10-01,,HOUSE OF BLUES CONCERTS (HOB),0.0,288077.94,226265.83,0,1,4,11,0,1,Club
Once &amp; Future Band,2026-10-01,,LIVE NATION MUSIC,0.0,0.0,0.0,0,0,0,1,0,0,Theater
"Salt-N-Pepa, Ginuwine",2026-10-02,,LIVE NATION MUSIC,0.0,0.0,0.0,0,0,1,0,0,0,Amphitheatre
Rodrigo y Gabriela,2026-10-01,,LIVE NATION MUSIC,68954.74,537959.35,1458366.69,33,3,134,58,0,10,Theater
The Midnight,2026-10-02,,LIVE NATION MUSIC,211693.69,301290.25,609328.26,1,0,22,50,0,2,Club
Eduardo Costa,2026-10-02,,LIVE NATION MUSIC,0.0,0.0,0.0,0,0,5,0,0,0,Theater
"The Black Crowes, Whiskey Myers",2026-10-02,,LIVE NATION MUSIC,0.0,0.0,0.0,1,1,0,0,0,0,Amphitheatre
The Beasts,2026-10-01,,LIVE NATION MUSIC,12460.32,0.0,0.0,0,0,0,1,0,0,Club
The Home Team,2026-10-01,,HOUSE OF BLUES CONCERTS (HOB),0.0,42610.17,3045.0,0,0,1,11,0,2,Club
Brian Fallon,2026-10-01,,LIVE NATION MUSIC,0.0,0.0,0.0,0,2,18,47,0,0,Club
Blackberry Smoke,2026-10-02,,LIVE NATION MUSIC,888771.95,1380924.41,1282993.23,15,2,102,114,2,25,Club
John Summit,2026-10-01,,LIVE NATION MUSIC,1618895.52,6378033.54,2121909.0,1,6,4,6,1,1,Arena
Grupo Duelo,2026-10-01,,LIVE NATION MUSIC,0.0,49134.0,0.0,0,3,1,0,0,0,Arena
Geordie Greep,2026-10-01,,LIVE NATION MUSIC,41478.54,0.0,0.0,0,0,0,5,0,0,Club
Brandon Flowers,2026-10-01,,LIVE NATION MUSIC,0.0,0.0,0.0,0,0,11,30,0,0,Amphitheatre
Diego Torres,2026-10-01,,LIVE NATION MUSIC,2083112.16,2871709.54,131486.6,0,12,9,1,2,4,Theater
Turnpike Troubadours,2026-10-02,,LIVE NATION MUSIC,2057615.5,4318554.92,3521142.51,29,12,42,108,4,11,Club
When Chai Met Toast,2026-10-02,,LIVE NATION MUSIC,0.0,10302.66,3274.36,0,0,0,2,0,0,Club
Mt. Joy,2026-10-01,,FRANK PRODUCTIONS,3799168.53,8571708.7,2455355.26,37,5,35,59,7,19,Theater
Sawyer Hill,2026-10-02,,LIVE NATION MUSIC,37539.14,18871.47,0.0,0,0,1,10,0,0,Club
Caamp,2026-10-01,,LIVE NATION MUSIC,7520593.07,0.0,3606190.96,28,1,28,53,2,9,Amphitheatre
Michael Franti &amp; Spearhead,2026-10-02,,LIVE NATION MUSIC,808998.5,6993576.6,4151183.84,113,3,86,115,2,32,Theater
Black Jacket Symphony,2026-10-01,,EMPORIUM PRESENTS,669067.4,782504.15,627644.4,0,0,133,38,0,1,Theater
TC &amp; The Groove Family,2026-10-01,,LIVE NATION MUSIC,0.0,1636.65,0.0,0,0,0,1,0,0,Club
Heroine,2026-10-02,,LIVE NATION MUSIC,0.0,0.0,0.0,0,0,0,1,0,0,Club
Knocked Loose,2026-10-02,,LIVE NATION MUSIC,511899.01,1019550.49,0.0,0,0,14,49,0,1,Club
Highly Suspect,2026-10-01,,LIVE NATION MUSIC,299367.0,448712.01,1656360.34,2,4,30,160,1,5,Amphitheatre
Lenny Kravitz,2026-10-02,,HOUSE OF BLUES CONCERTS (HOB),33715998.78,13863645.63,0.0,7,64,30,5,3,7,Arena
Charley Crockett,2026-10-02,,LIVE NATION MUSIC,1031812.06,2029270.24,414419.87,9,1,26,50,0,1,Club
Knocked Loose,2026-10-02,,LIVE NATION MUSIC,511899.01,1019550.49,0.0,0,0,14,49,0,1,Club
Ceremony,2026-10-02,,LIVE NATION MUSIC,0.0,0.0,0.0,0,0,2,25,0,1,Club
JPEGMafia,2026-10-01,,LIVE NATION MUSIC,557173.07,1250847.08,390783.87,1,0,19,57,0,1,Theater
"Allen Stone, Ripe",2026-10-01,,LIVE NATION MUSIC,29263.0,0.0,0.0,0,0,0,1,0,0,Theater
Scene Queen,2026-10-01,,LIVE NATION MUSIC,65472.39,49049.0,0.0,0,0,0,8,0,3,Club
Rebecca Black,2026-10-01,,LIVE NATION MUSIC,182900.41,0.0,36513.32,0,0,1,12,0,1,Theater
Sessions,2026-10-02,,LIVE NATION MUSIC,0.0,0.0,0.0,0,1,0,0,0,0,Theater
PRESIDENT,2026-10-01,,LIVE NATION MUSIC,0.0,0.0,0.0,0,0,1,2,0,0,Arena
Noah Rinker,2026-10-02,,LIVE NATION MUSIC,0.0,0.0,0.0,0,0,0,1,0,0,Club
Naomi Sharon,2026-10-02,,LIVE NATION MUSIC,15000.0,4935.89,0.0,0,0,0,2,0,0,Theater
"Kip Moore, Jackson Dean",2026-10-02,,LIVE NATION MUSIC,0.0,0.0,0.0,0,0,1,0,0,0,Theater
Frog,2026-10-01,,LIVE NATION MUSIC,0.0,0.0,0.0,0,0,0,1,0,0,Club
"Priest, Julien-K",2026-10-02,,LIVE NATION MUSIC,0.0,3600.0,0.0,0,0,0,1,0,0,Club
Three Dog Night,2026-10-01,,LIVE NATION MUSIC,1488941.69,1897466.3,1809550.27,11,10,138,35,0,11,Theater
Finn Wolfhard,2026-10-02,,LIVE NATION MUSIC,42192.15,0.0,0.0,0,0,2,3,0,0,Club
Weatherday,2026-10-01,,LIVE NATION MUSIC,6080.0,0.0,0.0,0,0,0,1,0,0,Club
Rush,2026-10-01,,LIVE NATION MUSIC,0.0,0.0,0.0,40,118,1,0,2,8,Arena
Umphrey's McGee,2026-10-01,,LIVE NATION MUSIC,477034.15,1297313.98,1020023.5,30,0,102,170,1,6,Theater
Death &amp; Music,2026-10-01,,LIVE NATION MUSIC,0.0,0.0,18360.0,0,0,1,0,0,0,Theater
The Lagoons,2026-10-01,,LIVE NATION MUSIC,3750.0,0.0,534.0,0,0,1,9,0,0,Club
Beck,2026-10-01,,LIVE NATION MUSIC,1461640.71,626608.75,4873011.17,24,9,29,9,0,4,Amphitheatre
Villanelle,2026-10-01,,HOUSE OF BLUES CONCERTS (HOB),1919.8,3675.58,0.0,0,0,0,2,0,0,Club
Beck,2026-10-01,,LIVE NATION MUSIC,1461640.71,626608.75,4873011.17,24,9,29,9,0,4,Amphitheatre
Beth Hart,2026-10-01,,LIVE NATION MUSIC,1568516.61,600861.0700000001,493581.99,1,2,48,45,0,2,Arena
Andy Frasco,2026-10-02,,LIVE NATION MUSIC,0.0,9459.0,8305.0,0,0,0,6,0,0,Amphitheatre
In Her Own Words,2026-10-01,,LIVE NATION MUSIC,0.0,0.0,0.0,0,0,0,1,0,0,Club
Bayside,2026-10-02,,HOUSE OF BLUES CONCERTS (HOB),9303.74,29085.0,63366.19,0,0,1,37,0,2,Club
Pecos &amp; The Rooftops,2026-10-01,,FRANK PRODUCTIONS,1080215.97,1424328.1,1041865.12,11,1,62,250,0,24,Club
Apes Of The State,2026-10-01,,FRANK PRODUCTIONS,0.0,4485.0,5480.0,0,0,1,2,0,0,Club
Claire,2026-10-01,,LIVE NATION TENNESSEE,0.0,0.0,0.0,0,0,0,1,0,0,Club
"Dana &amp; Greg Newkirk's - ""Haunted Objects Live""",2026-10-01,,LIVE NATION MUSIC,0.0,67450.5,21742.0,0,0,5,2,0,0,Club
Charles Wesley Godwin,2026-10-02,,LIVE NATION MUSIC,758444.48,1054854.04,609346.0,1,2,10,22,0,2,Club
Wolves of Glendale,2026-10-01,,HOUSE OF BLUES CONCERTS (HOB),0.0,34058.0,0.0,0,0,0,5,0,0,Club
"Halloween, Alaska",2026-10-02,,LIVE NATION MUSIC,0.0,0.0,0.0,0,0,0,5,0,0,Club
Don West,2026-10-01,,LIVE NATION MUSIC,71314.56,0.0,0.0,0,0,0,4,0,0,Theater
Charles Wesley Godwin,2026-10-02,,LIVE NATION MUSIC,758444.48,1054854.04,609346.0,1,2,10,22,0,2,Club
"Charles, Rori",2026-10-01,,FRANK PRODUCTIONS,0.0,0.0,0.0,0,0,0,1,0,0,Club
Ryan Beatty,2026-10-01,,LIVE NATION MUSIC,0.0,164812.0,12100.0,0,1,3,17,0,0,Theater
Amyl and the Sniffers,2026-10-01,,LIVE NATION MUSIC,3061334.92,650407.46,233682.02,4,3,19,43,1,3,Amphitheatre
Tobi Lou,2026-10-01,,LIVE NATION MUSIC,0.0,0.0,11835.0,0,0,0,4,0,0,Club
Fastball,2026-10-01,,LIVE NATION MUSIC,0.0,3430.0,0.0,0,0,1,11,0,1,Club
Wednesday 13,2026-10-01,,HOUSE OF BLUES CONCERTS (HOB),29741.06,13249.64,15720.0,0,0,2,54,0,7,Club
The Midnight,2026-10-01,,LIVE NATION MUSIC,211693.69,301290.25,609328.26,1,0,22,50,0,2,Club
Geese,2026-10-02,,LIVE NATION MUSIC,156640.0,29014.0,20820.18,0,0,1,30,0,2,Stadium
AIR,2026-10-01,,LIVE NATION MUSIC,975555.74,5729457.01,0.0,4,2,25,15,1,1,Theater
Fightmaster,2026-10-01,,LIVE NATION MUSIC,0.0,6984.0,0.0,0,0,0,2,0,0,Club
Machine,2026-10-02,,LIVE NATION MUSIC,0.0,0.0,0.0,1,0,0,0,0,0,Amphitheatre
Geese,2026-10-02,,LIVE NATION MUSIC,156640.0,29014.0,20820.18,0,0,1,30,0,2,Stadium
Six Foot Blonde,2026-10-01,,LIVE NATION MUSIC,11967.0,10044.0,5448.0,0,0,0,3,0,3,Club
Forever,2026-10-01,,HOUSE OF BLUES CONCERTS (HOB),70329.51,0.0,0.0,0,1,0,0,0,0,Arena
Thrown,2026-10-02,,LIVE NATION MUSIC,486533.87,19505.85,0.0,0,0,6,34,0,0,Theater
Beth Hart,2026-10-01,,LIVE NATION MUSIC,1568516.61,600861.0700000001,493581.99,1,2,48,45,0,2,Arena
Aldous Harding,2026-10-01,,LIVE NATION MUSIC,0.0,0.0,190643.78,0,0,8,23,0,4,Club
Ryan Beatty,2026-10-01,,LIVE NATION MUSIC,0.0,164812.0,12100.0,0,1,3,17,0,0,Theater
The Midnight,2026-10-01,,LIVE NATION MUSIC,211693.69,301290.25,609328.26,1,0,22,50,0,2,Club
Max McNown,2026-10-01,,LIVE NATION MUSIC,1480851.04,0.0,0.0,1,1,16,37,0,1,Club
Amyl and the Sniffers,2026-10-01,,LIVE NATION MUSIC,3061334.92,650407.46,233682.02,4,3,19,43,1,3,Amphitheatre
Fightmaster,2026-10-01,,LIVE NATION MUSIC,0.0,6984.0,0.0,0,0,0,2,0,0,Club
Harry Styles,2026-10-02,,LIVE NATION MUSIC,0.0,0.0,252490036.3,1,117,15,2,33,5,Arena
Bruno Mars,2026-10-02,,LIVE NATION MUSIC,23796194.0,280515343.74,87980695.9,12,221,79,9,45,8,Stadium
Olivia Rodrigo,2026-10-03,,LIVE NATION MUSIC,23420107.2,169307085.8,0.0,0,68,10,2,5,1,Arena
The Smashing Pumpkins,2026-10-02,,LIVE NATION MUSIC,956409.95,4451112.17,12656219.06,29,91,37,25,1,5,Arena
The Gathering,2026-10-03,,LIVE NATION MUSIC,0.0,0.0,0.0,0,0,2,0,0,0,Arena
El Mundo,2026-10-03,,LIVE NATION MUSIC,0.0,0.0,0.0,0,0,1,0,0,0,Stadium
Thomas Rhett,2026-10-02,,LIVE NATION MUSIC,2411467.0,68902.93,20832639.72,28,107,4,13,3,2,Arena
Tyler Childers,2026-10-02,,LIVE NATION MUSIC,36674764.66,45935861.16,19428021.46,48,32,32,49,8,3,Arena
wave to earth,2026-10-02,,LIVE NATION MUSIC,1624927.5,590021.89,112350.0,0,0,8,12,0,0,Club
ZZ Top,2026-10-03,,LIVE NATION MUSIC,15092696.99,8840466.74,1880764.0,121,97,246,32,8,58,Amphitheatre
Anton &amp; Erin,2026-10-02,,LIVE NATION MUSIC,0.0,0.0,0.0,0,0,1,0,0,0,Amphitheatre
Phish,2026-10-03,,LIVE NATION MUSIC,51719556.83,51805142.03,60505793.5,156,98,10,0,26,5,Theater
Phish,2026-10-02,,LIVE NATION MUSIC,51719556.83,51805142.03,60505793.5,156,98,10,0,26,5,Theater
"Santana, Doobie Brothers",2026-10-02,,LIVE NATION MUSIC,0.0,0.0,0.0,0,4,0,0,0,0,Arena
Social Distortion,2026-10-02,,LIVE NATION MUSIC,510974.93,348028.3,0.0,9,4,50,111,1,4,Theater
Hayley Williams,2026-10-02,,LIVE NATION MUSIC,0.0,0.0,0.0,0,0,7,3,2,0,Amphitheatre
Neon Moon,2026-10-02,,LIVE NATION MUSIC,24927.0,0.0,0.0,0,0,1,1,0,0,Amphitheatre
ALL,2026-10-03,,LIVE NATION MUSIC,0.0,0.0,0.0,0,0,0,2,0,0,Club
Irma Thomas,2026-10-02,,LIVE NATION MUSIC,0.0,0.0,0.0,0,0,3,3,0,0,Amphitheatre
Riley Green,2026-10-02,,LIVE NATION MUSIC,16044323.77,11336207.41,4129193.53,48,55,33,29,2,11,Theater
jigitz,2026-10-02,,LIVE NATION MUSIC,4500.0,0.0,0.0,0,0,0,3,0,0,Club
"""California Mid-State Fair"", Treaty Oak Revival",2026-10-03,,LIVE NATION MUSIC,0.0,0.0,0.0,0,1,0,0,0,0,Amphitheatre
Young Thug,2026-10-02,,LIVE NATION MUSIC,874047.0,0.0,0.0,1,5,10,18,0,0,Theater
Dan + Shay,2026-10-03,,LIVE NATION MUSIC,0.0,23220519.09,2076160.61,32,54,33,41,1,8,Amphitheatre
Beabadoobee,2026-10-02,,LIVE NATION MUSIC,801797.5,2506361.44,323192.05,1,2,23,27,0,1,Arena
Elefante,2026-10-02,,LIVE NATION MUSIC,354308.88,548587.73,0.0,0,2,5,4,0,0,Theater
Scotty McCreery,2026-10-02,,LIVE NATION MUSIC,93855.0,382318.19,1415836.53,4,7,74,12,1,13,Theater
Jack White,2026-10-02,,LIVE NATION MUSIC,9888079.67,1029333.01,0.0,8,36,58,33,2,4,Theater
Vida,2026-10-02,,LIVE NATION MUSIC,0.0,9870.11,0.0,0,0,0,8,0,2,Arena
Julieta Venegas,2026-10-02,,LIVE NATION MUSIC,361709.8,1062864.7,834939.24,2,3,33,14,1,3,Theater
Breaking Benjamin,2026-10-02,,LIVE NATION MUSIC,7744296.6,3109971.11,1340194.0,43,39,34,40,2,3,Arena
The Growlers,2026-10-02,,LIVE NATION MUSIC,0.0,0.0,0.0,2,0,7,95,0,1,Club
The Home Team,2026-10-02,,LIVE NATION MUSIC,0.0,42610.17,3045.0,0,0,1,11,0,2,Club
Five Finger Death Punch,2026-10-03,,LIVE NATION MUSIC,485138.13,5167906.39,0.0,12,74,25,39,1,4,Amphitheatre
Indigo Girls,2026-10-03,,FRANK PRODUCTIONS,327018.75,953813.05,1415498.26,20,0,194,53,0,8,Arena
Little Big Town,2026-10-02,,LIVE NATION MUSIC,1005292.0,13004819.31,2846985.5,20,68,94,16,1,12,Theater
Little Big Town,2026-10-02,,LIVE NATION MUSIC,1005292.0,13004819.31,2846985.5,20,68,94,16,1,12,Theater
Breaking Benjamin,2026-10-02,,LIVE NATION MUSIC,7744296.6,3109971.11,1340194.0,43,39,34,40,2,3,Arena
Ziggy Marley,2026-10-03,,LIVE NATION MUSIC,431908.07,681037.0,171281.63,33,0,43,31,1,5,Amphitheatre
Cameron Whitcomb,2026-10-02,,LIVE NATION MUSIC,130759.26,20541.0,0.0,0,0,5,15,0,0,Theater
Sammy Rae &amp; The Friends,2026-10-02,,LIVE NATION MUSIC,365473.19,765933.13,407010.69,0,0,11,33,0,1,Club
Grupo Duelo,2026-10-02,,LIVE NATION MUSIC,0.0,49134.0,0.0,0,3,1,0,0,0,Arena
Frank Carter &amp; The Rattlesnakes,2026-10-03,,LIVE NATION MUSIC,0.0,641787.98,0.0,0,2,20,36,0,9,Club
Danny Elfman,2026-10-02,,LIVE NATION MUSIC,0.0,0.0,0.0,0,0,0,1,0,0,Club
Parcels,2026-10-02,,LIVE NATION MUSIC,4711634.82,585030.1,0.0,5,5,10,16,0,4,Club
Rodrigo y Gabriela,2026-10-02,,HOUSE OF BLUES CONCERTS (HOB),68954.74,537959.35,1458366.69,33,3,134,58,0,10,Theater
Stranger,2026-10-02,,LIVE NATION MUSIC,0.0,0.0,0.0,1,0,0,0,0,0,Arena
Djodje,2026-10-03,,LIVE NATION MUSIC,0.0,139280.0,0.0,0,0,0,1,0,0,Club
Rise Against,2026-10-03,,LIVE NATION MUSIC,4277860.61,678554.91,194297.26,27,65,68,73,4,10,Amphitheatre
John Summit,2026-10-03,,LIVE NATION MUSIC,1618895.52,6378033.54,2121909.0,1,6,4,6,1,1,Amphitheatre
America,2026-10-02,,LIVE NATION MUSIC,3837882.2,4477164.55,1750231.2,5,8,175,41,0,14,Theater
Julia Wolf,2026-10-03,,LIVE NATION MUSIC,22865.0,3291.0,51475.0,0,0,1,15,0,0,Club
"The Black Crowes, Whiskey Myers",2026-10-03,,LIVE NATION MUSIC,0.0,0.0,0.0,1,1,0,0,0,0,Amphitheatre
"""Craft Beer, Spirits &amp; Food Festival""",2026-10-02,,LIVE NATION MUSIC,0.0,0.0,0.0,1,0,0,0,0,0,Theater
David Rawlings,2026-10-02,,LIVE NATION MUSIC,0.0,0.0,0.0,0,0,9,6,0,0,Theater
Black Violin,2026-10-02,,LIVE NATION MUSIC,452081.75,2400568.16,615196.5,4,0,177,21,0,10,Theater
Joe Russo's Almost Dead,2026-10-03,,LIVE NATION MUSIC,995377.5,2203750.85,1368415.39,10,1,33,46,6,3,Club
Chief Keef,2026-10-02,,LIVE NATION MUSIC,0.0,366115.0,0.0,0,1,6,19,0,0,Theater
G-Eazy,2026-10-03,,LIVE NATION MUSIC,453863.88,166997.78,53337.0,33,23,54,102,1,4,Amphitheatre
Sara Bareilles,2026-10-02,,LIVE NATION MUSIC,0.0,0.0,0.0,12,6,27,45,0,1,Theater
"Love, Fraser",2026-10-03,,LIVE NATION MUSIC,0.0,0.0,0.0,0,0,0,1,0,0,Club
Bleachers,2026-10-02,,LIVE NATION MUSIC,0.0,4208643.78,0.0,6,4,15,43,0,7,Amphitheatre
Turnpike Troubadours,2026-10-03,,LIVE NATION MUSIC,2057615.5,4318554.92,3521142.51,29,12,42,108,4,11,Amphitheatre
Volumes,2026-10-02,,LIVE NATION MUSIC,0.0,0.0,0.0,0,0,0,2,0,0,Theater
Judah &amp; The Lion,2026-10-02,,LIVE NATION MUSIC,74475.0,108536.7,156098.0,1,0,33,100,0,3,Club
PRESIDENT,2026-10-02,,LIVE NATION MUSIC,0.0,0.0,0.0,0,0,1,2,0,0,Theater
BUNT.,2026-10-02,,LIVE NATION MUSIC,2510345.01,117613.25,11416.2,0,6,10,14,0,3,Club
Umphrey's McGee,2026-10-02,,LIVE NATION MUSIC,477034.15,1297313.98,1020023.5,30,0,102,170,1,6,Club
Toadies,2026-10-02,,LIVE NATION MUSIC,25040.0,0.0,0.0,2,0,9,53,0,1,Club
Palace,2026-10-02,,HOUSE OF BLUES CONCERTS (HOB),216325.96,176855.55,138298.91,0,0,7,19,0,1,Club
"Tres Clásicos del Rock - Tributo a The Doors, The Beatles &amp; Toncho Pilatos",2026-10-03,,FRANK PRODUCTIONS,0.0,0.0,13766.52,0,0,1,0,0,0,Theater
Black Jacket Symphony,2026-10-02,,EMPORIUM PRESENTS,669067.4,782504.15,627644.4,0,0,133,38,0,1,Arena
Foster The People,2026-10-02,,LIVE NATION MUSIC,1851580.29,0.0,0.0,17,7,38,56,2,7,Amphitheatre
Umphrey's McGee,2026-10-02,,LIVE NATION MUSIC,477034.15,1297313.98,1020023.5,30,0,102,170,1,6,Club
Caamp,2026-10-03,,LIVE NATION MUSIC,7520593.07,0.0,3606190.96,28,1,28,53,2,9,Theater
Adéla,2026-10-02,,LIVE NATION MUSIC,0.0,0.0,0.0,0,0,0,1,0,0,Club
Alicia Villarreal,2026-10-03,,LIVE NATION MUSIC,647045.73,1374508.36,306780.57999999996,1,4,28,3,0,1,Theater
Rewind,2026-10-02,,LIVE NATION MUSIC,311400.95,0.0,0.0,0,2,0,0,0,0,Theater
Tou,2026-10-02,,LIVE NATION MUSIC,0.0,348354.82999999996,0.0,0,0,0,1,0,1,Theater
Candlebox,2026-10-02,,LIVE NATION MUSIC,0.0,15636.21,95486.8,1,0,20,59,0,5,Club
Lalah Hathaway,2026-10-02,,FRANK PRODUCTIONS,301042.5,904394.32,463159.0,2,0,16,55,0,1,Theater
Tucker Wetmore,2026-10-03,,LIVE NATION MUSIC,158699.3,242510.0,0.0,0,1,5,10,0,1,Theater
Olivia Rodrigo,2026-10-02,,HOUSE OF BLUES CONCERTS (HOB),23420107.2,169307085.8,0.0,0,68,10,2,5,1,Arena
"José María Napoleón, Mocedades",2026-10-02,,LIVE NATION MUSIC,0.0,0.0,0.0,0,2,2,0,0,0,Arena
Artemas,2026-10-03,,HOUSE OF BLUES CONCERTS (HOB),30822.0,725837.64,0.0,0,0,10,22,0,1,Club
Tou,2026-10-02,,LIVE NATION MUSIC,0.0,348354.82999999996,0.0,0,0,0,1,0,1,Theater
gnash,2026-10-02,,LIVE NATION MUSIC,0.0,0.0,0.0,0,0,0,21,0,0,Club
Rome,2026-10-03,,LIVE NATION MUSIC,0.0,0.0,0.0,0,0,1,0,0,0,Theater
10 Years,2026-10-02,,LIVE NATION MUSIC,17283.0,47010.25,6775.0,0,0,11,89,0,3,Club
Clint Black,2026-10-02,,LIVE NATION MUSIC,1703536.07,2126718.27,930958.82,11,15,178,14,0,30,Theater
Club 90,2026-10-02,,LIVE NATION MUSIC,0.0,0.0,15799.63,0,0,0,3,0,0,Club
Rav,2026-10-02,,HOUSE OF BLUES CONCERTS (HOB),0.0,0.0,7775.0,0,0,0,4,0,0,Club
Arty,2026-10-02,,LIVE NATION MUSIC,0.0,4500.0,14060.0,0,0,1,13,0,0,Club
Wiz Khalifa,2026-10-02,,LIVE NATION MUSIC,2160718.62,304832.39,1352642.0,38,60,53,93,2,18,Club
Pennywise,2026-10-03,,LIVE NATION MUSIC,1198459.09,17555.0,0.0,0,1,24,35,0,4,Club
Hunter Hayes,2026-10-02,,LIVE NATION MUSIC,0.0,47984.0,213456.81,10,32,20,33,2,5,Theater
NOTD,2026-10-02,,LIVE NATION MUSIC,22080.0,23830.0,99679.6,0,0,0,8,0,1,Club
Public,2026-10-03,,LIVE NATION MUSIC,0.0,0.0,0.0,0,0,0,4,0,0,Club
SiM,2026-10-03,,LIVE NATION MUSIC,0.0,78357.29000000001,0.0,0,0,0,4,0,0,Club
Van Halen,2026-10-03,,HOUSE OF BLUES CONCERTS (HOB),0.0,0.0,0.0,5,27,0,0,0,1,Arena
Willie Colon,2026-10-02,,LIVE NATION MUSIC,373852.0,0.0,1184983.38,0,4,6,0,0,0,Theater
Holding Absence,2026-10-02,,LIVE NATION MUSIC,0.0,17703.010000000002,27253.3,0,0,3,8,0,0,Theater
INOHA,2026-10-03,,LIVE NATION MUSIC,7725.0,0.0,0.0,0,0,0,1,0,0,Theater
Lyfe Jennings,2026-10-03,,LIVE NATION MUSIC,169695.55,470747.78,225833.0,1,0,10,52,0,0,Club
Neve,2026-10-03,,LIVE NATION MUSIC,930.81,0.0,0.0,0,0,0,1,0,0,Club
"Filter, Finger Eleven",2026-10-02,,LIVE NATION MUSIC,0.0,0.0,0.0,0,1,0,0,0,0,Arena
Black Label Society,2026-10-02,,LIVE NATION MUSIC,0.0,0.0,0.0,0,4,34,65,0,2,Amphitheatre
Uncle Acid &amp; The Deadbeats,2026-10-02,,LIVE NATION MUSIC,81276.5,0.0,23894.47,0,1,2,41,0,3,Theater
Lambrini Girls,2026-10-02,,LIVE NATION MUSIC,295570.81,30009.12,0.0,0,0,6,34,0,0,Theater
Disgrace,2026-10-02,,FRANK PRODUCTIONS,0.0,0.0,0.0,0,0,0,1,0,0,Theater
KYLE,2026-10-02,,LIVE NATION MUSIC,0.0,6520.0,0.0,0,0,4,22,0,0,Club
Mariachi El Bronx,2026-10-03,,LIVE NATION MUSIC,0.0,9710.0,0.0,0,0,1,15,0,0,Club
Stayin' Alive: One Night of the Bee Gees,2026-10-03,,EMPORIUM PRESENTS,378531.16,252820.95,192930.21,0,0,20,6,0,0,Theater
Mac McAnally,2026-10-02,,LIVE NATION MUSIC,467631.5,2220994.96,126008.0,2,0,38,58,0,7,Club
Tai,2026-10-02,,LIVE NATION MUSIC,0.0,0.0,0.0,0,0,1,0,0,0,Theater
Death &amp; Music,2026-10-02,,LIVE NATION MUSIC,0.0,0.0,18360.0,0,0,1,0,0,0,Theater
CMAT,2026-10-03,,LIVE NATION MUSIC,1069970.7,460332.0,267086.47000000003,0,3,8,17,3,0,Club
"""Laughs, Music, &amp; Vibes""",2026-10-03,,LIVE NATION MUSIC,0.0,0.0,0.0,0,0,0,1,0,0,Club
All Shall Perish,2026-10-02,,LIVE NATION MUSIC,9285.0,0.0,0.0,0,0,0,7,0,0,Club
Mac McAnally,2026-10-02,,LIVE NATION MUSIC,467631.5,2220994.96,126008.0,2,0,38,58,0,7,Club
"Tres Clásicos del Rock - Tributo a The Doors, The Beatles &amp; Toncho Pilatos",2026-10-02,,LIVE NATION MUSIC,0.0,0.0,13766.52,0,0,1,0,0,0,Theater
R&amp;B Vibes Live,2026-10-02,,LIVE NATION MUSIC,0.0,0.0,0.0,0,0,0,2,0,0,Club
"""Past, Present, Future: A Dance Gala""",2026-10-02,,LIVE NATION MUSIC,0.0,0.0,0.0,0,0,1,0,0,0,Theater
Fake It,2026-10-02,,HOUSE OF BLUES CONCERTS (HOB),0.0,0.0,630.0,0,0,0,1,0,0,Club
Night Tapes,2026-10-02,,LIVE NATION MUSIC,63449.03,0.0,0.0,0,0,1,3,0,0,Club
Jay,2026-10-02,,LIVE NATION MUSIC,0.0,0.0,0.0,0,0,1,0,0,0,Theater
Arty,2026-10-03,,LIVE NATION MUSIC,0.0,4500.0,14060.0,0,0,1,13,0,0,Amphitheatre
Sun,2026-10-02,,LIVE NATION MUSIC,2319.81,0.0,0.0,0,0,0,2,0,0,Club
Spencer Crandall,2026-10-02,,FRANK PRODUCTIONS,19369.0,0.0,11621.0,0,0,0,10,0,0,Club
"Hobo Johnson, The Lovemakers",2026-10-02,,FRANK PRODUCTIONS,0.0,0.0,88164.36,0,0,2,1,0,0,Theater
Ziggy Marley,2026-10-03,,LIVE NATION MUSIC,431908.07,681037.0,171281.63,33,0,43,31,1,5,Amphitheatre
"Tres Clásicos del Rock - Tributo a The Doors, The Beatles &amp; Toncho Pilatos",2026-10-02,,LIVE NATION MUSIC,0.0,0.0,13766.52,0,0,1,0,0,0,Arena
Of Monsters And Men,2026-10-02,,LIVE NATION MUSIC,673008.22,0.0,0.0,11,5,49,50,1,6,Theater
Highly Suspect,2026-10-02,,LIVE NATION MUSIC,299367.0,448712.01,1656360.34,2,4,30,160,1,5,Club
"nothing,nowhere.",2026-10-02,,LIVE NATION MUSIC,14119.95,0.0,0.0,0,0,3,18,0,0,Theater
Highly Suspect,2026-10-02,,LIVE NATION MUSIC,299367.0,448712.01,1656360.34,2,4,30,160,1,5,Club
Marlon Magnée,2026-10-02,,LIVE NATION MUSIC,0.0,0.0,0.0,0,0,0,1,0,0,Club
Al &amp; Rob Of Moe,2026-10-02,,LIVE NATION MUSIC,0.0,0.0,0.0,0,0,0,2,0,0,Club
Xperience,2026-10-02,,LIVE NATION MUSIC,0.0,0.0,0.0,0,0,0,2,0,0,Theater
Knoll,2026-10-02,,LIVE NATION MUSIC,0.0,2055.0,801.0,0,0,0,2,0,0,Club
"A, Monkey Kong",2026-10-02,,LIVE NATION MUSIC,0.0,0.0,0.0,0,0,0,1,0,0,Club
Victony,2026-10-03,,LIVE NATION MUSIC,87826.42,11250.0,0.0,0,0,1,2,0,0,Club
Sylvan Esso,2026-10-02,,LIVE NATION MUSIC,0.0,0.0,2925511.35,17,0,29,64,0,8,Club
Sylvan Esso,2026-10-02,,LIVE NATION MUSIC,0.0,0.0,2925511.35,17,0,29,64,0,8,Club
"The Morning Kings, New Primitives, The Only, Sunshine &amp; The Night Walkers",2026-10-02,,LIVE NATION MUSIC,0.0,0.0,1583.0,0,0,0,1,0,0,Theater
Klopp,2026-10-02,,LIVE NATION MUSIC,0.0,0.0,0.0,0,0,0,3,0,0,Club
Arty,2026-10-02,,LIVE NATION MUSIC,0.0,4500.0,14060.0,0,0,1,13,0,0,Club
Jeff Bernat,2026-10-02,,LIVE NATION MUSIC,0.0,55938.73,0.0,0,0,2,14,0,0,Club
Jeff Bernat,2026-10-02,,LIVE NATION MUSIC,0.0,55938.73,0.0,0,0,2,14,0,0,Club
Arty,2026-10-02,,LIVE NATION MUSIC,0.0,4500.0,14060.0,0,0,1,13,0,0,Club
Lights,2026-10-02,,LIVE NATION MUSIC,53640.0,0.0,42841.39,0,1,18,68,1,3,Club
Tou,2026-10-02,,LIVE NATION MUSIC,0.0,348354.82999999996,0.0,0,0,0,1,0,1,Theater
Metallica,2026-10-03,,LIVE NATION MUSIC,137107458.47,179373637.38,146435306.85,0,95,4,4,135,10,Stadium
Harry Styles,2026-10-03,,LIVE NATION MUSIC,0.0,0.0,252490036.3,1,117,15,2,33,5,Arena
Bruno Mars,2026-10-03,,LIVE NATION MUSIC,23796194.0,280515343.74,87980695.9,12,221,79,9,45,8,Stadium
"Chris Brown, Usher",2026-10-03,,LIVE NATION MUSIC,0.0,0.0,0.0,0,0,0,0,18,0,Stadium
Doja Cat,2026-10-03,,LIVE NATION MUSIC,7384674.46,7298161.81,31988065.4,0,39,0,9,0,0,Arena
Olivia Rodrigo,2026-10-04,,LIVE NATION MUSIC,23420107.2,169307085.8,0.0,0,68,10,2,5,1,Arena
Beabadoobee,2026-10-03,,LIVE NATION MUSIC,801797.5,2506361.44,323192.05,1,2,23,27,0,1,Arena
Tou,2026-10-03,,LIVE NATION MUSIC,0.0,348354.82999999996,0.0,0,0,0,1,0,1,Arena
Fuerza Regida,2026-10-03,,LIVE NATION MUSIC,8831401.1,61688406.68,40356839.51,6,68,5,0,12,0,Amphitheatre
Thomas Rhett,2026-10-03,,LIVE NATION MUSIC,2411467.0,68902.93,20832639.72,28,107,4,13,3,2,Arena
Rock,2026-10-03,,LIVE NATION MUSIC,0.0,0.0,0.0,0,0,0,1,0,0,Club
Shaboozey,2026-10-03,,LIVE NATION MUSIC,988231.18,60000.0,0.0,0,0,3,7,0,1,Theater
Breaking Benjamin,2026-10-03,,LIVE NATION MUSIC,7744296.6,3109971.11,1340194.0,43,39,34,40,2,3,Arena
Tyler Childers,2026-10-03,,LIVE NATION MUSIC,36674764.66,45935861.16,19428021.46,48,32,32,49,8,3,Arena
aespa,2026-10-03,,LIVE NATION MUSIC,14143082.18,2543904.85,5743138.49,0,16,7,1,0,0,Arena
The Gathering,2026-10-04,,LIVE NATION MUSIC,0.0,0.0,0.0,0,0,2,0,0,0,Arena
Kehlani,2026-10-03,,LIVE NATION MUSIC,1293539.15,4938822.87,1110931.32,4,14,20,29,0,0,Amphitheatre
Shoreline Mafia,2026-10-03,,LIVE NATION MUSIC,755971.0,0.0,0.0,0,2,8,40,0,0,Amphitheatre
The Smashing Pumpkins,2026-10-03,,LIVE NATION MUSIC,956409.95,4451112.17,12656219.06,29,91,37,25,1,5,Arena
Neon Moon,2026-10-03,,LIVE NATION MUSIC,24927.0,0.0,0.0,0,0,1,1,0,0,Arena
Phish,2026-10-04,,LIVE NATION MUSIC,51719556.83,51805142.03,60505793.5,156,98,10,0,26,5,Theater
Hayley Williams,2026-10-03,,LIVE NATION MUSIC,0.0,0.0,0.0,0,0,7,3,2,0,Amphitheatre
wave to earth,2026-10-03,,LIVE NATION MUSIC,1624927.5,590021.89,112350.0,0,0,8,12,0,0,Club
The Neighbourhood,2026-10-03,,LIVE NATION MUSIC,0.0,0.0,0.0,1,16,28,68,1,0,Theater
ZZ Top,2026-10-04,,LIVE NATION MUSIC,15092696.99,8840466.74,1880764.0,121,97,246,32,8,58,Amphitheatre
Slayyyter,2026-10-04,,LIVE NATION MUSIC,0.0,185129.1,100397.58,0,0,4,14,0,1,Club
Social Distortion,2026-10-03,,LIVE NATION MUSIC,510974.93,348028.3,0.0,9,4,50,111,1,4,Club
Lenny Pearce,2026-10-04,,LIVE NATION MUSIC,1149576.75,11247.35,0.0,1,0,32,23,0,2,Theater
Jack White,2026-10-03,,LIVE NATION MUSIC,9888079.67,1029333.01,0.0,8,36,58,33,2,4,Theater
MONSTA X,2026-10-03,,LIVE NATION MUSIC,0.0,0.0,0.0,0,6,19,2,0,0,Arena
Riley Green,2026-10-03,,LIVE NATION MUSIC,16044323.77,11336207.41,4129193.53,48,55,33,29,2,11,Theater
Schoolboy Q,2026-10-03,,LIVE NATION MUSIC,0.0,31295.0,0.0,0,5,16,38,0,1,Club
Rise Against,2026-10-04,,LIVE NATION MUSIC,4277860.61,678554.91,194297.26,27,65,68,73,4,10,Club
"""Laughs, Music, &amp; Vibes""",2026-10-04,,LIVE NATION MUSIC,0.0,0.0,0.0,0,0,0,1,0,0,Club
Stephen Wilson Jr.,2026-10-03,,LIVE NATION MUSIC,786854.57,66436.31,0.0,2,0,10,13,0,1,Theater
Brand New,2026-10-03,,LIVE NATION MUSIC,2962416.0700000003,0.0,0.0,5,11,12,15,0,0,Theater
Mumford &amp; Sons,2026-10-03,,LIVE NATION MUSIC,69320239.19,0.0,108400.0,71,157,29,30,23,8,Amphitheatre
Michelle Branch,2026-10-03,,LIVE NATION MUSIC,0.0,0.0,0.0,0,0,2,13,0,0,Club
Bryson Tiller,2026-10-03,,LIVE NATION MUSIC,0.0,14396903.73,1952369.56,10,20,31,34,0,2,Amphitheatre
The Chicks,2026-10-03,,LIVE NATION MUSIC,0.0,0.0,21183223.21,39,69,4,0,3,0,Theater
Switchfoot,2026-10-03,,LIVE NATION MUSIC,181031.87,600305.9299999999,763943.0,5,6,80,76,1,17,Theater
Grupo Duelo,2026-10-03,,LIVE NATION MUSIC,0.0,49134.0,0.0,0,3,1,0,0,0,Arena
Ringo Starr &amp; His All Starr Band,2026-10-04,,LIVE NATION MUSIC,2665919.99,4274683.66,7327433.94,58,34,135,10,2,12,Theater
Two Door Cinema Club,2026-10-04,,LIVE NATION MUSIC,0.0,2811716.67,777788.89,4,7,43,87,3,5,Club
Zach Top,2026-10-03,,LIVE NATION MUSIC,9311829.88,38309.0,0.0,3,8,3,9,1,1,Amphitheatre
Insane Clown Posse,2026-10-03,,LIVE NATION MUSIC,244705.0,123804.0,0.0,4,1,20,63,0,3,Club
Skillet,2026-10-04,,LIVE NATION MUSIC,2238507.06,260542.96,1377748.06,6,30,43,67,0,14,Club
10 Years,2026-10-03,,LIVE NATION MUSIC,17283.0,47010.25,6775.0,0,0,11,89,0,3,Amphitheatre
Role Model,2026-10-03,,LIVE NATION MUSIC,884833.07,275786.98,0.0,0,0,8,44,0,1,Amphitheatre
"Chicago, Styx",2026-10-03,,LIVE NATION MUSIC,0.0,0.0,0.0,0,0,1,0,0,0,Theater
"""British Rock Royalty - Celebrating The Music Of Pink Floyd, Queen, The Who &amp; Led Zeppelin""",2026-10-03,,LIVE NATION MUSIC,0.0,0.0,0.0,1,0,2,0,0,0,Theater
Danny Elfman,2026-10-03,,LIVE NATION MUSIC,0.0,0.0,0.0,0,0,0,1,0,0,Club
Switchfoot,2026-10-04,,LIVE NATION MUSIC,181031.87,600305.9299999999,763943.0,5,6,80,76,1,17,Theater
Dermot Kennedy,2026-10-04,,LIVE NATION MUSIC,132950.5,0.0,19937522.59,6,39,52,59,10,4,Amphitheatre
Tinlicker,2026-10-03,,LIVE NATION MUSIC,0.0,288077.94,226265.83,0,1,4,11,0,1,Theater
Lynyrd Skynyrd,2026-10-03,,LIVE NATION MUSIC,2195444.67,0.0,1360175.52,64,50,42,7,2,9,Theater
Stranger,2026-10-03,,LIVE NATION MUSIC,0.0,0.0,0.0,1,0,0,0,0,0,Amphitheatre
"The Black Crowes, Whiskey Myers",2026-10-04,,LIVE NATION MUSIC,0.0,0.0,0.0,1,1,0,0,0,0,Amphitheatre
Jacquees,2026-10-04,,LIVE NATION MUSIC,125305.0,16071.37,43417.0,0,0,9,15,0,0,Amphitheatre
Steve Lacy,2026-10-03,,LIVE NATION MUSIC,0.0,0.0,48400.0,1,2,2,7,0,0,Amphitheatre
Celebration,2026-10-03,,LIVE NATION MUSIC,0.0,0.0,0.0,0,0,0,1,0,0,Club
JPEGMafia,2026-10-03,,LIVE NATION MUSIC,557173.07,1250847.08,390783.87,1,0,19,57,0,1,Club
The Growlers,2026-10-03,,LIVE NATION MUSIC,0.0,0.0,0.0,2,0,7,95,0,1,Theater
Mario,2026-10-03,,LIVE NATION MUSIC,507808.78,0.0,0.0,1,0,5,7,0,0,Arena
DJ Shadow,2026-10-03,,LIVE NATION MUSIC,159098.87,521575.89,66263.78,0,2,9,67,0,3,Club
Dermot Kennedy,2026-10-03,,LIVE NATION MUSIC,132950.5,0.0,19937522.59,6,39,52,59,10,4,Amphitheatre
Adéla,2026-10-03,,LIVE NATION MUSIC,0.0,0.0,0.0,0,0,0,1,0,0,Theater
Bilmuri,2026-10-03,,LIVE NATION MUSIC,222404.4,149604.0,15570.0,0,0,6,13,0,0,Club
G-Eazy,2026-10-04,,LIVE NATION MUSIC,453863.88,166997.78,53337.0,33,23,54,102,1,4,Amphitheatre
Empire Of The Sun,2026-10-03,,LIVE NATION MUSIC,4644398.53,1215090.17,546678.79,15,2,20,14,2,3,Amphitheatre
Forever,2026-10-03,,HOUSE OF BLUES CONCERTS (HOB),70329.51,0.0,0.0,0,1,0,0,0,0,Arena
Beck,2026-10-03,,LIVE NATION MUSIC,1461640.71,626608.75,4873011.17,24,9,29,9,0,4,Theater
My Morning Jacket,2026-10-03,,LIVE NATION MUSIC,1743077.39,572515.0,3673074.6,58,5,57,23,3,7,Amphitheatre
Grupo Duelo,2026-10-04,,LIVE NATION MUSIC,0.0,49134.0,0.0,0,3,1,0,0,0,Arena
Everything,2026-10-03,,LIVE NATION MUSIC,0.0,0.0,0.0,0,0,0,1,0,0,Theater
Pennywise,2026-10-04,,LIVE NATION MUSIC,1198459.09,17555.0,0.0,0,1,24,35,0,4,Club
R&amp;B Vibes Live,2026-10-03,,LIVE NATION MUSIC,0.0,0.0,0.0,0,0,0,2,0,0,Club
My Morning Jacket,2026-10-03,,LIVE NATION MUSIC,1743077.39,572515.0,3673074.6,58,5,57,23,3,7,Amphitheatre
Volumes,2026-10-03,,LIVE NATION MUSIC,0.0,0.0,0.0,0,0,0,2,0,0,Theater
Malcolm Todd,2026-10-03,,LIVE NATION MUSIC,158405.31,63535.0,0.0,0,0,4,8,0,0,Club
"Tape B, Levity",2026-10-03,,LIVE NATION MUSIC,0.0,0.0,0.0,5,0,1,0,0,0,Amphitheatre
Umphrey's McGee,2026-10-03,,LIVE NATION MUSIC,477034.15,1297313.98,1020023.5,30,0,102,170,1,6,Club
Parcels,2026-10-03,,LIVE NATION MUSIC,4711634.82,585030.1,0.0,5,5,10,16,0,4,Amphitheatre
Neve,2026-10-03,,LIVE NATION MUSIC,930.81,0.0,0.0,0,0,0,1,0,0,Club
Forever,2026-10-04,,LIVE NATION MUSIC,70329.51,0.0,0.0,0,1,0,0,0,0,Theater
The Aquabats,2026-10-03,,HOUSE OF BLUES CONCERTS (HOB),41516.11,55590.0,70380.0,0,0,2,32,0,0,Club
Chief Keef,2026-10-04,,LIVE NATION MUSIC,0.0,366115.0,0.0,0,1,6,19,0,0,Club
Ty Myers,2026-10-03,,LIVE NATION MUSIC,3760257.82,581057.78,0.0,25,2,29,68,0,5,Amphitheatre
Lost,2026-10-03,,HOUSE OF BLUES CONCERTS (HOB),0.0,0.0,36826.43,0,0,0,5,0,0,Club
Daniel Donato,2026-10-03,,LIVE NATION MUSIC,138279.5,86368.5,58816.5,1,0,4,21,0,4,Theater
America,2026-10-03,,LIVE NATION MUSIC,3837882.2,4477164.55,1750231.2,5,8,175,41,0,14,Arena
"""Laughs, Music, &amp; Vibes""",2026-10-04,,LIVE NATION MUSIC,0.0,0.0,0.0,0,0,0,1,0,0,Club
The Menzingers,2026-10-03,,LIVE NATION MUSIC,0.0,83860.93,175297.68,0,0,3,45,0,0,Club
Julieta Venegas,2026-10-03,,LIVE NATION MUSIC,361709.8,1062864.7,834939.24,2,3,33,14,1,3,Theater
Wilson,2026-10-03,,LIVE NATION MUSIC,0.0,0.0,0.0,0,0,0,7,0,0,Club
"Halloween, Alaska",2026-10-03,,LIVE NATION MUSIC,0.0,0.0,0.0,0,0,0,5,0,0,Theater
Black Jacket Symphony,2026-10-03,,EMPORIUM PRESENTS,669067.4,782504.15,627644.4,0,0,133,38,0,1,Arena
Stranger,2026-10-04,,LIVE NATION MUSIC,0.0,0.0,0.0,1,0,0,0,0,0,Amphitheatre
Martina McBride,2026-10-03,,LIVE NATION MUSIC,0.0,116173.0,615953.5,7,16,99,3,0,8,Arena
Club 90,2026-10-03,,LIVE NATION MUSIC,0.0,0.0,15799.63,0,0,0,3,0,0,Club
Sploinky Rave,2026-10-03,,LIVE NATION MUSIC,0.0,0.0,0.0,0,0,0,5,0,0,Club
Electric Feel,2026-10-03,,LIVE NATION MUSIC,0.0,0.0,0.0,0,0,0,5,0,0,Theater
Dominguinho,2026-10-04,,HOUSE OF BLUES CONCERTS (HOB),0.0,0.0,0.0,0,0,2,1,1,0,Theater
French Police,2026-10-03,,LIVE NATION MUSIC,4947.94,32177.0,0.0,0,0,0,6,0,0,Theater
Michael Franti &amp; Spearhead,2026-10-04,,HOUSE OF BLUES CONCERTS (HOB),808998.5,6993576.6,4151183.84,113,3,86,115,2,32,Club
jigitz,2026-10-03,,LIVE NATION MUSIC,4500.0,0.0,0.0,0,0,0,3,0,0,Club
"In, Flew Ants",2026-10-04,,LIVE NATION MUSIC,0.0,0.0,0.0,0,0,0,2,0,0,Club
SiM,2026-10-03,,LIVE NATION MUSIC,0.0,78357.29000000001,0.0,0,0,0,4,0,0,Club
Lily Rose,2026-10-03,,LIVE NATION MUSIC,27165.0,66679.0,69355.0,0,0,1,16,0,1,Club
ZZ Top,2026-10-04,,HOUSE OF BLUES CONCERTS (HOB),15092696.99,8840466.74,1880764.0,121,97,246,32,8,58,Theater
Robin Trower,2026-10-04,,LIVE NATION MUSIC,527997.27,0.0,0.0,0,0,45,45,0,8,Arena
Scene Queen,2026-10-03,,LIVE NATION MUSIC,65472.39,49049.0,0.0,0,0,0,8,0,3,Theater
Disgrace,2026-10-03,,LIVE NATION MUSIC,0.0,0.0,0.0,0,0,0,1,0,0,Theater
Boy Harsher,2026-10-04,,LIVE NATION MUSIC,0.0,0.0,0.0,0,0,1,14,0,1,Theater
D Savage,2026-10-04,,LIVE NATION MUSIC,0.0,0.0,17105.0,0,0,0,1,0,0,Theater
Benjamin Tod &amp; Lost Dog Street Band,2026-10-04,,LIVE NATION MUSIC,0.0,179250.0,0.0,0,0,3,37,0,0,Theater
Prince,2026-10-03,,LIVE NATION MUSIC,0.0,0.0,0.0,0,27,4,8,0,0,Arena
Chuy Lizarraga,2026-10-03,,LIVE NATION MUSIC,0.0,0.0,159748.5,0,0,1,0,0,0,Theater
Chief Keef,2026-10-04,,LIVE NATION MUSIC,0.0,366115.0,0.0,0,1,6,19,0,0,Club
Everything Everything,2026-10-03,,LIVE NATION MUSIC,419617.83,178665.61000000002,0.0,0,1,16,28,0,1,Club
R&amp;B Vibes Live,2026-10-03,,LIVE NATION MUSIC,0.0,0.0,0.0,0,0,0,2,0,0,Club
Turnpike Troubadours,2026-10-04,,LIVE NATION MUSIC,2057615.5,4318554.92,3521142.51,29,12,42,108,4,11,Club
"""An Evening With Emerson, Lake &amp; Palmer""",2026-10-03,,LIVE NATION MUSIC,135924.0,0.0,0.0,0,0,7,0,0,0,Theater
Neve,2026-10-04,,LIVE NATION MUSIC,930.81,0.0,0.0,0,0,0,1,0,0,Club
Ryan Beatty,2026-10-04,,LIVE NATION MUSIC,0.0,164812.0,12100.0,0,1,3,17,0,0,Club
Mariachi El Bronx,2026-10-04,,LIVE NATION MUSIC,0.0,9710.0,0.0,0,0,1,15,0,0,Club
Cracker,2026-10-03,,FRANK PRODUCTIONS,0.0,17460.0,20441.0,0,0,4,53,0,1,Club
The Brook &amp; The Bluff,2026-10-03,,LIVE NATION MUSIC,0.0,54224.59,250521.71,0,0,7,35,0,1,Theater
PeelingFlesh,2026-10-03,,LIVE NATION MUSIC,0.0,10542.0,0.0,0,0,0,3,0,0,Club
Kelsey Lu,2026-10-04,,LIVE NATION MUSIC,0.0,0.0,0.0,0,0,0,1,0,0,Theater
Graves,2026-10-03,,LIVE NATION MUSIC,0.0,0.0,0.0,0,0,2,8,0,1,Club
This Is Lorelei,2026-10-03,,HOUSE OF BLUES CONCERTS (HOB),0.0,0.0,0.0,0,0,1,1,0,0,Club
Lettuce,2026-10-04,,LIVE NATION MUSIC,212323.62,99589.5,193599.0,7,0,42,162,0,5,Amphitheatre
Forever,2026-10-03,,LIVE NATION MUSIC,70329.51,0.0,0.0,0,1,0,0,0,0,Arena
Noah Rinker,2026-10-03,,LIVE NATION MUSIC,0.0,0.0,0.0,0,0,0,1,0,0,Theater
He Is Legend,2026-10-04,,FRANK PRODUCTIONS,10065.0,0.0,6424.0,0,0,2,19,0,1,Club
Soda Blonde,2026-10-03,,LIVE NATION MUSIC,2782.08,2289.9500000000003,0.0,0,0,0,3,0,1,Club
Silent Theory,2026-10-03,,FRANK PRODUCTIONS,0.0,0.0,0.0,0,0,0,1,0,0,Theater
Chasing Abbey,2026-10-03,,LIVE NATION MUSIC,0.0,53043.38,0.0,0,0,4,8,0,1,Club
Shawn James,2026-10-03,,LIVE NATION MUSIC,21974.33,6803.0,56299.0,0,0,3,30,0,0,Theater
Ziggy Marley,2026-10-04,,LIVE NATION MUSIC,431908.07,681037.0,171281.63,33,0,43,31,1,5,Theater
Yacht Lobsters,2026-10-03,,LIVE NATION MUSIC,0.0,8267.5,7345.0,0,0,0,7,0,0,Club
Infinity Song,2026-10-03,,FRANK PRODUCTIONS,149890.11,94043.65,0.0,0,0,1,31,0,0,Club
Improvement Movement,2026-10-04,,LIVE NATION MUSIC,9707.41,0.0,0.0,0,0,1,6,0,0,Theater
Mike Campbell &amp; the Dirty Knobs,2026-10-03,,LIVE NATION MUSIC,211711.75,192163.2,70058.5,0,0,11,10,0,2,Theater
The Happy,2026-10-03,,LIVE NATION MUSIC,0.0,0.0,0.0,0,0,0,1,0,0,Theater
Forever,2026-10-03,,LIVE NATION MUSIC,70329.51,0.0,0.0,0,1,0,0,0,0,Arena
Sand,2026-10-03,,LIVE NATION MUSIC,0.0,0.0,3156.0,0,0,0,1,0,0,Club
Tou,2026-10-03,,LIVE NATION MUSIC,0.0,348354.82999999996,0.0,0,0,0,1,0,1,Club
49 Winchester,2026-10-03,,LIVE NATION MUSIC,532757.82,283634.9,50307.0,1,0,9,23,0,2,Club
Arin Ray,2026-10-03,,HOUSE OF BLUES CONCERTS (HOB),0.0,10700.0,0.0,0,0,0,5,0,0,Club
Walker &amp; Royce,2026-10-03,,HOUSE OF BLUES CONCERTS (HOB),22362.5,18852.5,0.0,0,0,0,9,0,0,Club
Squeaky Feet,2026-10-03,,LIVE NATION MUSIC,834.0,0.0,0.0,0,0,0,2,0,0,Club
Militarie Gun,2026-10-03,,LIVE NATION MUSIC,0.0,9900.0,9645.15,0,0,0,11,0,2,Club
Zay Wilson,2026-10-03,,LIVE NATION MUSIC,8000.0,8180.0,3650.0,0,0,0,16,0,0,Club
Sylvan Esso,2026-10-03,,LIVE NATION MUSIC,0.0,0.0,2925511.35,17,0,29,64,0,8,Club
Sylvan Esso,2026-10-03,,LIVE NATION MUSIC,0.0,0.0,2925511.35,17,0,29,64,0,8,Club
Amigo the Devil,2026-10-03,,LIVE NATION MUSIC,212606.82,258410.89,135538.29,0,0,8,69,0,7,Club
Sandy &amp; Junior,2026-10-04,,LIVE NATION MUSIC,0.0,0.0,0.0,0,8,0,0,8,0,Arena
Amigo the Devil,2026-10-03,,LIVE NATION MUSIC,212606.82,258410.89,135538.29,0,0,8,69,0,7,Club
Sweetlk,2026-10-03,,LIVE NATION MUSIC,900.0,7440.0,1760.0,0,0,0,9,0,0,Club
Mike Campbell &amp; the Dirty Knobs,2026-10-03,,LIVE NATION MUSIC,211711.75,192163.2,70058.5,0,0,11,10,0,2,Theater
House Of Heavy,2026-10-03,,LIVE NATION MUSIC,0.0,0.0,0.0,0,0,0,3,0,0,Club
EAV,2026-10-03,,LIVE NATION MUSIC,0.0,0.0,0.0,0,0,2,0,0,0,Theater
Jeff Bernat,2026-10-04,,LIVE NATION MUSIC,0.0,55938.73,0.0,0,0,2,14,0,0,Club
Jeff Bernat,2026-10-04,,LIVE NATION MUSIC,0.0,55938.73,0.0,0,0,2,14,0,0,Club
Sploinky Rave,2026-10-03,,LIVE NATION MUSIC,0.0,0.0,0.0,0,0,0,5,0,0,Club
Sand,2026-10-03,,LIVE NATION MUSIC,0.0,0.0,3156.0,0,0,0,1,0,0,Club
Militarie Gun,2026-10-03,,LIVE NATION MUSIC,0.0,9900.0,9645.15,0,0,0,11,0,2,Club
Sploinky Rave,2026-10-03,,LIVE NATION MUSIC,0.0,0.0,0.0,0,0,0,5,0,0,Club
Upgrade,2026-10-03,,LIVE NATION MUSIC,0.0,0.0,0.0,0,0,0,1,0,1,Arena
Rod Wave,2026-10-04,,LIVE NATION MUSIC,19871622.03,44782080.52,58117202.64,1,84,1,0,0,0,Arena
The Smashing Pumpkins,2026-10-04,,LIVE NATION MUSIC,956409.95,4451112.17,12656219.06,29,91,37,25,1,5,Arena
Jonas Brothers,2026-10-05,,LIVE NATION MUSIC,49501788.39,30144554.31,109403725.33,75,195,28,1,28,5,Arena
Fuerza Regida,2026-10-04,,LIVE NATION MUSIC,8831401.1,61688406.68,40356839.51,6,68,5,0,12,0,Amphitheatre
Tou,2026-10-04,,LIVE NATION MUSIC,0.0,348354.82999999996,0.0,0,0,0,1,0,1,Arena
Shoreline Mafia,2026-10-04,,LIVE NATION MUSIC,755971.0,0.0,0.0,0,2,8,40,0,0,Amphitheatre
Kehlani,2026-10-04,,LIVE NATION MUSIC,1293539.15,4938822.87,1110931.32,4,14,20,29,0,0,Amphitheatre
"Salt-N-Pepa, Ginuwine",2026-10-04,,LIVE NATION MUSIC,0.0,0.0,0.0,0,0,1,0,0,0,Amphitheatre
Doja Cat,2026-10-04,,LIVE NATION MUSIC,7384674.46,7298161.81,31988065.4,0,39,0,9,0,0,Arena
Young Thug,2026-10-04,,LIVE NATION MUSIC,874047.0,0.0,0.0,1,5,10,18,0,0,Theater
Anton &amp; Erin,2026-10-04,,LIVE NATION MUSIC,0.0,0.0,0.0,0,0,1,0,0,0,Amphitheatre
Forever,2026-10-04,,LIVE NATION MUSIC,70329.51,0.0,0.0,0,1,0,0,0,0,Amphitheatre
Bryson Tiller,2026-10-04,,LIVE NATION MUSIC,0.0,14396903.73,1952369.56,10,20,31,34,0,2,Amphitheatre
Sammy Rae &amp; The Friends,2026-10-04,,LIVE NATION MUSIC,365473.19,765933.13,407010.69,0,0,11,33,0,1,Club
Bleachers,2026-10-05,,LIVE NATION MUSIC,0.0,4208643.78,0.0,6,4,15,43,0,7,Club
Brand New,2026-10-04,,LIVE NATION MUSIC,2962416.0700000003,0.0,0.0,5,11,12,15,0,0,Theater
Amyl and the Sniffers,2026-10-04,,LIVE NATION MUSIC,3061334.92,650407.46,233682.02,4,3,19,43,1,3,Club
French Police,2026-10-04,,LIVE NATION MUSIC,4947.94,32177.0,0.0,0,0,0,6,0,0,Club
The Chicks,2026-10-04,,LIVE NATION MUSIC,0.0,0.0,21183223.21,39,69,4,0,3,0,Theater
Five Finger Death Punch,2026-10-05,,LIVE NATION MUSIC,485138.13,5167906.39,0.0,12,74,25,39,1,4,Arena
Suki Waterhouse,2026-10-04,,LIVE NATION MUSIC,0.0,1845642.36,489285.46,1,0,10,37,0,0,Club
Julia Wolf,2026-10-05,,LIVE NATION MUSIC,22865.0,3291.0,51475.0,0,0,1,15,0,0,Club
Role Model,2026-10-04,,LIVE NATION MUSIC,884833.07,275786.98,0.0,0,0,8,44,0,1,Club
Palace,2026-10-04,,HOUSE OF BLUES CONCERTS (HOB),216325.96,176855.55,138298.91,0,0,7,19,0,1,Club
Schoolboy Q,2026-10-04,,LIVE NATION MUSIC,0.0,31295.0,0.0,0,5,16,38,0,1,Club
Amyl and the Sniffers,2026-10-05,,LIVE NATION MUSIC,3061334.92,650407.46,233682.02,4,3,19,43,1,3,Club
Bilmuri,2026-10-04,,LIVE NATION MUSIC,222404.4,149604.0,15570.0,0,0,6,13,0,0,Club
My Morning Jacket,2026-10-04,,LIVE NATION MUSIC,1743077.39,572515.0,3673074.6,58,5,57,23,3,7,Amphitheatre
Everything Everything,2026-10-05,,LIVE NATION MUSIC,419617.83,178665.61000000002,0.0,0,1,16,28,0,1,Club
The Bridge,2026-10-04,,LIVE NATION MUSIC,7420.0,0.0,0.0,0,0,0,19,0,0,Theater
Amyl and the Sniffers,2026-10-05,,LIVE NATION MUSIC,3061334.92,650407.46,233682.02,4,3,19,43,1,3,Club
Alicia Villarreal,2026-10-04,,LIVE NATION MUSIC,647045.73,1374508.36,306780.57999999996,1,4,28,3,0,1,Theater
Malcolm Todd,2026-10-04,,LIVE NATION MUSIC,158405.31,63535.0,0.0,0,0,4,8,0,0,Club
Paris Paloma,2026-10-04,,HOUSE OF BLUES CONCERTS (HOB),182912.02,142732.72999999998,10609.18,0,0,6,10,0,0,Club
Asha Banks,2026-10-05,,LIVE NATION MUSIC,0.0,0.0,0.0,0,0,0,0,0,1,Other
Roger Clyne &amp; The Peacemakers,2026-10-04,,LIVE NATION MUSIC,59043.9,28566.0,108892.68,1,0,9,90,0,2,Club
The Menzingers,2026-10-04,,LIVE NATION MUSIC,0.0,83860.93,175297.68,0,0,3,45,0,0,Club
Chief Keef,2026-10-05,,LIVE NATION MUSIC,0.0,366115.0,0.0,0,1,6,19,0,0,Theater
Chat Pile,2026-10-04,,LIVE NATION MUSIC,0.0,7187.0,8340.0,0,0,0,3,0,0,Club
Katie Pruitt,2026-10-04,,LIVE NATION MUSIC,4721.0,45814.0,0.0,0,0,0,11,0,0,Theater
The Linda Lindas,2026-10-04,,LIVE NATION MUSIC,101815.99,6550.0,0.0,0,0,1,4,0,0,Theater
Christopher,2026-10-04,,LIVE NATION MUSIC,80553.22,67248.45,43844.03,1,0,2,15,0,3,Club
Daði Freyr,2026-10-04,,LIVE NATION MUSIC,27985.87,173924.05,220434.4,0,0,5,14,0,0,Club
Spacehog,2026-10-05,,LIVE NATION MUSIC,8750.0,0.0,0.0,0,0,0,3,0,0,Theater
Asha Banks,2026-10-04,,LIVE NATION MUSIC,0.0,0.0,0.0,0,0,0,0,0,1,Other
Insane Clown Posse,2026-10-04,,LIVE NATION MUSIC,244705.0,123804.0,0.0,4,1,20,63,0,3,Theater
Saint Motel,2026-10-05,,LIVE NATION MUSIC,1410744.2,457416.45,589065.14,2,0,28,94,0,0,Club
Foster The People,2026-10-04,,LIVE NATION MUSIC,1851580.29,0.0,0.0,17,7,38,56,2,7,Club
Tinlicker,2026-10-04,,LIVE NATION MUSIC,0.0,288077.94,226265.83,0,1,4,11,0,1,Club
Chance The Rapper,2026-10-04,,LIVE NATION MUSIC,582979.5,0.0,2160801.5,15,25,18,26,1,1,Club
T.3,2026-10-05,,LIVE NATION MUSIC,2859.0,17899.19,19283.0,0,0,1,11,0,0,Club
Buzzcocks,2026-10-04,,LIVE NATION MUSIC,23024.46,78970.92,0.0,0,0,6,27,0,2,Theater
Avery,2026-10-04,,LIVE NATION MUSIC,0.0,0.0,0.0,0,0,0,1,0,0,Club
The Red Jumpsuit Apparatus,2026-10-04,,LIVE NATION MUSIC,0.0,0.0,26159.0,0,0,2,50,0,8,Club
"""Past, Present, Future: A Dance Gala""",2026-10-04,,LIVE NATION MUSIC,0.0,0.0,0.0,0,0,1,0,0,0,Theater
Change,2026-10-04,,LIVE NATION MUSIC,0.0,0.0,0.0,0,0,0,2,0,0,Club
Spite,2026-10-04,,LIVE NATION MUSIC,0.0,37029.77,0.0,0,0,9,33,0,1,Club
"Hoodie Allen, Sol",2026-10-04,,LIVE NATION MUSIC,0.0,0.0,0.0,0,0,1,0,0,0,Theater
Goo,2026-10-04,,HOUSE OF BLUES CONCERTS (HOB),0.0,0.0,0.0,0,0,0,1,0,0,Club
Sara Bareilles,2026-10-04,,LIVE NATION MUSIC,0.0,0.0,0.0,12,6,27,45,0,1,Theater
America,2026-10-04,,LIVE NATION MUSIC,3837882.2,4477164.55,1750231.2,5,8,175,41,0,14,Theater
Sara Bareilles,2026-10-04,,LIVE NATION MUSIC,0.0,0.0,0.0,12,6,27,45,0,1,Theater
America,2026-10-04,,LIVE NATION MUSIC,3837882.2,4477164.55,1750231.2,5,8,175,41,0,14,Theater
Hannah &amp; The Hot Sauce,2026-10-04,,LIVE NATION MUSIC,0.0,2953.46,0.0,0,0,1,0,0,0,Theater
Rochelle Jordan,2026-10-04,,LIVE NATION MUSIC,14680.0,0.0,5240.0,0,0,1,6,0,1,Club
Tou,2026-10-04,,HOUSE OF BLUES CONCERTS (HOB),0.0,348354.82999999996,0.0,0,0,0,1,0,1,Club
Lambrini Girls,2026-10-05,,LIVE NATION MUSIC,295570.81,30009.12,0.0,0,0,6,34,0,0,Club
Of Monsters And Men,2026-10-04,,LIVE NATION MUSIC,673008.22,0.0,0.0,11,5,49,50,1,6,Arena
Of Monsters And Men,2026-10-04,,LIVE NATION MUSIC,673008.22,0.0,0.0,11,5,49,50,1,6,Arena
The California Honeydrops,2026-10-04,,LIVE NATION MUSIC,196173.0,360738.34,203241.5,4,0,12,81,0,1,Club
The California Honeydrops,2026-10-04,,LIVE NATION MUSIC,196173.0,360738.34,203241.5,4,0,12,81,0,1,Club
The Holdup,2026-10-04,,LIVE NATION MUSIC,2881.0,0.0,0.0,0,0,0,19,0,0,Club
Al &amp; Rob Of Moe,2026-10-04,,LIVE NATION MUSIC,0.0,0.0,0.0,0,0,0,2,0,0,Club
Lambrini Girls,2026-10-05,,LIVE NATION MUSIC,295570.81,30009.12,0.0,0,0,6,34,0,0,Club
Train,2026-10-05,,LIVE NATION MUSIC,1892015.96,704827.02,4093507.19,164,18,61,24,5,11,Amphitheatre
Beabadoobee,2026-10-05,,LIVE NATION MUSIC,801797.5,2506361.44,323192.05,1,2,23,27,0,1,Arena
"Chris Brown, Usher",2026-10-05,,LIVE NATION MUSIC,0.0,0.0,0.0,0,0,0,0,18,0,Stadium
Jonas Brothers,2026-10-06,,LIVE NATION MUSIC,49501788.39,30144554.31,109403725.33,75,195,28,1,28,5,Arena
Rush,2026-10-05,,LIVE NATION MUSIC,0.0,0.0,0.0,40,118,1,0,2,8,Arena
The Gathering,2026-10-06,,LIVE NATION MUSIC,0.0,0.0,0.0,0,0,2,0,0,0,Arena
Breaking Benjamin,2026-10-05,,LIVE NATION MUSIC,7744296.6,3109971.11,1340194.0,43,39,34,40,2,3,Amphitheatre
Phish,2026-10-06,,LIVE NATION MUSIC,51719556.83,51805142.03,60505793.5,156,98,10,0,26,5,Amphitheatre
"Salt-N-Pepa, Ginuwine",2026-10-05,,LIVE NATION MUSIC,0.0,0.0,0.0,0,0,1,0,0,0,Amphitheatre
Sleeping With Sirens,2026-10-05,,LIVE NATION MUSIC,0.0,350306.75,319502.92,0,1,30,104,0,5,Club
Jesse Welles,2026-10-05,,LIVE NATION MUSIC,208646.39,0.0,0.0,1,0,4,14,0,0,Club
Bleachers,2026-10-06,,LIVE NATION MUSIC,0.0,4208643.78,0.0,6,4,15,43,0,7,Amphitheatre
Band-Maid,2026-10-05,,LIVE NATION MUSIC,0.0,0.0,116315.42,0,1,0,3,0,0,Club
Artemas,2026-10-05,,LIVE NATION MUSIC,30822.0,725837.64,0.0,0,0,10,22,0,1,Club
Julieta Venegas,2026-10-05,,LIVE NATION MUSIC,361709.8,1062864.7,834939.24,2,3,33,14,1,3,Theater
Forever,2026-10-05,,LIVE NATION MUSIC,70329.51,0.0,0.0,0,1,0,0,0,0,Arena
Taste,2026-10-06,,LIVE NATION MUSIC,0.0,0.0,0.0,0,0,1,1,0,0,Club
Tou,2026-10-05,,LIVE NATION MUSIC,0.0,348354.82999999996,0.0,0,0,0,1,0,1,Club
Bright Eyes,2026-10-06,,LIVE NATION MUSIC,1121653.45,0.0,334447.0,9,0,29,34,2,6,Club
Our Lady Peace,2026-10-05,,FRANK PRODUCTIONS,3127178.77,0.0,33700.0,0,14,13,20,0,1,Club
Olivia O'Brien,2026-10-06,,LIVE NATION MUSIC,0.0,0.0,0.0,0,0,0,8,0,0,Club
The Used,2026-10-05,,LIVE NATION MUSIC,815547.0,611524.01,1524313.71,4,2,37,88,0,3,Arena
glaive,2026-10-06,,LIVE NATION MUSIC,87140.09,0.0,70042.53,0,0,4,26,0,1,Theater
"""Gent Jazz Festival"", Snarky Puppy",2026-10-05,,LIVE NATION MUSIC,0.0,0.0,0.0,0,0,1,0,0,0,Theater
Spite,2026-10-05,,LIVE NATION MUSIC,0.0,37029.77,0.0,0,0,9,33,0,1,Club
The Linda Lindas,2026-10-06,,LIVE NATION MUSIC,101815.99,6550.0,0.0,0,0,1,4,0,0,Club
Two Door Cinema Club,2026-10-06,,LIVE NATION MUSIC,0.0,2811716.67,777788.89,4,7,43,87,3,5,Club
The Royston Club,2026-10-06,,LIVE NATION MUSIC,56883.12,35605.82,13947.95,0,1,3,6,0,0,Club
Freya Skye,2026-10-05,,LIVE NATION MUSIC,0.0,0.0,0.0,0,0,6,2,0,0,Theater
"Dream, Ivory",2026-10-05,,LIVE NATION MUSIC,0.0,0.0,3737.51,0,0,0,4,0,0,Club
The Black Dahlia Murder,2026-10-05,,LIVE NATION MUSIC,0.0,65614.66,163785.56,0,0,21,93,0,2,Theater
Knocked Loose,2026-10-06,,LIVE NATION MUSIC,511899.01,1019550.49,0.0,0,0,14,49,0,1,Club
Knocked Loose,2026-10-06,,LIVE NATION MUSIC,511899.01,1019550.49,0.0,0,0,14,49,0,1,Club
Shaboozey,2026-10-06,,LIVE NATION MUSIC,988231.18,60000.0,0.0,0,0,3,7,0,1,Club
Elder Island,2026-10-06,,LIVE NATION MUSIC,0.0,0.0,0.0,0,0,1,7,0,0,Theater
Avatar,2026-10-05,,LIVE NATION MUSIC,549363.65,456317.3,414674.53,0,1,12,49,0,4,Theater
Rum Jungle,2026-10-05,,LIVE NATION MUSIC,17576.25,7820.81,5022.83,0,0,0,10,0,1,Club
Lauren Sanderson,2026-10-05,,HOUSE OF BLUES CONCERTS (HOB),0.0,20673.0,22912.57,0,0,1,13,0,0,Club
ivri,2026-10-05,,LIVE NATION MUSIC,0.0,0.0,0.0,0,0,0,2,0,0,Club
The Light,2026-10-05,,LIVE NATION MUSIC,0.0,0.0,0.0,0,0,1,0,0,0,Theater
Gorillaz,2026-10-06,,LIVE NATION MUSIC,0.0,0.0,5075.0,8,73,15,1,3,1,Arena
"Mic Crenshaw, Special Guests",2026-10-05,,LIVE NATION TENNESSEE,0.0,0.0,0.0,0,0,0,1,0,0,Club
Chad Gray,2026-10-05,,LIVE NATION MUSIC,0.0,0.0,0.0,0,0,0,1,0,0,Club
Dear Maryanne,2026-10-05,,LIVE NATION MUSIC,0.0,0.0,0.0,0,0,0,1,0,0,Club
Ziggy Marley,2026-10-06,,LIVE NATION MUSIC,431908.07,681037.0,171281.63,33,0,43,31,1,5,Theater
Sun,2026-10-05,,FRANK PRODUCTIONS,2319.81,0.0,0.0,0,0,0,2,0,0,Theater
Jeff Bernat,2026-10-05,,LIVE NATION MUSIC,0.0,55938.73,0.0,0,0,2,14,0,0,Club
Caamp,2026-10-06,,LIVE NATION MUSIC,7520593.07,0.0,3606190.96,28,1,28,53,2,9,Amphitheatre
Ziggy Marley,2026-10-06,,LIVE NATION MUSIC,431908.07,681037.0,171281.63,33,0,43,31,1,5,Theater
Gorillaz,2026-10-06,,LIVE NATION MUSIC,0.0,0.0,5075.0,8,73,15,1,3,1,Arena
Archers,2026-10-05,,LIVE NATION MUSIC,92573.14,3550.0,21965.0,0,0,0,28,0,0,Club
Automatic,2026-10-05,,LIVE NATION MUSIC,3479.78,0.0,9308.6,0,0,0,2,0,0,Club
AZ,2026-10-05,,LIVE NATION MUSIC,75395.0,0.0,0.0,0,0,0,6,0,0,Theater
R&amp;B Vibes Live,2026-10-05,,LIVE NATION MUSIC,0.0,0.0,0.0,0,0,0,2,0,0,Club
The Garden,2026-10-06,,LIVE NATION MUSIC,76155.0,28867.59,207558.5,0,0,5,52,0,4,Theater
Nick Hakim,2026-10-05,,LIVE NATION MUSIC,0.0,0.0,22550.0,0,0,0,12,0,0,Theater
Pete &amp; Bas,2026-10-05,,LIVE NATION MUSIC,19756.22,54277.37,0.0,0,0,0,7,0,0,Club
Thrown,2026-10-06,,LIVE NATION MUSIC,486533.87,19505.85,0.0,0,0,6,34,0,0,Club
Thrown,2026-10-06,,LIVE NATION MUSIC,486533.87,19505.85,0.0,0,0,6,34,0,0,Club
Automatic,2026-10-05,,LIVE NATION MUSIC,3479.78,0.0,9308.6,0,0,0,2,0,0,Club
Pete &amp; Bas,2026-10-05,,LIVE NATION MUSIC,19756.22,54277.37,0.0,0,0,0,7,0,0,Club
"The Morning Kings, New Primitives, The Only, Sunshine &amp; The Night Walkers",2026-10-05,,LIVE NATION MUSIC,0.0,0.0,1583.0,0,0,0,1,0,0,Club
Charli xcx,2026-10-06,,LIVE NATION MUSIC,18148835.74,3165588.7,198001.15,0,9,13,43,1,0,Arena
Bruno Mars,2026-10-06,,LIVE NATION MUSIC,23796194.0,280515343.74,87980695.9,12,221,79,9,45,8,Stadium
Olivia Rodrigo,2026-10-07,,LIVE NATION MUSIC,23420107.2,169307085.8,0.0,0,68,10,2,5,1,Arena
Mumford &amp; Sons,2026-10-06,,LIVE NATION MUSIC,69320239.19,0.0,108400.0,71,157,29,30,23,8,Arena
Gorillaz,2026-10-07,,LIVE NATION MUSIC,0.0,0.0,5075.0,8,73,15,1,3,1,Arena
aespa,2026-10-06,,LIVE NATION MUSIC,14143082.18,2543904.85,5743138.49,0,16,7,1,0,0,Arena
The Smashing Pumpkins,2026-10-06,,LIVE NATION MUSIC,956409.95,4451112.17,12656219.06,29,91,37,25,1,5,Arena
Jack Johnson,2026-10-06,,LIVE NATION MUSIC,0.0,0.0,3419683.68,100,12,18,1,12,15,Amphitheatre
Doja Cat,2026-10-06,,LIVE NATION MUSIC,7384674.46,7298161.81,31988065.4,0,39,0,9,0,0,Arena
The Chicks,2026-10-06,,LIVE NATION MUSIC,0.0,0.0,21183223.21,39,69,4,0,3,0,Arena
Bryson Tiller,2026-10-07,,LIVE NATION MUSIC,0.0,14396903.73,1952369.56,10,20,31,34,0,2,Arena
Phish,2026-10-06,,LIVE NATION MUSIC,51719556.83,51805142.03,60505793.5,156,98,10,0,26,5,Amphitheatre
Phish,2026-10-07,,LIVE NATION MUSIC,51719556.83,51805142.03,60505793.5,156,98,10,0,26,5,Amphitheatre
Shoreline Mafia,2026-10-06,,LIVE NATION MUSIC,755971.0,0.0,0.0,0,2,8,40,0,0,Arena
Foster The People,2026-10-06,,LIVE NATION MUSIC,1851580.29,0.0,0.0,17,7,38,56,2,7,Theater
Skillet,2026-10-07,,LIVE NATION MUSIC,2238507.06,260542.96,1377748.06,6,30,43,67,0,14,Theater
wave to earth,2026-10-06,,LIVE NATION MUSIC,1624927.5,590021.89,112350.0,0,0,8,12,0,0,Club
Bryson Tiller,2026-10-06,,LIVE NATION MUSIC,0.0,14396903.73,1952369.56,10,20,31,34,0,2,Club
Role Model,2026-10-06,,LIVE NATION MUSIC,884833.07,275786.98,0.0,0,0,8,44,0,1,Theater
"Santana, Doobie Brothers",2026-10-06,,LIVE NATION MUSIC,0.0,0.0,0.0,0,4,0,0,0,0,Amphitheatre
Basement,2026-10-07,,LIVE NATION MUSIC,85725.97,42000.0,0.0,0,0,2,25,0,4,Club
Chief Keef,2026-10-06,,LIVE NATION MUSIC,0.0,366115.0,0.0,0,1,6,19,0,0,Club
MONSTA X,2026-10-06,,LIVE NATION MUSIC,0.0,0.0,0.0,0,6,19,2,0,0,Arena
Chance The Rapper,2026-10-06,,LIVE NATION MUSIC,582979.5,0.0,2160801.5,15,25,18,26,1,1,Club
Jesse Welles,2026-10-06,,LIVE NATION MUSIC,208646.39,0.0,0.0,1,0,4,14,0,0,Club
Sleeping With Sirens,2026-10-06,,LIVE NATION MUSIC,0.0,350306.75,319502.92,0,1,30,104,0,5,Club
Stranger,2026-10-06,,LIVE NATION MUSIC,0.0,0.0,0.0,1,0,0,0,0,0,Theater
Chelsea Wolfe,2026-10-06,,LIVE NATION MUSIC,97294.63,261345.05,0.0,0,0,2,49,0,0,Theater
Taking Back Sunday,2026-10-06,,LIVE NATION MUSIC,0.0,1192562.18,59060.0,0,1,32,133,0,8,Club
Jack White,2026-10-06,,LIVE NATION MUSIC,9888079.67,1029333.01,0.0,8,36,58,33,2,4,Amphitheatre
Five Finger Death Punch,2026-10-07,,LIVE NATION MUSIC,485138.13,5167906.39,0.0,12,74,25,39,1,4,Amphitheatre
Malcolm Todd,2026-10-06,,LIVE NATION MUSIC,158405.31,63535.0,0.0,0,0,4,8,0,0,Club
My Morning Jacket,2026-10-06,,LIVE NATION MUSIC,1743077.39,572515.0,3673074.6,58,5,57,23,3,7,Amphitheatre
Tou,2026-10-06,,HOUSE OF BLUES CONCERTS (HOB),0.0,348354.82999999996,0.0,0,0,0,1,0,1,Club
G-Eazy,2026-10-07,,LIVE NATION MUSIC,453863.88,166997.78,53337.0,33,23,54,102,1,4,Amphitheatre
Epik High,2026-10-07,,LIVE NATION MUSIC,0.0,184487.78,400979.87,0,0,5,15,0,0,Club
Five Finger Death Punch,2026-10-07,,LIVE NATION MUSIC,485138.13,5167906.39,0.0,12,74,25,39,1,4,Amphitheatre
Polyphia,2026-10-07,,LIVE NATION MUSIC,0.0,121407.0,744654.76,0,0,3,49,0,1,Theater
Frank Carter &amp; The Rattlesnakes,2026-10-06,,LIVE NATION MUSIC,0.0,641787.98,0.0,0,2,20,36,0,9,Club
Boy Harsher,2026-10-06,,LIVE NATION MUSIC,0.0,0.0,0.0,0,0,1,14,0,1,Theater
Saint Agnes,2026-10-06,,LIVE NATION MUSIC,0.0,7809.110000000001,0.0,0,0,0,9,0,1,Club
Avery,2026-10-07,,LIVE NATION MUSIC,0.0,0.0,0.0,0,0,0,1,0,0,Club
Lola Young,2026-10-06,,LIVE NATION MUSIC,104448.34,527884.5,4125.0,0,0,5,36,0,0,Amphitheatre
Rebecca Black,2026-10-06,,LIVE NATION MUSIC,182900.41,0.0,36513.32,0,0,1,12,0,1,Club
Sawyer Hill,2026-10-07,,LIVE NATION MUSIC,37539.14,18871.47,0.0,0,0,1,10,0,0,Theater
Chad Gray,2026-10-06,,LIVE NATION MUSIC,0.0,0.0,0.0,0,0,0,1,0,0,Club
Soccer Mommy,2026-10-07,,LIVE NATION MUSIC,257014.8,4765.9,92616.97,0,0,7,45,0,1,Theater
Medium Build,2026-10-06,,LIVE NATION MUSIC,51553.06,277378.99,6501.48,0,0,2,32,0,1,Theater
The Royston Club,2026-10-07,,LIVE NATION MUSIC,56883.12,35605.82,13947.95,0,1,3,6,0,0,Club
Beck,2026-10-06,,LIVE NATION MUSIC,1461640.71,626608.75,4873011.17,24,9,29,9,0,4,Theater
glaive,2026-10-07,,LIVE NATION MUSIC,87140.09,0.0,70042.53,0,0,4,26,0,1,Theater
Postmodern Jukebox,2026-10-06,,FRANK PRODUCTIONS,3008960.1,2913423.2,3309873.83,0,9,402,106,0,34,Theater
Our Lady Peace,2026-10-06,,LIVE NATION MUSIC,3127178.77,0.0,33700.0,0,14,13,20,0,1,Theater
The Revivalists,2026-10-07,,LIVE NATION MUSIC,1067861.36,540575.0,5373043.16,27,0,35,86,0,7,Theater
Sons of Legion,2026-10-06,,LIVE NATION MUSIC,0.0,0.0,0.0,0,0,12,29,0,0,Arena
Oso Oso,2026-10-07,,LIVE NATION MUSIC,0.0,7277.0,11250.0,0,0,0,7,0,0,Theater
Ryman Leon,2026-10-06,,LIVE NATION MUSIC,0.0,0.0,0.0,0,0,0,2,0,0,Club
Demon Hunter,2026-10-07,,LIVE NATION MUSIC,17480.0,15615.0,14215.0,0,0,1,17,0,0,Club
Evidence,2026-10-06,,LIVE NATION MUSIC,0.0,0.0,0.0,0,0,0,5,0,0,Club
Amyl and the Sniffers,2026-10-06,,LIVE NATION MUSIC,3061334.92,650407.46,233682.02,4,3,19,43,1,3,Club
Suki Waterhouse,2026-10-06,,LIVE NATION MUSIC,0.0,1845642.36,489285.46,1,0,10,37,0,0,Club
Rum Jungle,2026-10-06,,LIVE NATION MUSIC,17576.25,7820.81,5022.83,0,0,0,10,0,1,Club
Lost,2026-10-06,,HOUSE OF BLUES CONCERTS (HOB),0.0,0.0,36826.43,0,0,0,5,0,0,Club
Belles,2026-10-06,,LIVE NATION MUSIC,725.0,970.0,0.0,0,0,0,2,0,0,Club
Suki Waterhouse,2026-10-06,,LIVE NATION MUSIC,0.0,1845642.36,489285.46,1,0,10,37,0,0,Theater
Claire Rosinkranz,2026-10-06,,HOUSE OF BLUES CONCERTS (HOB),0.0,0.0,83287.5,0,0,0,11,0,0,Club
Infinity Song,2026-10-07,,LIVE NATION MUSIC,149890.11,94043.65,0.0,0,0,1,31,0,0,Club
Larger Than Life,2026-10-06,,HOUSE OF BLUES CONCERTS (HOB),0.0,0.0,0.0,1,0,0,0,0,0,Amphitheatre
Audrey Hobert,2026-10-06,,LIVE NATION MUSIC,78692.06,0.0,0.0,0,0,6,9,0,1,Theater
Mastodon,2026-10-06,,LIVE NATION MUSIC,0.0,178040.83000000002,1899213.01,3,6,42,78,0,1,Club
Sara Bareilles,2026-10-06,,LIVE NATION MUSIC,0.0,0.0,0.0,12,6,27,45,0,1,Theater
Sara Bareilles,2026-10-06,,LIVE NATION MUSIC,0.0,0.0,0.0,12,6,27,45,0,1,Theater
Roma,2026-10-06,,LIVE NATION MUSIC,0.0,0.0,0.0,0,0,0,1,0,0,Club
Cash,2026-10-06,,FRANK PRODUCTIONS,0.0,0.0,5772.25,0,0,3,0,0,0,Theater
The Linda Lindas,2026-10-07,,LIVE NATION MUSIC,101815.99,6550.0,0.0,0,0,1,4,0,0,Club
Audrey Hobert,2026-10-06,,LIVE NATION MUSIC,78692.06,0.0,0.0,0,0,6,9,0,1,Theater
The Haunt,2026-10-07,,HOUSE OF BLUES CONCERTS (HOB),21115.76,0.0,0.0,0,0,0,10,0,0,Club
Illy,2026-10-06,,LIVE NATION MUSIC,20357.47,0.0,0.0,0,0,0,7,0,0,Club
"Black Country, New Road",2026-10-06,,LIVE NATION MUSIC,232438.89,262065.06,182437.63,0,0,12,12,0,0,Club
Fightmaster,2026-10-06,,LIVE NATION MUSIC,0.0,6984.0,0.0,0,0,0,2,0,0,Club
Blitzkid,2026-10-06,,LIVE NATION MUSIC,0.0,0.0,0.0,0,0,0,7,0,2,Club
Public,2026-10-06,,LIVE NATION MUSIC,0.0,0.0,0.0,0,0,0,4,0,0,Theater
Holywatr,2026-10-06,,LIVE NATION MUSIC,10133.0,0.0,0.0,0,0,0,3,0,0,Club
PRESIDENT,2026-10-06,,LIVE NATION MUSIC,0.0,0.0,0.0,0,0,1,2,0,0,Theater
Chat Pile,2026-10-06,,LIVE NATION MUSIC,0.0,7187.0,8340.0,0,0,0,3,0,0,Theater
Mastodon,2026-10-06,,LIVE NATION MUSIC,0.0,178040.83000000002,1899213.01,3,6,42,78,0,1,Club
"In, Flew Ants",2026-10-06,,LIVE NATION MUSIC,0.0,0.0,0.0,0,0,0,2,0,0,Club
Annie DiRusso,2026-10-06,,LIVE NATION MUSIC,40042.24,34776.5,14742.81,0,0,1,10,0,1,Club
Chat Pile,2026-10-06,,LIVE NATION MUSIC,0.0,7187.0,8340.0,0,0,0,3,0,0,Theater
The Linda Lindas,2026-10-07,,LIVE NATION MUSIC,101815.99,6550.0,0.0,0,0,1,4,0,0,Club
"Black Country, New Road",2026-10-06,,LIVE NATION MUSIC,232438.89,262065.06,182437.63,0,0,12,12,0,0,Club
Blitzkid,2026-10-06,,LIVE NATION MUSIC,0.0,0.0,0.0,0,0,0,7,0,2,Club
Illy,2026-10-06,,LIVE NATION MUSIC,20357.47,0.0,0.0,0,0,0,7,0,0,Club
Fightmaster,2026-10-06,,LIVE NATION MUSIC,0.0,6984.0,0.0,0,0,0,2,0,0,Club
Harry Styles,2026-10-07,,LIVE NATION MUSIC,0.0,0.0,252490036.3,1,117,15,2,33,5,Arena
Rod Wave,2026-10-07,,LIVE NATION MUSIC,19871622.03,44782080.52,58117202.64,1,84,1,0,0,0,Arena
Olivia Rodrigo,2026-10-08,,LIVE NATION MUSIC,23420107.2,169307085.8,0.0,0,68,10,2,5,1,Arena
Mumford &amp; Sons,2026-10-07,,LIVE NATION MUSIC,69320239.19,0.0,108400.0,71,157,29,30,23,8,Arena
Jonas Brothers,2026-10-08,,LIVE NATION MUSIC,49501788.39,30144554.31,109403725.33,75,195,28,1,28,5,Arena
Bruno Mars,2026-10-07,,LIVE NATION MUSIC,23796194.0,280515343.74,87980695.9,12,221,79,9,45,8,Stadium
Rush,2026-10-07,,LIVE NATION MUSIC,0.0,0.0,0.0,40,118,1,0,2,8,Arena
The Gathering,2026-10-07,,FRANK PRODUCTIONS,0.0,0.0,0.0,0,0,2,0,0,0,Theater
Chris Stapleton,2026-10-07,,LIVE NATION MUSIC,45673908.76,78825261.73,15339749.0,165,154,22,24,20,4,Arena
Bring Me The Horizon,2026-10-08,,LIVE NATION MUSIC,2580349.61,18325898.56,4881944.25,4,72,41,69,2,3,Arena
Staind,2026-10-07,,LIVE NATION MUSIC,1417594.5,2423123.19,729547.4,5,9,7,9,0,3,Amphitheatre
Foster The People,2026-10-07,,LIVE NATION MUSIC,1851580.29,0.0,0.0,17,7,38,56,2,7,Club
Dan + Shay,2026-10-08,,LIVE NATION MUSIC,0.0,23220519.09,2076160.61,32,54,33,41,1,8,Arena
The Chicks,2026-10-07,,LIVE NATION MUSIC,0.0,0.0,21183223.21,39,69,4,0,3,0,Arena
Knocked Loose,2026-10-08,,LIVE NATION MUSIC,511899.01,1019550.49,0.0,0,0,14,49,0,1,Club
Empire Of The Sun,2026-10-07,,LIVE NATION MUSIC,4644398.53,1215090.17,546678.79,15,2,20,14,2,3,Theater
"Salt-N-Pepa, Ginuwine",2026-10-07,,LIVE NATION MUSIC,0.0,0.0,0.0,0,0,1,0,0,0,Amphitheatre
Breaking Benjamin,2026-10-07,,LIVE NATION MUSIC,7744296.6,3109971.11,1340194.0,43,39,34,40,2,3,Amphitheatre
Suki Waterhouse,2026-10-07,,LIVE NATION MUSIC,0.0,1845642.36,489285.46,1,0,10,37,0,0,Theater
Tou,2026-10-07,,LIVE NATION MUSIC,0.0,348354.82999999996,0.0,0,0,0,1,0,1,Club
wave to earth,2026-10-07,,LIVE NATION MUSIC,1624927.5,590021.89,112350.0,0,0,8,12,0,0,Amphitheatre
America,2026-10-07,,LIVE NATION MUSIC,3837882.2,4477164.55,1750231.2,5,8,175,41,0,14,Theater
PRESIDENT,2026-10-07,,LIVE NATION MUSIC,0.0,0.0,0.0,0,0,1,2,0,0,Club
Schoolboy Q,2026-10-07,,LIVE NATION MUSIC,0.0,31295.0,0.0,0,5,16,38,0,1,Club
The Midnight,2026-10-07,,LIVE NATION MUSIC,211693.69,301290.25,609328.26,1,0,22,50,0,2,Club
Beck,2026-10-07,,LIVE NATION MUSIC,1461640.71,626608.75,4873011.17,24,9,29,9,0,4,Theater
Skillet,2026-10-08,,LIVE NATION MUSIC,2238507.06,260542.96,1377748.06,6,30,43,67,0,14,Theater
Five Finger Death Punch,2026-10-08,,LIVE NATION MUSIC,485138.13,5167906.39,0.0,12,74,25,39,1,4,Amphitheatre
Role Model,2026-10-07,,LIVE NATION MUSIC,884833.07,275786.98,0.0,0,0,8,44,0,1,Amphitheatre
Switchfoot,2026-10-08,,LIVE NATION MUSIC,181031.87,600305.9299999999,763943.0,5,6,80,76,1,17,Theater
Chance The Rapper,2026-10-07,,LIVE NATION MUSIC,582979.5,0.0,2160801.5,15,25,18,26,1,1,Theater
Taste,2026-10-08,,LIVE NATION MUSIC,0.0,0.0,0.0,0,0,1,1,0,0,Club
G-Eazy,2026-10-08,,LIVE NATION MUSIC,453863.88,166997.78,53337.0,33,23,54,102,1,4,Amphitheatre
Artemas,2026-10-07,,LIVE NATION MUSIC,30822.0,725837.64,0.0,0,0,10,22,0,1,Club
The Valley,2026-10-07,,LIVE NATION MUSIC,0.0,0.0,0.0,0,0,0,1,0,0,Club
Tinlicker,2026-10-07,,LIVE NATION MUSIC,0.0,288077.94,226265.83,0,1,4,11,0,1,Club
Lost,2026-10-07,,HOUSE OF BLUES CONCERTS (HOB),0.0,0.0,36826.43,0,0,0,5,0,0,Club
Rise Against,2026-10-07,,LIVE NATION MUSIC,4277860.61,678554.91,194297.26,27,65,68,73,4,10,Theater
My Morning Jacket,2026-10-07,,LIVE NATION MUSIC,1743077.39,572515.0,3673074.6,58,5,57,23,3,7,Amphitheatre
Gregory Alan Isakov,2026-10-08,,LIVE NATION MUSIC,1136588.56,2282168.03,2303729.39,6,0,59,100,1,5,Amphitheatre
Band-Maid,2026-10-07,,LIVE NATION MUSIC,0.0,0.0,116315.42,0,1,0,3,0,0,Theater
The Bobby Lees,2026-10-08,,LIVE NATION MUSIC,0.0,0.0,5300.0,0,0,0,1,0,0,Club
Malcolm Todd,2026-10-07,,LIVE NATION MUSIC,158405.31,63535.0,0.0,0,0,4,8,0,0,Club
Ravyn Lenae,2026-10-08,,LIVE NATION MUSIC,318280.19,84165.32,42115.0,0,0,1,15,0,0,Club
"Melissa Etheridge, Wynonna Judd",2026-10-08,,LIVE NATION MUSIC,0.0,0.0,0.0,3,0,0,0,0,0,Amphitheatre
Blonde Redhead,2026-10-07,,LIVE NATION MUSIC,0.0,123970.18,148727.71,0,0,6,53,0,1,Club
JPEGMafia,2026-10-08,,LIVE NATION MUSIC,557173.07,1250847.08,390783.87,1,0,19,57,0,1,Club
Finn Wolfhard,2026-10-07,,LIVE NATION MUSIC,42192.15,0.0,0.0,0,0,2,3,0,0,Club
Sara Bareilles,2026-10-07,,LIVE NATION MUSIC,0.0,0.0,0.0,12,6,27,45,0,1,Arena
Last Dinosaurs,2026-10-07,,LIVE NATION MUSIC,84758.0,0.0,0.0,0,0,2,17,0,1,Club
Black Jacket Symphony,2026-10-08,,EMPORIUM PRESENTS,669067.4,782504.15,627644.4,0,0,133,38,0,1,Theater
Vitamin String Quartet,2026-10-08,,LIVE NATION MUSIC,481511.65,644979.35,11285.0,0,0,36,8,0,0,Theater
Freya Skye,2026-10-07,,LIVE NATION MUSIC,0.0,0.0,0.0,0,0,6,2,0,0,Theater
America,2026-10-07,,LIVE NATION MUSIC,3837882.2,4477164.55,1750231.2,5,8,175,41,0,14,Arena
M,2026-10-07,,LIVE NATION MUSIC,0.0,0.0,286459.73,0,0,2,0,0,0,Theater
Modest Mouse,2026-10-08,,LIVE NATION MUSIC,830855.2,1391230.25,494004.69,36,5,80,65,2,9,Theater
Ryan Beatty,2026-10-07,,LIVE NATION MUSIC,0.0,164812.0,12100.0,0,1,3,17,0,0,Theater
Stranger,2026-10-07,,LIVE NATION MUSIC,0.0,0.0,0.0,1,0,0,0,0,0,Amphitheatre
Mastodon,2026-10-07,,LIVE NATION MUSIC,0.0,178040.83000000002,1899213.01,3,6,42,78,0,1,Arena
Modest Mouse,2026-10-08,,LIVE NATION MUSIC,830855.2,1391230.25,494004.69,36,5,80,65,2,9,Theater
Switchfoot,2026-10-07,,LIVE NATION MUSIC,181031.87,600305.9299999999,763943.0,5,6,80,76,1,17,Theater
Owen Riegling,2026-10-08,,LIVE NATION MUSIC,0.0,18187.81,0.0,0,0,1,1,0,0,Club
Medium Build,2026-10-08,,LIVE NATION MUSIC,51553.06,277378.99,6501.48,0,0,2,32,0,1,Club
George Birge,2026-10-08,,LIVE NATION MUSIC,0.0,2624.0,0.0,0,0,1,3,0,0,Club
40 Fingers,2026-10-08,,LIVE NATION MUSIC,47718.649999999994,0.0,70824.0,0,1,8,13,0,4,Arena
Justin Nozuka,2026-10-07,,LIVE NATION MUSIC,0.0,6584.0,13209.92,0,0,5,28,0,3,Club
Leap,2026-10-07,,LIVE NATION MUSIC,26077.87,26464.69,10457.61,0,0,1,7,0,2,Club
Thrown,2026-10-08,,LIVE NATION MUSIC,486533.87,19505.85,0.0,0,0,6,34,0,0,Theater
Willow Avalon,2026-10-07,,FRANK PRODUCTIONS,86780.26999999999,0.0,0.0,0,0,2,9,0,0,Club
Isaiah Falls,2026-10-08,,LIVE NATION MUSIC,30872.0,0.0,0.0,0,0,0,2,0,0,Theater
Ben &amp; Rose,2026-10-07,,LIVE NATION MUSIC,0.0,0.0,0.0,0,0,1,0,0,0,Theater
Trampled By Turtles,2026-10-08,,LIVE NATION MUSIC,739939.77,880795.05,730968.0,19,7,68,95,0,4,Amphitheatre
Joe Jordan,2026-10-07,,HOUSE OF BLUES CONCERTS (HOB),5540.0,0.0,0.0,0,0,0,4,0,0,Club
Griff,2026-10-07,,LIVE NATION MUSIC,0.0,1085941.84,10392.66,0,1,5,18,0,0,Club
Larger Than Life,2026-10-07,,LIVE NATION MUSIC,0.0,0.0,0.0,1,0,0,0,0,0,Club
Willi Carlisle,2026-10-07,,LIVE NATION TENNESSEE,15075.54,10779.63,14929.1,0,0,1,15,0,1,Club
Peppermint,2026-10-07,,LIVE NATION MUSIC,0.0,0.0,0.0,0,0,0,3,0,0,Club
Caamp,2026-10-07,,LIVE NATION MUSIC,7520593.07,0.0,3606190.96,28,1,28,53,2,9,Theater
"Dominic Sen, Noia",2026-10-07,,LIVE NATION MUSIC,0.0,0.0,0.0,0,0,0,1,0,0,Club
"Jay Park, LNGSHOT, BIBI, Milli, AI, Kvi Baba",2026-10-07,,FRANK PRODUCTIONS,0.0,0.0,0.0,0,0,0,0,0,1,Theater
Noga Erez,2026-10-07,,HOUSE OF BLUES CONCERTS (HOB),534349.27,0.0,0.0,1,0,4,24,0,0,Club
Caamp,2026-10-07,,LIVE NATION MUSIC,7520593.07,0.0,3606190.96,28,1,28,53,2,9,Theater
Kenny Wayne Shepherd,2026-10-07,,LIVE NATION MUSIC,512523.77,1084321.07,3587479.38,9,0,139,67,0,17,Theater
Kenny Wayne Shepherd,2026-10-07,,LIVE NATION MUSIC,512523.77,1084321.07,3587479.38,9,0,139,67,0,17,Theater
LAERZ,2026-10-07,,LIVE NATION MUSIC,0.0,0.0,0.0,0,0,0,1,0,0,Club
LAERZ,2026-10-07,,LIVE NATION MUSIC,0.0,0.0,0.0,0,0,0,1,0,0,Club
Pete &amp; Bas,2026-10-07,,LIVE NATION MUSIC,19756.22,54277.37,0.0,0,0,0,7,0,0,Theater
"The Morning Kings, New Primitives, The Only, Sunshine &amp; The Night Walkers",2026-10-07,,LIVE NATION MUSIC,0.0,0.0,1583.0,0,0,0,1,0,0,Club
Metallica,2026-10-08,,LIVE NATION MUSIC,137107458.47,179373637.38,146435306.85,0,95,4,4,135,10,Stadium
Metallica,2026-10-08,,LIVE NATION MUSIC,137107458.47,179373637.38,146435306.85,0,95,4,4,135,10,Stadium
Rod Wave,2026-10-08,,LIVE NATION MUSIC,19871622.03,44782080.52,58117202.64,1,84,1,0,0,0,Arena
Gorillaz,2026-10-08,,LIVE NATION MUSIC,0.0,0.0,5075.0,8,73,15,1,3,1,Arena
El Mundo,2026-10-09,,LIVE NATION MUSIC,0.0,0.0,0.0,0,0,1,0,0,0,Stadium
Doja Cat,2026-10-08,,LIVE NATION MUSIC,7384674.46,7298161.81,31988065.4,0,39,0,9,0,0,Arena
Dan + Shay,2026-10-09,,LIVE NATION MUSIC,0.0,23220519.09,2076160.61,32,54,33,41,1,8,Arena
Shoreline Mafia,2026-10-08,,LIVE NATION MUSIC,755971.0,0.0,0.0,0,2,8,40,0,0,Amphitheatre
Phish,2026-10-09,,LIVE NATION MUSIC,51719556.83,51805142.03,60505793.5,156,98,10,0,26,5,Arena
Fuerza Regida,2026-10-08,,LIVE NATION MUSIC,8831401.1,61688406.68,40356839.51,6,68,5,0,12,0,Amphitheatre
Mumford &amp; Sons,2026-10-08,,LIVE NATION MUSIC,69320239.19,0.0,108400.0,71,157,29,30,23,8,Amphitheatre
Brad Paisley,2026-10-08,,LIVE NATION MUSIC,5128820.34,1893483.75,0.0,233,177,13,3,4,5,Amphitheatre
"""Laughs, Music, &amp; Vibes""",2026-10-09,,LIVE NATION MUSIC,0.0,0.0,0.0,0,0,0,1,0,0,Club
MONSTA X,2026-10-08,,LIVE NATION MUSIC,0.0,0.0,0.0,0,6,19,2,0,0,Theater
Bryson Tiller,2026-10-09,,LIVE NATION MUSIC,0.0,14396903.73,1952369.56,10,20,31,34,0,2,Amphitheatre
Neon Moon,2026-10-08,,LIVE NATION MUSIC,24927.0,0.0,0.0,0,0,1,1,0,0,Club
Tedeschi Trucks Band,2026-10-09,,LIVE NATION MUSIC,5978304.630000001,9551174.93,7870383.93,98,7,225,24,2,8,Amphitheatre
Geese,2026-10-08,,LIVE NATION MUSIC,156640.0,29014.0,20820.18,0,0,1,30,0,2,Theater
Avatar,2026-10-09,,LIVE NATION MUSIC,549363.65,456317.3,414674.53,0,1,12,49,0,4,Club
Cavetown,2026-10-08,,LIVE NATION MUSIC,0.0,444645.86,1226221.94,2,1,17,39,0,6,Club
"""Les Nits de Barcelona"", Sting",2026-10-08,,LIVE NATION MUSIC,0.0,0.0,0.0,0,0,0,0,0,1,Theater
Basement,2026-10-09,,LIVE NATION MUSIC,85725.97,42000.0,0.0,0,0,2,25,0,4,Club
Jacob Collier,2026-10-08,,LIVE NATION MUSIC,2083471.94,3700744.51,623705.63,1,3,28,25,2,6,Theater
Suki Waterhouse,2026-10-08,,LIVE NATION MUSIC,0.0,1845642.36,489285.46,1,0,10,37,0,0,Club
The Black Dahlia Murder,2026-10-09,,LIVE NATION MUSIC,0.0,65614.66,163785.56,0,0,21,93,0,2,Theater
Wyatt Flores,2026-10-08,,LIVE NATION MUSIC,221710.27,925820.77,33065.0,0,0,10,20,0,3,Theater
G-Eazy,2026-10-09,,LIVE NATION MUSIC,453863.88,166997.78,53337.0,33,23,54,102,1,4,Amphitheatre
Palace,2026-10-08,,LIVE NATION MUSIC,216325.96,176855.55,138298.91,0,0,7,19,0,1,Club
Bethel Music,2026-10-09,,LIVE NATION MUSIC,972671.18,0.0,466550.0,0,6,66,4,0,6,Theater
Dermot Kennedy,2026-10-08,,LIVE NATION MUSIC,132950.5,0.0,19937522.59,6,39,52,59,10,4,Arena
CupcakKe,2026-10-09,,LIVE NATION MUSIC,84640.0,185280.07,588884.75,1,0,9,88,0,0,Club
Broadway,2026-10-09,,LIVE NATION MUSIC,0.0,0.0,0.0,0,0,0,2,0,0,Theater
Clint Black,2026-10-09,,LIVE NATION MUSIC,1703536.07,2126718.27,930958.82,11,15,178,14,0,30,Amphitheatre
Taste,2026-10-09,,LIVE NATION MUSIC,0.0,0.0,0.0,0,0,1,1,0,0,Theater
Waylon Wyatt,2026-10-08,,LIVE NATION MUSIC,105369.14,0.0,0.0,0,0,2,6,0,0,Club
UB40,2026-10-08,,LIVE NATION MUSIC,253537.51,5742450.69,2259277.81,7,34,50,22,0,4,Theater
Turnpike Troubadours,2026-10-09,,LIVE NATION MUSIC,2057615.5,4318554.92,3521142.51,29,12,42,108,4,11,Amphitheatre
ROA,2026-10-08,,LIVE NATION MUSIC,76190.94,0.0,0.0,0,1,4,3,0,0,Theater
Trampled By Turtles,2026-10-09,,LIVE NATION MUSIC,739939.77,880795.05,730968.0,19,7,68,95,0,4,Club
Everything,2026-10-09,,HOUSE OF BLUES CONCERTS (HOB),0.0,0.0,0.0,0,0,0,1,0,0,Club
Sleeping With Sirens,2026-10-08,,LIVE NATION MUSIC,0.0,350306.75,319502.92,0,1,30,104,0,5,Club
Celtic Thunder,2026-10-08,,LIVE NATION MUSIC,191476.2,872086.98,936120.37,1,62,263,6,0,26,Theater
Tedeschi Trucks Band,2026-10-09,,LIVE NATION MUSIC,5978304.630000001,9551174.93,7870383.93,98,7,225,24,2,8,Amphitheatre
Black Jacket Symphony,2026-10-09,,EMPORIUM PRESENTS,669067.4,782504.15,627644.4,0,0,133,38,0,1,Theater
Noga Erez,2026-10-08,,HOUSE OF BLUES CONCERTS (HOB),534349.27,0.0,0.0,1,0,4,24,0,0,Club
Eslabon Armado,2026-10-08,,LIVE NATION MUSIC,1739272.04,1261289.0,3416776.95,1,7,19,1,0,0,Theater
"""British Rock Royalty - Celebrating The Music Of Pink Floyd, Queen, The Who &amp; Led Zeppelin""",2026-10-08,,LIVE NATION MUSIC,0.0,0.0,0.0,1,0,2,0,0,0,Arena
"The A, B, C &amp; D Of Boogie Woogie",2026-10-09,,LIVE NATION MUSIC,0.0,0.0,0.0,0,0,0,1,0,0,Club
Twin Temple,2026-10-08,,LIVE NATION MUSIC,0.0,0.0,0.0,0,0,2,5,0,0,Club
Buddy Guy,2026-10-08,,LIVE NATION MUSIC,917688.88,1872516.73,2376890.29,21,6,261,57,1,30,Theater
Emei,2026-10-08,,LIVE NATION MUSIC,147261.76,63873.5,0.0,0,0,0,17,0,1,Theater
Dwight Yoakam,2026-10-08,,LIVE NATION MUSIC,6372465.2700000005,4536637.12,4270697.82,49,50,145,23,0,27,Amphitheatre
oskar med k,2026-10-08,,LIVE NATION MUSIC,12958.9,0.0,0.0,0,0,0,3,0,0,Club
Ryan Beatty,2026-10-08,,LIVE NATION MUSIC,0.0,164812.0,12100.0,0,1,3,17,0,0,Theater
Blonde Redhead,2026-10-08,,LIVE NATION MUSIC,0.0,123970.18,148727.71,0,0,6,53,0,1,Club
Foster The People,2026-10-08,,LIVE NATION MUSIC,1851580.29,0.0,0.0,17,7,38,56,2,7,Arena
YT,2026-10-09,,LIVE NATION MUSIC,31993.79,0.0,0.0,0,0,0,3,0,0,Theater
Judah &amp; The Lion,2026-10-08,,LIVE NATION MUSIC,74475.0,108536.7,156098.0,1,0,33,100,0,3,Club
Sara Bareilles,2026-10-08,,LIVE NATION MUSIC,0.0,0.0,0.0,12,6,27,45,0,1,Arena
Forever,2026-10-08,,LIVE NATION MUSIC,70329.51,0.0,0.0,0,1,0,0,0,0,Theater
Ultimate Eagles,2026-10-08,,FRANK PRODUCTIONS,0.0,0.0,0.0,0,0,0,4,0,2,Theater
Michael Franti &amp; Spearhead,2026-10-09,,LIVE NATION MUSIC,808998.5,6993576.6,4151183.84,113,3,86,115,2,32,Club
KNOX,2026-10-09,,LIVE NATION MUSIC,41961.0,18594.0,0.0,0,0,0,6,0,0,Club
"Memphis May Fire, Rain City Drive, Nevertel, If Not For Me",2026-10-09,,LIVE NATION MUSIC,34480.0,0.0,0.0,0,0,0,1,0,0,Theater
Bleachers,2026-10-08,,LIVE NATION MUSIC,0.0,4208643.78,0.0,6,4,15,43,0,7,Club
Tennis,2026-10-09,,LIVE NATION MUSIC,338492.55,0.0,600832.26,1,0,10,96,0,1,Club
Amyl and the Sniffers,2026-10-08,,LIVE NATION MUSIC,3061334.92,650407.46,233682.02,4,3,19,43,1,3,Club
Friday,2026-10-09,,LIVE NATION MUSIC,0.0,0.0,0.0,0,0,0,1,0,0,Theater
Ingrid Andress,2026-10-08,,LIVE NATION MUSIC,0.0,0.0,52989.3,0,0,0,11,0,0,Club
Arrows In Action,2026-10-08,,LIVE NATION MUSIC,13082.73,34183.25,19376.53,0,0,0,14,0,0,Club
"Mic Crenshaw, Special Guests",2026-10-08,,LIVE NATION MUSIC,0.0,0.0,0.0,0,0,0,1,0,0,Theater
"The Beths, Beach Bunny",2026-10-08,,FRANK PRODUCTIONS,0.0,0.0,0.0,0,0,0,1,0,0,Club
Tinlicker,2026-10-08,,LIVE NATION MUSIC,0.0,288077.94,226265.83,0,1,4,11,0,1,Club
edgehill,2026-10-08,,LIVE NATION MUSIC,0.0,0.0,0.0,0,0,0,1,0,0,Club
Stephen Dawes,2026-10-08,,LIVE NATION MUSIC,0.0,0.0,0.0,0,0,0,1,0,0,Club
Russian Circles,2026-10-08,,FRANK PRODUCTIONS,18055.0,0.0,0.0,0,0,3,51,0,0,Club
The Dolls,2026-10-08,,LIVE NATION MUSIC,0.0,0.0,0.0,0,0,1,0,0,0,Theater
Bad Nerves,2026-10-08,,HOUSE OF BLUES CONCERTS (HOB),64300.42,29070.47,4747.71,0,0,1,12,0,2,Club
Mike DelGuidice,2026-10-09,,LIVE NATION MUSIC,41651.6,352742.89,412679.95,0,1,11,42,0,2,Club
Joe Jordan,2026-10-08,,HOUSE OF BLUES CONCERTS (HOB),5540.0,0.0,0.0,0,0,0,4,0,0,Club
Finn Wolfhard,2026-10-08,,LIVE NATION TENNESSEE,42192.15,0.0,0.0,0,0,2,3,0,0,Club
AJJ,2026-10-09,,LIVE NATION MUSIC,0.0,0.0,58614.0,0,0,3,41,0,2,Theater
Rain,2026-10-08,,LIVE NATION MUSIC,0.0,0.0,207956.5,1,1,4,0,0,1,Theater
The Rasmus,2026-10-08,,LIVE NATION MUSIC,881295.03,0.0,269453.58,0,4,13,29,0,21,Theater
Free Throw,2026-10-09,,LIVE NATION MUSIC,7170.66,12411.08,41648.0,1,0,1,17,0,2,Club
The Rush Tribute Project,2026-10-08,,LIVE NATION MUSIC,548321.85,62212.5,173466.09,0,1,42,2,0,1,Theater
Cowboys &amp; Frenchmen,2026-10-08,,LIVE NATION MUSIC,0.0,0.0,0.0,0,0,0,1,0,0,Theater
The Brook &amp; The Bluff,2026-10-08,,LIVE NATION MUSIC,0.0,54224.59,250521.71,0,0,7,35,0,1,Club
Sons of Legion,2026-10-08,,LIVE NATION MUSIC,0.0,0.0,0.0,0,0,12,29,0,0,Theater
Son Lux,2026-10-08,,LIVE NATION MUSIC,0.0,0.0,21247.36,0,0,4,27,0,0,Club
Paige Fish,2026-10-08,,HOUSE OF BLUES CONCERTS (HOB),9092.75,0.0,0.0,0,0,0,2,0,0,Club
Sunday (1994),2026-10-08,,LIVE NATION MUSIC,24062.46,3095.15,0.0,0,0,0,6,0,0,Club
elijah,2026-10-08,,LIVE NATION MUSIC,15245.0,0.0,0.0,0,0,0,1,0,0,Club
Bongzilla,2026-10-08,,FRANK PRODUCTIONS,5815.0,0.0,9487.0,0,0,0,8,0,0,Club
"""Past, Present, Future: A Dance Gala""",2026-10-09,,LIVE NATION MUSIC,0.0,0.0,0.0,0,0,1,0,0,0,Theater
Brothers,2026-10-09,,LIVE NATION MUSIC,0.0,0.0,0.0,0,0,1,3,0,0,Club
DJ Pauly D,2026-10-09,,LIVE NATION MUSIC,179775.0,398746.0,426207.0,1,0,6,49,0,9,Club
Tommy Emmanuel,2026-10-08,,LIVE NATION MUSIC,381234.37,414263.54,630168.4299999999,0,1,267,67,0,20,Theater
Tommy Emmanuel,2026-10-08,,LIVE NATION MUSIC,381234.37,414263.54,630168.4299999999,0,1,267,67,0,20,Arena
DJ Pauly D,2026-10-09,,LIVE NATION MUSIC,179775.0,398746.0,426207.0,1,0,6,49,0,9,Club
Rav,2026-10-09,,LIVE NATION MUSIC,0.0,0.0,7775.0,0,0,0,4,0,0,Club
Xperience,2026-10-09,,LIVE NATION MUSIC,0.0,0.0,0.0,0,0,0,2,0,0,Club
Free Throw,2026-10-09,,LIVE NATION MUSIC,7170.66,12411.08,41648.0,1,0,1,17,0,2,Club
George Birge,2026-10-09,,LIVE NATION MUSIC,0.0,2624.0,0.0,0,0,1,3,0,0,Club
Rav,2026-10-09,,LIVE NATION MUSIC,0.0,0.0,7775.0,0,0,0,4,0,0,Club
The Rush Tribute Project,2026-10-08,,LIVE NATION MUSIC,548321.85,62212.5,173466.09,0,1,42,2,0,1,Arena
Vincent Neil Emerson,2026-10-08,,LIVE NATION MUSIC,32285.09,10571.0,14619.0,0,0,0,17,0,0,Club
Lakeview,2026-10-08,,LIVE NATION MUSIC,21715.0,2531.02,3539.0,0,0,0,14,0,0,Club
The Brook &amp; The Bluff,2026-10-08,,LIVE NATION MUSIC,0.0,54224.59,250521.71,0,0,7,35,0,1,Club
Alana Springsteen,2026-10-08,,LIVE NATION MUSIC,0.0,52860.5,44910.24,0,0,2,12,0,1,Club
"""Past, Present, Future: A Dance Gala""",2026-10-08,,LIVE NATION MUSIC,0.0,0.0,0.0,0,0,1,0,0,0,Theater
Pete &amp; Bas,2026-10-08,,LIVE NATION MUSIC,19756.22,54277.37,0.0,0,0,0,7,0,0,Club
Lakeview,2026-10-08,,LIVE NATION MUSIC,21715.0,2531.02,3539.0,0,0,0,14,0,0,Club
Bear,2026-10-08,,LIVE NATION MUSIC,0.0,0.0,0.0,0,0,0,1,0,0,Club
Alana Springsteen,2026-10-08,,LIVE NATION MUSIC,0.0,52860.5,44910.24,0,0,2,12,0,1,Club
Bear,2026-10-08,,LIVE NATION MUSIC,0.0,0.0,0.0,0,0,0,1,0,0,Club
"Chris Brown, Usher",2026-10-09,,LIVE NATION MUSIC,0.0,0.0,0.0,0,0,0,0,18,0,Stadium
Harry Styles,2026-10-09,,LIVE NATION MUSIC,0.0,0.0,252490036.3,1,117,15,2,33,5,Arena
The Neighbourhood,2026-10-09,,LIVE NATION MUSIC,0.0,0.0,0.0,1,16,28,68,1,0,Club
The Gathering,2026-10-10,,LIVE NATION MUSIC,0.0,0.0,0.0,0,0,2,0,0,0,Arena
The Gathering,2026-10-09,,LIVE NATION MUSIC,0.0,0.0,0.0,0,0,2,0,0,0,Arena
Neon Moon,2026-10-09,,LIVE NATION MUSIC,24927.0,0.0,0.0,0,0,1,1,0,0,Arena
Rock,2026-10-09,,LIVE NATION MUSIC,0.0,0.0,0.0,0,0,0,1,0,0,Arena
aespa,2026-10-09,,LIVE NATION MUSIC,14143082.18,2543904.85,5743138.49,0,16,7,1,0,0,Arena
Fuerza Regida,2026-10-09,,LIVE NATION MUSIC,8831401.1,61688406.68,40356839.51,6,68,5,0,12,0,Amphitheatre
Arcángel,2026-10-09,,LIVE NATION MUSIC,0.0,5578759.22,9635530.99,2,31,5,0,4,1,Arena
Breaking Benjamin,2026-10-10,,LIVE NATION MUSIC,7744296.6,3109971.11,1340194.0,43,39,34,40,2,3,Amphitheatre
Maná,2026-10-09,,LIVE NATION MUSIC,0.0,0.0,0.0,0,1,0,0,0,0,Arena
Shoreline Mafia,2026-10-09,,LIVE NATION MUSIC,755971.0,0.0,0.0,0,2,8,40,0,0,Amphitheatre
Chris Stapleton,2026-10-09,,LIVE NATION MUSIC,45673908.76,78825261.73,15339749.0,165,154,22,24,20,4,Amphitheatre
Jack Johnson,2026-10-09,,LIVE NATION MUSIC,0.0,0.0,3419683.68,100,12,18,1,12,15,Amphitheatre
Jonas Brothers,2026-10-09,,LIVE NATION MUSIC,49501788.39,30144554.31,109403725.33,75,195,28,1,28,5,Arena
Hayley Williams,2026-10-09,,LIVE NATION MUSIC,0.0,0.0,0.0,0,0,7,3,2,0,Amphitheatre
The Chicks,2026-10-09,,LIVE NATION MUSIC,0.0,0.0,21183223.21,39,69,4,0,3,0,Theater
wave to earth,2026-10-09,,LIVE NATION MUSIC,1624927.5,590021.89,112350.0,0,0,8,12,0,0,Theater
Anton &amp; Erin,2026-10-09,,LIVE NATION MUSIC,0.0,0.0,0.0,0,0,1,0,0,0,Arena
Role Model,2026-10-09,,LIVE NATION MUSIC,884833.07,275786.98,0.0,0,0,8,44,0,1,Amphitheatre
Thomas Rhett,2026-10-09,,LIVE NATION MUSIC,2411467.0,68902.93,20832639.72,28,107,4,13,3,2,Amphitheatre
"Jorge Medina, Josi Cuen",2026-10-09,,LIVE NATION MUSIC,10398880.51,2168649.66,0.0,0,5,7,0,1,0,Theater
Bryson Tiller,2026-10-10,,LIVE NATION MUSIC,0.0,14396903.73,1952369.56,10,20,31,34,0,2,Amphitheatre
"""Past, Present, Future: A Dance Gala""",2026-10-09,,LIVE NATION MUSIC,0.0,0.0,0.0,0,0,1,0,0,0,Amphitheatre
Tedeschi Trucks Band,2026-10-10,,LIVE NATION MUSIC,5978304.630000001,9551174.93,7870383.93,98,7,225,24,2,8,Amphitheatre
Avatar,2026-10-10,,LIVE NATION MUSIC,549363.65,456317.3,414674.53,0,1,12,49,0,4,Club
Little Big Town,2026-10-09,,LIVE NATION MUSIC,1005292.0,13004819.31,2846985.5,20,68,94,16,1,12,Theater
Malcolm Todd,2026-10-09,,LIVE NATION MUSIC,158405.31,63535.0,0.0,0,0,4,8,0,0,Club
Two Door Cinema Club,2026-10-09,,LIVE NATION MUSIC,0.0,2811716.67,777788.89,4,7,43,87,3,5,Club
Five Finger Death Punch,2026-10-10,,LIVE NATION MUSIC,485138.13,5167906.39,0.0,12,74,25,39,1,4,Amphitheatre
Schoolboy Q,2026-10-09,,LIVE NATION MUSIC,0.0,31295.0,0.0,0,5,16,38,0,1,Club
Shaboozey,2026-10-09,,LIVE NATION MUSIC,988231.18,60000.0,0.0,0,0,3,7,0,1,Club
Brad Paisley,2026-10-09,,LIVE NATION MUSIC,5128820.34,1893483.75,0.0,233,177,13,3,4,5,Arena
Vida,2026-10-09,,LIVE NATION MUSIC,0.0,9870.11,0.0,0,0,0,8,0,2,Theater
Dan + Shay,2026-10-10,,LIVE NATION MUSIC,0.0,23220519.09,2076160.61,32,54,33,41,1,8,Amphitheatre
Ziggy Marley,2026-10-10,,LIVE NATION MUSIC,431908.07,681037.0,171281.63,33,0,43,31,1,5,Theater
La Mafia,2026-10-09,,LIVE NATION MUSIC,347532.85,422897.09,212881.24,0,6,11,1,0,0,Theater
Tinlicker,2026-10-09,,LIVE NATION MUSIC,0.0,288077.94,226265.83,0,1,4,11,0,1,Club
"""Les Nits de Barcelona"", Sting",2026-10-09,,LIVE NATION MUSIC,0.0,0.0,0.0,0,0,0,0,0,1,Theater
Turnpike Troubadours,2026-10-10,,LIVE NATION MUSIC,2057615.5,4318554.92,3521142.51,29,12,42,108,4,11,Amphitheatre
Cavetown,2026-10-09,,LIVE NATION MUSIC,0.0,444645.86,1226221.94,2,1,17,39,0,6,Club
"Salt-N-Pepa, Ginuwine",2026-10-09,,LIVE NATION MUSIC,0.0,0.0,0.0,0,0,1,0,0,0,Theater
Beck,2026-10-09,,LIVE NATION MUSIC,1461640.71,626608.75,4873011.17,24,9,29,9,0,4,Theater
Niko Moon,2026-10-09,,LIVE NATION MUSIC,748025.72,907982.25,432708.0,3,0,16,65,0,1,Club
Bethel Music,2026-10-10,,HOUSE OF BLUES CONCERTS (HOB),972671.18,0.0,466550.0,0,6,66,4,0,6,Theater
Back to the Eighties Show with Jessie's Girl,2026-10-09,,LIVE NATION MUSIC,121274.4,230981.5,242338.95,0,0,23,48,0,0,Club
Xavier Wulf,2026-10-09,,HOUSE OF BLUES CONCERTS (HOB),37425.0,959758.4,0.0,1,0,14,55,0,0,Club
Black Jacket Symphony,2026-10-10,,FRANK PRODUCTIONS,669067.4,782504.15,627644.4,0,0,133,38,0,1,Theater
Top,2026-10-09,,LIVE NATION MUSIC,0.0,0.0,0.0,0,0,0,3,0,0,Club
Cross Canadian Ragweed,2026-10-09,,LIVE NATION MUSIC,0.0,0.0,0.0,2,0,3,4,0,1,Theater
Skillet,2026-10-10,,LIVE NATION MUSIC,2238507.06,260542.96,1377748.06,6,30,43,67,0,14,Club
3BallMTY,2026-10-09,,LIVE NATION MUSIC,42432.0,0.0,0.0,0,0,0,3,0,0,Club
My Morning Jacket,2026-10-09,,LIVE NATION MUSIC,1743077.39,572515.0,3673074.6,58,5,57,23,3,7,Amphitheatre
Soccer Mommy,2026-10-09,,FRANK PRODUCTIONS,257014.8,4765.9,92616.97,0,0,7,45,0,1,Club
America,2026-10-09,,LIVE NATION MUSIC,3837882.2,4477164.55,1750231.2,5,8,175,41,0,14,Theater
"Mic Crenshaw, Special Guests",2026-10-10,,LIVE NATION MUSIC,0.0,0.0,0.0,0,0,0,1,0,0,Theater
Chief Keef,2026-10-09,,LIVE NATION MUSIC,0.0,366115.0,0.0,0,1,6,19,0,0,Club
Rodrigo y Gabriela,2026-10-09,,LIVE NATION MUSIC,68954.74,537959.35,1458366.69,33,3,134,58,0,10,Theater
Bingo Loco,2026-10-10,,LIVE NATION MUSIC,427726.78,106119.48,0.0,0,0,1,68,0,0,Club
Tedeschi Trucks Band,2026-10-10,,LIVE NATION MUSIC,5978304.630000001,9551174.93,7870383.93,98,7,225,24,2,8,Amphitheatre
Scene Queen,2026-10-09,,LIVE NATION MUSIC,65472.39,49049.0,0.0,0,0,0,8,0,3,Club
"The World, World Inferno Friendship Society",2026-10-09,,LIVE NATION MUSIC,0.0,0.0,0.0,0,0,0,1,0,0,Arena
Judah &amp; The Lion,2026-10-09,,LIVE NATION MUSIC,74475.0,108536.7,156098.0,1,0,33,100,0,3,Theater
Godsmack,2026-10-09,,LIVE NATION MUSIC,3204398.91,9813515.82,4972649.24,11,71,49,13,0,5,Arena
Band-Maid,2026-10-09,,HOUSE OF BLUES CONCERTS (HOB),0.0,0.0,116315.42,0,1,0,3,0,0,Club
Godsmack,2026-10-09,,LIVE NATION MUSIC,3204398.91,9813515.82,4972649.24,11,71,49,13,0,5,Arena
"Band Of Horses, Dinosaur Jr.",2026-10-09,,LIVE NATION MUSIC,0.0,0.0,0.0,1,0,0,0,0,0,Amphitheatre
Jack White,2026-10-09,,LIVE NATION MUSIC,9888079.67,1029333.01,0.0,8,36,58,33,2,4,Theater
Lo &amp; Leduc,2026-10-09,,LIVE NATION MUSIC,0.0,0.0,0.0,0,0,0,1,2,0,Stadium
Isaiah Falls,2026-10-10,,LIVE NATION MUSIC,30872.0,0.0,0.0,0,0,0,2,0,0,Club
Electric Feel,2026-10-09,,LIVE NATION MUSIC,0.0,0.0,0.0,0,0,0,5,0,0,Club
Here Come The Mummies,2026-10-10,,HOUSE OF BLUES CONCERTS (HOB),198372.0,98506.61,161860.0,2,2,60,126,0,12,Club
Head,2026-10-10,,LIVE NATION MUSIC,0.0,0.0,0.0,0,0,0,3,0,0,Theater
Stranger,2026-10-09,,HOUSE OF BLUES CONCERTS (HOB),0.0,0.0,0.0,1,0,0,0,0,0,Amphitheatre
Iron &amp; Wine,2026-10-09,,HOUSE OF BLUES CONCERTS (HOB),234458.3,956492.07,19800.0,1,0,69,56,0,4,Theater
Public,2026-10-09,,LIVE NATION MUSIC,0.0,0.0,0.0,0,0,0,4,0,0,Club
Yandel,2026-10-09,,LIVE NATION MUSIC,5429413.42,695647.99,0.0,3,19,27,2,2,2,Arena
Dark Streets,2026-10-09,,LIVE NATION MUSIC,0.0,0.0,4899.0,0,0,0,2,0,0,Club
Sanguisugabogg,2026-10-09,,LIVE NATION MUSIC,0.0,87000.54000000001,4360.0,0,0,3,14,0,0,Theater
Daði Freyr,2026-10-10,,LIVE NATION MUSIC,27985.87,173924.05,220434.4,0,0,5,14,0,0,Club
San Holo,2026-10-09,,LIVE NATION MUSIC,286586.5,58302.0,420309.0,1,1,6,35,0,0,Club
Vika &amp; Linda,2026-10-10,,LIVE NATION MUSIC,0.0,0.0,0.0,1,0,4,0,0,0,Theater
Gasolina Party,2026-10-09,,HOUSE OF BLUES CONCERTS (HOB),71311.0,0.0,0.0,0,0,2,3,0,0,Club
Top,2026-10-09,,LIVE NATION MUSIC,0.0,0.0,0.0,0,0,0,3,0,0,Club
Tina,2026-10-10,,LIVE NATION MUSIC,0.0,0.0,0.0,0,0,2,0,0,0,Theater
Tina,2026-10-09,,LIVE NATION MUSIC,0.0,0.0,0.0,0,0,2,0,0,0,Theater
House Of Heavy,2026-10-09,,LIVE NATION MUSIC,0.0,0.0,0.0,0,0,0,3,0,0,Club
PRESIDENT,2026-10-09,,LIVE NATION MUSIC,0.0,0.0,0.0,0,0,1,2,0,0,Club
PRESIDENT,2026-10-09,,LIVE NATION MUSIC,0.0,0.0,0.0,0,0,1,2,0,0,Club
Arty,2026-10-10,,LIVE NATION MUSIC,0.0,4500.0,14060.0,0,0,1,13,0,0,Club
Cameron Whitcomb,2026-10-09,,LIVE NATION MUSIC,130759.26,20541.0,0.0,0,0,5,15,0,0,Arena
RED,2026-10-09,,HOUSE OF BLUES CONCERTS (HOB),0.0,65228.02,0.0,0,3,18,52,0,5,Club
Kenny Wayne Shepherd,2026-10-09,,FRANK PRODUCTIONS,512523.77,1084321.07,3587479.38,9,0,139,67,0,17,Theater
Sixteen Candles,2026-10-09,,FRANK PRODUCTIONS,66530.58,48954.0,24890.0,0,0,5,24,0,2,Club
HER,2026-10-09,,LIVE NATION MUSIC,0.0,0.0,0.0,0,0,0,1,0,0,Club
Sisters,2026-10-10,,LIVE NATION MUSIC,0.0,0.0,0.0,0,0,0,1,0,0,Club
Giovannie &amp; The Hired Guns,2026-10-09,,LIVE NATION MUSIC,20601.0,35887.78,14650.0,0,0,0,19,0,1,Club
Bayside,2026-10-10,,LIVE NATION MUSIC,9303.74,29085.0,63366.19,0,0,1,37,0,2,Club
"""Laughs, Music, &amp; Vibes""",2026-10-10,,LIVE NATION MUSIC,0.0,0.0,0.0,0,0,0,1,0,0,Club
Nite,2026-10-09,,LIVE NATION MUSIC,0.0,0.0,0.0,0,0,0,1,0,0,Club
Claire Rosinkranz,2026-10-09,,LIVE NATION MUSIC,0.0,0.0,83287.5,0,0,0,11,0,0,Theater
Motionless In White,2026-10-10,,LIVE NATION MUSIC,131287.04,0.0,1810722.63,7,19,22,41,0,2,Theater
Seun Kuti &amp; Egypt 80,2026-10-09,,LIVE NATION MUSIC,67259.45,0.0,0.0,1,0,1,7,0,0,Theater
High &amp; Mighty Brass Band!,2026-10-09,,FRANK PRODUCTIONS,0.0,0.0,0.0,0,0,0,4,0,0,Club
Lilyisthatyou,2026-10-09,,LIVE NATION MUSIC,2952.21,0.0,0.0,0,0,1,0,0,0,Theater
"Me, Grimlock!",2026-10-09,,HOUSE OF BLUES CONCERTS (HOB),198.0,0.0,0.0,0,0,0,1,0,0,Club
"The A, B, C &amp; D Of Boogie Woogie",2026-10-09,,LIVE NATION MUSIC,0.0,0.0,0.0,0,0,0,1,0,0,Theater
Arty,2026-10-09,,LIVE NATION MUSIC,0.0,4500.0,14060.0,0,0,1,13,0,0,Theater
Rav,2026-10-09,,HOUSE OF BLUES CONCERTS (HOB),0.0,0.0,7775.0,0,0,0,4,0,0,Club
Larger Than Life,2026-10-09,,HOUSE OF BLUES CONCERTS (HOB),0.0,0.0,0.0,1,0,0,0,0,0,Amphitheatre
The Dolls,2026-10-09,,LIVE NATION MUSIC,0.0,0.0,0.0,0,0,1,0,0,0,Theater
Noga Erez,2026-10-09,,LIVE NATION MUSIC,534349.27,0.0,0.0,1,0,4,24,0,0,Club
Owen Riegling,2026-10-09,,LIVE NATION MUSIC,0.0,18187.81,0.0,0,0,1,1,0,0,Club
Arin Ray,2026-10-09,,LIVE NATION MUSIC,0.0,10700.0,0.0,0,0,0,5,0,0,Club
Bad Nerves,2026-10-09,,HOUSE OF BLUES CONCERTS (HOB),64300.42,29070.47,4747.71,0,0,1,12,0,2,Club
This Wild Life,2026-10-09,,HOUSE OF BLUES CONCERTS (HOB),9810.0,0.0,7079.0,0,0,2,15,0,2,Club
Foster The People,2026-10-10,,LIVE NATION MUSIC,1851580.29,0.0,0.0,17,7,38,56,2,7,Stadium
Ares,2026-10-09,,HOUSE OF BLUES CONCERTS (HOB),0.0,51544.490000000005,44710.09,0,0,1,13,0,4,Club
"In, Flew Ants",2026-10-09,,LIVE NATION MUSIC,0.0,0.0,0.0,0,0,0,2,0,0,Club
M,2026-10-10,,LIVE NATION MUSIC,0.0,0.0,286459.73,0,0,2,0,0,0,Theater
Gully Boys,2026-10-09,,FRANK PRODUCTIONS,0.0,0.0,0.0,0,0,0,9,0,0,Club
Tender,2026-10-10,,LIVE NATION MUSIC,0.0,0.0,0.0,0,0,0,6,0,0,Club
The Rush Tribute Project,2026-10-09,,LIVE NATION MUSIC,548321.85,62212.5,173466.09,0,1,42,2,0,1,Theater
"Memphis May Fire, Rain City Drive, Nevertel, If Not For Me",2026-10-10,,LIVE NATION MUSIC,34480.0,0.0,0.0,0,0,0,1,0,0,Club
Foster The People,2026-10-10,,LIVE NATION MUSIC,1851580.29,0.0,0.0,17,7,38,56,2,7,Stadium
Sugarland,2026-10-09,,LIVE NATION MUSIC,0.0,0.0,0.0,71,60,8,1,4,4,Arena
Sugarland,2026-10-09,,LIVE NATION MUSIC,0.0,0.0,0.0,71,60,8,1,4,4,Arena
Tommy Emmanuel,2026-10-09,,LIVE NATION MUSIC,381234.37,414263.54,630168.4299999999,0,1,267,67,0,20,Theater
The Number Twelve Looks Like You,2026-10-09,,LIVE NATION MUSIC,0.0,0.0,0.0,0,0,0,4,0,0,Club
The Number Twelve Looks Like You,2026-10-09,,LIVE NATION MUSIC,0.0,0.0,0.0,0,0,0,4,0,0,Club
Taylor &amp; The Wild Now,2026-10-09,,LIVE NATION MUSIC,0.0,0.0,0.0,0,0,0,3,0,0,Club
San Holo,2026-10-10,,LIVE NATION MUSIC,286586.5,58302.0,420309.0,1,1,6,35,0,0,Club
San Holo,2026-10-10,,LIVE NATION MUSIC,286586.5,58302.0,420309.0,1,1,6,35,0,0,Club
Ron,2026-10-09,,LIVE NATION MUSIC,0.0,0.0,0.0,0,0,1,0,0,0,Theater
Keznamdi,2026-10-09,,LIVE NATION MUSIC,0.0,0.0,0.0,0,0,0,2,0,0,Club
Rain,2026-10-09,,LIVE NATION MUSIC,0.0,0.0,207956.5,1,1,4,0,0,1,Theater
Shane &amp; Shane,2026-10-09,,LIVE NATION MUSIC,0.0,0.0,0.0,0,0,3,0,0,0,Theater
The Rush Tribute Project,2026-10-09,,LIVE NATION MUSIC,548321.85,62212.5,173466.09,0,1,42,2,0,1,Theater
BALTHVS,2026-10-09,,LIVE NATION MUSIC,6524.1,33995.54,0.0,0,0,0,8,0,0,Club
The Holdup,2026-10-09,,LIVE NATION MUSIC,2881.0,0.0,0.0,0,0,0,19,0,0,Club
The Holdup,2026-10-09,,LIVE NATION MUSIC,2881.0,0.0,0.0,0,0,0,19,0,0,Club
BALTHVS,2026-10-09,,LIVE NATION MUSIC,6524.1,33995.54,0.0,0,0,0,8,0,0,Club
Celebration,2026-10-10,,LIVE NATION MUSIC,0.0,0.0,0.0,0,0,0,1,0,0,Club
jigitz,2026-10-09,,LIVE NATION MUSIC,4500.0,0.0,0.0,0,0,0,3,0,0,Club
"The A, B, C &amp; D Of Boogie Woogie",2026-10-09,,LIVE NATION MUSIC,0.0,0.0,0.0,0,0,0,1,0,0,Theater
Tender,2026-10-10,,LIVE NATION MUSIC,0.0,0.0,0.0,0,0,0,6,0,0,Club
jigitz,2026-10-09,,LIVE NATION MUSIC,4500.0,0.0,0.0,0,0,0,3,0,0,Club
Metallica,2026-10-10,,LIVE NATION MUSIC,137107458.47,179373637.38,146435306.85,0,95,4,4,135,10,Stadium
"Chris Brown, Usher",2026-10-10,,LIVE NATION MUSIC,0.0,0.0,0.0,0,0,0,0,18,0,Stadium
Harry Styles,2026-10-10,,LIVE NATION MUSIC,0.0,0.0,252490036.3,1,117,15,2,33,5,Arena
Bruno Mars,2026-10-10,,LIVE NATION MUSIC,23796194.0,280515343.74,87980695.9,12,221,79,9,45,8,Stadium
The Gathering,2026-10-11,,LIVE NATION MUSIC,0.0,0.0,0.0,0,0,2,0,0,0,Arena
Jonas Brothers,2026-10-11,,LIVE NATION MUSIC,49501788.39,30144554.31,109403725.33,75,195,28,1,28,5,Arena
Neon Moon,2026-10-10,,LIVE NATION MUSIC,24927.0,0.0,0.0,0,0,1,1,0,0,Arena
Steve Lacy,2026-10-10,,LIVE NATION MUSIC,0.0,0.0,48400.0,1,2,2,7,0,0,Theater
Fuerza Regida,2026-10-10,,LIVE NATION MUSIC,8831401.1,61688406.68,40356839.51,6,68,5,0,12,0,Amphitheatre
Rush,2026-10-10,,LIVE NATION MUSIC,0.0,0.0,0.0,40,118,1,0,2,8,Arena
Word on the Street,2026-10-10,,LIVE NATION MUSIC,0.0,0.0,0.0,0,0,0,1,0,0,Amphitheatre
Thomas Rhett,2026-10-10,,LIVE NATION MUSIC,2411467.0,68902.93,20832639.72,28,107,4,13,3,2,Amphitheatre
For King &amp; Country,2026-10-10,,LIVE NATION MUSIC,1709219.43,13215871.96,12403476.4,23,207,52,0,22,18,Theater
Chris Stapleton,2026-10-10,,LIVE NATION MUSIC,45673908.76,78825261.73,15339749.0,165,154,22,24,20,4,Amphitheatre
Maná,2026-10-10,,LIVE NATION MUSIC,0.0,0.0,0.0,0,1,0,0,0,0,Amphitheatre
"Salt-N-Pepa, Ginuwine",2026-10-10,,LIVE NATION MUSIC,0.0,0.0,0.0,0,0,1,0,0,0,Theater
Shoreline Mafia,2026-10-10,,LIVE NATION MUSIC,755971.0,0.0,0.0,0,2,8,40,0,0,Amphitheatre
Chief Keef,2026-10-10,,LIVE NATION MUSIC,0.0,366115.0,0.0,0,1,6,19,0,0,Club
The Chicks,2026-10-10,,LIVE NATION MUSIC,0.0,0.0,21183223.21,39,69,4,0,3,0,Theater
Staind,2026-10-10,,LIVE NATION MUSIC,1417594.5,2423123.19,729547.4,5,9,7,9,0,3,Arena
Phish,2026-10-10,,LIVE NATION MUSIC,51719556.83,51805142.03,60505793.5,156,98,10,0,26,5,Amphitheatre
Little Big Town,2026-10-10,,LIVE NATION MUSIC,1005292.0,13004819.31,2846985.5,20,68,94,16,1,12,Theater
Menudo,2026-10-10,,LIVE NATION MUSIC,0.0,0.0,0.0,0,0,6,0,0,0,Theater
Blackberry Smoke,2026-10-10,,LIVE NATION MUSIC,888771.95,1380924.41,1282993.23,15,2,102,114,2,25,Theater
"""Laughs, Music, &amp; Vibes""",2026-10-11,,LIVE NATION MUSIC,0.0,0.0,0.0,0,0,0,1,0,0,Club
Mastodon,2026-10-10,,LIVE NATION MUSIC,0.0,178040.83000000002,1899213.01,3,6,42,78,0,1,Theater
Taste,2026-10-11,,LIVE NATION MUSIC,0.0,0.0,0.0,0,0,1,1,0,0,Club
Doja Cat,2026-10-10,,LIVE NATION MUSIC,7384674.46,7298161.81,31988065.4,0,39,0,9,0,0,Arena
Sleeping With Sirens,2026-10-10,,LIVE NATION MUSIC,0.0,350306.75,319502.92,0,1,30,104,0,5,Theater
Godsmack,2026-10-10,,LIVE NATION MUSIC,3204398.91,9813515.82,4972649.24,11,71,49,13,0,5,Arena
Phillip Phillips,2026-10-10,,LIVE NATION MUSIC,0.0,24750.0,12050.0,1,7,22,21,0,5,Theater
Shaboozey,2026-10-10,,LIVE NATION MUSIC,988231.18,60000.0,0.0,0,0,3,7,0,1,Club
JPEGMafia,2026-10-10,,LIVE NATION MUSIC,557173.07,1250847.08,390783.87,1,0,19,57,0,1,Club
Julio Preciado,2026-10-10,,LIVE NATION MUSIC,217165.71,0.0,0.0,0,0,3,0,0,0,Amphitheatre
Five Finger Death Punch,2026-10-11,,LIVE NATION MUSIC,485138.13,5167906.39,0.0,12,74,25,39,1,4,Amphitheatre
Anton &amp; Erin,2026-10-10,,LIVE NATION MUSIC,0.0,0.0,0.0,0,0,1,0,0,0,Theater
Skillet,2026-10-11,,LIVE NATION MUSIC,2238507.06,260542.96,1377748.06,6,30,43,67,0,14,Club
Beabadoobee,2026-10-10,,LIVE NATION MUSIC,801797.5,2506361.44,323192.05,1,2,23,27,0,1,Amphitheatre
Big Head Todd &amp; The Monsters,2026-10-10,,LIVE NATION MUSIC,1435883.0,3341487.26,3663794.64,39,1,52,108,1,11,Theater
Beck,2026-10-10,,LIVE NATION MUSIC,1461640.71,626608.75,4873011.17,24,9,29,9,0,4,Theater
Two Door Cinema Club,2026-10-10,,LIVE NATION MUSIC,0.0,2811716.67,777788.89,4,7,43,87,3,5,Amphitheatre
PRESIDENT,2026-10-10,,LIVE NATION MUSIC,0.0,0.0,0.0,0,0,1,2,0,0,Club
Anton &amp; Erin,2026-10-10,,LIVE NATION MUSIC,0.0,0.0,0.0,0,0,1,0,0,0,Theater
Cross Canadian Ragweed,2026-10-10,,LIVE NATION MUSIC,0.0,0.0,0.0,2,0,3,4,0,1,Theater
Lupe Fiasco,2026-10-11,,LIVE NATION MUSIC,0.0,168379.5,0.0,2,3,22,46,0,0,Club
Switchfoot,2026-10-10,,LIVE NATION MUSIC,181031.87,600305.9299999999,763943.0,5,6,80,76,1,17,Theater
"The Temptations, The Four Tops",2026-10-10,,LIVE NATION MUSIC,2874418.01,1716878.2,2034411.11,9,20,172,21,0,4,Theater
Bethel Music,2026-10-11,,LIVE NATION MUSIC,972671.18,0.0,466550.0,0,6,66,4,0,6,Theater
Paris Paloma,2026-10-10,,HOUSE OF BLUES CONCERTS (HOB),182912.02,142732.72999999998,10609.18,0,0,6,10,0,0,Club
MUNA,2026-10-10,,FRANK PRODUCTIONS,0.0,0.0,533483.1,0,0,4,20,0,0,Club
My Morning Jacket,2026-10-10,,LIVE NATION MUSIC,1743077.39,572515.0,3673074.6,58,5,57,23,3,7,Amphitheatre
Uncle Acid &amp; The Deadbeats,2026-10-11,,LIVE NATION MUSIC,81276.5,0.0,23894.47,0,1,2,41,0,3,Club
Bingo Loco,2026-10-10,,LIVE NATION MUSIC,427726.78,106119.48,0.0,0,0,1,68,0,0,Club
The Concert: A Tribute to ABBA,2026-10-10,,LIVE NATION MUSIC,497353.6,108315.0,0.0,0,0,10,4,0,0,Theater
Hayley Williams,2026-10-10,,LIVE NATION MUSIC,0.0,0.0,0.0,0,0,7,3,2,0,Theater
Boz Scaggs,2026-10-10,,LIVE NATION MUSIC,1458502.42,0.0,1499314.84,6,0,165,24,0,3,Theater
Robert Lester Folsom,2026-10-11,,LIVE NATION MUSIC,4165.67,0.0,0.0,0,0,0,3,0,0,Club
"""Rock, Reggae &amp; Relief""",2026-10-10,,LIVE NATION MUSIC,0.0,0.0,137000.0,0,0,0,0,0,1,Other
Victory,2026-10-10,,HOUSE OF BLUES CONCERTS (HOB),0.0,0.0,0.0,0,0,0,2,0,0,Club
Faux Real,2026-10-10,,LIVE NATION MUSIC,2621.38,889.0,0.0,0,0,1,1,0,0,Club
Akeem Ali,2026-10-10,,HOUSE OF BLUES CONCERTS (HOB),6800.0,10982.0,0.0,0,0,0,3,0,1,Club
Modest Mouse,2026-10-10,,LIVE NATION MUSIC,830855.2,1391230.25,494004.69,36,5,80,65,2,9,Theater
Here Come The Mummies,2026-10-11,,LIVE NATION MUSIC,198372.0,98506.61,161860.0,2,2,60,126,0,12,Club
Chad Gray,2026-10-10,,LIVE NATION MUSIC,0.0,0.0,0.0,0,0,0,1,0,0,Theater
Ashley Cooke,2026-10-10,,LIVE NATION MUSIC,27885.0,19297.0,26529.0,0,0,0,9,0,1,Club
Tou,2026-10-10,,LIVE NATION MUSIC,0.0,348354.82999999996,0.0,0,0,0,1,0,1,Club
Dermot Kennedy,2026-10-10,,LIVE NATION MUSIC,132950.5,0.0,19937522.59,6,39,52,59,10,4,Amphitheatre
Blackberry Smoke,2026-10-11,,LIVE NATION MUSIC,888771.95,1380924.41,1282993.23,15,2,102,114,2,25,Club
Xperience,2026-10-10,,LIVE NATION MUSIC,0.0,0.0,0.0,0,0,0,2,0,0,Club
Stranger,2026-10-10,,LIVE NATION MUSIC,0.0,0.0,0.0,1,0,0,0,0,0,Theater
Frank Carter &amp; The Rattlesnakes,2026-10-10,,LIVE NATION MUSIC,0.0,641787.98,0.0,0,2,20,36,0,9,Club
High &amp; Mighty Brass Band!,2026-10-10,,LIVE NATION MUSIC,0.0,0.0,0.0,0,0,0,4,0,0,Club
Role Model,2026-10-10,,LIVE NATION MUSIC,884833.07,275786.98,0.0,0,0,8,44,0,1,Amphitheatre
Certified,2026-10-10,,LIVE NATION MUSIC,600.0,0.0,0.0,0,0,0,1,0,0,Theater
Role Model,2026-10-10,,LIVE NATION MUSIC,884833.07,275786.98,0.0,0,0,8,44,0,1,Amphitheatre
The Rush Tribute Project,2026-10-10,,LIVE NATION MUSIC,548321.85,62212.5,173466.09,0,1,42,2,0,1,Theater
Jack White,2026-10-10,,LIVE NATION MUSIC,9888079.67,1029333.01,0.0,8,36,58,33,2,4,Theater
Juanes,2026-10-10,,LIVE NATION MUSIC,648884.15,5454133.64,528839.9,6,31,65,23,4,10,Theater
Gum,2026-10-11,,LIVE NATION MUSIC,20854.81,0.0,2560.0,0,0,0,2,0,0,Club
Strange &amp; Unexplained Podcast,2026-10-10,,LIVE NATION MUSIC,0.0,0.0,7647.0,0,0,1,1,0,0,Club
Emei,2026-10-10,,LIVE NATION MUSIC,147261.76,63873.5,0.0,0,0,0,17,0,1,Theater
Olivia Rodrigo,2026-10-10,,LIVE NATION MUSIC,23420107.2,169307085.8,0.0,0,68,10,2,5,1,Arena
"The A, B, C &amp; D Of Boogie Woogie",2026-10-10,,LIVE NATION MUSIC,0.0,0.0,0.0,0,0,0,1,0,0,Theater
Fantasy,2026-10-10,,LIVE NATION MUSIC,0.0,0.0,0.0,1,26,26,4,0,15,Theater
Houndmouth,2026-10-10,,LIVE NATION MUSIC,376191.0,156197.0,466832.0,1,0,25,112,0,3,Theater
Walker &amp; Royce,2026-10-11,,LIVE NATION MUSIC,22362.5,18852.5,0.0,0,0,0,9,0,0,Theater
Highly Suspect,2026-10-10,,LIVE NATION MUSIC,299367.0,448712.01,1656360.34,2,4,30,160,1,5,Arena
Yandel,2026-10-10,,LIVE NATION MUSIC,5429413.42,695647.99,0.0,3,19,27,2,2,2,Arena
Horse Jumper Of Love,2026-10-10,,LIVE NATION MUSIC,0.0,0.0,2695.0,0,0,0,2,0,0,Theater
"Jesse Barrera, Albert Posis",2026-10-10,,LIVE NATION MUSIC,0.0,50919.9,0.0,2,0,0,5,0,0,Club
Princess,2026-10-11,,LIVE NATION MUSIC,0.0,0.0,392378.48,0,0,3,11,0,0,Theater
Bright Eyes,2026-10-10,,LIVE NATION MUSIC,1121653.45,0.0,334447.0,9,0,29,34,2,6,Club
Tab Benoit,2026-10-11,,HOUSE OF BLUES CONCERTS (HOB),1582818.01,983585.58,1424527.01,5,0,207,215,2,8,Club
Matroda,2026-10-10,,LIVE NATION MUSIC,182399.7,17140.0,132498.93,0,0,1,8,0,1,Club
Sploinky Rave,2026-10-10,,LIVE NATION MUSIC,0.0,0.0,0.0,0,0,0,5,0,0,Club
"""Past, Present, Future: A Dance Gala""",2026-10-10,,LIVE NATION MUSIC,0.0,0.0,0.0,0,0,1,0,0,0,Theater
"The A, B, C &amp; D Of Boogie Woogie",2026-10-11,,EMPORIUM PRESENTS,0.0,0.0,0.0,0,0,0,1,0,0,Arena
Westside Cowboy,2026-10-10,,LIVE NATION MUSIC,3653.86,0.0,0.0,0,0,0,2,0,0,Club
EZ,2026-10-10,,LIVE NATION MUSIC,0.0,0.0,17613.3,0,0,0,0,0,1,Theater
The Black Dahlia Murder,2026-10-11,,LIVE NATION MUSIC,0.0,65614.66,163785.56,0,0,21,93,0,2,Theater
Porch Light,2026-10-10,,FRANK PRODUCTIONS,41434.0,0.0,0.0,0,0,1,8,0,0,Theater
Bright Eyes,2026-10-10,,LIVE NATION MUSIC,1121653.45,0.0,334447.0,9,0,29,34,2,6,Club
Grace &amp; The Flat Boys,2026-10-10,,LIVE NATION MUSIC,0.0,1496.9,0.0,0,0,0,1,0,0,Club
Nite,2026-10-10,,LIVE NATION MUSIC,0.0,0.0,0.0,0,0,0,1,0,0,Club
Chance The Rapper,2026-10-10,,LIVE NATION MUSIC,582979.5,0.0,2160801.5,15,25,18,26,1,1,Theater
Don West,2026-10-10,,LIVE NATION MUSIC,71314.56,0.0,0.0,0,0,0,4,0,0,Club
Bit Brigade,2026-10-10,,LIVE NATION MUSIC,16847.5,64634.0,22460.0,0,0,1,37,0,0,Club
Pecos &amp; The Rooftops,2026-10-10,,LIVE NATION MUSIC,1080215.97,1424328.1,1041865.12,11,1,62,250,0,24,Theater
"God Forbid, Ninth Circle",2026-10-10,,LIVE NATION MUSIC,0.0,0.0,0.0,0,0,0,1,0,0,Club
Eli,2026-10-10,,FRANK PRODUCTIONS,0.0,0.0,0.0,0,0,0,1,0,0,Club
Forever,2026-10-10,,HOUSE OF BLUES CONCERTS (HOB),70329.51,0.0,0.0,0,1,0,0,0,0,Arena
Kevin Atwater,2026-10-10,,HOUSE OF BLUES CONCERTS (HOB),13507.0,0.0,0.0,0,0,0,2,0,0,Club
Crown Magnetar,2026-10-10,,LIVE NATION MUSIC,0.0,9476.0,2814.0,0,0,0,4,0,0,Club
Cameron Whitcomb,2026-10-10,,LIVE NATION MUSIC,130759.26,20541.0,0.0,0,0,5,15,0,0,Club
Holding Absence,2026-10-11,,LIVE NATION MUSIC,0.0,17703.010000000002,27253.3,0,0,3,8,0,0,Theater
Artemas,2026-10-11,,LIVE NATION MUSIC,30822.0,725837.64,0.0,0,0,10,22,0,1,Club
gnash,2026-10-10,,LIVE NATION MUSIC,0.0,0.0,0.0,0,0,0,21,0,0,Club
Deer Tick,2026-10-10,,LIVE NATION MUSIC,29783.0,4612.5,128819.5,1,0,8,93,0,1,Club
Karina Rykman,2026-10-10,,FRANK PRODUCTIONS,27436.5,39462.0,7786.0,0,0,0,16,0,0,Club
BALTHVS,2026-10-10,,FRANK PRODUCTIONS,6524.1,33995.54,0.0,0,0,0,8,0,0,Club
Artemas,2026-10-11,,LIVE NATION MUSIC,30822.0,725837.64,0.0,0,0,10,22,0,1,Club
The Crystal Method,2026-10-10,,HOUSE OF BLUES CONCERTS (HOB),0.0,8425.0,14000.0,1,0,1,25,0,1,Club
Enter Shikari,2026-10-10,,LIVE NATION MUSIC,143338.19,1397539.45,140032.41,0,10,33,119,0,8,Club
The Crystal Method,2026-10-10,,HOUSE OF BLUES CONCERTS (HOB),0.0,8425.0,14000.0,1,0,1,25,0,1,Club
Polyphia,2026-10-11,,LIVE NATION MUSIC,0.0,121407.0,744654.76,0,0,3,49,0,1,Club
Sleep Token,2026-10-10,,HOUSE OF BLUES CONCERTS (HOB),0.0,10138627.37,217858.46,1,10,4,4,0,0,Arena
Brigitte Calls Me Baby,2026-10-11,,LIVE NATION MUSIC,79686.94,75519.0,0.0,0,0,0,40,0,1,Club
COSTA,2026-10-10,,LIVE NATION MUSIC,201726.5,296956.25,311308.0,0,0,16,228,0,0,Club
Ra,2026-10-10,,LIVE NATION MUSIC,910.56,0.0,0.0,0,0,0,2,0,0,Amphitheatre
Un,2026-10-10,,LIVE NATION MUSIC,0.0,0.0,0.0,0,0,0,1,0,0,Theater
Eslabon Armado,2026-10-10,,LIVE NATION MUSIC,1739272.04,1261289.0,3416776.95,1,7,19,1,0,0,Theater
Yandel,2026-10-10,,LIVE NATION MUSIC,5429413.42,695647.99,0.0,3,19,27,2,2,2,Arena
Ra,2026-10-10,,LIVE NATION MUSIC,910.56,0.0,0.0,0,0,0,2,0,0,Club
Quadeca,2026-10-10,,LIVE NATION MUSIC,127634.26,0.0,7186.0,0,0,3,8,0,0,Theater
Gardens &amp; Villa,2026-10-11,,LIVE NATION MUSIC,0.0,0.0,0.0,0,0,0,29,0,0,Amphitheatre
Briscoe,2026-10-11,,LIVE NATION MUSIC,2970.0,10509.0,10713.0,0,0,0,11,0,0,Club
Ra,2026-10-10,,LIVE NATION MUSIC,910.56,0.0,0.0,0,0,0,2,0,0,Amphitheatre
Eagles,2026-10-11,,LIVE NATION MUSIC,113579924.21,168150846.73,118468239.25,8,365,2,0,28,5,Theater
Eagles,2026-10-11,,LIVE NATION MUSIC,113579924.21,168150846.73,118468239.25,8,365,2,0,28,5,Theater
Kenny Wayne Shepherd,2026-10-11,,LIVE NATION MUSIC,512523.77,1084321.07,3587479.38,9,0,139,67,0,17,Theater
Gardens &amp; Villa,2026-10-11,,LIVE NATION MUSIC,0.0,0.0,0.0,0,0,0,29,0,0,Amphitheatre
Stafford Brothers,2026-10-10,,LIVE NATION MUSIC,2720.0,4320.0,7000.0,0,0,1,11,0,1,Club
"""98.1 The Bull - Red, White &amp; Boom!"", Sam Hunt",2026-10-10,,LIVE NATION MUSIC,0.0,0.0,0.0,0,0,0,0,1,0,Stadium
ANDY,2026-10-11,,LIVE NATION MUSIC,0.0,0.0,0.0,1,0,1,0,0,0,Amphitheatre
Quadeca,2026-10-10,,LIVE NATION MUSIC,127634.26,0.0,7186.0,0,0,3,8,0,0,Theater
Versa,2026-10-10,,LIVE NATION MUSIC,2160.0,0.0,0.0,0,0,0,8,0,0,Club
"""98.1 The Bull - Red, White &amp; Boom!"", Sam Hunt",2026-10-10,,LIVE NATION MUSIC,0.0,0.0,0.0,0,0,0,0,1,0,Stadium
Olivia Rodrigo,2026-10-11,,LIVE NATION MUSIC,23420107.2,169307085.8,0.0,0,68,10,2,5,1,Arena
Bruno Mars,2026-10-11,,LIVE NATION MUSIC,23796194.0,280515343.74,87980695.9,12,221,79,9,45,8,Stadium
Arcángel,2026-10-11,,LIVE NATION MUSIC,0.0,5578759.22,9635530.99,2,31,5,0,4,1,Arena
Breaking Benjamin,2026-10-12,,LIVE NATION MUSIC,7744296.6,3109971.11,1340194.0,43,39,34,40,2,3,Arena
Fuerza Regida,2026-10-11,,LIVE NATION MUSIC,8831401.1,61688406.68,40356839.51,6,68,5,0,12,0,Amphitheatre
Beabadoobee,2026-10-11,,LIVE NATION MUSIC,801797.5,2506361.44,323192.05,1,2,23,27,0,1,Arena
wave to earth,2026-10-11,,LIVE NATION MUSIC,1624927.5,590021.89,112350.0,0,0,8,12,0,0,Amphitheatre
Word on the Street,2026-10-11,,LIVE NATION MUSIC,0.0,0.0,0.0,0,0,0,1,0,0,Club
Word on the Street,2026-10-11,,LIVE NATION MUSIC,0.0,0.0,0.0,0,0,0,1,0,0,Club
Rutshelle Guillaume,2026-10-11,,LIVE NATION MUSIC,20180.0,0.0,0.0,0,0,0,2,0,0,Theater
Shoreline Mafia,2026-10-11,,LIVE NATION MUSIC,755971.0,0.0,0.0,0,2,8,40,0,0,Amphitheatre
Phish,2026-10-11,,LIVE NATION MUSIC,51719556.83,51805142.03,60505793.5,156,98,10,0,26,5,Amphitheatre
Kings Of Leon,2026-10-11,,LIVE NATION MUSIC,0.0,19977781.7,1082952.04,79,117,9,3,9,8,Theater
Taking Back Sunday,2026-10-11,,LIVE NATION MUSIC,0.0,1192562.18,59060.0,0,1,32,133,0,8,Club
Stranger,2026-10-11,,LIVE NATION MUSIC,0.0,0.0,0.0,1,0,0,0,0,0,Amphitheatre
"Santana, Doobie Brothers",2026-10-11,,LIVE NATION MUSIC,0.0,0.0,0.0,0,4,0,0,0,0,Amphitheatre
Sons of Legion,2026-10-11,,LIVE NATION MUSIC,0.0,0.0,0.0,0,0,12,29,0,0,Club
Jessie Ware,2026-10-11,,LIVE NATION MUSIC,0.0,0.0,1453398.58,0,1,7,29,0,0,Club
Teddy Riley,2026-10-11,,LIVE NATION MUSIC,0.0,0.0,0.0,0,0,1,0,0,0,Theater
Eslabon Armado,2026-10-11,,LIVE NATION MUSIC,1739272.04,1261289.0,3416776.95,1,7,19,1,0,0,Theater
"Salt-N-Pepa, Ginuwine",2026-10-11,,LIVE NATION MUSIC,0.0,0.0,0.0,0,0,1,0,0,0,Amphitheatre
Limp Bizkit,2026-10-11,,LIVE NATION MUSIC,17285483.25,16209726.55,2243971.99,19,30,11,14,5,3,Arena
Johnnyswim,2026-10-11,,LIVE NATION MUSIC,237708.3,134799.0,25140.0,0,0,59,92,0,2,Club
Tou,2026-10-11,,LIVE NATION MUSIC,0.0,348354.82999999996,0.0,0,0,0,1,0,1,Club
Chief Keef,2026-10-12,,LIVE NATION MUSIC,0.0,366115.0,0.0,0,1,6,19,0,0,Theater
The Black Dahlia Murder,2026-10-12,,HOUSE OF BLUES CONCERTS (HOB),0.0,65614.66,163785.56,0,0,21,93,0,2,Club
Akeem Ali,2026-10-11,,HOUSE OF BLUES CONCERTS (HOB),6800.0,10982.0,0.0,0,0,0,3,0,1,Club
My Morning Jacket,2026-10-11,,LIVE NATION MUSIC,1743077.39,572515.0,3673074.6,58,5,57,23,3,7,Amphitheatre
Palace,2026-10-11,,LIVE NATION MUSIC,216325.96,176855.55,138298.91,0,0,7,19,0,1,Theater
Switchfoot,2026-10-11,,LIVE NATION MUSIC,181031.87,600305.9299999999,763943.0,5,6,80,76,1,17,Theater
Our Lady Peace,2026-10-11,,LIVE NATION MUSIC,3127178.77,0.0,33700.0,0,14,13,20,0,1,Theater
Earl Sweatshirt,2026-10-11,,FRANK PRODUCTIONS,145905.72999999998,0.0,304502.67,0,0,7,36,0,0,Club
Dermot Kennedy,2026-10-11,,LIVE NATION MUSIC,132950.5,0.0,19937522.59,6,39,52,59,10,4,Amphitheatre
Candlebox,2026-10-11,,LIVE NATION MUSIC,0.0,15636.21,95486.8,1,0,20,59,0,5,Club
Thundercat,2026-10-11,,FRANK PRODUCTIONS,166095.0,81082.15,903432.94,2,0,14,40,0,2,Theater
Foster The People,2026-10-11,,LIVE NATION MUSIC,1851580.29,0.0,0.0,17,7,38,56,2,7,Club
The Beach Boys,2026-10-11,,LIVE NATION MUSIC,2740312.32,14756524.7,10832403.11,129,48,377,33,4,67,Theater
Plum,2026-10-11,,LIVE NATION MUSIC,0.0,0.0,0.0,0,0,0,2,0,0,Club
The Smashing Pumpkins,2026-10-11,,LIVE NATION MUSIC,956409.95,4451112.17,12656219.06,29,91,37,25,1,5,Arena
Wesley Joseph,2026-10-12,,LIVE NATION MUSIC,0.0,0.0,0.0,0,0,0,1,0,0,Club
The Smashing Pumpkins,2026-10-11,,LIVE NATION MUSIC,956409.95,4451112.17,12656219.06,29,91,37,25,1,5,Arena
"Shore, Stein, Papier",2026-10-12,,LIVE NATION MUSIC,0.0,0.0,0.0,0,0,0,2,0,0,Club
BERTHA: Grateful Drag,2026-10-11,,LIVE NATION MUSIC,37462.0,28106.5,0.0,1,0,0,4,0,0,Club
Skillet,2026-10-12,,LIVE NATION MUSIC,2238507.06,260542.96,1377748.06,6,30,43,67,0,14,Club
Trombone Shorty &amp; Orleans Avenue,2026-10-11,,LIVE NATION MUSIC,720271.22,1244178.26,267475.5,23,0,79,96,1,7,Club
"Mic Crenshaw, Special Guests",2026-10-11,,LIVE NATION MUSIC,0.0,0.0,0.0,0,0,0,1,0,0,Theater
Avatar,2026-10-11,,LIVE NATION MUSIC,549363.65,456317.3,414674.53,0,1,12,49,0,4,Theater
Sun,2026-10-12,,LIVE NATION MUSIC,2319.81,0.0,0.0,0,0,0,2,0,0,Club
Saint Agnes,2026-10-11,,LIVE NATION MUSIC,0.0,7809.110000000001,0.0,0,0,0,9,0,1,Club
R&amp;B Vibes Live,2026-10-11,,LIVE NATION MUSIC,0.0,0.0,0.0,0,0,0,2,0,0,Club
Chance The Rapper,2026-10-11,,LIVE NATION MUSIC,582979.5,0.0,2160801.5,15,25,18,26,1,1,Club
ML Buch,2026-10-11,,LIVE NATION MUSIC,0.0,14135.0,0.0,0,0,0,1,0,0,Theater
INOHA,2026-10-11,,FRANK PRODUCTIONS,7725.0,0.0,0.0,0,0,0,1,0,0,Theater
Lewis Ofman,2026-10-12,,LIVE NATION MUSIC,0.0,52678.01,6604.0,0,0,1,6,0,0,Theater
Michigander,2026-10-11,,LIVE NATION MUSIC,21165.19,38024.0,16887.14,0,0,0,29,0,0,Club
Cheekface,2026-10-11,,LIVE NATION MUSIC,29256.64,26441.62,6668.0,0,0,1,10,0,0,Club
iLe,2026-10-11,,LIVE NATION MUSIC,24306.42,0.0,0.0,0,0,2,5,0,0,Club
ivri,2026-10-11,,HOUSE OF BLUES CONCERTS (HOB),0.0,0.0,0.0,0,0,0,2,0,0,Club
EZ,2026-10-11,,LIVE NATION MUSIC,0.0,0.0,17613.3,0,0,0,0,0,1,Other
Ingrid Andress,2026-10-11,,LIVE NATION MUSIC,0.0,0.0,52989.3,0,0,0,11,0,0,Club
El Ten Eleven,2026-10-11,,HOUSE OF BLUES CONCERTS (HOB),0.0,0.0,0.0,0,0,2,115,0,5,Club
Beauty School Dropout,2026-10-11,,HOUSE OF BLUES CONCERTS (HOB),0.0,0.0,5092.0,0,0,0,2,0,0,Club
Steel Pulse,2026-10-11,,LIVE NATION MUSIC,258161.89,283413.0,21915.0,4,0,13,58,0,1,Club
Scene Queen,2026-10-11,,LIVE NATION MUSIC,65472.39,49049.0,0.0,0,0,0,8,0,3,Club
"The Beths, Beach Bunny",2026-10-11,,LIVE NATION MUSIC,0.0,0.0,0.0,0,0,0,1,0,0,Club
Brigitte Calls Me Baby,2026-10-11,,LIVE NATION MUSIC,79686.94,75519.0,0.0,0,0,0,40,0,1,Club
Tommy Emmanuel,2026-10-11,,LIVE NATION MUSIC,381234.37,414263.54,630168.4299999999,0,1,267,67,0,20,Theater
Dermot Kennedy,2026-10-11,,LIVE NATION MUSIC,132950.5,0.0,19937522.59,6,39,52,59,10,4,Amphitheatre
Ravyn Lenae,2026-10-11,,LIVE NATION MUSIC,318280.19,84165.32,42115.0,0,0,1,15,0,0,Theater
Willow,2026-10-11,,LIVE NATION MUSIC,0.0,0.0,0.0,0,0,1,2,0,0,Club
Scene Queen,2026-10-11,,LIVE NATION MUSIC,65472.39,49049.0,0.0,0,0,0,8,0,3,Club
"The Beths, Beach Bunny",2026-10-11,,LIVE NATION MUSIC,0.0,0.0,0.0,0,0,0,1,0,0,Club
Token,2026-10-12,,LIVE NATION MUSIC,0.0,0.0,42053.64,0,0,1,17,0,1,Club
Token,2026-10-12,,LIVE NATION MUSIC,0.0,0.0,42053.64,0,0,1,17,0,1,Club
Olivia Rodrigo,2026-10-12,,LIVE NATION MUSIC,23420107.2,169307085.8,0.0,0,68,10,2,5,1,Arena
Rod Wave,2026-10-12,,LIVE NATION MUSIC,19871622.03,44782080.52,58117202.64,1,84,1,0,0,0,Arena
Jonas Brothers,2026-10-13,,LIVE NATION MUSIC,49501788.39,30144554.31,109403725.33,75,195,28,1,28,5,Arena
Rush,2026-10-12,,LIVE NATION MUSIC,0.0,0.0,0.0,40,118,1,0,2,8,Arena
Destroy Lonely,2026-10-13,,LIVE NATION MUSIC,777805.47,306949.51,142921.93,0,1,3,13,0,0,Amphitheatre
Steve Lacy,2026-10-12,,LIVE NATION MUSIC,0.0,0.0,48400.0,1,2,2,7,0,0,Theater
Role Model,2026-10-12,,LIVE NATION MUSIC,884833.07,275786.98,0.0,0,0,8,44,0,1,Theater
The Chicks,2026-10-12,,LIVE NATION MUSIC,0.0,0.0,21183223.21,39,69,4,0,3,0,Theater
Beck,2026-10-12,,LIVE NATION MUSIC,1461640.71,626608.75,4873011.17,24,9,29,9,0,4,Theater
G-Eazy,2026-10-12,,LIVE NATION MUSIC,453863.88,166997.78,53337.0,33,23,54,102,1,4,Amphitheatre
Freya Skye,2026-10-12,,LIVE NATION MUSIC,0.0,0.0,0.0,0,0,6,2,0,0,Theater
Five Finger Death Punch,2026-10-13,,LIVE NATION MUSIC,485138.13,5167906.39,0.0,12,74,25,39,1,4,Amphitheatre
Band-Maid,2026-10-12,,LIVE NATION MUSIC,0.0,0.0,116315.42,0,1,0,3,0,0,Club
America,2026-10-13,,LIVE NATION MUSIC,3837882.2,4477164.55,1750231.2,5,8,175,41,0,14,Theater
Suki Waterhouse,2026-10-12,,LIVE NATION MUSIC,0.0,1845642.36,489285.46,1,0,10,37,0,0,Club
The Gathering,2026-10-13,,LIVE NATION MUSIC,0.0,0.0,0.0,0,0,2,0,0,0,Arena
The Gathering,2026-10-13,,LIVE NATION MUSIC,0.0,0.0,0.0,0,0,2,0,0,0,Arena
Sara Bareilles,2026-10-12,,LIVE NATION MUSIC,0.0,0.0,0.0,12,6,27,45,0,1,Theater
Sanguisugabogg,2026-10-12,,LIVE NATION MUSIC,0.0,87000.54000000001,4360.0,0,0,3,14,0,0,Club
Freya Skye,2026-10-13,,HOUSE OF BLUES CONCERTS (HOB),0.0,0.0,0.0,0,0,6,2,0,0,Theater
Tedeschi Trucks Band,2026-10-13,,LIVE NATION MUSIC,5978304.630000001,9551174.93,7870383.93,98,7,225,24,2,8,Amphitheatre
PRESIDENT,2026-10-13,,HOUSE OF BLUES CONCERTS (HOB),0.0,0.0,0.0,0,0,1,2,0,0,Club
Cavetown,2026-10-12,,HOUSE OF BLUES CONCERTS (HOB),0.0,444645.86,1226221.94,2,1,17,39,0,6,Club
Limp Bizkit,2026-10-12,,LIVE NATION MUSIC,17285483.25,16209726.55,2243971.99,19,30,11,14,5,3,Arena
Hayley Williams,2026-10-12,,LIVE NATION MUSIC,0.0,0.0,0.0,0,0,7,3,2,0,Amphitheatre
Bright Eyes,2026-10-12,,LIVE NATION MUSIC,1121653.45,0.0,334447.0,9,0,29,34,2,6,Club
Ryan Beatty,2026-10-12,,LIVE NATION MUSIC,0.0,164812.0,12100.0,0,1,3,17,0,0,Theater
PRESIDENT,2026-10-12,,LIVE NATION MUSIC,0.0,0.0,0.0,0,0,1,2,0,0,Theater
Holding Absence,2026-10-13,,LIVE NATION MUSIC,0.0,17703.010000000002,27253.3,0,0,3,8,0,0,Club
Tedeschi Trucks Band,2026-10-13,,LIVE NATION MUSIC,5978304.630000001,9551174.93,7870383.93,98,7,225,24,2,8,Amphitheatre
Tou,2026-10-12,,LIVE NATION MUSIC,0.0,348354.82999999996,0.0,0,0,0,1,0,1,Club
The Black Dahlia Murder,2026-10-13,,LIVE NATION MUSIC,0.0,65614.66,163785.56,0,0,21,93,0,2,Theater
Everything,2026-10-12,,FRANK PRODUCTIONS,0.0,0.0,0.0,0,0,0,1,0,0,Theater
Stryper,2026-10-13,,LIVE NATION MUSIC,98295.2,400760.5,162443.0,0,0,17,32,0,1,Club
Modest Mouse,2026-10-12,,LIVE NATION MUSIC,830855.2,1391230.25,494004.69,36,5,80,65,2,9,Theater
Medium Build,2026-10-13,,LIVE NATION MUSIC,51553.06,277378.99,6501.48,0,0,2,32,0,1,Theater
Benjamin Tod &amp; Lost Dog Street Band,2026-10-13,,LIVE NATION MUSIC,0.0,179250.0,0.0,0,0,3,37,0,0,Club
Failure,2026-10-13,,LIVE NATION MUSIC,0.0,0.0,0.0,0,0,3,26,0,0,Club
Rise Against,2026-10-12,,LIVE NATION MUSIC,4277860.61,678554.91,194297.26,27,65,68,73,4,10,Amphitheatre
Rise Against,2026-10-12,,LIVE NATION MUSIC,4277860.61,678554.91,194297.26,27,65,68,73,4,10,Amphitheatre
Steel Pulse,2026-10-12,,LIVE NATION MUSIC,258161.89,283413.0,21915.0,4,0,13,58,0,1,Club
"Mic Crenshaw, Special Guests",2026-10-12,,LIVE NATION MUSIC,0.0,0.0,0.0,0,0,0,1,0,0,Theater
"nothing,nowhere.",2026-10-13,,LIVE NATION MUSIC,14119.95,0.0,0.0,0,0,3,18,0,0,Theater
The Residents,2026-10-13,,LIVE NATION MUSIC,0.0,0.0,7124.0,0,0,4,32,0,1,Theater
Gengis Don &amp; The Empire,2026-10-12,,LIVE NATION MUSIC,0.0,0.0,915.0,0,0,0,2,0,0,Club
Free Throw,2026-10-13,,LIVE NATION MUSIC,7170.66,12411.08,41648.0,1,0,1,17,0,2,Club
Owen,2026-10-13,,LIVE NATION MUSIC,0.0,0.0,0.0,0,0,0,15,0,0,Club
"The A, B, C &amp; D Of Boogie Woogie",2026-10-13,,LIVE NATION MUSIC,0.0,0.0,0.0,0,0,0,1,0,0,Theater
Ben &amp; Rose,2026-10-12,,LIVE NATION MUSIC,0.0,0.0,0.0,0,0,1,0,0,0,Theater
Maddie Zahm,2026-10-12,,LIVE NATION MUSIC,0.0,103535.0,47568.0,0,0,0,8,0,0,Club
America,2026-10-12,,LIVE NATION MUSIC,3837882.2,4477164.55,1750231.2,5,8,175,41,0,14,Theater
Feelings,2026-10-12,,LIVE NATION MUSIC,0.0,0.0,0.0,0,0,1,0,0,0,Theater
Russian Circles,2026-10-12,,LIVE NATION TENNESSEE,18055.0,0.0,0.0,0,0,3,51,0,0,Club
The Rush Tribute Project,2026-10-12,,LIVE NATION MUSIC,548321.85,62212.5,173466.09,0,1,42,2,0,1,Theater
Pete &amp; Bas,2026-10-12,,LIVE NATION MUSIC,19756.22,54277.37,0.0,0,0,0,7,0,0,Club
Chelsea Wolfe,2026-10-12,,LIVE NATION MUSIC,97294.63,261345.05,0.0,0,0,2,49,0,0,Club
Mushroomhead,2026-10-13,,LIVE NATION MUSIC,9965.0,12125.5,0.0,0,0,4,53,0,0,Club
Chelsea Wolfe,2026-10-12,,LIVE NATION MUSIC,97294.63,261345.05,0.0,0,0,2,49,0,0,Club
Love Spells,2026-10-12,,LIVE NATION MUSIC,1695.0,0.0,0.0,0,0,0,2,0,0,Theater
Mushroomhead,2026-10-13,,LIVE NATION MUSIC,9965.0,12125.5,0.0,0,0,4,53,0,0,Club
Tou,2026-10-12,,LIVE NATION MUSIC,0.0,348354.82999999996,0.0,0,0,0,1,0,1,Club
The Rush Tribute Project,2026-10-12,,LIVE NATION MUSIC,548321.85,62212.5,173466.09,0,1,42,2,0,1,Theater
"The A, B, C &amp; D Of Boogie Woogie",2026-10-13,,LIVE NATION MUSIC,0.0,0.0,0.0,0,0,0,1,0,0,Theater
Isaiah Falls,2026-10-13,,LIVE NATION MUSIC,30872.0,0.0,0.0,0,0,0,2,0,0,Theater
KATSEYE,2026-10-13,,LIVE NATION MUSIC,3690618.47,0.0,0.0,0,1,5,1,0,0,Arena
The Gathering,2026-10-14,,LIVE NATION MUSIC,0.0,0.0,0.0,0,0,2,0,0,0,Arena
Bryson Tiller,2026-10-13,,LIVE NATION MUSIC,0.0,14396903.73,1952369.56,10,20,31,34,0,2,Arena
Young Miko,2026-10-13,,LIVE NATION MUSIC,1819198.33,11120905.33,716909.22,6,7,22,5,1,2,Arena
Staind,2026-10-13,,LIVE NATION MUSIC,1417594.5,2423123.19,729547.4,5,9,7,9,0,3,Amphitheatre
Destroy Lonely,2026-10-14,,LIVE NATION MUSIC,777805.47,306949.51,142921.93,0,1,3,13,0,0,Arena
Fuerza Regida,2026-10-13,,LIVE NATION MUSIC,8831401.1,61688406.68,40356839.51,6,68,5,0,12,0,Amphitheatre
The Smashing Pumpkins,2026-10-13,,LIVE NATION MUSIC,956409.95,4451112.17,12656219.06,29,91,37,25,1,5,Arena
Steve Lacy,2026-10-13,,LIVE NATION MUSIC,0.0,0.0,48400.0,1,2,2,7,0,0,Theater
The Chicks,2026-10-13,,LIVE NATION MUSIC,0.0,0.0,21183223.21,39,69,4,0,3,0,Theater
"""Les Nits de Barcelona"", Sting",2026-10-13,,LIVE NATION MUSIC,0.0,0.0,0.0,0,0,0,0,0,1,Theater
Sylvan Esso,2026-10-14,,LIVE NATION MUSIC,0.0,0.0,2925511.35,17,0,29,64,0,8,Club
MONSTA X,2026-10-13,,LIVE NATION MUSIC,0.0,0.0,0.0,0,6,19,2,0,0,Theater
Geese,2026-10-13,,LIVE NATION MUSIC,156640.0,29014.0,20820.18,0,0,1,30,0,2,Club
Jessie Ware,2026-10-13,,LIVE NATION MUSIC,0.0,0.0,1453398.58,0,1,7,29,0,0,Club
Beabadoobee,2026-10-13,,LIVE NATION MUSIC,801797.5,2506361.44,323192.05,1,2,23,27,0,1,Arena
Five Finger Death Punch,2026-10-14,,LIVE NATION MUSIC,485138.13,5167906.39,0.0,12,74,25,39,1,4,Arena
The Gentlemen's Club,2026-10-13,,LIVE NATION MUSIC,6190.0,0.0,11045.89,0,0,0,3,0,0,Theater
Bethel Music,2026-10-14,,LIVE NATION MUSIC,972671.18,0.0,466550.0,0,6,66,4,0,6,Theater
The Revivalists,2026-10-13,,LIVE NATION MUSIC,1067861.36,540575.0,5373043.16,27,0,35,86,0,7,Club
"Santana, Doobie Brothers",2026-10-13,,LIVE NATION MUSIC,0.0,0.0,0.0,0,4,0,0,0,0,Amphitheatre
"Santana, Doobie Brothers",2026-10-13,,LIVE NATION MUSIC,0.0,0.0,0.0,0,4,0,0,0,0,Amphitheatre
Role Model,2026-10-13,,LIVE NATION MUSIC,884833.07,275786.98,0.0,0,0,8,44,0,1,Theater
Sara Bareilles,2026-10-13,,LIVE NATION MUSIC,0.0,0.0,0.0,12,6,27,45,0,1,Theater
Schoolboy Q,2026-10-13,,LIVE NATION MUSIC,0.0,31295.0,0.0,0,5,16,38,0,1,Club
Avatar,2026-10-13,,LIVE NATION MUSIC,549363.65,456317.3,414674.53,0,1,12,49,0,4,Club
Head,2026-10-14,,LIVE NATION MUSIC,0.0,0.0,0.0,0,0,0,3,0,0,Club
Malcolm Todd,2026-10-13,,LIVE NATION MUSIC,158405.31,63535.0,0.0,0,0,4,8,0,0,Club
Paris Paloma,2026-10-13,,FRANK PRODUCTIONS,182912.02,142732.72999999998,10609.18,0,0,6,10,0,0,Club
Stranger,2026-10-13,,LIVE NATION MUSIC,0.0,0.0,0.0,1,0,0,0,0,0,Amphitheatre
The Wallflowers,2026-10-13,,LIVE NATION MUSIC,541678.38,644538.0,432091.1,2,0,36,41,0,1,Theater
Cavetown,2026-10-13,,LIVE NATION MUSIC,0.0,444645.86,1226221.94,2,1,17,39,0,6,Amphitheatre
Modest Mouse,2026-10-13,,LIVE NATION MUSIC,830855.2,1391230.25,494004.69,36,5,80,65,2,9,Club
The Rush Tribute Project,2026-10-13,,LIVE NATION MUSIC,548321.85,62212.5,173466.09,0,1,42,2,0,1,Arena
Thundercat,2026-10-14,,LIVE NATION MUSIC,166095.0,81082.15,903432.94,2,0,14,40,0,2,Club
Chelsea Wolfe,2026-10-13,,LIVE NATION MUSIC,97294.63,261345.05,0.0,0,0,2,49,0,0,Theater
PRESIDENT,2026-10-14,,HOUSE OF BLUES CONCERTS (HOB),0.0,0.0,0.0,0,0,1,2,0,0,Club
Dermot Kennedy,2026-10-13,,LIVE NATION MUSIC,132950.5,0.0,19937522.59,6,39,52,59,10,4,Amphitheatre
Tokyo Tea Room,2026-10-14,,LIVE NATION MUSIC,0.0,0.0,0.0,0,0,0,9,0,0,Club
Meredith Marks,2026-10-14,,LIVE NATION MUSIC,0.0,0.0,0.0,0,0,0,1,0,0,Club
Quadeca,2026-10-13,,LIVE NATION MUSIC,127634.26,0.0,7186.0,0,0,3,8,0,0,Club
Our Lady Peace,2026-10-13,,LIVE NATION MUSIC,3127178.77,0.0,33700.0,0,14,13,20,0,1,Theater
Scene Queen,2026-10-14,,LIVE NATION MUSIC,65472.39,49049.0,0.0,0,0,0,8,0,3,Theater
The Smashing Pumpkins,2026-10-13,,LIVE NATION MUSIC,956409.95,4451112.17,12656219.06,29,91,37,25,1,5,Arena
Ravyn Lenae,2026-10-13,,HOUSE OF BLUES CONCERTS (HOB),318280.19,84165.32,42115.0,0,0,1,15,0,0,Club
All Them Witches,2026-10-13,,FRANK PRODUCTIONS,475851.11,77303.9,380277.5,1,0,12,55,0,2,Theater
Lauren Sanderson,2026-10-14,,LIVE NATION MUSIC,0.0,20673.0,22912.57,0,0,1,13,0,0,Theater
Thundercat,2026-10-13,,LIVE NATION MUSIC,166095.0,81082.15,903432.94,2,0,14,40,0,2,Arena
The Beasts,2026-10-14,,LIVE NATION MUSIC,12460.32,0.0,0.0,0,0,0,1,0,0,Theater
Waylon Wyatt,2026-10-13,,LIVE NATION MUSIC,105369.14,0.0,0.0,0,0,2,6,0,0,Club
Moo,2026-10-13,,LIVE NATION MUSIC,0.0,0.0,0.0,0,0,0,1,0,0,Club
Knocked Loose,2026-10-14,,LIVE NATION MUSIC,511899.01,1019550.49,0.0,0,0,14,49,0,1,Club
Knocked Loose,2026-10-14,,LIVE NATION MUSIC,511899.01,1019550.49,0.0,0,0,14,49,0,1,Club
Wishy,2026-10-14,,LIVE NATION MUSIC,0.0,5540.0,0.0,0,0,0,1,0,0,Theater
Hank Azaria &amp; The EZ Street Band,2026-10-14,,LIVE NATION MUSIC,22500.0,0.0,0.0,0,0,0,1,0,0,Club
"Christone ""Kingfish"" Ingram",2026-10-14,,LIVE NATION MUSIC,575442.3,67004.39,183047.21,0,0,44,34,0,5,Theater
Rumours of Fleetwood Mac,2026-10-13,,LIVE NATION MUSIC,2015307.52,1048910.03,1428407.85,3,12,87,29,0,7,Theater
Ian McConnell,2026-10-14,,LIVE NATION MUSIC,0.0,34434.91,9204.0,0,0,1,23,0,0,Club
Suki Waterhouse,2026-10-13,,LIVE NATION MUSIC,0.0,1845642.36,489285.46,1,0,10,37,0,0,Club
Foster The People,2026-10-13,,LIVE NATION MUSIC,1851580.29,0.0,0.0,17,7,38,56,2,7,Club
Taking Back Sunday,2026-10-13,,LIVE NATION MUSIC,0.0,1192562.18,59060.0,0,1,32,133,0,8,Arena
"Steel Pulse, The Green",2026-10-13,,LIVE NATION MUSIC,0.0,119443.0,0.0,0,0,0,1,0,0,Club
INOHA,2026-10-13,,LIVE NATION MUSIC,7725.0,0.0,0.0,0,0,0,1,0,0,Theater
Congress The Band,2026-10-13,,FRANK PRODUCTIONS,7280.0,0.0,0.0,0,0,1,4,0,0,Club
Tou,2026-10-13,,LIVE NATION MUSIC,0.0,348354.82999999996,0.0,0,0,0,1,0,1,Theater
Fotocrime,2026-10-13,,LIVE NATION MUSIC,0.0,0.0,360.0,0,0,0,1,0,0,Club
Arrows In Action,2026-10-14,,HOUSE OF BLUES CONCERTS (HOB),13082.73,34183.25,19376.53,0,0,0,14,0,0,Club
Bear Ghost,2026-10-13,,LIVE NATION MUSIC,8490.0,48168.0,0.0,0,0,2,11,0,0,Club
Arrows In Action,2026-10-13,,LIVE NATION MUSIC,13082.73,34183.25,19376.53,0,0,0,14,0,0,Club
Taking Back Sunday,2026-10-13,,LIVE NATION MUSIC,0.0,1192562.18,59060.0,0,1,32,133,0,8,Arena
The Texas Gentlemen,2026-10-13,,LIVE NATION MUSIC,1565.58,0.0,0.0,0,0,0,4,0,0,Theater
Lilyisthatyou,2026-10-13,,HOUSE OF BLUES CONCERTS (HOB),2952.21,0.0,0.0,0,0,1,0,0,0,Theater
Nekrogoblikon,2026-10-13,,LIVE NATION MUSIC,23712.5,21996.0,37770.27,0,0,1,15,0,2,Club
Fear Factory,2026-10-14,,LIVE NATION MUSIC,0.0,0.0,424894.07,0,0,19,48,0,2,Club
Mind Enterprises,2026-10-13,,LIVE NATION TENNESSEE,17061.4,0.0,0.0,0,0,1,5,0,0,Club
"""Past, Present, Future: A Dance Gala""",2026-10-14,,LIVE NATION MUSIC,0.0,0.0,0.0,0,0,1,0,0,0,Theater
"Bob Moses, Cannons",2026-10-13,,LIVE NATION MUSIC,0.0,0.0,0.0,2,0,3,0,0,0,Theater
The Brook &amp; The Bluff,2026-10-13,,LIVE NATION MUSIC,0.0,54224.59,250521.71,0,0,7,35,0,1,Club
Maddie Zahm,2026-10-13,,LIVE NATION MUSIC,0.0,103535.0,47568.0,0,0,0,8,0,0,Club
Bloom,2026-10-13,,LIVE NATION MUSIC,0.0,0.0,0.0,0,0,0,6,0,1,Club
The Linda Lindas,2026-10-13,,LIVE NATION MUSIC,101815.99,6550.0,0.0,0,0,1,4,0,0,Club
Michael Franti &amp; Spearhead,2026-10-13,,LIVE NATION MUSIC,808998.5,6993576.6,4151183.84,113,3,86,115,2,32,Club
Lambert,2026-10-13,,LIVE NATION MUSIC,0.0,0.0,3471.2,0,0,0,0,0,4,Other
Sienna Spiro,2026-10-13,,LIVE NATION MUSIC,24263.94,0.0,0.0,0,0,3,3,0,0,Theater
Chad Gray,2026-10-14,,LIVE NATION MUSIC,0.0,0.0,0.0,0,0,0,1,0,0,Club
Trombone Shorty &amp; Orleans Avenue,2026-10-13,,LIVE NATION MUSIC,720271.22,1244178.26,267475.5,23,0,79,96,1,7,Theater
Sienna Spiro,2026-10-13,,LIVE NATION MUSIC,24263.94,0.0,0.0,0,0,3,3,0,0,Theater
Trombone Shorty &amp; Orleans Avenue,2026-10-13,,LIVE NATION MUSIC,720271.22,1244178.26,267475.5,23,0,79,96,1,7,Theater
Maddie Zahm,2026-10-13,,LIVE NATION MUSIC,0.0,103535.0,47568.0,0,0,0,8,0,0,Club
"Black Country, New Road",2026-10-13,,LIVE NATION MUSIC,232438.89,262065.06,182437.63,0,0,12,12,0,0,Club
Bloom,2026-10-13,,LIVE NATION MUSIC,0.0,0.0,0.0,0,0,0,6,0,1,Club
Armand Hammer,2026-10-13,,FRANK PRODUCTIONS,0.0,0.0,28931.78,0,0,0,6,0,0,Club
"Bob Moses, Cannons",2026-10-13,,LIVE NATION MUSIC,0.0,0.0,0.0,2,0,3,0,0,0,Theater
Pouya,2026-10-13,,LIVE NATION MUSIC,186350.95,0.0,296648.0,0,0,20,62,0,4,Club
Michael Franti &amp; Spearhead,2026-10-13,,LIVE NATION MUSIC,808998.5,6993576.6,4151183.84,113,3,86,115,2,32,Club
Cameron Whitcomb,2026-10-13,,LIVE NATION MUSIC,130759.26,20541.0,0.0,0,0,5,15,0,0,Club
Cameron Whitcomb,2026-10-13,,LIVE NATION MUSIC,130759.26,20541.0,0.0,0,0,5,15,0,0,Club
The Brook &amp; The Bluff,2026-10-13,,LIVE NATION MUSIC,0.0,54224.59,250521.71,0,0,7,35,0,1,Club
In Her Own Words,2026-10-13,,LIVE NATION MUSIC,0.0,0.0,0.0,0,0,0,1,0,0,Club
"Black Country, New Road",2026-10-13,,LIVE NATION MUSIC,232438.89,262065.06,182437.63,0,0,12,12,0,0,Club
The Linda Lindas,2026-10-13,,LIVE NATION MUSIC,101815.99,6550.0,0.0,0,0,1,4,0,0,Club
In Her Own Words,2026-10-13,,LIVE NATION MUSIC,0.0,0.0,0.0,0,0,0,1,0,0,Club
"Chris Brown, Usher",2026-10-15,,LIVE NATION MUSIC,0.0,0.0,0.0,0,0,0,0,18,0,Stadium
Harry Styles,2026-10-14,,LIVE NATION MUSIC,0.0,0.0,252490036.3,1,117,15,2,33,5,Arena
Rod Wave,2026-10-14,,LIVE NATION MUSIC,19871622.03,44782080.52,58117202.64,1,84,1,0,0,0,Arena
Olivia Rodrigo,2026-10-15,,LIVE NATION MUSIC,23420107.2,169307085.8,0.0,0,68,10,2,5,1,Arena
The Smashing Pumpkins,2026-10-14,,LIVE NATION MUSIC,956409.95,4451112.17,12656219.06,29,91,37,25,1,5,Arena
Charli xcx,2026-10-14,,LIVE NATION MUSIC,18148835.74,3165588.7,198001.15,0,9,13,43,1,0,Arena
Jonas Brothers,2026-10-15,,LIVE NATION MUSIC,49501788.39,30144554.31,109403725.33,75,195,28,1,28,5,Arena
Little Big Town,2026-10-15,,LIVE NATION MUSIC,1005292.0,13004819.31,2846985.5,20,68,94,16,1,12,Arena
Beabadoobee,2026-10-14,,LIVE NATION MUSIC,801797.5,2506361.44,323192.05,1,2,23,27,0,1,Arena
Cameron Whitcomb,2026-10-14,,LIVE NATION MUSIC,130759.26,20541.0,0.0,0,0,5,15,0,0,Theater
Rise Against,2026-10-14,,LIVE NATION MUSIC,4277860.61,678554.91,194297.26,27,65,68,73,4,10,Theater
"""Les Nits de Barcelona"", Sting",2026-10-14,,LIVE NATION MUSIC,0.0,0.0,0.0,0,0,0,0,0,1,Theater
Godsmack,2026-10-14,,LIVE NATION MUSIC,3204398.91,9813515.82,4972649.24,11,71,49,13,0,5,Theater
Dan + Shay,2026-10-15,,LIVE NATION MUSIC,0.0,23220519.09,2076160.61,32,54,33,41,1,8,Amphitheatre
Dermot Kennedy,2026-10-14,,LIVE NATION MUSIC,132950.5,0.0,19937522.59,6,39,52,59,10,4,Amphitheatre
"Santana, Doobie Brothers",2026-10-14,,LIVE NATION MUSIC,0.0,0.0,0.0,0,4,0,0,0,0,Amphitheatre
Foster The People,2026-10-14,,LIVE NATION MUSIC,1851580.29,0.0,0.0,17,7,38,56,2,7,Club
Staind,2026-10-14,,LIVE NATION MUSIC,1417594.5,2423123.19,729547.4,5,9,7,9,0,3,Amphitheatre
Sin Bandera,2026-10-14,,LIVE NATION MUSIC,0.0,429183.87,5207476.83,2,28,22,2,2,1,Theater
America,2026-10-14,,LIVE NATION MUSIC,3837882.2,4477164.55,1750231.2,5,8,175,41,0,14,Theater
Mastodon,2026-10-14,,LIVE NATION MUSIC,0.0,178040.83000000002,1899213.01,3,6,42,78,0,1,Theater
Sleeping With Sirens,2026-10-14,,LIVE NATION MUSIC,0.0,350306.75,319502.92,0,1,30,104,0,5,Club
Skillet,2026-10-14,,LIVE NATION MUSIC,2238507.06,260542.96,1377748.06,6,30,43,67,0,14,Club
Band-Maid,2026-10-14,,LIVE NATION MUSIC,0.0,0.0,116315.42,0,1,0,3,0,0,Club
Sara Bareilles,2026-10-14,,LIVE NATION MUSIC,0.0,0.0,0.0,12,6,27,45,0,1,Theater
Clint Black,2026-10-15,,LIVE NATION MUSIC,1703536.07,2126718.27,930958.82,11,15,178,14,0,30,Theater
Tou,2026-10-14,,HOUSE OF BLUES CONCERTS (HOB),0.0,348354.82999999996,0.0,0,0,0,1,0,1,Club
Bright Eyes,2026-10-15,,LIVE NATION MUSIC,1121653.45,0.0,334447.0,9,0,29,34,2,6,Amphitheatre
The Living Tombstone,2026-10-14,,LIVE NATION MUSIC,1025246.06,58601.17,0.0,0,1,2,16,0,0,Theater
The Texas Gentlemen,2026-10-14,,LIVE NATION MUSIC,1565.58,0.0,0.0,0,0,0,4,0,0,Club
Sanguisugabogg,2026-10-15,,LIVE NATION MUSIC,0.0,87000.54000000001,4360.0,0,0,3,14,0,0,Club
Lucinda Williams,2026-10-14,,LIVE NATION MUSIC,142145.53,981686.11,630092.2,4,1,103,88,0,2,Theater
Chief Keef,2026-10-14,,LIVE NATION MUSIC,0.0,366115.0,0.0,0,1,6,19,0,0,Club
Ravyn Lenae,2026-10-14,,LIVE NATION MUSIC,318280.19,84165.32,42115.0,0,0,1,15,0,0,Club
Postmodern Jukebox,2026-10-14,,FRANK PRODUCTIONS,3008960.1,2913423.2,3309873.83,0,9,402,106,0,34,Theater
Celtic Thunder,2026-10-14,,LIVE NATION MUSIC,191476.2,872086.98,936120.37,1,62,263,6,0,26,Theater
Soccer Mommy,2026-10-14,,LIVE NATION MUSIC,257014.8,4765.9,92616.97,0,0,7,45,0,1,Club
Patrick Droney,2026-10-14,,LIVE NATION MUSIC,0.0,4245.59,25810.0,0,0,0,10,0,0,Club
"The A, B, C &amp; D Of Boogie Woogie",2026-10-14,,EMPORIUM PRESENTS,0.0,0.0,0.0,0,0,0,1,0,0,Theater
Turnstile,2026-10-14,,LIVE NATION MUSIC,3535380.32,739762.83,739153.98,3,7,40,34,0,3,Theater
Pouya,2026-10-14,,HOUSE OF BLUES CONCERTS (HOB),186350.95,0.0,296648.0,0,0,20,62,0,4,Club
Rocket From The Crypt,2026-10-15,,LIVE NATION MUSIC,0.0,0.0,0.0,0,0,0,3,0,0,Club
Lifehouse,2026-10-15,,LIVE NATION MUSIC,0.0,0.0,0.0,1,0,10,18,0,2,Club
Ryan Beatty,2026-10-14,,LIVE NATION MUSIC,0.0,164812.0,12100.0,0,1,3,17,0,0,Theater
Holywatr,2026-10-15,,LIVE NATION MUSIC,10133.0,0.0,0.0,0,0,0,3,0,0,Theater
Buddha Trixie,2026-10-14,,LIVE NATION MUSIC,4659.96,0.0,0.0,0,0,1,1,0,0,Club
America,2026-10-15,,LIVE NATION MUSIC,3837882.2,4477164.55,1750231.2,5,8,175,41,0,14,Theater
Holding Absence,2026-10-15,,LIVE NATION MUSIC,0.0,17703.010000000002,27253.3,0,0,3,8,0,0,Theater
Avatar,2026-10-14,,LIVE NATION MUSIC,549363.65,456317.3,414674.53,0,1,12,49,0,4,Club
Earl Sweatshirt,2026-10-15,,LIVE NATION MUSIC,145905.72999999998,0.0,304502.67,0,0,7,36,0,0,Club
Suki Waterhouse,2026-10-14,,LIVE NATION MUSIC,0.0,1845642.36,489285.46,1,0,10,37,0,0,Club
Trombone Shorty &amp; Orleans Avenue,2026-10-14,,FRANK PRODUCTIONS,720271.22,1244178.26,267475.5,23,0,79,96,1,7,Arena
Walker &amp; Royce,2026-10-15,,LIVE NATION MUSIC,22362.5,18852.5,0.0,0,0,0,9,0,0,Theater
Marilyn Manson,2026-10-14,,LIVE NATION MUSIC,8022968.52,117608.0,0.0,3,22,29,40,0,2,Club
Willow Avalon,2026-10-14,,LIVE NATION MUSIC,86780.26999999999,0.0,0.0,0,0,2,9,0,0,Theater
Lupe Fiasco,2026-10-14,,LIVE NATION MUSIC,0.0,168379.5,0.0,2,3,22,46,0,0,Theater
Flow,2026-10-15,,LIVE NATION MUSIC,406551.66,631195.89,0.0,0,0,4,13,0,0,Club
Toadies,2026-10-15,,LIVE NATION MUSIC,25040.0,0.0,0.0,2,0,9,53,0,1,Club
Taking Back Sunday,2026-10-14,,LIVE NATION MUSIC,0.0,1192562.18,59060.0,0,1,32,133,0,8,Amphitheatre
Ziggy Marley,2026-10-15,,LIVE NATION MUSIC,431908.07,681037.0,171281.63,33,0,43,31,1,5,Amphitheatre
Belles,2026-10-14,,LIVE NATION MUSIC,725.0,970.0,0.0,0,0,0,2,0,0,Club
Alana Springsteen,2026-10-15,,LIVE NATION MUSIC,0.0,52860.5,44910.24,0,0,2,12,0,1,Theater
Kenny Wayne Shepherd,2026-10-14,,LIVE NATION MUSIC,512523.77,1084321.07,3587479.38,9,0,139,67,0,17,Theater
Hawthorne Heights,2026-10-15,,LIVE NATION MUSIC,10175.0,356921.46,49305.0,2,0,4,55,0,5,Club
"""Past, Present, Future: A Dance Gala""",2026-10-14,,LIVE NATION MUSIC,0.0,0.0,0.0,0,0,1,0,0,0,Theater
Taking Back Sunday,2026-10-14,,LIVE NATION MUSIC,0.0,1192562.18,59060.0,0,1,32,133,0,8,Amphitheatre
The Haunt,2026-10-14,,LIVE NATION MUSIC,21115.76,0.0,0.0,0,0,0,10,0,0,Club
"Memphis May Fire, Rain City Drive, Nevertel, If Not For Me",2026-10-14,,FRANK PRODUCTIONS,34480.0,0.0,0.0,0,0,0,1,0,0,Club
The Paradox,2026-10-14,,HOUSE OF BLUES CONCERTS (HOB),4780.0,0.0,0.0,0,0,1,0,0,0,Theater
Shakey Graves,2026-10-14,,LIVE NATION MUSIC,387884.0,401599.02,1244604.5,18,0,46,154,2,15,Theater
The Hayds,2026-10-14,,LIVE NATION MUSIC,0.0,0.0,0.0,0,0,0,2,0,0,Club
Carbon Leaf,2026-10-14,,FRANK PRODUCTIONS,81448.0,162104.5,87410.0,2,0,17,180,0,0,Club
Quadeca,2026-10-14,,LIVE NATION MUSIC,127634.26,0.0,7186.0,0,0,3,8,0,0,Theater
Donovan,2026-10-14,,LIVE NATION TENNESSEE,0.0,0.0,0.0,0,0,8,5,0,0,Theater
King's X,2026-10-14,,LIVE NATION MUSIC,16889.0,64650.0,59545.0,0,0,5,11,0,0,Club
Love Spells,2026-10-14,,LIVE NATION MUSIC,1695.0,0.0,0.0,0,0,0,2,0,0,Club
Peter Bjorn And John,2026-10-14,,LIVE NATION MUSIC,25040.0,0.0,0.0,0,0,3,32,0,0,Club
J &amp; The Causeways,2026-10-15,,LIVE NATION MUSIC,2003.0,0.0,0.0,0,0,0,2,0,0,Club
Stayin' Alive: One Night of the Bee Gees,2026-10-15,,LIVE NATION MUSIC,378531.16,252820.95,192930.21,0,0,20,6,0,0,Theater
Princess,2026-10-14,,LIVE NATION MUSIC,0.0,0.0,392378.48,0,0,3,11,0,0,Club
Allison Russell,2026-10-15,,LIVE NATION MUSIC,83000.15,59484.68,37732.0,0,0,4,8,0,0,Club
Machine Girl,2026-10-14,,LIVE NATION MUSIC,245123.68,616185.04,0.0,0,0,6,36,0,0,Theater
Machine Girl,2026-10-14,,LIVE NATION MUSIC,245123.68,616185.04,0.0,0,0,6,36,0,0,Theater
Joe Jordan,2026-10-14,,LIVE NATION MUSIC,5540.0,0.0,0.0,0,0,0,4,0,0,Club
Alvaro,2026-10-14,,LIVE NATION MUSIC,0.0,0.0,0.0,0,0,0,1,0,0,Theater
Shakey Graves,2026-10-14,,LIVE NATION MUSIC,387884.0,401599.02,1244604.5,18,0,46,154,2,15,Theater
Stayin' Alive: One Night of the Bee Gees,2026-10-15,,LIVE NATION MUSIC,378531.16,252820.95,192930.21,0,0,20,6,0,0,Theater
Tou,2026-10-14,,LIVE NATION MUSIC,0.0,348354.82999999996,0.0,0,0,0,1,0,1,Arena
Allison Russell,2026-10-15,,LIVE NATION MUSIC,83000.15,59484.68,37732.0,0,0,4,8,0,0,Club
Struggle Jennings,2026-10-15,,HOUSE OF BLUES CONCERTS (HOB),0.0,21655.0,21009.44,1,0,3,30,2,0,Club
Tou,2026-10-14,,LIVE NATION MUSIC,0.0,348354.82999999996,0.0,0,0,0,1,0,1,Arena
T.3,2026-10-14,,LIVE NATION MUSIC,2859.0,17899.19,19283.0,0,0,1,11,0,0,Club
T.3,2026-10-14,,LIVE NATION MUSIC,2859.0,17899.19,19283.0,0,0,1,11,0,0,Club
Metallica,2026-10-15,,LIVE NATION MUSIC,137107458.47,179373637.38,146435306.85,0,95,4,4,135,10,Stadium
Metallica,2026-10-15,,LIVE NATION MUSIC,137107458.47,179373637.38,146435306.85,0,95,4,4,135,10,Stadium
KATSEYE,2026-10-15,,LIVE NATION MUSIC,3690618.47,0.0,0.0,0,1,5,1,0,0,Arena
Young Miko,2026-10-15,,LIVE NATION MUSIC,1819198.33,11120905.33,716909.22,6,7,22,5,1,2,Arena
Doja Cat,2026-10-15,,LIVE NATION MUSIC,7384674.46,7298161.81,31988065.4,0,39,0,9,0,0,Arena
Gorillaz,2026-10-15,,LIVE NATION MUSIC,0.0,0.0,5075.0,8,73,15,1,3,1,Arena
Jonas Brothers,2026-10-16,,LIVE NATION MUSIC,49501788.39,30144554.31,109403725.33,75,195,28,1,28,5,Arena
Bryson Tiller,2026-10-15,,LIVE NATION MUSIC,0.0,14396903.73,1952369.56,10,20,31,34,0,2,Amphitheatre
Rush,2026-10-15,,LIVE NATION MUSIC,0.0,0.0,0.0,40,118,1,0,2,8,Arena
Destroy Lonely,2026-10-16,,LIVE NATION MUSIC,777805.47,306949.51,142921.93,0,1,3,13,0,0,Amphitheatre
Staind,2026-10-16,,LIVE NATION MUSIC,1417594.5,2423123.19,729547.4,5,9,7,9,0,3,Arena
El Mundo,2026-10-15,,LIVE NATION MUSIC,0.0,0.0,0.0,0,0,1,0,0,0,Stadium
Malcolm Todd,2026-10-15,,LIVE NATION MUSIC,158405.31,63535.0,0.0,0,0,4,8,0,0,Theater
G-Eazy,2026-10-15,,LIVE NATION MUSIC,453863.88,166997.78,53337.0,33,23,54,102,1,4,Amphitheatre
Nine Vicious,2026-10-16,,LIVE NATION MUSIC,0.0,0.0,0.0,0,0,0,2,0,0,Club
MONSTA X,2026-10-15,,LIVE NATION MUSIC,0.0,0.0,0.0,0,6,19,2,0,0,Amphitheatre
Pedro Fernández,2026-10-15,,LIVE NATION MUSIC,1459820.78,1070035.34,992662.55,2,12,10,0,0,0,Theater
Dan + Shay,2026-10-16,,LIVE NATION MUSIC,0.0,23220519.09,2076160.61,32,54,33,41,1,8,Amphitheatre
Five Finger Death Punch,2026-10-16,,LIVE NATION MUSIC,485138.13,5167906.39,0.0,12,74,25,39,1,4,Amphitheatre
Iration,2026-10-15,,LIVE NATION MUSIC,156458.5,500032.5,277045.25,12,0,12,119,0,4,Club
Arcángel,2026-10-15,,LIVE NATION MUSIC,0.0,5578759.22,9635530.99,2,31,5,0,4,1,Arena
Lost,2026-10-15,,LIVE NATION MUSIC,0.0,0.0,36826.43,0,0,0,5,0,0,Club
Turnpike Troubadours,2026-10-15,,LIVE NATION MUSIC,2057615.5,4318554.92,3521142.51,29,12,42,108,4,11,Club
Steve Lacy,2026-10-15,,LIVE NATION MUSIC,0.0,0.0,48400.0,1,2,2,7,0,0,Amphitheatre
"Band Of Horses, Dinosaur Jr.",2026-10-15,,LIVE NATION MUSIC,0.0,0.0,0.0,1,0,0,0,0,0,Amphitheatre
Taste,2026-10-16,,HOUSE OF BLUES CONCERTS (HOB),0.0,0.0,0.0,0,0,1,1,0,0,Club
El Mundo,2026-10-15,,LIVE NATION MUSIC,0.0,0.0,0.0,0,0,1,0,0,0,Stadium
The S.O.S. Band,2026-10-15,,LIVE NATION MUSIC,0.0,0.0,0.0,1,0,1,3,0,0,Theater
Suki Waterhouse,2026-10-16,,LIVE NATION MUSIC,0.0,1845642.36,489285.46,1,0,10,37,0,0,Club
Sleeping With Sirens,2026-10-15,,LIVE NATION MUSIC,0.0,350306.75,319502.92,0,1,30,104,0,5,Arena
"Jacks Waterfall, Kerry Kearney Band",2026-10-15,,LIVE NATION MUSIC,0.0,0.0,0.0,0,0,0,1,0,0,Club
Travis Tritt,2026-10-15,,LIVE NATION MUSIC,1325056.31,861493.65,1525521.41,14,21,117,25,0,19,Theater
Ty Myers,2026-10-16,,LIVE NATION MUSIC,3760257.82,581057.78,0.0,25,2,29,68,0,5,Amphitheatre
Ryan Beatty,2026-10-16,,LIVE NATION MUSIC,0.0,164812.0,12100.0,0,1,3,17,0,0,Club
Tauren Wells,2026-10-16,,LIVE NATION MUSIC,40190.0,0.0,626533.44,1,1,43,1,0,14,Theater
Clutch,2026-10-16,,LIVE NATION MUSIC,563483.87,483052.66,933623.86,4,1,39,168,0,7,Club
Victory,2026-10-15,,LIVE NATION MUSIC,0.0,0.0,0.0,0,0,0,2,0,0,Club
Thundercat,2026-10-15,,LIVE NATION MUSIC,166095.0,81082.15,903432.94,2,0,14,40,0,2,Club
Rocket From The Crypt,2026-10-16,,LIVE NATION MUSIC,0.0,0.0,0.0,0,0,0,3,0,0,Club
America,2026-10-15,,LIVE NATION MUSIC,3837882.2,4477164.55,1750231.2,5,8,175,41,0,14,Club
The Chicks,2026-10-15,,LIVE NATION MUSIC,0.0,0.0,21183223.21,39,69,4,0,3,0,Arena
Sanguisugabogg,2026-10-16,,LIVE NATION MUSIC,0.0,87000.54000000001,4360.0,0,0,3,14,0,0,Theater
Skillet,2026-10-16,,LIVE NATION MUSIC,2238507.06,260542.96,1377748.06,6,30,43,67,0,14,Theater
The Phil Collins Story,2026-10-15,,LIVE NATION MUSIC,0.0,0.0,0.0,0,0,14,1,0,1,Theater
Avery Anna,2026-10-16,,LIVE NATION MUSIC,64422.0,18000.0,11491.0,0,0,3,10,0,0,Club
Toadies,2026-10-16,,HOUSE OF BLUES CONCERTS (HOB),25040.0,0.0,0.0,2,0,9,53,0,1,Club
Avatar,2026-10-15,,LIVE NATION MUSIC,549363.65,456317.3,414674.53,0,1,12,49,0,4,Theater
The Texas Gentlemen,2026-10-16,,LIVE NATION MUSIC,1565.58,0.0,0.0,0,0,0,4,0,0,Club
Boyz II Men,2026-10-16,,LIVE NATION MUSIC,4685044.05,5424182.24,2546429.2,10,11,74,35,0,7,Theater
Lenny Pearce,2026-10-16,,FRANK PRODUCTIONS,1149576.75,11247.35,0.0,1,0,32,23,0,2,Theater
The Aquabats,2026-10-15,,LIVE NATION MUSIC,41516.11,55590.0,70380.0,0,0,2,32,0,0,Club
ARTMS,2026-10-15,,LIVE NATION MUSIC,369351.4,1396931.49,0.0,0,0,16,3,0,0,Theater
R&amp;B Vibes Live,2026-10-15,,LIVE NATION MUSIC,0.0,0.0,0.0,0,0,0,2,0,0,Club
DICE,2026-10-15,,LIVE NATION MUSIC,41239.44,3184.39,12274.39,0,0,0,9,0,0,Club
Movements,2026-10-15,,LIVE NATION MUSIC,308781.6,267276.63,140008.0,0,0,1,23,0,1,Club
Cavetown,2026-10-16,,LIVE NATION MUSIC,0.0,444645.86,1226221.94,2,1,17,39,0,6,Club
Xavier Wulf,2026-10-15,,LIVE NATION MUSIC,37425.0,959758.4,0.0,1,0,14,55,0,0,Theater
Catch Your Breath,2026-10-16,,LIVE NATION MUSIC,10444.0,0.0,0.0,0,0,0,6,0,0,Club
KNOX,2026-10-16,,LIVE NATION MUSIC,41961.0,18594.0,0.0,0,0,0,6,0,0,Theater
Steel Pulse,2026-10-15,,LIVE NATION MUSIC,258161.89,283413.0,21915.0,4,0,13,58,0,1,Club
Personal &amp; The Pizzas,2026-10-15,,LIVE NATION MUSIC,0.0,0.0,0.0,0,0,0,1,0,0,Theater
BERTHA: Grateful Drag,2026-10-16,,LIVE NATION MUSIC,37462.0,28106.5,0.0,1,0,0,4,0,0,Club
"The A, B, C &amp; D Of Boogie Woogie",2026-10-16,,LIVE NATION MUSIC,0.0,0.0,0.0,0,0,0,1,0,0,Arena
The Wrecks,2026-10-15,,LIVE NATION MUSIC,97000.68,0.0,0.0,0,0,1,12,0,0,Club
Apollo's Ghost,2026-10-15,,LIVE NATION MUSIC,0.0,0.0,0.0,0,0,0,2,0,0,Club
Tou,2026-10-16,,LIVE NATION MUSIC,0.0,348354.82999999996,0.0,0,0,0,1,0,1,Amphitheatre
Rise Against,2026-10-15,,LIVE NATION MUSIC,4277860.61,678554.91,194297.26,27,65,68,73,4,10,Arena
Rise Against,2026-10-15,,LIVE NATION MUSIC,4277860.61,678554.91,194297.26,27,65,68,73,4,10,Arena
The Menzingers,2026-10-16,,LIVE NATION MUSIC,0.0,83860.93,175297.68,0,0,3,45,0,0,Theater
Wheeler Walker Jr.,2026-10-16,,LIVE NATION MUSIC,0.0,131246.5,289839.0,0,0,4,27,0,0,Theater
"Son, You Silence I Bird",2026-10-15,,LIVE NATION MUSIC,0.0,0.0,0.0,0,0,1,1,0,2,Other
Autumn,2026-10-15,,LIVE NATION MUSIC,0.0,0.0,0.0,0,0,0,1,0,0,Club
"Mic Crenshaw, Special Guests",2026-10-15,,LIVE NATION MUSIC,0.0,0.0,0.0,0,0,0,1,0,0,Theater
"The A, B, C &amp; D Of Boogie Woogie",2026-10-15,,EMPORIUM PRESENTS,0.0,0.0,0.0,0,0,0,1,0,0,Theater
Chris Mitchell,2026-10-16,,HOUSE OF BLUES CONCERTS (HOB),0.0,0.0,0.0,0,0,0,1,0,0,Club
John King,2026-10-16,,LIVE NATION MUSIC,0.0,0.0,0.0,0,0,0,1,0,0,Club
Ziggy Marley,2026-10-15,,LIVE NATION MUSIC,431908.07,681037.0,171281.63,33,0,43,31,1,5,Amphitheatre
Demon Hunter,2026-10-15,,LIVE NATION MUSIC,17480.0,15615.0,14215.0,0,0,1,17,0,0,Club
"Black Country, New Road",2026-10-15,,LIVE NATION MUSIC,232438.89,262065.06,182437.63,0,0,12,12,0,0,Theater
Walker &amp; Royce,2026-10-16,,LIVE NATION MUSIC,22362.5,18852.5,0.0,0,0,0,9,0,0,Theater
Brand New,2026-10-15,,LIVE NATION MUSIC,2962416.0700000003,0.0,0.0,5,11,12,15,0,0,Club
Duane Betts &amp; Palmetto Motel,2026-10-15,,FRANK PRODUCTIONS,0.0,0.0,0.0,0,0,0,3,0,0,Theater
Rodrigo y Gabriela,2026-10-16,,LIVE NATION MUSIC,68954.74,537959.35,1458366.69,33,3,134,58,0,10,Amphitheatre
The Paradox,2026-10-15,,HOUSE OF BLUES CONCERTS (HOB),4780.0,0.0,0.0,0,0,1,0,0,0,Theater
Ax and the Hatchetmen,2026-10-15,,LIVE NATION TENNESSEE,167304.38,10365.0,2059.0,0,0,2,28,0,0,Club
IVE,2026-10-15,,LIVE NATION MUSIC,3790215.44,12543199.86,3686900.39,0,20,0,0,0,0,Arena
Rata Blanca,2026-10-15,,HOUSE OF BLUES CONCERTS (HOB),565110.34,0.0,0.0,1,4,11,4,2,5,Theater
Cryogeyser,2026-10-15,,LIVE NATION MUSIC,0.0,0.0,0.0,0,0,0,1,0,0,Club
Cryogeyser,2026-10-15,,LIVE NATION MUSIC,0.0,0.0,0.0,0,0,0,1,0,0,Club
M,2026-10-15,,FRANK PRODUCTIONS,0.0,0.0,286459.73,0,0,2,0,0,0,Theater
DJ Mandy,2026-10-15,,LIVE NATION MUSIC,17992.72,0.0,0.0,0,0,0,2,0,0,Club
"God Forbid, Ninth Circle",2026-10-15,,LIVE NATION MUSIC,0.0,0.0,0.0,0,0,0,1,0,0,Club
Daniel Donato,2026-10-16,,LIVE NATION MUSIC,138279.5,86368.5,58816.5,1,0,4,21,0,4,Club
Foghat,2026-10-16,,LIVE NATION MUSIC,0.0,377679.45,90367.74,1,1,12,9,0,3,Theater
Emily Kinney,2026-10-15,,LIVE NATION MUSIC,0.0,1800.0,6050.0,0,0,3,12,0,0,Club
Danielle Nicole,2026-10-15,,FRANK PRODUCTIONS,28256.0,38020.0,16263.0,1,0,5,44,0,0,Club
Rico Nasty,2026-10-15,,LIVE NATION MUSIC,28264.5,0.0,66094.0,0,1,1,18,0,1,Theater
Enter,2026-10-16,,LIVE NATION MUSIC,28761.16,0.0,0.0,0,0,0,1,0,0,Club
Deer Tick,2026-10-16,,LIVE NATION MUSIC,29783.0,4612.5,128819.5,1,0,8,93,0,1,Club
Love Spells,2026-10-15,,LIVE NATION MUSIC,1695.0,0.0,0.0,0,0,0,2,0,0,Club
The Black Dahlia Murder,2026-10-16,,LIVE NATION MUSIC,0.0,65614.66,163785.56,0,0,21,93,0,2,Club
Foghat,2026-10-16,,LIVE NATION MUSIC,0.0,377679.45,90367.74,1,1,12,9,0,3,Theater
Jim Messina,2026-10-15,,LIVE NATION MUSIC,121996.79,42181.0,111660.1,2,0,27,30,0,1,Club
The Rush Tribute Project,2026-10-15,,LIVE NATION MUSIC,548321.85,62212.5,173466.09,0,1,42,2,0,1,Arena
French Police,2026-10-15,,LIVE NATION MUSIC,4947.94,32177.0,0.0,0,0,0,6,0,0,Theater
Isabel LaRosa,2026-10-15,,LIVE NATION MUSIC,84685.57,24182.31,0.0,0,0,2,5,0,0,Club
Sun,2026-10-15,,FRANK PRODUCTIONS,2319.81,0.0,0.0,0,0,0,2,0,0,Club
Postmodern Jukebox,2026-10-15,,LIVE NATION MUSIC,3008960.1,2913423.2,3309873.83,0,9,402,106,0,34,Theater
Jeff &amp; Sheri Easter,2026-10-15,,LIVE NATION MUSIC,0.0,17572.3,0.0,0,0,2,0,0,0,Theater
Prince Daddy &amp; the Hyena,2026-10-16,,LIVE NATION MUSIC,14330.0,23187.85,10500.0,0,0,0,16,0,2,Club
King's X,2026-10-15,,LIVE NATION MUSIC,16889.0,64650.0,59545.0,0,0,5,11,0,0,Club
Prayers,2026-10-16,,LIVE NATION MUSIC,0.0,0.0,5380.0,0,0,1,10,0,0,Club
Grace &amp; The Flat Boys,2026-10-16,,LIVE NATION MUSIC,0.0,1496.9,0.0,0,0,0,1,0,0,Club
Bayonne,2026-10-15,,LIVE NATION MUSIC,0.0,2241.0,4161.5,0,0,1,5,0,0,Club
Postmodern Jukebox,2026-10-15,,LIVE NATION MUSIC,3008960.1,2913423.2,3309873.83,0,9,402,106,0,34,Theater
"In, Flew Ants",2026-10-16,,LIVE NATION MUSIC,0.0,0.0,0.0,0,0,0,2,0,0,Arena
Charlotte De Witte,2026-10-16,,LIVE NATION MUSIC,223451.57,1540264.66,493479.82,0,4,4,7,0,8,Other
SiM,2026-10-15,,LIVE NATION MUSIC,0.0,78357.29000000001,0.0,0,0,0,4,0,0,Theater
French Police,2026-10-15,,LIVE NATION MUSIC,4947.94,32177.0,0.0,0,0,0,6,0,0,Theater
The Rush Tribute Project,2026-10-15,,LIVE NATION MUSIC,548321.85,62212.5,173466.09,0,1,42,2,0,1,Arena
Charlotte De Witte,2026-10-16,,LIVE NATION MUSIC,223451.57,1540264.66,493479.82,0,4,4,7,0,8,Other
King's X,2026-10-15,,LIVE NATION MUSIC,16889.0,64650.0,59545.0,0,0,5,11,0,0,Club
Bayonne,2026-10-15,,LIVE NATION MUSIC,0.0,2241.0,4161.5,0,0,1,5,0,0,Club
Prayers,2026-10-16,,LIVE NATION MUSIC,0.0,0.0,5380.0,0,0,1,10,0,0,Club
Harry Styles,2026-10-16,,LIVE NATION MUSIC,0.0,0.0,252490036.3,1,117,15,2,33,5,Arena
Rod Wave,2026-10-16,,LIVE NATION MUSIC,19871622.03,44782080.52,58117202.64,1,84,1,0,0,0,Arena
Olivia Rodrigo,2026-10-17,,LIVE NATION MUSIC,23420107.2,169307085.8,0.0,0,68,10,2,5,1,Arena
America,2026-10-16,,LIVE NATION MUSIC,3837882.2,4477164.55,1750231.2,5,8,175,41,0,14,Theater
"Chris Brown, Usher",2026-10-17,,LIVE NATION MUSIC,0.0,0.0,0.0,0,0,0,0,18,0,Stadium
The Smashing Pumpkins,2026-10-16,,LIVE NATION MUSIC,956409.95,4451112.17,12656219.06,29,91,37,25,1,5,Arena
"Chris Brown, Usher",2026-10-17,,LIVE NATION MUSIC,0.0,0.0,0.0,0,0,0,0,18,0,Stadium
Gorillaz,2026-10-16,,LIVE NATION MUSIC,0.0,0.0,5075.0,8,73,15,1,3,1,Arena
Staind,2026-10-17,,LIVE NATION MUSIC,1417594.5,2423123.19,729547.4,5,9,7,9,0,3,Amphitheatre
Little Big Town,2026-10-17,,LIVE NATION MUSIC,1005292.0,13004819.31,2846985.5,20,68,94,16,1,12,Theater
Breaking Benjamin,2026-10-17,,LIVE NATION MUSIC,7744296.6,3109971.11,1340194.0,43,39,34,40,2,3,Amphitheatre
$uicideboy$,2026-10-17,,LIVE NATION MUSIC,10730413.76,56694497.44,43051497.75,60,104,35,33,1,11,Amphitheatre
Beabadoobee,2026-10-16,,LIVE NATION MUSIC,801797.5,2506361.44,323192.05,1,2,23,27,0,1,Amphitheatre
Malcolm Todd,2026-10-16,,LIVE NATION MUSIC,158405.31,63535.0,0.0,0,0,4,8,0,0,Theater
Beck,2026-10-17,,LIVE NATION MUSIC,1461640.71,626608.75,4873011.17,24,9,29,9,0,4,Club
Lil Wayne,2026-10-16,,LIVE NATION MUSIC,8883942.56,7295726.66,6308307.5,10,90,7,4,0,2,Arena
Jonas Brothers,2026-10-17,,LIVE NATION MUSIC,49501788.39,30144554.31,109403725.33,75,195,28,1,28,5,Arena
G-Eazy,2026-10-16,,LIVE NATION MUSIC,453863.88,166997.78,53337.0,33,23,54,102,1,4,Amphitheatre
"Luis Angel ""El Flaco""",2026-10-16,,LIVE NATION MUSIC,1590390.67,2038127.85,34780.61,0,3,18,0,0,0,Stadium
Taking Back Sunday,2026-10-16,,LIVE NATION MUSIC,0.0,1192562.18,59060.0,0,1,32,133,0,8,Theater
Modest Mouse,2026-10-16,,LIVE NATION MUSIC,830855.2,1391230.25,494004.69,36,5,80,65,2,9,Theater
Ryan Beatty,2026-10-17,,LIVE NATION MUSIC,0.0,164812.0,12100.0,0,1,3,17,0,0,Club
Keith Urban,2026-10-16,,LIVE NATION MUSIC,8943584.28,1509327.33,773525.0,109,184,15,3,4,8,Arena
"Santana, Doobie Brothers",2026-10-16,,LIVE NATION MUSIC,0.0,0.0,0.0,0,4,0,0,0,0,Arena
Boy Harsher,2026-10-16,,LIVE NATION MUSIC,0.0,0.0,0.0,0,0,1,14,0,1,Club
"Earth, Wind &amp; Fire",2026-10-16,,LIVE NATION MUSIC,11282927.15,1131593.0,1437255.0,68,42,129,11,3,20,Theater
Dan + Shay,2026-10-17,,LIVE NATION MUSIC,0.0,23220519.09,2076160.61,32,54,33,41,1,8,Amphitheatre
Ziggy Marley,2026-10-17,,LIVE NATION MUSIC,431908.07,681037.0,171281.63,33,0,43,31,1,5,Amphitheatre
"Melissa Etheridge, Wynonna Judd",2026-10-16,,LIVE NATION MUSIC,0.0,0.0,0.0,3,0,0,0,0,0,Theater
Arcángel,2026-10-16,,LIVE NATION MUSIC,0.0,5578759.22,9635530.99,2,31,5,0,4,1,Theater
Rav,2026-10-16,,LIVE NATION MUSIC,0.0,0.0,7775.0,0,0,0,4,0,0,Club
Five Finger Death Punch,2026-10-17,,LIVE NATION MUSIC,485138.13,5167906.39,0.0,12,74,25,39,1,4,Amphitheatre
The Gathering,2026-10-16,,LIVE NATION MUSIC,0.0,0.0,0.0,0,0,2,0,0,0,Arena
Ricky Martin,2026-10-16,,LIVE NATION MUSIC,8687103.030000001,3503459.54,6317685.38,3,86,26,0,22,5,Arena
Godsmack,2026-10-16,,LIVE NATION MUSIC,3204398.91,9813515.82,4972649.24,11,71,49,13,0,5,Arena
The Gathering,2026-10-16,,LIVE NATION MUSIC,0.0,0.0,0.0,0,0,2,0,0,0,Arena
Julia Wolf,2026-10-16,,LIVE NATION MUSIC,22865.0,3291.0,51475.0,0,0,1,15,0,0,Theater
Tedeschi Trucks Band,2026-10-16,,LIVE NATION MUSIC,5978304.630000001,9551174.93,7870383.93,98,7,225,24,2,8,Theater
Bethel Music,2026-10-17,,LIVE NATION MUSIC,972671.18,0.0,466550.0,0,6,66,4,0,6,Theater
Brit Floyd,2026-10-16,,LIVE NATION MUSIC,4801025.88,3935393.5,2580115.85,22,89,371,28,0,9,Theater
Niko Moon,2026-10-17,,LIVE NATION MUSIC,748025.72,907982.25,432708.0,3,0,16,65,0,1,Club
Kevin Gates,2026-10-16,,LIVE NATION MUSIC,1336127.59,2110229.19,2154711.88,11,40,66,80,0,3,Club
Alvaro,2026-10-16,,LIVE NATION MUSIC,0.0,0.0,0.0,0,0,0,1,0,0,Arena
Zack Fox,2026-10-16,,LIVE NATION MUSIC,699736.1799999999,153619.24,94077.0,0,0,7,20,0,1,Club
Yandel,2026-10-16,,LIVE NATION MUSIC,5429413.42,695647.99,0.0,3,19,27,2,2,2,Arena
Gavin Adcock,2026-10-16,,LIVE NATION MUSIC,1074735.95,823287.0,64130.0,2,0,8,38,0,1,Amphitheatre
Buddy Guy,2026-10-17,,LIVE NATION MUSIC,917688.88,1872516.73,2376890.29,21,6,261,57,1,30,Theater
Cavetown,2026-10-17,,HOUSE OF BLUES CONCERTS (HOB),0.0,444645.86,1226221.94,2,1,17,39,0,6,Club
Sanguisugabogg,2026-10-17,,HOUSE OF BLUES CONCERTS (HOB),0.0,87000.54000000001,4360.0,0,0,3,14,0,0,Club
Sylvan Esso,2026-10-17,,LIVE NATION MUSIC,0.0,0.0,2925511.35,17,0,29,64,0,8,Club
Black Jacket Symphony,2026-10-16,,LIVE NATION MUSIC,669067.4,782504.15,627644.4,0,0,133,38,0,1,Theater
"Mic Crenshaw, Special Guests",2026-10-16,,LIVE NATION MUSIC,0.0,0.0,0.0,0,0,0,1,0,0,Club
"""SummerStage"", Two Door Cinema Club, Friends",2026-10-17,,LIVE NATION MUSIC,0.0,0.0,0.0,1,0,0,0,0,0,Theater
San Holo,2026-10-16,,LIVE NATION MUSIC,286586.5,58302.0,420309.0,1,1,6,35,0,0,Club
The Marshall Tucker Band,2026-10-16,,FRANK PRODUCTIONS,289697.88,1311840.84,481929.24,6,1,81,53,0,21,Theater
KNOX,2026-10-17,,LIVE NATION MUSIC,41961.0,18594.0,0.0,0,0,0,6,0,0,Club
Club 90,2026-10-17,,LIVE NATION MUSIC,0.0,0.0,15799.63,0,0,0,3,0,0,Club
Foster The People,2026-10-16,,LIVE NATION MUSIC,1851580.29,0.0,0.0,17,7,38,56,2,7,Amphitheatre
Scotty McCreery,2026-10-16,,LIVE NATION MUSIC,93855.0,382318.19,1415836.53,4,7,74,12,1,13,Theater
Bumpin Uglies,2026-10-16,,LIVE NATION MUSIC,10727.0,78987.0,183924.43,3,0,5,85,0,6,Club
Basement,2026-10-16,,HOUSE OF BLUES CONCERTS (HOB),85725.97,42000.0,0.0,0,0,2,25,0,4,Club
Olivia Rodrigo,2026-10-16,,LIVE NATION MUSIC,23420107.2,169307085.8,0.0,0,68,10,2,5,1,Arena
Sammy Rae &amp; The Friends,2026-10-16,,LIVE NATION MUSIC,365473.19,765933.13,407010.69,0,0,11,33,0,1,Club
Ecca Vandal,2026-10-17,,LIVE NATION MUSIC,0.0,0.0,0.0,0,0,0,1,0,0,Club
Neurosis,2026-10-16,,LIVE NATION MUSIC,0.0,0.0,0.0,0,0,1,22,0,0,Club
Basement,2026-10-17,,LIVE NATION MUSIC,85725.97,42000.0,0.0,0,0,2,25,0,4,Amphitheatre
Che,2026-10-16,,LIVE NATION MUSIC,0.0,3750.0,0.0,0,0,0,2,0,0,Arena
Toad The Wet Sprocket,2026-10-16,,LIVE NATION MUSIC,1295396.77,463272.4,1508297.14,7,1,66,94,1,4,Club
AFI,2026-10-17,,LIVE NATION MUSIC,557304.37,0.0,1032877.0,0,1,14,54,0,0,Club
King's X,2026-10-16,,LIVE NATION MUSIC,16889.0,64650.0,59545.0,0,0,5,11,0,0,Club
Slapshot,2026-10-17,,LIVE NATION MUSIC,0.0,0.0,5950.530000000001,0,0,0,7,0,0,Club
Eric Bellinger,2026-10-16,,LIVE NATION MUSIC,24815.0,56507.1,47290.0,0,0,0,28,0,0,Club
"nothing,nowhere.",2026-10-17,,LIVE NATION MUSIC,14119.95,0.0,0.0,0,0,3,18,0,0,Theater
Easy Star All-Stars,2026-10-16,,LIVE NATION MUSIC,0.0,0.0,0.0,0,0,4,49,0,11,Club
Alana Springsteen,2026-10-16,,LIVE NATION MUSIC,0.0,52860.5,44910.24,0,0,2,12,0,1,Club
Jamie Webster,2026-10-17,,LIVE NATION MUSIC,32870.53,474602.13,0.0,0,2,5,6,0,2,Club
The Rush Tribute Project,2026-10-16,,LIVE NATION MUSIC,548321.85,62212.5,173466.09,0,1,42,2,0,1,Theater
Midnight Tyrannosaurus,2026-10-16,,LIVE NATION MUSIC,6110.0,33352.0,56635.0,1,0,1,13,0,0,Theater
Clutch,2026-10-17,,HOUSE OF BLUES CONCERTS (HOB),563483.87,483052.66,933623.86,4,1,39,168,0,7,Club
Chasing Abbey,2026-10-17,,LIVE NATION MUSIC,0.0,53043.38,0.0,0,0,4,8,0,1,Club
Graham Barham,2026-10-16,,LIVE NATION MUSIC,6420.0,0.0,0.0,0,0,1,0,0,0,Theater
R&amp;B Vibes Live,2026-10-16,,LIVE NATION MUSIC,0.0,0.0,0.0,0,0,0,2,0,0,Club
The Story So Far,2026-10-17,,LIVE NATION MUSIC,175730.0,311383.29,21725.0,0,0,10,56,1,4,Club
Gilla Band,2026-10-17,,LIVE NATION MUSIC,0.0,0.0,12917.12,0,0,1,6,0,0,Theater
DJ HABIBEATS,2026-10-16,,LIVE NATION MUSIC,105728.98,16250.0,12177.21,0,0,2,3,0,0,Club
Toadies,2026-10-17,,LIVE NATION MUSIC,25040.0,0.0,0.0,2,0,9,53,0,1,Club
Magoo,2026-10-16,,LIVE NATION MUSIC,25551.04,3015.0,0.0,0,0,2,27,0,2,Club
Slow Pulp,2026-10-16,,LIVE NATION MUSIC,0.0,106046.0,34083.07,0,0,1,10,0,0,Theater
"""Past, Present, Future: A Dance Gala""",2026-10-16,,LIVE NATION MUSIC,0.0,0.0,0.0,0,0,1,0,0,0,Theater
Sploinky Rave,2026-10-16,,HOUSE OF BLUES CONCERTS (HOB),0.0,0.0,0.0,0,0,0,5,0,0,Club
Ratboys,2026-10-16,,FRANK PRODUCTIONS,0.0,54612.3,22537.0,0,0,0,13,0,0,Club
Joy Oladokun,2026-10-17,,LIVE NATION MUSIC,221534.01,52154.13,111946.52,1,0,2,21,0,1,Club
Sleeping With Sirens,2026-10-16,,LIVE NATION MUSIC,0.0,350306.75,319502.92,0,1,30,104,0,5,Arena
Desert Dwellers,2026-10-16,,LIVE NATION MUSIC,18526.5,135504.0,0.0,4,0,3,35,1,0,Theater
The Day Players,2026-10-17,,LIVE NATION MUSIC,0.0,0.0,0.0,0,0,0,1,0,0,Club
Jan &amp; Henry,2026-10-16,,LIVE NATION MUSIC,0.0,16605.16,0.0,0,0,0,1,0,0,Club
"The Army, The Navy",2026-10-16,,LIVE NATION MUSIC,33084.56,0.0,0.0,0,0,1,4,0,0,Club
All Them Witches,2026-10-17,,LIVE NATION MUSIC,475851.11,77303.9,380277.5,1,0,12,55,0,2,Club
PREWN,2026-10-16,,LIVE NATION MUSIC,0.0,0.0,0.0,0,0,0,1,0,0,Club
Pete &amp; Bas,2026-10-16,,LIVE NATION MUSIC,19756.22,54277.37,0.0,0,0,0,7,0,0,Theater
"The A, B, C &amp; D Of Boogie Woogie",2026-10-17,,LIVE NATION MUSIC,0.0,0.0,0.0,0,0,0,1,0,0,Theater
Galantis,2026-10-17,,LIVE NATION MUSIC,1177531.19,293946.2,456268.5,1,1,12,24,0,2,Club
Taylor &amp; The Wild Now,2026-10-16,,LIVE NATION MUSIC,0.0,0.0,0.0,0,0,0,3,0,0,Club
"God Forbid, Ninth Circle",2026-10-16,,HOUSE OF BLUES CONCERTS (HOB),0.0,0.0,0.0,0,0,0,1,0,0,Club
Akeem Ali,2026-10-16,,LIVE NATION MUSIC,6800.0,10982.0,0.0,0,0,0,3,0,1,Club
Michigander,2026-10-16,,HOUSE OF BLUES CONCERTS (HOB),21165.19,38024.0,16887.14,0,0,0,29,0,0,Club
Digable Planets,2026-10-16,,FRANK PRODUCTIONS,64122.5,708161.97,99529.5,2,0,9,41,0,0,Theater
Dermot Kennedy,2026-10-16,,LIVE NATION MUSIC,132950.5,0.0,19937522.59,6,39,52,59,10,4,Amphitheatre
J &amp; The Causeways,2026-10-16,,LIVE NATION MUSIC,2003.0,0.0,0.0,0,0,0,2,0,0,Theater
K. Michelle,2026-10-16,,LIVE NATION MUSIC,228547.0,59597.6,54315.0,2,2,18,12,0,1,Theater
Sleeping With Sirens,2026-10-16,,LIVE NATION MUSIC,0.0,350306.75,319502.92,0,1,30,104,0,5,Arena
Joe Grushecky,2026-10-17,,LIVE NATION MUSIC,5740.0,7340.0,0.0,0,0,1,19,0,0,Club
AR/CO,2026-10-16,,LIVE NATION MUSIC,5750.0,0.0,0.0,0,0,0,2,0,0,Club
Evan Honer,2026-10-17,,LIVE NATION MUSIC,388095.1,508688.63,0.0,1,0,14,69,0,0,Amphitheatre
deadmau5,2026-10-17,,LIVE NATION MUSIC,970582.75,1267254.0,1073552.55,9,24,46,42,5,37,Arena
The Influence,2026-10-16,,LIVE NATION MUSIC,0.0,0.0,0.0,0,0,0,1,0,0,Club
The Tallest Man On Earth,2026-10-16,,LIVE NATION MUSIC,83293.33,0.0,291985.78,0,2,44,70,0,4,Club
Co &amp; Zo - De Podcast,2026-10-16,,LIVE NATION MUSIC,3526.65,0.0,0.0,0,0,1,0,0,0,Theater
Neal Francis,2026-10-16,,LIVE NATION MUSIC,148110.55000000002,66070.5,249109.5,0,0,5,30,0,0,Club
Bombargo,2026-10-16,,LIVE NATION MUSIC,5398.0,2740.0,0.0,0,0,0,8,0,0,Club
Eddie 9V,2026-10-16,,FRANK PRODUCTIONS,79494.23,73638.02,49374.0,0,0,5,61,0,1,Club
Arty,2026-10-17,,LIVE NATION MUSIC,0.0,4500.0,14060.0,0,0,1,13,0,0,Club
Miami Horror,2026-10-16,,LIVE NATION MUSIC,105889.57,0.0,0.0,0,0,2,18,0,2,Club
Femme Fatale,2026-10-16,,LIVE NATION MUSIC,0.0,0.0,0.0,0,0,0,1,0,0,Arena
"""98.1 The Bull - Red, White &amp; Boom!"", Sam Hunt",2026-10-16,,FRANK PRODUCTIONS,0.0,0.0,0.0,0,0,0,0,1,0,Stadium
Paledusk,2026-10-16,,HOUSE OF BLUES CONCERTS (HOB),0.0,3483.94,0.0,0,0,1,2,0,2,Club
Dermot Kennedy,2026-10-16,,LIVE NATION MUSIC,132950.5,0.0,19937522.59,6,39,52,59,10,4,Amphitheatre
"In, Flew Ants",2026-10-17,,LIVE NATION MUSIC,0.0,0.0,0.0,0,0,0,2,0,0,Arena
Sister Sadie,2026-10-16,,LIVE NATION MUSIC,3508.83,7479.21,0.0,0,0,0,3,0,0,Club
Lamont Landers,2026-10-16,,FRANK PRODUCTIONS,2920.0,3700.0,0.0,0,0,0,2,0,0,Theater
Flow,2026-10-16,,LIVE NATION MUSIC,406551.66,631195.89,0.0,0,0,4,13,0,0,Club
ROA,2026-10-16,,LIVE NATION MUSIC,76190.94,0.0,0.0,0,1,4,3,0,0,Theater
Femme Fatale,2026-10-16,,LIVE NATION MUSIC,0.0,0.0,0.0,0,0,0,1,0,0,Arena
The Tallest Man On Earth,2026-10-16,,LIVE NATION MUSIC,83293.33,0.0,291985.78,0,2,44,70,0,4,Club
Actress,2026-10-16,,LIVE NATION MUSIC,0.0,0.0,0.0,0,0,0,1,0,0,Theater
Neal Francis,2026-10-16,,LIVE NATION MUSIC,148110.55000000002,66070.5,249109.5,0,0,5,30,0,0,Club
Julia Cole,2026-10-16,,LIVE NATION MUSIC,10552.5,0.0,0.0,0,0,1,0,0,0,Theater
Theo Katzman,2026-10-16,,LIVE NATION MUSIC,0.0,0.0,187752.32,0,0,2,26,0,0,Club
Julia Cole,2026-10-16,,LIVE NATION MUSIC,10552.5,0.0,0.0,0,0,1,0,0,0,Theater
Theo Katzman,2026-10-16,,LIVE NATION MUSIC,0.0,0.0,187752.32,0,0,2,26,0,0,Club
"The A, B, C &amp; D Of Boogie Woogie",2026-10-17,,LIVE NATION MUSIC,0.0,0.0,0.0,0,0,0,1,0,0,Theater
Bombargo,2026-10-16,,LIVE NATION MUSIC,5398.0,2740.0,0.0,0,0,0,8,0,0,Club
Renaissance,2026-10-16,,LIVE NATION TENNESSEE,0.0,14720.0,4493.66,0,0,30,15,0,0,Theater
Metallica,2026-10-17,,LIVE NATION MUSIC,137107458.47,179373637.38,146435306.85,0,95,4,4,135,10,Stadium
Harry Styles,2026-10-17,,LIVE NATION MUSIC,0.0,0.0,252490036.3,1,117,15,2,33,5,Arena
Charli xcx,2026-10-17,,LIVE NATION MUSIC,18148835.74,3165588.7,198001.15,0,9,13,43,1,0,Club
Olivia Rodrigo,2026-10-18,,LIVE NATION MUSIC,23420107.2,169307085.8,0.0,0,68,10,2,5,1,Arena
The Gathering,2026-10-17,,LIVE NATION MUSIC,0.0,0.0,0.0,0,0,2,0,0,0,Arena
Lil Wayne,2026-10-17,,LIVE NATION MUSIC,8883942.56,7295726.66,6308307.5,10,90,7,4,0,2,Arena
Maná,2026-10-17,,LIVE NATION MUSIC,0.0,0.0,0.0,0,1,0,0,0,0,Arena
Fuerza Regida,2026-10-17,,LIVE NATION MUSIC,8831401.1,61688406.68,40356839.51,6,68,5,0,12,0,Amphitheatre
Young Miko,2026-10-17,,LIVE NATION MUSIC,1819198.33,11120905.33,716909.22,6,7,22,5,1,2,Theater
"""Laughs, Music, &amp; Vibes""",2026-10-17,,LIVE NATION MUSIC,0.0,0.0,0.0,0,0,0,1,0,0,Club
Rush,2026-10-17,,LIVE NATION MUSIC,0.0,0.0,0.0,40,118,1,0,2,8,Arena
Steve Lacy,2026-10-18,,LIVE NATION MUSIC,0.0,0.0,48400.0,1,2,2,7,0,0,Club
Little Big Town,2026-10-18,,LIVE NATION MUSIC,1005292.0,13004819.31,2846985.5,20,68,94,16,1,12,Theater
The Smashing Pumpkins,2026-10-17,,LIVE NATION MUSIC,956409.95,4451112.17,12656219.06,29,91,37,25,1,5,Arena
MONSTA X,2026-10-17,,LIVE NATION MUSIC,0.0,0.0,0.0,0,6,19,2,0,0,Theater
Keith Urban,2026-10-17,,LIVE NATION MUSIC,8943584.28,1509327.33,773525.0,109,184,15,3,4,8,Arena
Foster The People,2026-10-17,,LIVE NATION MUSIC,1851580.29,0.0,0.0,17,7,38,56,2,7,Theater
JPEGMafia,2026-10-18,,LIVE NATION MUSIC,557173.07,1250847.08,390783.87,1,0,19,57,0,1,Club
Suki Waterhouse,2026-10-17,,LIVE NATION MUSIC,0.0,1845642.36,489285.46,1,0,10,37,0,0,Club
Chief Keef,2026-10-17,,LIVE NATION MUSIC,0.0,366115.0,0.0,0,1,6,19,0,0,Theater
Beabadoobee,2026-10-17,,LIVE NATION MUSIC,801797.5,2506361.44,323192.05,1,2,23,27,0,1,Amphitheatre
Grupo Duelo,2026-10-17,,LIVE NATION MUSIC,0.0,49134.0,0.0,0,3,1,0,0,0,Theater
"Earth, Wind &amp; Fire",2026-10-17,,LIVE NATION MUSIC,11282927.15,1131593.0,1437255.0,68,42,129,11,3,20,Theater
Sienna Spiro,2026-10-17,,LIVE NATION MUSIC,24263.94,0.0,0.0,0,0,3,3,0,0,Club
"""Les Nits de Barcelona"", Sting",2026-10-17,,LIVE NATION MUSIC,0.0,0.0,0.0,0,0,0,0,0,1,Theater
Nine Vicious,2026-10-17,,LIVE NATION MUSIC,0.0,0.0,0.0,0,0,0,2,0,0,Club
Thee Sinseers,2026-10-17,,LIVE NATION MUSIC,30027.5,63265.0,6350.0,1,0,0,12,0,0,Club
Rav,2026-10-17,,LIVE NATION MUSIC,0.0,0.0,7775.0,0,0,0,4,0,0,Club
The Story So Far,2026-10-18,,LIVE NATION MUSIC,175730.0,311383.29,21725.0,0,0,10,56,1,4,Club
$uicideboy$,2026-10-18,,LIVE NATION MUSIC,10730413.76,56694497.44,43051497.75,60,104,35,33,1,11,Arena
Sienna Spiro,2026-10-18,,LIVE NATION MUSIC,24263.94,0.0,0.0,0,0,3,3,0,0,Club
Olivia Rodrigo,2026-10-17,,LIVE NATION MUSIC,23420107.2,169307085.8,0.0,0,68,10,2,5,1,Arena
$uicideboy$,2026-10-18,,LIVE NATION MUSIC,10730413.76,56694497.44,43051497.75,60,104,35,33,1,11,Arena
Pretty Ricky,2026-10-17,,LIVE NATION MUSIC,52230.0,0.0,0.0,0,0,0,2,0,1,Theater
Mastodon,2026-10-17,,LIVE NATION MUSIC,0.0,178040.83000000002,1899213.01,3,6,42,78,0,1,Theater
Tedeschi Trucks Band,2026-10-17,,LIVE NATION MUSIC,5978304.630000001,9551174.93,7870383.93,98,7,225,24,2,8,Theater
Trombone Shorty &amp; Orleans Avenue,2026-10-17,,LIVE NATION MUSIC,720271.22,1244178.26,267475.5,23,0,79,96,1,7,Club
Candlebox,2026-10-18,,LIVE NATION MUSIC,0.0,15636.21,95486.8,1,0,20,59,0,5,Club
"Melissa Etheridge, Wynonna Judd",2026-10-17,,LIVE NATION MUSIC,0.0,0.0,0.0,3,0,0,0,0,0,Theater
Pedro Fernández,2026-10-17,,LIVE NATION MUSIC,1459820.78,1070035.34,992662.55,2,12,10,0,0,0,Arena
Femme Fatale,2026-10-17,,LIVE NATION MUSIC,0.0,0.0,0.0,0,0,0,1,0,0,Arena
Club 90,2026-10-17,,LIVE NATION MUSIC,0.0,0.0,15799.63,0,0,0,3,0,0,Theater
Armnhmr,2026-10-17,,LIVE NATION MUSIC,69079.8,90002.6,452773.8,0,0,4,12,0,0,Club
Waylon Wyatt,2026-10-17,,LIVE NATION MUSIC,105369.14,0.0,0.0,0,0,2,6,0,0,Club
Marilyn Manson,2026-10-17,,LIVE NATION MUSIC,8022968.52,117608.0,0.0,3,22,29,40,0,2,Theater
Tou,2026-10-17,,LIVE NATION MUSIC,0.0,348354.82999999996,0.0,0,0,0,1,0,1,Club
Bronco,2026-10-17,,LIVE NATION MUSIC,3023753.05,4199895.61,3332189.0300000003,2,26,36,12,0,14,Club
Ravyn Lenae,2026-10-17,,LIVE NATION MUSIC,318280.19,84165.32,42115.0,0,0,1,15,0,0,Club
"""SummerStage"", Two Door Cinema Club, Friends",2026-10-17,,LIVE NATION MUSIC,0.0,0.0,0.0,1,0,0,0,0,0,Theater
The Menzingers,2026-10-17,,FRANK PRODUCTIONS,0.0,83860.93,175297.68,0,0,3,45,0,0,Club
Vulfpeck,2026-10-17,,LIVE NATION MUSIC,661045.5,240765.0,0.0,4,1,1,20,0,1,Amphitheatre
America,2026-10-18,,LIVE NATION MUSIC,3837882.2,4477164.55,1750231.2,5,8,175,41,0,14,Theater
Chelsea Wolfe,2026-10-17,,LIVE NATION MUSIC,97294.63,261345.05,0.0,0,0,2,49,0,0,Club
Black Jacket Symphony,2026-10-17,,EMPORIUM PRESENTS,669067.4,782504.15,627644.4,0,0,133,38,0,1,Theater
Rise Against,2026-10-17,,LIVE NATION MUSIC,4277860.61,678554.91,194297.26,27,65,68,73,4,10,Theater
R&amp;B Vibes Live,2026-10-17,,LIVE NATION MUSIC,0.0,0.0,0.0,0,0,0,2,0,0,Club
Godsmack,2026-10-17,,LIVE NATION MUSIC,3204398.91,9813515.82,4972649.24,11,71,49,13,0,5,Arena
Daniel Donato,2026-10-17,,LIVE NATION MUSIC,138279.5,86368.5,58816.5,1,0,4,21,0,4,Theater
Godsmack,2026-10-17,,LIVE NATION MUSIC,3204398.91,9813515.82,4972649.24,11,71,49,13,0,5,Arena
She Wants Revenge,2026-10-17,,LIVE NATION MUSIC,79720.0,0.0,7566.52,0,1,5,27,0,1,Club
Running,2026-10-17,,HOUSE OF BLUES CONCERTS (HOB),0.0,0.0,0.0,0,0,0,1,0,0,Club
Kevin Gates,2026-10-17,,LIVE NATION MUSIC,1336127.59,2110229.19,2154711.88,11,40,66,80,0,3,Amphitheatre
Waylon Wyatt,2026-10-18,,LIVE NATION MUSIC,105369.14,0.0,0.0,0,0,2,6,0,0,Club
The Wrecks,2026-10-17,,LIVE NATION MUSIC,97000.68,0.0,0.0,0,0,1,12,0,0,Theater
Benise,2026-10-17,,LIVE NATION MUSIC,0.0,116339.06,259084.7,0,0,47,11,0,3,Arena
10 Years,2026-10-17,,LIVE NATION MUSIC,17283.0,47010.25,6775.0,0,0,11,89,0,3,Club
Neurosis,2026-10-17,,LIVE NATION MUSIC,0.0,0.0,0.0,0,0,1,22,0,0,Club
Catch Your Breath,2026-10-18,,LIVE NATION MUSIC,10444.0,0.0,0.0,0,0,0,6,0,0,Club
The Texas Gentlemen,2026-10-17,,LIVE NATION MUSIC,1565.58,0.0,0.0,0,0,0,4,0,0,Arena
"""Southern Soul, Boots, Brunch &amp; Line Dance Party""",2026-10-18,,LIVE NATION MUSIC,0.0,0.0,0.0,0,0,0,1,0,0,Club
"""Southern Soul, Boots, Brunch &amp; Line Dance Party""",2026-10-18,,LIVE NATION MUSIC,0.0,0.0,0.0,0,0,0,1,0,0,Club
Rodrigo y Gabriela,2026-10-17,,LIVE NATION MUSIC,68954.74,537959.35,1458366.69,33,3,134,58,0,10,Theater
Kenny Wayne Shepherd,2026-10-17,,LIVE NATION MUSIC,512523.77,1084321.07,3587479.38,9,0,139,67,0,17,Theater
Digable Planets,2026-10-17,,LIVE NATION MUSIC,64122.5,708161.97,99529.5,2,0,9,41,0,0,Club
Julia Wolf,2026-10-17,,LIVE NATION MUSIC,22865.0,3291.0,51475.0,0,0,1,15,0,0,Club
Julia Wolf,2026-10-17,,LIVE NATION MUSIC,22865.0,3291.0,51475.0,0,0,1,15,0,0,Club
K. Michelle,2026-10-17,,HOUSE OF BLUES CONCERTS (HOB),228547.0,59597.6,54315.0,2,2,18,12,0,1,Theater
Nick &amp; Simon,2026-10-18,,LIVE NATION MUSIC,0.0,0.0,0.0,0,2,2,0,0,0,Arena
Modest Mouse,2026-10-17,,LIVE NATION MUSIC,830855.2,1391230.25,494004.69,36,5,80,65,2,9,Arena
Skillet,2026-10-17,,LIVE NATION MUSIC,2238507.06,260542.96,1377748.06,6,30,43,67,0,14,Club
Scene Queen,2026-10-17,,LIVE NATION MUSIC,65472.39,49049.0,0.0,0,0,0,8,0,3,Club
Ups &amp; Downs,2026-10-17,,LIVE NATION MUSIC,0.0,0.0,0.0,0,0,0,2,0,0,Club
"Mic Crenshaw, Special Guests",2026-10-17,,LIVE NATION MUSIC,0.0,0.0,0.0,0,0,0,1,0,0,Theater
Valories,2026-10-18,,LIVE NATION MUSIC,0.0,0.0,0.0,0,0,0,1,0,0,Club
Charles Wesley Godwin,2026-10-17,,LIVE NATION MUSIC,758444.48,1054854.04,609346.0,1,2,10,22,0,2,Arena
Earl Sweatshirt,2026-10-18,,LIVE NATION MUSIC,145905.72999999998,0.0,304502.67,0,0,7,36,0,0,Theater
Buddy Guy,2026-10-18,,LIVE NATION MUSIC,917688.88,1872516.73,2376890.29,21,6,261,57,1,30,Arena
Tank and the Bangas,2026-10-17,,LIVE NATION MUSIC,41522.0,99118.0,60860.0,1,0,6,42,0,1,Club
Screeching Weasel,2026-10-17,,LIVE NATION MUSIC,0.0,0.0,0.0,0,0,2,9,0,0,Theater
PeelingFlesh,2026-10-18,,LIVE NATION MUSIC,0.0,10542.0,0.0,0,0,0,3,0,0,Club
Chad Gray,2026-10-18,,LIVE NATION MUSIC,0.0,0.0,0.0,0,0,0,1,0,0,Club
Lauren Sanderson,2026-10-18,,LIVE NATION MUSIC,0.0,20673.0,22912.57,0,0,1,13,0,0,Theater
Modest Mouse,2026-10-17,,LIVE NATION MUSIC,830855.2,1391230.25,494004.69,36,5,80,65,2,9,Arena
The Chicks,2026-10-17,,LIVE NATION MUSIC,0.0,0.0,21183223.21,39,69,4,0,3,0,Theater
Turnpike Troubadours,2026-10-17,,LIVE NATION MUSIC,2057615.5,4318554.92,3521142.51,29,12,42,108,4,11,Amphitheatre
Simrit,2026-10-18,,LIVE NATION MUSIC,15390.0,0.0,10790.0,0,0,0,7,0,0,Theater
MC Magic,2026-10-17,,LIVE NATION MUSIC,68100.0,28040.0,122861.48,0,2,3,11,0,1,Club
"""KPNT 105.7 The Point's Ho Ho Show"", Greek Fire",2026-10-17,,LIVE NATION MUSIC,0.0,0.0,0.0,0,0,2,0,0,0,Theater
The Chicks,2026-10-17,,LIVE NATION MUSIC,0.0,0.0,21183223.21,39,69,4,0,3,0,Theater
Medium Build,2026-10-17,,FRANK PRODUCTIONS,51553.06,277378.99,6501.48,0,0,2,32,0,1,Theater
The Black Dahlia Murder,2026-10-18,,LIVE NATION MUSIC,0.0,65614.66,163785.56,0,0,21,93,0,2,Club
Alicia Villarreal,2026-10-17,,LIVE NATION MUSIC,647045.73,1374508.36,306780.57999999996,1,4,28,3,0,1,Theater
Remi,2026-10-18,,LIVE NATION MUSIC,0.0,0.0,0.0,0,0,0,9,0,0,Amphitheatre
Ultimate,2026-10-17,,LIVE NATION MUSIC,0.0,0.0,0.0,0,0,0,1,0,0,Theater
Forever,2026-10-17,,LIVE NATION MUSIC,70329.51,0.0,0.0,0,1,0,0,0,0,Arena
"Halloween, Alaska",2026-10-17,,LIVE NATION MUSIC,0.0,0.0,0.0,0,0,0,5,0,0,Theater
"Bodie, gio.",2026-10-17,,LIVE NATION MUSIC,0.0,11906.7,0.0,1,0,2,1,0,0,Theater
Mastodon,2026-10-18,,LIVE NATION MUSIC,0.0,178040.83000000002,1899213.01,3,6,42,78,0,1,Theater
Lauren Alaina,2026-10-17,,FRANK PRODUCTIONS,0.0,0.0,0.0,0,0,5,10,0,1,Club
Maddie Zahm,2026-10-17,,HOUSE OF BLUES CONCERTS (HOB),0.0,103535.0,47568.0,0,0,0,8,0,0,Club
Michigander,2026-10-17,,LIVE NATION MUSIC,21165.19,38024.0,16887.14,0,0,0,29,0,0,Club
Dermot Kennedy,2026-10-17,,LIVE NATION MUSIC,132950.5,0.0,19937522.59,6,39,52,59,10,4,Amphitheatre
The Rush Tribute Project,2026-10-17,,EMPORIUM PRESENTS,548321.85,62212.5,173466.09,0,1,42,2,0,1,Theater
Murda,2026-10-17,,LIVE NATION MUSIC,0.0,11865.0,0.0,0,0,0,1,0,0,Club
Hot Flash Heat Wave,2026-10-17,,HOUSE OF BLUES CONCERTS (HOB),0.0,0.0,0.0,0,0,0,5,0,0,Club
Berried Alive,2026-10-17,,LIVE NATION MUSIC,0.0,0.0,0.0,0,0,0,1,0,0,Club
"Dream, Ivory",2026-10-17,,FRANK PRODUCTIONS,0.0,0.0,3737.51,0,0,0,4,0,0,Club
Sueco,2026-10-17,,LIVE NATION MUSIC,0.0,77100.38,70293.0,0,0,3,15,0,0,Club
Sueco,2026-10-17,,LIVE NATION MUSIC,0.0,77100.38,70293.0,0,0,3,15,0,0,Club
Ber,2026-10-17,,LIVE NATION MUSIC,0.0,856.05,5353.4400000000005,0,0,0,3,0,0,Club
House Party,2026-10-17,,FRANK PRODUCTIONS,0.0,0.0,0.0,0,0,0,1,0,0,Club
Rain,2026-10-17,,HOUSE OF BLUES CONCERTS (HOB),0.0,0.0,207956.5,1,1,4,0,0,1,Theater
Dermot Kennedy,2026-10-17,,LIVE NATION MUSIC,132950.5,0.0,19937522.59,6,39,52,59,10,4,Amphitheatre
James,2026-10-17,,LIVE NATION MUSIC,0.0,867897.02,2276566.33,0,28,22,17,3,1,Arena
Don Daft,2026-10-17,,LIVE NATION MUSIC,12260.0,5880.0,0.0,0,0,0,11,0,0,Club
Black Coffee,2026-10-18,,LIVE NATION MUSIC,2308976.87,1550840.6,1588903.76,1,5,0,12,2,2,Club
"""Past, Present, Future: A Dance Gala""",2026-10-17,,FRANK PRODUCTIONS,0.0,0.0,0.0,0,0,1,0,0,0,Theater
COSTA,2026-10-17,,LIVE NATION MUSIC,201726.5,296956.25,311308.0,0,0,16,228,0,0,Club
Black Coffee,2026-10-18,,LIVE NATION MUSIC,2308976.87,1550840.6,1588903.76,1,5,0,12,2,2,Club
Akeem Ali,2026-10-17,,LIVE NATION MUSIC,6800.0,10982.0,0.0,0,0,0,3,0,1,Theater
Sandy &amp; Junior,2026-10-18,,LIVE NATION MUSIC,0.0,0.0,0.0,0,8,0,0,8,0,Arena
Trap Karaoke,2026-10-17,,LIVE NATION MUSIC,110964.0,234499.0,58736.0,0,0,1,6,0,0,Theater
Trap Karaoke,2026-10-17,,LIVE NATION MUSIC,110964.0,234499.0,58736.0,0,0,1,6,0,0,Theater
Pete &amp; Bas,2026-10-17,,LIVE NATION MUSIC,19756.22,54277.37,0.0,0,0,0,7,0,0,Club
IVE,2026-10-17,,LIVE NATION MUSIC,3790215.44,12543199.86,3686900.39,0,20,0,0,0,0,Arena
Dueling Pianos,2026-10-17,,C3 FESTIVALS,0.0,15135.45,0.0,0,0,2,0,0,0,Theater
Theo Katzman,2026-10-17,,LIVE NATION MUSIC,0.0,0.0,187752.32,0,0,2,26,0,0,Club
Theo Katzman,2026-10-17,,LIVE NATION MUSIC,0.0,0.0,187752.32,0,0,2,26,0,0,Club
Stephen Day,2026-10-18,,LIVE NATION MUSIC,7947.0,0.0,0.0,0,0,0,11,0,0,Club
Charli xcx,2026-10-18,,LIVE NATION MUSIC,18148835.74,3165588.7,198001.15,0,9,13,43,1,0,Club
The Smashing Pumpkins,2026-10-18,,LIVE NATION MUSIC,956409.95,4451112.17,12656219.06,29,91,37,25,1,5,Arena
The Gathering,2026-10-18,,LIVE NATION MUSIC,0.0,0.0,0.0,0,0,2,0,0,0,Arena
Gorillaz,2026-10-18,,LIVE NATION MUSIC,0.0,0.0,5075.0,8,73,15,1,3,1,Arena
Staind,2026-10-19,,LIVE NATION MUSIC,1417594.5,2423123.19,729547.4,5,9,7,9,0,3,Arena
Young Miko,2026-10-18,,LIVE NATION MUSIC,1819198.33,11120905.33,716909.22,6,7,22,5,1,2,Arena
Breaking Benjamin,2026-10-19,,LIVE NATION MUSIC,7744296.6,3109971.11,1340194.0,43,39,34,40,2,3,Amphitheatre
Shaboozey,2026-10-18,,LIVE NATION MUSIC,988231.18,60000.0,0.0,0,0,3,7,0,1,Theater
Beck,2026-10-18,,LIVE NATION MUSIC,1461640.71,626608.75,4873011.17,24,9,29,9,0,4,Theater
"Santana, Doobie Brothers",2026-10-18,,LIVE NATION MUSIC,0.0,0.0,0.0,0,4,0,0,0,0,Arena
Frank Carter &amp; The Rattlesnakes,2026-10-18,,LIVE NATION MUSIC,0.0,641787.98,0.0,0,2,20,36,0,9,Club
Earl Sweatshirt,2026-10-19,,LIVE NATION MUSIC,145905.72999999998,0.0,304502.67,0,0,7,36,0,0,Club
Foster The People,2026-10-18,,LIVE NATION MUSIC,1851580.29,0.0,0.0,17,7,38,56,2,7,Amphitheatre
Five Finger Death Punch,2026-10-19,,LIVE NATION MUSIC,485138.13,5167906.39,0.0,12,74,25,39,1,4,Arena
Taste,2026-10-19,,LIVE NATION MUSIC,0.0,0.0,0.0,0,0,1,1,0,0,Theater
"Earth, Wind &amp; Fire",2026-10-18,,LIVE NATION MUSIC,11282927.15,1131593.0,1437255.0,68,42,129,11,3,20,Theater
G-Eazy,2026-10-18,,LIVE NATION MUSIC,453863.88,166997.78,53337.0,33,23,54,102,1,4,Club
Rawayana,2026-10-18,,LIVE NATION MUSIC,0.0,1859072.56,268722.57,0,16,8,9,1,1,Theater
Bryson Tiller,2026-10-18,,LIVE NATION MUSIC,0.0,14396903.73,1952369.56,10,20,31,34,0,2,Amphitheatre
Personal &amp; The Pizzas,2026-10-18,,LIVE NATION MUSIC,0.0,0.0,0.0,0,0,0,1,0,0,Theater
Forever,2026-10-18,,LIVE NATION MUSIC,70329.51,0.0,0.0,0,1,0,0,0,0,Arena
Switchfoot,2026-10-18,,LIVE NATION MUSIC,181031.87,600305.9299999999,763943.0,5,6,80,76,1,17,Club
Sleeping With Sirens,2026-10-18,,LIVE NATION MUSIC,0.0,350306.75,319502.92,0,1,30,104,0,5,Club
David Rawlings,2026-10-18,,LIVE NATION MUSIC,0.0,0.0,0.0,0,0,9,6,0,0,Theater
Cavetown,2026-10-18,,LIVE NATION MUSIC,0.0,444645.86,1226221.94,2,1,17,39,0,6,Club
Jonas Brothers,2026-10-19,,LIVE NATION MUSIC,49501788.39,30144554.31,109403725.33,75,195,28,1,28,5,Arena
Nat &amp; Alex Wolff,2026-10-18,,LIVE NATION MUSIC,0.0,5500.0,0.0,0,0,0,3,0,0,Club
Alvaro,2026-10-18,,LIVE NATION MUSIC,0.0,0.0,0.0,0,0,0,1,0,0,Club
Rise Against,2026-10-18,,LIVE NATION MUSIC,4277860.61,678554.91,194297.26,27,65,68,73,4,10,Club
Turnstile,2026-10-18,,LIVE NATION MUSIC,3535380.32,739762.83,739153.98,3,7,40,34,0,3,Theater
Tou,2026-10-18,,LIVE NATION MUSIC,0.0,348354.82999999996,0.0,0,0,0,1,0,1,Arena
Skillet,2026-10-18,,LIVE NATION MUSIC,2238507.06,260542.96,1377748.06,6,30,43,67,0,14,Club
Marilyn Manson,2026-10-18,,LIVE NATION MUSIC,8022968.52,117608.0,0.0,3,22,29,40,0,2,Theater
King Crimson,2026-10-18,,LIVE NATION MUSIC,0.0,0.0,0.0,9,5,42,4,1,3,Theater
K. Michelle,2026-10-18,,HOUSE OF BLUES CONCERTS (HOB),228547.0,59597.6,54315.0,2,2,18,12,0,1,Theater
David Rawlings,2026-10-19,,LIVE NATION MUSIC,0.0,0.0,0.0,0,0,9,6,0,0,Theater
David Rawlings,2026-10-19,,LIVE NATION MUSIC,0.0,0.0,0.0,0,0,9,6,0,0,Theater
The Wallflowers,2026-10-18,,LIVE NATION MUSIC,541678.38,644538.0,432091.1,2,0,36,41,0,1,Club
Jonas Brothers,2026-10-19,,LIVE NATION MUSIC,49501788.39,30144554.31,109403725.33,75,195,28,1,28,5,Arena
Taking Back Sunday,2026-10-18,,LIVE NATION MUSIC,0.0,1192562.18,59060.0,0,1,32,133,0,8,Theater
glaive,2026-10-18,,LIVE NATION MUSIC,87140.09,0.0,70042.53,0,0,4,26,0,1,Club
The Living Tombstone,2026-10-18,,FRANK PRODUCTIONS,1025246.06,58601.17,0.0,0,1,2,16,0,0,Theater
Chad Gray,2026-10-19,,LIVE NATION MUSIC,0.0,0.0,0.0,0,0,0,1,0,0,Theater
Yandel,2026-10-18,,LIVE NATION MUSIC,5429413.42,695647.99,0.0,3,19,27,2,2,2,Arena
Emei,2026-10-19,,LIVE NATION MUSIC,147261.76,63873.5,0.0,0,0,0,17,0,1,Club
Akeem Ali,2026-10-18,,LIVE NATION MUSIC,6800.0,10982.0,0.0,0,0,0,3,0,1,Club
"Shore, Stein, Papier",2026-10-19,,LIVE NATION MUSIC,0.0,0.0,0.0,0,0,0,2,0,0,Club
Lifehouse,2026-10-19,,LIVE NATION MUSIC,0.0,0.0,0.0,1,0,10,18,0,2,Club
The Brook &amp; The Bluff,2026-10-19,,HOUSE OF BLUES CONCERTS (HOB),0.0,54224.59,250521.71,0,0,7,35,0,1,Club
Michael Franti &amp; Spearhead,2026-10-18,,LIVE NATION MUSIC,808998.5,6993576.6,4151183.84,113,3,86,115,2,32,Club
The Suitcase Junket,2026-10-18,,LIVE NATION MUSIC,3419.0,2490.75,4077.0,0,0,5,10,0,0,Club
Hermanos Gutiérrez,2026-10-18,,LIVE NATION MUSIC,1116649.72,315848.47,75081.67,1,0,13,9,0,1,Amphitheatre
Here Come The Mummies,2026-10-18,,FRANK PRODUCTIONS,198372.0,98506.61,161860.0,2,2,60,126,0,12,Club
The Chicks,2026-10-18,,LIVE NATION MUSIC,0.0,0.0,21183223.21,39,69,4,0,3,0,Theater
The Chicks,2026-10-18,,LIVE NATION MUSIC,0.0,0.0,21183223.21,39,69,4,0,3,0,Theater
David Rawlings,2026-10-19,,LIVE NATION MUSIC,0.0,0.0,0.0,0,0,9,6,0,0,Theater
"""Past, Present, Future: A Dance Gala""",2026-10-18,,LIVE NATION MUSIC,0.0,0.0,0.0,0,0,1,0,0,0,Theater
Asha Banks,2026-10-18,,LIVE NATION MUSIC,0.0,0.0,0.0,0,0,0,0,0,1,Other
BLÜ EYES,2026-10-18,,LIVE NATION MUSIC,0.0,3956.0,13840.82,0,0,1,3,0,0,Club
Sophie,2026-10-18,,LIVE NATION MUSIC,0.0,0.0,0.0,0,0,0,3,0,0,Club
"The A, B, C &amp; D Of Boogie Woogie",2026-10-18,,FRANK PRODUCTIONS,0.0,0.0,0.0,0,0,0,1,0,0,Club
Orleans,2026-10-18,,LIVE NATION MUSIC,38390.5,0.0,67892.65,1,0,5,2,0,0,Theater
Alana Springsteen,2026-10-18,,LIVE NATION MUSIC,0.0,52860.5,44910.24,0,0,2,12,0,1,Club
Echos,2026-10-18,,HOUSE OF BLUES CONCERTS (HOB),0.0,0.0,10167.9,0,0,0,2,0,0,Club
Back &amp; Forth - Foo Fighters Tribute,2026-10-18,,LIVE NATION MUSIC,1985.0,3110.0,0.0,0,0,0,2,0,0,Theater
Sueco,2026-10-18,,LIVE NATION MUSIC,0.0,77100.38,70293.0,0,0,3,15,0,0,Club
Rain,2026-10-18,,HOUSE OF BLUES CONCERTS (HOB),0.0,0.0,207956.5,1,1,4,0,0,1,Theater
Sueco,2026-10-18,,LIVE NATION MUSIC,0.0,77100.38,70293.0,0,0,3,15,0,0,Club
R&amp;B Vibes Live,2026-10-18,,LIVE NATION TENNESSEE,0.0,0.0,0.0,0,0,0,2,0,0,Club
Thee Sinseers,2026-10-18,,LIVE NATION MUSIC,30027.5,63265.0,6350.0,1,0,0,12,0,0,Club
Avery Anna,2026-10-18,,LIVE NATION MUSIC,64422.0,18000.0,11491.0,0,0,3,10,0,0,Club
Avery Anna,2026-10-18,,LIVE NATION MUSIC,64422.0,18000.0,11491.0,0,0,3,10,0,0,Club
Isaiah Falls,2026-10-18,,LIVE NATION MUSIC,30872.0,0.0,0.0,0,0,0,2,0,0,Theater
Rod Wave,2026-10-19,,LIVE NATION MUSIC,19871622.03,44782080.52,58117202.64,1,84,1,0,0,0,Arena
Doja Cat,2026-10-19,,LIVE NATION MUSIC,7384674.46,7298161.81,31988065.4,0,39,0,9,0,0,Arena
Jonas Brothers,2026-10-20,,LIVE NATION MUSIC,49501788.39,30144554.31,109403725.33,75,195,28,1,28,5,Arena
Sara Bareilles,2026-10-19,,LIVE NATION MUSIC,0.0,0.0,0.0,12,6,27,45,0,1,Theater
Modest Mouse,2026-10-19,,LIVE NATION MUSIC,830855.2,1391230.25,494004.69,36,5,80,65,2,9,Theater
Breaking Benjamin,2026-10-20,,LIVE NATION MUSIC,7744296.6,3109971.11,1340194.0,43,39,34,40,2,3,Amphitheatre
Beabadoobee,2026-10-19,,LIVE NATION MUSIC,801797.5,2506361.44,323192.05,1,2,23,27,0,1,Amphitheatre
Paris Paloma,2026-10-20,,LIVE NATION MUSIC,182912.02,142732.72999999998,10609.18,0,0,6,10,0,0,Club
Destroy Lonely,2026-10-20,,LIVE NATION MUSIC,777805.47,306949.51,142921.93,0,1,3,13,0,0,Amphitheatre
"""Les Nits de Barcelona"", Sting",2026-10-19,,LIVE NATION MUSIC,0.0,0.0,0.0,0,0,0,0,0,1,Other
JPEGMafia,2026-10-20,,LIVE NATION MUSIC,557173.07,1250847.08,390783.87,1,0,19,57,0,1,Club
Tedeschi Trucks Band,2026-10-20,,LIVE NATION MUSIC,5978304.630000001,9551174.93,7870383.93,98,7,225,24,2,8,Theater
Basement,2026-10-19,,LIVE NATION MUSIC,85725.97,42000.0,0.0,0,0,2,25,0,4,Club
"""SummerStage"", Two Door Cinema Club, Friends",2026-10-19,,LIVE NATION MUSIC,0.0,0.0,0.0,1,0,0,0,0,0,Theater
Candlebox,2026-10-20,,LIVE NATION MUSIC,0.0,15636.21,95486.8,1,0,20,59,0,5,Club
Dermot Kennedy,2026-10-19,,LIVE NATION MUSIC,132950.5,0.0,19937522.59,6,39,52,59,10,4,Theater
Stryper,2026-10-20,,HOUSE OF BLUES CONCERTS (HOB),98295.2,400760.5,162443.0,0,0,17,32,0,1,Club
Allison Russell,2026-10-20,,LIVE NATION MUSIC,83000.15,59484.68,37732.0,0,0,4,8,0,0,Club
Vince Staples,2026-10-19,,LIVE NATION MUSIC,0.0,253029.0,0.0,0,0,7,36,0,0,Club
Cuco,2026-10-19,,LIVE NATION MUSIC,312711.82,398064.16,560948.03,0,1,15,43,0,5,Theater
Hawthorne Heights,2026-10-20,,HOUSE OF BLUES CONCERTS (HOB),10175.0,356921.46,49305.0,2,0,4,55,0,5,Club
Wheeler Walker Jr.,2026-10-19,,FRANK PRODUCTIONS,0.0,131246.5,289839.0,0,0,4,27,0,0,Club
Free Throw,2026-10-19,,HOUSE OF BLUES CONCERTS (HOB),7170.66,12411.08,41648.0,1,0,1,17,0,2,Club
Lexi Jayde,2026-10-20,,LIVE NATION MUSIC,0.0,0.0,16656.699999999997,0,0,0,2,0,0,Club
Dope Lemon,2026-10-19,,LIVE NATION MUSIC,206536.89,0.0,371359.73,0,0,4,29,0,1,Club
Lifehouse,2026-10-20,,LIVE NATION MUSIC,0.0,0.0,0.0,1,0,10,18,0,2,Theater
Will Varley,2026-10-20,,LIVE NATION MUSIC,9252.46,0.0,0.0,0,0,0,6,0,1,Club
Jordan,2026-10-19,,LIVE NATION MUSIC,0.0,12249.61,18252.05,0,0,1,1,0,0,Club
America,2026-10-20,,LIVE NATION MUSIC,3837882.2,4477164.55,1750231.2,5,8,175,41,0,14,Club
Running,2026-10-19,,LIVE NATION MUSIC,0.0,0.0,0.0,0,0,0,1,0,0,Club
"Cradle Of Filth, DevilDriver",2026-10-20,,LIVE NATION MUSIC,0.0,0.0,29384.5,0,0,0,2,0,0,Club
David Rawlings,2026-10-20,,LIVE NATION MUSIC,0.0,0.0,0.0,0,0,9,6,0,0,Arena
David Rawlings,2026-10-20,,LIVE NATION MUSIC,0.0,0.0,0.0,0,0,9,6,0,0,Arena
,2026-10-19,,LIVE NATION MUSIC,0.0,0.0,0.0,0,0,0,0,0,0,Other
The Linda Lindas,2026-10-19,,LIVE NATION TENNESSEE,101815.99,6550.0,0.0,0,0,1,4,0,0,Club
"Livingston Taylor, Tom Chapin, EVA",2026-10-19,,LIVE NATION MUSIC,0.0,0.0,0.0,1,0,0,0,0,0,Amphitheatre
"The A, B, C &amp; D Of Boogie Woogie",2026-10-20,,LIVE NATION MUSIC,0.0,0.0,0.0,0,0,0,1,0,0,Club
The Wldlfe,2026-10-19,,HOUSE OF BLUES CONCERTS (HOB),22849.6,107014.44,4184.0,0,0,0,21,0,1,Club
"Dream, Ivory",2026-10-19,,LIVE NATION MUSIC,0.0,0.0,3737.51,0,0,0,4,0,0,Club
"Mic Crenshaw, Special Guests",2026-10-20,,LIVE NATION MUSIC,0.0,0.0,0.0,0,0,0,1,0,0,Theater
Laura Veirs,2026-10-19,,LIVE NATION MUSIC,4867.76,0.0,4172.65,0,0,0,24,0,2,Club
Actress,2026-10-19,,LIVE NATION MUSIC,0.0,0.0,0.0,0,0,0,1,0,0,Club
Clutch,2026-10-20,,LIVE NATION MUSIC,563483.87,483052.66,933623.86,4,1,39,168,0,7,Club
Pete &amp; Bas,2026-10-19,,LIVE NATION MUSIC,19756.22,54277.37,0.0,0,0,0,7,0,0,Club
Isabel LaRosa,2026-10-19,,LIVE NATION MUSIC,84685.57,24182.31,0.0,0,0,2,5,0,0,Club
Oh He Dead,2026-10-20,,LIVE NATION MUSIC,54985.0,17016.0,39229.5,0,0,2,17,0,0,Theater
Ado,2026-10-19,,LIVE NATION MUSIC,14188056.72,3901792.31,0.0,0,16,4,0,0,0,Arena
Ado,2026-10-19,,LIVE NATION MUSIC,14188056.72,3901792.31,0.0,0,16,4,0,0,0,Arena
Chinchilla,2026-10-19,,LIVE NATION MUSIC,0.0,0.0,0.0,0,0,0,1,0,1,Club
Malcolm Todd,2026-10-19,,LIVE NATION MUSIC,158405.31,63535.0,0.0,0,0,4,8,0,0,Theater
Isabel LaRosa,2026-10-19,,LIVE NATION MUSIC,84685.57,24182.31,0.0,0,0,2,5,0,0,Club
Gun,2026-10-19,,LIVE NATION MUSIC,99386.43,100794.15,101429.7,0,0,0,11,0,2,Club
The Residents,2026-10-19,,LIVE NATION MUSIC,0.0,0.0,7124.0,0,0,4,32,0,1,Club
Malcolm Todd,2026-10-19,,LIVE NATION MUSIC,158405.31,63535.0,0.0,0,0,4,8,0,0,Theater
Lords of Acid,2026-10-19,,LIVE NATION MUSIC,36755.0,116228.84,0.0,0,0,5,24,0,0,Club
Lords of Acid,2026-10-19,,LIVE NATION MUSIC,36755.0,116228.84,0.0,0,0,5,24,0,0,Club
The Residents,2026-10-19,,LIVE NATION MUSIC,0.0,0.0,7124.0,0,0,4,32,0,1,Club
"The A, B, C &amp; D Of Boogie Woogie",2026-10-20,,LIVE NATION MUSIC,0.0,0.0,0.0,0,0,0,1,0,0,Club
Rod Wave,2026-10-20,,LIVE NATION MUSIC,19871622.03,44782080.52,58117202.64,1,84,1,0,0,0,Arena
MONSTA X,2026-10-20,,LIVE NATION MUSIC,0.0,0.0,0.0,0,6,19,2,0,0,Arena
The Gathering,2026-10-20,,LIVE NATION MUSIC,0.0,0.0,0.0,0,0,2,0,0,0,Arena
"""Rocky Horror Picture Show"", Barry Bostwick",2026-10-21,,LIVE NATION MUSIC,0.0,0.0,0.0,0,0,1,0,0,0,Arena
KATSEYE,2026-10-20,,LIVE NATION MUSIC,3690618.47,0.0,0.0,0,1,5,1,0,0,Arena
Doja Cat,2026-10-20,,LIVE NATION MUSIC,7384674.46,7298161.81,31988065.4,0,39,0,9,0,0,Arena
The Smashing Pumpkins,2026-10-20,,LIVE NATION MUSIC,956409.95,4451112.17,12656219.06,29,91,37,25,1,5,Arena
Shaboozey,2026-10-20,,LIVE NATION MUSIC,988231.18,60000.0,0.0,0,0,3,7,0,1,Arena
Five Finger Death Punch,2026-10-21,,LIVE NATION MUSIC,485138.13,5167906.39,0.0,12,74,25,39,1,4,Arena
Sara Bareilles,2026-10-20,,LIVE NATION MUSIC,0.0,0.0,0.0,12,6,27,45,0,1,Theater
Bryson Tiller,2026-10-20,,LIVE NATION MUSIC,0.0,14396903.73,1952369.56,10,20,31,34,0,2,Amphitheatre
Sienna Spiro,2026-10-21,,LIVE NATION MUSIC,24263.94,0.0,0.0,0,0,3,3,0,0,Club
Modest Mouse,2026-10-20,,LIVE NATION MUSIC,830855.2,1391230.25,494004.69,36,5,80,65,2,9,Theater
Rise Against,2026-10-20,,LIVE NATION MUSIC,4277860.61,678554.91,194297.26,27,65,68,73,4,10,Theater
Cameron Whitcomb,2026-10-20,,LIVE NATION MUSIC,130759.26,20541.0,0.0,0,0,5,15,0,0,Club
Daughtry,2026-10-20,,LIVE NATION MUSIC,0.0,248378.35,1728352.14,9,66,135,39,0,22,Theater
Cavetown,2026-10-21,,LIVE NATION MUSIC,0.0,444645.86,1226221.94,2,1,17,39,0,6,Club
"""Les Nits de Barcelona"", Sting",2026-10-20,,LIVE NATION MUSIC,0.0,0.0,0.0,0,0,0,0,0,1,Other
The Black Dahlia Murder,2026-10-21,,LIVE NATION MUSIC,0.0,65614.66,163785.56,0,0,21,93,0,2,Club
The Wrecks,2026-10-20,,LIVE NATION MUSIC,97000.68,0.0,0.0,0,0,1,12,0,0,Club
CupcakKe,2026-10-20,,HOUSE OF BLUES CONCERTS (HOB),84640.0,185280.07,588884.75,1,0,9,88,0,0,Club
Judah &amp; The Lion,2026-10-20,,FRANK PRODUCTIONS,74475.0,108536.7,156098.0,1,0,33,100,0,3,Club
Benjamin Tod &amp; Lost Dog Street Band,2026-10-20,,LIVE NATION MUSIC,0.0,179250.0,0.0,0,0,3,37,0,0,Club
Cuco,2026-10-20,,LIVE NATION MUSIC,312711.82,398064.16,560948.03,0,1,15,43,0,5,Club
Godsmack,2026-10-20,,LIVE NATION MUSIC,3204398.91,9813515.82,4972649.24,11,71,49,13,0,5,Arena
Hermanos Gutiérrez,2026-10-20,,LIVE NATION MUSIC,1116649.72,315848.47,75081.67,1,0,13,9,0,1,Theater
Jessie Ware,2026-10-20,,LIVE NATION MUSIC,0.0,0.0,1453398.58,0,1,7,29,0,0,Theater
"Mic Crenshaw, Special Guests",2026-10-21,,HOUSE OF BLUES CONCERTS (HOB),0.0,0.0,0.0,0,0,0,1,0,0,Club
"Band Of Horses, Dinosaur Jr.",2026-10-20,,LIVE NATION MUSIC,0.0,0.0,0.0,1,0,0,0,0,0,Amphitheatre
The Residents,2026-10-20,,LIVE NATION MUSIC,0.0,0.0,7124.0,0,0,4,32,0,1,Theater
Skilla Baby,2026-10-21,,LIVE NATION MUSIC,0.0,32505.0,0.0,0,0,0,1,0,0,Club
Femme Fatale,2026-10-20,,LIVE NATION MUSIC,0.0,0.0,0.0,0,0,0,1,0,0,Amphitheatre
almost monday,2026-10-20,,LIVE NATION MUSIC,58670.4,0.0,2884.0,0,0,0,9,0,1,Club
R&amp;B Vibes Live,2026-10-21,,LIVE NATION MUSIC,0.0,0.0,0.0,0,0,0,2,0,0,Club
Julia Jacklin,2026-10-20,,LIVE NATION MUSIC,0.0,141592.86,327508.12,0,0,13,47,0,7,Club
Rain,2026-10-21,,HOUSE OF BLUES CONCERTS (HOB),0.0,0.0,207956.5,1,1,4,0,0,1,Theater
Boy Harsher,2026-10-20,,HOUSE OF BLUES CONCERTS (HOB),0.0,0.0,0.0,0,0,1,14,0,1,Club
Chelsea Wolfe,2026-10-20,,LIVE NATION MUSIC,97294.63,261345.05,0.0,0,0,2,49,0,0,Theater
Mastodon,2026-10-21,,LIVE NATION MUSIC,0.0,178040.83000000002,1899213.01,3,6,42,78,0,1,Theater
"nothing,nowhere.",2026-10-21,,LIVE NATION MUSIC,14119.95,0.0,0.0,0,0,3,18,0,0,Club
Carly Pearce,2026-10-21,,LIVE NATION MUSIC,939850.93,0.0,316634.33999999997,1,0,20,8,0,0,Theater
Steve Lacy,2026-10-20,,LIVE NATION MUSIC,0.0,0.0,48400.0,1,2,2,7,0,0,Club
Daði Freyr,2026-10-20,,LIVE NATION MUSIC,27985.87,173924.05,220434.4,0,0,5,14,0,0,Theater
Iron &amp; Wine,2026-10-20,,LIVE NATION MUSIC,234458.3,956492.07,19800.0,1,0,69,56,0,4,Theater
Chad Gray,2026-10-20,,LIVE NATION MUSIC,0.0,0.0,0.0,0,0,0,1,0,0,Club
"""Past, Present, Future: A Dance Gala""",2026-10-21,,LIVE NATION MUSIC,0.0,0.0,0.0,0,0,1,0,0,0,Theater
Ecca Vandal,2026-10-21,,LIVE NATION MUSIC,0.0,0.0,0.0,0,0,0,1,0,0,Theater
PeelingFlesh,2026-10-21,,LIVE NATION MUSIC,0.0,10542.0,0.0,0,0,0,3,0,0,Club
The Story So Far,2026-10-21,,LIVE NATION MUSIC,175730.0,311383.29,21725.0,0,0,10,56,1,4,Club
The Chicks,2026-10-20,,LIVE NATION MUSIC,0.0,0.0,21183223.21,39,69,4,0,3,0,Theater
"Good Morning, Elizabeth",2026-10-21,,LIVE NATION MUSIC,0.0,0.0,0.0,0,0,0,1,0,0,Club
"Rave Culture in Concert, W&amp;W",2026-10-21,,LIVE NATION MUSIC,0.0,0.0,0.0,0,1,0,0,0,0,Arena
Patrick Droney,2026-10-21,,LIVE NATION MUSIC,0.0,4245.59,25810.0,0,0,0,10,0,0,Theater
The Chicks,2026-10-20,,LIVE NATION MUSIC,0.0,0.0,21183223.21,39,69,4,0,3,0,Theater
Gorillaz,2026-10-20,,LIVE NATION MUSIC,0.0,0.0,5075.0,8,73,15,1,3,1,Arena
The Snuts,2026-10-20,,LIVE NATION MUSIC,0.0,826646.8,475102.52,0,1,15,23,0,2,Club
Hermanos Gutiérrez,2026-10-21,,LIVE NATION MUSIC,1116649.72,315848.47,75081.67,1,0,13,9,0,1,Theater
Willow Avalon,2026-10-20,,LIVE NATION MUSIC,86780.26999999999,0.0,0.0,0,0,2,9,0,0,Club
Scene Queen,2026-10-20,,FRANK PRODUCTIONS,65472.39,49049.0,0.0,0,0,0,8,0,3,Club
Tou,2026-10-21,,LIVE NATION MUSIC,0.0,348354.82999999996,0.0,0,0,0,1,0,1,Club
Jenna Raine,2026-10-20,,LIVE NATION MUSIC,0.0,0.0,0.0,0,0,0,1,0,0,Club
The Paradox,2026-10-20,,LIVE NATION MUSIC,4780.0,0.0,0.0,0,0,1,0,0,0,Theater
"Livingston Taylor, Tom Chapin, EVA",2026-10-20,,LIVE NATION MUSIC,0.0,0.0,0.0,1,0,0,0,0,0,Amphitheatre
This Wild Life,2026-10-20,,LIVE NATION MUSIC,9810.0,0.0,7079.0,0,0,2,15,0,2,Club
"The A, B, C &amp; D Of Boogie Woogie",2026-10-21,,LIVE NATION MUSIC,0.0,0.0,0.0,0,0,0,1,0,0,Arena
Sun,2026-10-20,,LIVE NATION MUSIC,2319.81,0.0,0.0,0,0,0,2,0,0,Theater
Tank and the Bangas,2026-10-20,,FRANK PRODUCTIONS,41522.0,99118.0,60860.0,1,0,6,42,0,1,Theater
America,2026-10-20,,LIVE NATION MUSIC,3837882.2,4477164.55,1750231.2,5,8,175,41,0,14,Theater
Joshua Burnside,2026-10-20,,LIVE NATION MUSIC,9408.55,0.0,3511.48,0,0,0,5,0,3,Club
"The Army, The Navy",2026-10-20,,FRANK PRODUCTIONS,33084.56,0.0,0.0,0,0,1,4,0,0,Club
America,2026-10-20,,LIVE NATION MUSIC,3837882.2,4477164.55,1750231.2,5,8,175,41,0,14,Theater
The Hip Abduction,2026-10-21,,LIVE NATION MUSIC,234445.5,324658.0,117140.48,4,0,4,39,0,3,Amphitheatre
Beauty School Dropout,2026-10-21,,LIVE NATION MUSIC,0.0,0.0,5092.0,0,0,0,2,0,0,Club
Sons of Legion,2026-10-20,,LIVE NATION MUSIC,0.0,0.0,0.0,0,0,12,29,0,0,Theater
glaive,2026-10-20,,LIVE NATION MUSIC,87140.09,0.0,70042.53,0,0,4,26,0,1,Theater
MICO,2026-10-20,,LIVE NATION MUSIC,215119.85,5000.0,0.0,0,0,3,13,0,0,Club
MICO,2026-10-20,,LIVE NATION MUSIC,215119.85,5000.0,0.0,0,0,3,13,0,0,Club
The Brook &amp; The Bluff,2026-10-20,,LIVE NATION MUSIC,0.0,54224.59,250521.71,0,0,7,35,0,1,Club
Gorillaz,2026-10-20,,LIVE NATION MUSIC,0.0,0.0,5075.0,8,73,15,1,3,1,Arena
"The Army, The Navy",2026-10-21,,LIVE NATION MUSIC,33084.56,0.0,0.0,0,0,1,4,0,0,Club
Failure,2026-10-20,,LIVE NATION MUSIC,0.0,0.0,0.0,0,0,3,26,0,0,Theater
Failure,2026-10-20,,LIVE NATION MUSIC,0.0,0.0,0.0,0,0,3,26,0,0,Club
Sons of Legion,2026-10-20,,LIVE NATION MUSIC,0.0,0.0,0.0,0,0,12,29,0,0,Theater
"Cradle Of Filth, DevilDriver",2026-10-21,,LIVE NATION MUSIC,0.0,0.0,29384.5,0,0,0,2,0,0,Club
glaive,2026-10-20,,LIVE NATION MUSIC,87140.09,0.0,70042.53,0,0,4,26,0,1,Theater
Eric Lindell,2026-10-20,,LIVE NATION MUSIC,9920.0,5035.0,18347.0,0,0,4,33,0,1,Theater
The Brook &amp; The Bluff,2026-10-20,,LIVE NATION MUSIC,0.0,54224.59,250521.71,0,0,7,35,0,1,Club
"The A, B, C &amp; D Of Boogie Woogie",2026-10-21,,LIVE NATION MUSIC,0.0,0.0,0.0,0,0,0,1,0,0,Arena
Harry Styles,2026-10-21,,LIVE NATION MUSIC,0.0,0.0,252490036.3,1,117,15,2,33,5,Arena
Beabadoobee,2026-10-21,,LIVE NATION MUSIC,801797.5,2506361.44,323192.05,1,2,23,27,0,1,Club
Charli xcx,2026-10-21,,LIVE NATION MUSIC,18148835.74,3165588.7,198001.15,0,9,13,43,1,0,Arena
Rush,2026-10-21,,LIVE NATION MUSIC,0.0,0.0,0.0,40,118,1,0,2,8,Arena
The Gathering,2026-10-21,,LIVE NATION MUSIC,0.0,0.0,0.0,0,0,2,0,0,0,Arena
G-Eazy,2026-10-21,,LIVE NATION MUSIC,453863.88,166997.78,53337.0,33,23,54,102,1,4,Theater
Little Big Town,2026-10-22,,LIVE NATION MUSIC,1005292.0,13004819.31,2846985.5,20,68,94,16,1,12,Arena
"Santana, Doobie Brothers",2026-10-21,,LIVE NATION MUSIC,0.0,0.0,0.0,0,4,0,0,0,0,Arena
Beck,2026-10-22,,LIVE NATION MUSIC,1461640.71,626608.75,4873011.17,24,9,29,9,0,4,Theater
Femme Fatale,2026-10-21,,LIVE NATION MUSIC,0.0,0.0,0.0,0,0,0,1,0,0,Amphitheatre
Dermot Kennedy,2026-10-21,,LIVE NATION MUSIC,132950.5,0.0,19937522.59,6,39,52,59,10,4,Theater
Arcángel,2026-10-21,,LIVE NATION MUSIC,0.0,5578759.22,9635530.99,2,31,5,0,4,1,Arena
Modest Mouse,2026-10-21,,LIVE NATION MUSIC,830855.2,1391230.25,494004.69,36,5,80,65,2,9,Theater
Buena Vista Orchestra,2026-10-21,,LIVE NATION MUSIC,80477.5,0.0,0.0,0,0,1,1,0,0,Arena
fakemink,2026-10-21,,LIVE NATION MUSIC,0.0,0.0,0.0,0,0,4,12,0,0,Club
"Earth, Wind &amp; Fire",2026-10-21,,LIVE NATION MUSIC,11282927.15,1131593.0,1437255.0,68,42,129,11,3,20,Theater
Foster The People,2026-10-21,,LIVE NATION MUSIC,1851580.29,0.0,0.0,17,7,38,56,2,7,Club
Skillet,2026-10-22,,LIVE NATION MUSIC,2238507.06,260542.96,1377748.06,6,30,43,67,0,14,Theater
Hermanos Gutiérrez,2026-10-21,,LIVE NATION MUSIC,1116649.72,315848.47,75081.67,1,0,13,9,0,1,Theater
Forever,2026-10-21,,LIVE NATION MUSIC,70329.51,0.0,0.0,0,1,0,0,0,0,Arena
Morrissey,2026-10-21,,LIVE NATION MUSIC,7596606.33,1017799.69,2240888.39,6,43,97,19,0,10,Theater
Periphery,2026-10-22,,LIVE NATION MUSIC,0.0,508193.42,0.0,0,0,21,57,0,3,Club
Tedeschi Trucks Band,2026-10-21,,LIVE NATION MUSIC,5978304.630000001,9551174.93,7870383.93,98,7,225,24,2,8,Theater
Hawthorne Heights,2026-10-22,,LIVE NATION MUSIC,10175.0,356921.46,49305.0,2,0,4,55,0,5,Club
Boy Harsher,2026-10-21,,LIVE NATION MUSIC,0.0,0.0,0.0,0,0,1,14,0,1,Club
Sleeping With Sirens,2026-10-21,,FRANK PRODUCTIONS,0.0,350306.75,319502.92,0,1,30,104,0,5,Club
Wheeler Walker Jr.,2026-10-22,,LIVE NATION MUSIC,0.0,131246.5,289839.0,0,0,4,27,0,0,Club
Marilyn Manson,2026-10-21,,LIVE NATION MUSIC,8022968.52,117608.0,0.0,3,22,29,40,0,2,Club
Vince Staples,2026-10-21,,LIVE NATION MUSIC,0.0,253029.0,0.0,0,0,7,36,0,0,Arena
The Black Dahlia Murder,2026-10-22,,LIVE NATION MUSIC,0.0,65614.66,163785.56,0,0,21,93,0,2,Club
Taste,2026-10-21,,LIVE NATION MUSIC,0.0,0.0,0.0,0,0,1,1,0,0,Arena
Dope Lemon,2026-10-21,,LIVE NATION MUSIC,206536.89,0.0,371359.73,0,0,4,29,0,1,Theater
Marilyn Manson,2026-10-21,,LIVE NATION MUSIC,8022968.52,117608.0,0.0,3,22,29,40,0,2,Club
The Phil Collins Story,2026-10-21,,LIVE NATION MUSIC,0.0,0.0,0.0,0,0,14,1,0,1,Theater
Moenia,2026-10-21,,LIVE NATION MUSIC,448567.46,887876.74,585685.95,1,3,19,5,1,1,Theater
R&amp;B Vibes Live,2026-10-22,,LIVE NATION MUSIC,0.0,0.0,0.0,0,0,0,2,0,0,Club
Joy Oladokun,2026-10-21,,LIVE NATION MUSIC,221534.01,52154.13,111946.52,1,0,2,21,0,1,Club
Pete &amp; Bas,2026-10-21,,LIVE NATION MUSIC,19756.22,54277.37,0.0,0,0,0,7,0,0,Club
Sanguisugabogg,2026-10-22,,LIVE NATION MUSIC,0.0,87000.54000000001,4360.0,0,0,3,14,0,0,Club
Cameron Whitcomb,2026-10-21,,LIVE NATION MUSIC,130759.26,20541.0,0.0,0,0,5,15,0,0,Theater
SUGAR,2026-10-21,,LIVE NATION MUSIC,0.0,0.0,0.0,0,0,1,1,0,0,Club
Candlebox,2026-10-22,,LIVE NATION MUSIC,0.0,15636.21,95486.8,1,0,20,59,0,5,Theater
Carly Pearce,2026-10-22,,LIVE NATION MUSIC,939850.93,0.0,316634.33999999997,1,0,20,8,0,0,Theater
Deltron 3030,2026-10-21,,HOUSE OF BLUES CONCERTS (HOB),1026914.59,0.0,0.0,0,0,8,33,0,1,Club
Yung Gravy,2026-10-22,,LIVE NATION MUSIC,206906.93,574274.31,71100.12,0,1,7,36,0,1,Club
Enter,2026-10-22,,LIVE NATION MUSIC,28761.16,0.0,0.0,0,0,0,1,0,0,Club
KNOX,2026-10-21,,LIVE NATION MUSIC,41961.0,18594.0,0.0,0,0,0,6,0,0,Club
Emei,2026-10-21,,LIVE NATION MUSIC,147261.76,63873.5,0.0,0,0,0,17,0,1,Theater
The Wrecks,2026-10-22,,LIVE NATION MUSIC,97000.68,0.0,0.0,0,0,1,12,0,0,Theater
Chelsea Wolfe,2026-10-21,,LIVE NATION MUSIC,97294.63,261345.05,0.0,0,0,2,49,0,0,Club
Rawayana,2026-10-21,,LIVE NATION MUSIC,0.0,1859072.56,268722.57,0,16,8,9,1,1,Arena
"Cradle Of Filth, DevilDriver",2026-10-22,,LIVE NATION MUSIC,0.0,0.0,29384.5,0,0,0,2,0,0,Club
New Constellations,2026-10-21,,LIVE NATION MUSIC,21655.48,0.0,0.0,0,0,1,4,0,0,Club
Chandler,2026-10-21,,LIVE NATION MUSIC,8755.0,4601.0,0.0,0,0,1,7,0,0,Club
Sophie,2026-10-22,,LIVE NATION MUSIC,0.0,0.0,0.0,0,0,0,3,0,0,Theater
"Mic Crenshaw, Special Guests",2026-10-21,,LIVE NATION MUSIC,0.0,0.0,0.0,0,0,0,1,0,0,Theater
Tou,2026-10-22,,LIVE NATION MUSIC,0.0,348354.82999999996,0.0,0,0,0,1,0,1,Club
Jenna Raine,2026-10-21,,LIVE NATION MUSIC,0.0,0.0,0.0,0,0,0,1,0,0,Club
Hovvdy,2026-10-21,,LIVE NATION MUSIC,21376.0,7625.83,0.0,0,0,0,9,0,0,Club
We Came As Romans,2026-10-22,,LIVE NATION MUSIC,292340.35000000003,0.0,303879.17,0,0,43,140,1,9,Club
Jake Owen,2026-10-22,,LIVE NATION MUSIC,402986.78,529503.0,133595.0,21,28,26,20,0,6,Arena
Clutch,2026-10-22,,HOUSE OF BLUES CONCERTS (HOB),563483.87,483052.66,933623.86,4,1,39,168,0,7,Club
Aaron Lee Tasjan,2026-10-21,,LIVE NATION TENNESSEE,7506.0,0.0,0.0,0,0,0,14,0,0,Club
CupcakKe,2026-10-21,,HOUSE OF BLUES CONCERTS (HOB),84640.0,185280.07,588884.75,1,0,9,88,0,0,Club
Post Sex Nachos,2026-10-21,,LIVE NATION MUSIC,53487.95,31918.0,18093.0,0,0,1,20,0,1,Club
Beauty School Dropout,2026-10-22,,LIVE NATION MUSIC,0.0,0.0,5092.0,0,0,0,2,0,0,Theater
T.3,2026-10-21,,LIVE NATION MUSIC,2859.0,17899.19,19283.0,0,0,1,11,0,0,Theater
Sons of Legion,2026-10-21,,LIVE NATION MUSIC,0.0,0.0,0.0,0,0,12,29,0,0,Theater
Alana Springsteen,2026-10-21,,FRANK PRODUCTIONS,0.0,52860.5,44910.24,0,0,2,12,0,1,Club
Pup,2026-10-21,,LIVE NATION MUSIC,324332.86,0.0,102842.49,0,0,16,93,0,7,Club
Artikal Sound System,2026-10-21,,HOUSE OF BLUES CONCERTS (HOB),4810.0,1350.0,0.0,0,0,0,3,0,0,Club
Karina Rykman,2026-10-21,,LIVE NATION MUSIC,27436.5,39462.0,7786.0,0,0,0,16,0,0,Club
Pup,2026-10-21,,LIVE NATION MUSIC,324332.86,0.0,102842.49,0,0,16,93,0,7,Club
Sons of Legion,2026-10-21,,LIVE NATION MUSIC,0.0,0.0,0.0,0,0,12,29,0,0,Theater
Lakeview,2026-10-22,,LIVE NATION MUSIC,21715.0,2531.02,3539.0,0,0,0,14,0,0,Theater
Karina Rykman,2026-10-21,,LIVE NATION MUSIC,27436.5,39462.0,7786.0,0,0,0,16,0,0,Club
November,2026-10-22,,LIVE NATION MUSIC,0.0,0.0,0.0,0,0,2,0,0,0,Theater
Metallica,2026-10-22,,LIVE NATION MUSIC,137107458.47,179373637.38,146435306.85,0,95,4,4,135,10,Stadium
Metallica,2026-10-22,,LIVE NATION MUSIC,137107458.47,179373637.38,146435306.85,0,95,4,4,135,10,Stadium
Doja Cat,2026-10-22,,LIVE NATION MUSIC,7384674.46,7298161.81,31988065.4,0,39,0,9,0,0,Arena
Rod Wave,2026-10-22,,LIVE NATION MUSIC,19871622.03,44782080.52,58117202.64,1,84,1,0,0,0,Arena
KATSEYE,2026-10-22,,LIVE NATION MUSIC,3690618.47,0.0,0.0,0,1,5,1,0,0,Arena
Jonas Brothers,2026-10-22,,LIVE NATION MUSIC,49501788.39,30144554.31,109403725.33,75,195,28,1,28,5,Arena
Bryson Tiller,2026-10-22,,LIVE NATION MUSIC,0.0,14396903.73,1952369.56,10,20,31,34,0,2,Arena
"""Les Nits de Barcelona"", Sting",2026-10-22,,LIVE NATION MUSIC,0.0,0.0,0.0,0,0,0,0,0,1,Arena
Breaking Benjamin,2026-10-23,,LIVE NATION MUSIC,7744296.6,3109971.11,1340194.0,43,39,34,40,2,3,Amphitheatre
Rush,2026-10-23,,LIVE NATION MUSIC,0.0,0.0,0.0,40,118,1,0,2,8,Arena
Beck,2026-10-23,,LIVE NATION MUSIC,1461640.71,626608.75,4873011.17,24,9,29,9,0,4,Theater
Dan + Shay,2026-10-22,,LIVE NATION MUSIC,0.0,23220519.09,2076160.61,32,54,33,41,1,8,Amphitheatre
KWN,2026-10-22,,LIVE NATION MUSIC,25196.11,0.0,0.0,0,0,1,4,0,0,Club
Thomas Rhett,2026-10-22,,LIVE NATION MUSIC,2411467.0,68902.93,20832639.72,28,107,4,13,3,2,Arena
Thomas Rhett,2026-10-22,,LIVE NATION MUSIC,2411467.0,68902.93,20832639.72,28,107,4,13,3,2,Arena
fakemink,2026-10-22,,LIVE NATION MUSIC,0.0,0.0,0.0,0,0,4,12,0,0,Club
America,2026-10-22,,LIVE NATION MUSIC,3837882.2,4477164.55,1750231.2,5,8,175,41,0,14,Theater
Julia Jacklin,2026-10-22,,LIVE NATION MUSIC,0.0,141592.86,327508.12,0,0,13,47,0,7,Club
Moenia,2026-10-22,,LIVE NATION MUSIC,448567.46,887876.74,585685.95,1,3,19,5,1,1,Amphitheatre
Rise Against,2026-10-22,,LIVE NATION MUSIC,4277860.61,678554.91,194297.26,27,65,68,73,4,10,Theater
Five Finger Death Punch,2026-10-23,,LIVE NATION MUSIC,485138.13,5167906.39,0.0,12,74,25,39,1,4,Arena
Young Miko,2026-10-22,,LIVE NATION MUSIC,1819198.33,11120905.33,716909.22,6,7,22,5,1,2,Arena
AFI,2026-10-22,,LIVE NATION MUSIC,557304.37,0.0,1032877.0,0,1,14,54,0,0,Theater
Steve Lacy,2026-10-22,,LIVE NATION MUSIC,0.0,0.0,48400.0,1,2,2,7,0,0,Amphitheatre
Arcángel,2026-10-22,,LIVE NATION MUSIC,0.0,5578759.22,9635530.99,2,31,5,0,4,1,Theater
Thee Sinseers,2026-10-22,,LIVE NATION MUSIC,30027.5,63265.0,6350.0,1,0,0,12,0,0,Club
Sanguisugabogg,2026-10-23,,LIVE NATION MUSIC,0.0,87000.54000000001,4360.0,0,0,3,14,0,0,Club
Yung Gravy,2026-10-23,,HOUSE OF BLUES CONCERTS (HOB),206906.93,574274.31,71100.12,0,1,7,36,0,1,Club
Marilyn Manson,2026-10-22,,LIVE NATION MUSIC,8022968.52,117608.0,0.0,3,22,29,40,0,2,Club
The Smashing Pumpkins,2026-10-22,,LIVE NATION MUSIC,956409.95,4451112.17,12656219.06,29,91,37,25,1,5,Arena
Quadeca,2026-10-23,,LIVE NATION MUSIC,127634.26,0.0,7186.0,0,0,3,8,0,0,Club
"nothing,nowhere.",2026-10-23,,LIVE NATION MUSIC,14119.95,0.0,0.0,0,0,3,18,0,0,Club
Jon B,2026-10-22,,HOUSE OF BLUES CONCERTS (HOB),149874.51,211838.95,181255.45,0,0,2,37,0,0,Club
Anthony Hamilton,2026-10-22,,LIVE NATION MUSIC,1040752.0,1758670.5,1836533.23,8,10,64,7,0,2,Theater
King Crimson,2026-10-22,,FRANK PRODUCTIONS,0.0,0.0,0.0,9,5,42,4,1,3,Theater
Alvaro,2026-10-22,,LIVE NATION MUSIC,0.0,0.0,0.0,0,0,0,1,0,0,Theater
Dermot Kennedy,2026-10-22,,LIVE NATION MUSIC,132950.5,0.0,19937522.59,6,39,52,59,10,4,Theater
almost monday,2026-10-22,,LIVE NATION MUSIC,58670.4,0.0,2884.0,0,0,0,9,0,1,Club
UB40,2026-10-22,,LIVE NATION MUSIC,253537.51,5742450.69,2259277.81,7,34,50,22,0,4,Theater
The Light,2026-10-23,,LIVE NATION MUSIC,0.0,0.0,0.0,0,0,1,0,0,0,Theater
Stayin' Alive: One Night of the Bee Gees,2026-10-23,,EMPORIUM PRESENTS,378531.16,252820.95,192930.21,0,0,20,6,0,0,Theater
ROA,2026-10-23,,LIVE NATION MUSIC,76190.94,0.0,0.0,0,1,4,3,0,0,Theater
"The Selecter, The Beat",2026-10-22,,LIVE NATION MUSIC,0.0,0.0,0.0,0,0,1,5,0,0,Arena
Brigid Dawson,2026-10-23,,LIVE NATION MUSIC,0.0,0.0,0.0,0,0,0,1,0,0,Club
Forever,2026-10-22,,LIVE NATION MUSIC,70329.51,0.0,0.0,0,1,0,0,0,0,Arena
BE:FIRST,2026-10-23,,LIVE NATION MUSIC,8906756.09,11418716.73,0.0,0,4,0,0,4,0,Theater
Scene Queen,2026-10-22,,LIVE NATION MUSIC,65472.39,49049.0,0.0,0,0,0,8,0,3,Club
The Story So Far,2026-10-23,,LIVE NATION MUSIC,175730.0,311383.29,21725.0,0,0,10,56,1,4,Theater
The Hip Abduction,2026-10-23,,FRANK PRODUCTIONS,234445.5,324658.0,117140.48,4,0,4,39,0,3,Theater
Cameron Whitcomb,2026-10-23,,LIVE NATION MUSIC,130759.26,20541.0,0.0,0,0,5,15,0,0,Amphitheatre
Vince Staples,2026-10-22,,LIVE NATION MUSIC,0.0,253029.0,0.0,0,0,7,36,0,0,Amphitheatre
"Ris, John Urbano",2026-10-23,,LIVE NATION MUSIC,0.0,0.0,0.0,0,0,0,1,0,0,Club
Solid,2026-10-22,,LIVE NATION MUSIC,0.0,0.0,0.0,0,0,0,1,0,0,Club
All Them Witches,2026-10-23,,LIVE NATION MUSIC,475851.11,77303.9,380277.5,1,0,12,55,0,2,Theater
Wheeler Walker Jr.,2026-10-23,,LIVE NATION MUSIC,0.0,131246.5,289839.0,0,0,4,27,0,0,Club
Assembly Of Dust,2026-10-23,,LIVE NATION MUSIC,0.0,25415.0,0.0,0,0,0,21,0,0,Theater
She Wants Revenge,2026-10-22,,LIVE NATION MUSIC,79720.0,0.0,7566.52,0,1,5,27,0,1,Club
Protomartyr,2026-10-22,,LIVE NATION MUSIC,37547.06,16935.12,72312.29000000001,0,0,1,32,0,3,Theater
Running,2026-10-22,,LIVE NATION MUSIC,0.0,0.0,0.0,0,0,0,1,0,0,Theater
Tou,2026-10-22,,LIVE NATION MUSIC,0.0,348354.82999999996,0.0,0,0,0,1,0,1,Club
Lauren Alaina,2026-10-23,,HOUSE OF BLUES CONCERTS (HOB),0.0,0.0,0.0,0,0,5,10,0,1,Club
Hawthorne Heights,2026-10-23,,LIVE NATION MUSIC,10175.0,356921.46,49305.0,2,0,4,55,0,5,Club
Scene Queen,2026-10-23,,LIVE NATION MUSIC,65472.39,49049.0,0.0,0,0,0,8,0,3,Club
Red Leather,2026-10-22,,LIVE NATION MUSIC,7078.110000000001,5670.0,0.0,0,0,0,9,0,0,Club
Skilla Baby,2026-10-22,,LIVE NATION MUSIC,0.0,32505.0,0.0,0,0,0,1,0,0,Theater
Arthur,2026-10-23,,LIVE NATION MUSIC,0.0,0.0,0.0,0,1,0,1,0,0,Arena
Running,2026-10-23,,LIVE NATION MUSIC,0.0,0.0,0.0,0,0,0,1,0,0,Club
Phillip Phillips,2026-10-22,,LIVE NATION MUSIC,0.0,24750.0,12050.0,1,7,22,21,0,5,Theater
Foreigner,2026-10-23,,HOUSE OF BLUES CONCERTS (HOB),4596449.8100000005,11875665.37,25312945.81,108,79,178,18,2,34,Theater
Cortex,2026-10-22,,LIVE NATION MUSIC,0.0,390204.07,0.0,0,0,1,9,0,0,Club
Post Sex Nachos,2026-10-22,,LIVE NATION MUSIC,53487.95,31918.0,18093.0,0,0,1,20,0,1,Club
Earlybirds Club,2026-10-23,,LIVE NATION MUSIC,0.0,0.0,0.0,0,0,1,14,0,0,Theater
Schizophonics,2026-10-22,,LIVE NATION MUSIC,0.0,0.0,0.0,0,0,0,1,0,0,Club
The Jungle Giants,2026-10-22,,LIVE NATION MUSIC,104499.01,8084.78,434845.65,2,1,8,35,0,1,Club
Shawn James,2026-10-22,,LIVE NATION MUSIC,21974.33,6803.0,56299.0,0,0,3,30,0,0,Theater
Judah &amp; The Lion,2026-10-23,,LIVE NATION MUSIC,74475.0,108536.7,156098.0,1,0,33,100,0,3,Club
Judah &amp; The Lion,2026-10-23,,LIVE NATION MUSIC,74475.0,108536.7,156098.0,1,0,33,100,0,3,Club
"""98.1 The Bull - Red, White &amp; Boom!"", Sam Hunt",2026-10-22,,FRANK PRODUCTIONS,0.0,0.0,0.0,0,0,0,0,1,0,Stadium
Turnpike Troubadours,2026-10-23,,LIVE NATION MUSIC,2057615.5,4318554.92,3521142.51,29,12,42,108,4,11,Theater
Turnpike Troubadours,2026-10-23,,LIVE NATION MUSIC,2057615.5,4318554.92,3521142.51,29,12,42,108,4,11,Theater
BLÜ EYES,2026-10-22,,LIVE NATION MUSIC,0.0,3956.0,13840.82,0,0,1,3,0,0,Club
Ceremony,2026-10-22,,LIVE NATION MUSIC,0.0,0.0,0.0,0,0,2,25,0,1,Club
Phillip Phillips,2026-10-22,,LIVE NATION MUSIC,0.0,24750.0,12050.0,1,7,22,21,0,5,Theater
"And The Kids, The Harmaleighs",2026-10-23,,LIVE NATION MUSIC,0.0,0.0,0.0,0,0,1,0,0,0,Theater
Rehash,2026-10-23,,LIVE NATION MUSIC,0.0,0.0,0.0,0,0,1,0,0,0,Theater
Slow Magic,2026-10-22,,HOUSE OF BLUES CONCERTS (HOB),0.0,1247.0,0.0,1,0,1,22,0,2,Club
City of the Sun,2026-10-22,,LIVE NATION MUSIC,0.0,3220.0,714.0,0,0,2,22,0,0,Club
PeelingFlesh,2026-10-23,,HOUSE OF BLUES CONCERTS (HOB),0.0,10542.0,0.0,0,0,0,3,0,0,Club
High Step Society,2026-10-22,,LIVE NATION MUSIC,0.0,0.0,0.0,0,0,0,2,0,0,Club
We Came As Romans,2026-10-23,,LIVE NATION MUSIC,292340.35000000003,0.0,303879.17,0,0,43,140,1,9,Theater
gnash,2026-10-22,,LIVE NATION MUSIC,0.0,0.0,0.0,0,0,0,21,0,0,Club
Chasing Abbey,2026-10-22,,LIVE NATION TENNESSEE,0.0,53043.38,0.0,0,0,4,8,0,1,Club
Jay,2026-10-23,,LIVE NATION MUSIC,0.0,0.0,0.0,0,0,1,0,0,0,Stadium
Harry Styles,2026-10-23,,LIVE NATION MUSIC,0.0,0.0,252490036.3,1,117,15,2,33,5,Arena
Rod Wave,2026-10-23,,LIVE NATION MUSIC,19871622.03,44782080.52,58117202.64,1,84,1,0,0,0,Arena
"Chris Brown, Usher",2026-10-24,,LIVE NATION MUSIC,0.0,0.0,0.0,0,0,0,0,18,0,Stadium
Arcángel,2026-10-23,,LIVE NATION MUSIC,0.0,5578759.22,9635530.99,2,31,5,0,4,1,Arena
Gorillaz,2026-10-23,,LIVE NATION MUSIC,0.0,0.0,5075.0,8,73,15,1,3,1,Arena
Fuerza Regida,2026-10-23,,LIVE NATION MUSIC,8831401.1,61688406.68,40356839.51,6,68,5,0,12,0,Arena
Tedeschi Trucks Band,2026-10-23,,LIVE NATION MUSIC,5978304.630000001,9551174.93,7870383.93,98,7,225,24,2,8,Theater
RL,2026-10-24,,LIVE NATION MUSIC,0.0,0.0,0.0,0,0,0,1,0,0,Club
"""Les Nits de Barcelona"", Sting",2026-10-23,,LIVE NATION MUSIC,0.0,0.0,0.0,0,0,0,0,0,1,Arena
Charli xcx,2026-10-23,,LIVE NATION MUSIC,18148835.74,3165588.7,198001.15,0,9,13,43,1,0,Arena
Lil Wayne,2026-10-23,,LIVE NATION MUSIC,8883942.56,7295726.66,6308307.5,10,90,7,4,0,2,Arena
Little Big Town,2026-10-24,,LIVE NATION MUSIC,1005292.0,13004819.31,2846985.5,20,68,94,16,1,12,Theater
Charli xcx,2026-10-23,,LIVE NATION MUSIC,18148835.74,3165588.7,198001.15,0,9,13,43,1,0,Arena
Breaking Benjamin,2026-10-24,,LIVE NATION MUSIC,7744296.6,3109971.11,1340194.0,43,39,34,40,2,3,Amphitheatre
Tinashe,2026-10-24,,LIVE NATION MUSIC,158633.77000000002,528727.5,0.0,1,0,6,23,0,1,Club
Babyface,2026-10-24,,LIVE NATION MUSIC,233238.0,960842.69,1226998.5,3,2,27,10,0,9,Amphitheatre
Lenny Pearce,2026-10-24,,LIVE NATION MUSIC,1149576.75,11247.35,0.0,1,0,32,23,0,2,Theater
Thomas Rhett,2026-10-23,,LIVE NATION MUSIC,2411467.0,68902.93,20832639.72,28,107,4,13,3,2,Amphitheatre
Jesse Welles,2026-10-23,,LIVE NATION MUSIC,208646.39,0.0,0.0,1,0,4,14,0,0,Club
Godsmack,2026-10-23,,LIVE NATION MUSIC,3204398.91,9813515.82,4972649.24,11,71,49,13,0,5,Arena
Two Friends,2026-10-23,,LIVE NATION MUSIC,1519122.6,2266046.77,601149.51,3,2,7,26,0,1,Club
Eliza,2026-10-23,,LIVE NATION MUSIC,0.0,0.0,3339.85,0,0,0,1,0,0,Theater
"Earth, Wind &amp; Fire",2026-10-23,,LIVE NATION MUSIC,11282927.15,1131593.0,1437255.0,68,42,129,11,3,20,Theater
Saosin,2026-10-23,,LIVE NATION MUSIC,0.0,43142.5,30500.0,0,0,3,12,0,0,Club
Julio Preciado,2026-10-23,,LIVE NATION MUSIC,217165.71,0.0,0.0,0,0,3,0,0,0,Theater
Autumn,2026-10-23,,LIVE NATION MUSIC,0.0,0.0,0.0,0,0,0,1,0,0,Club
Bronco,2026-10-23,,LIVE NATION MUSIC,3023753.05,4199895.61,3332189.0300000003,2,26,36,12,0,14,Theater
The Gathering,2026-10-23,,LIVE NATION MUSIC,0.0,0.0,0.0,0,0,2,0,0,0,Arena
Steve Lacy,2026-10-23,,LIVE NATION MUSIC,0.0,0.0,48400.0,1,2,2,7,0,0,Amphitheatre
horse,2026-10-23,,LIVE NATION MUSIC,23284.03,9332.88,29271.75,0,0,1,1,0,3,Other
Menudo,2026-10-23,,LIVE NATION MUSIC,0.0,0.0,0.0,0,0,6,0,0,0,Theater
Turnpike Troubadours,2026-10-24,,LIVE NATION MUSIC,2057615.5,4318554.92,3521142.51,29,12,42,108,4,11,Amphitheatre
The Gathering,2026-10-23,,LIVE NATION MUSIC,0.0,0.0,0.0,0,0,2,0,0,0,Arena
Alvaro,2026-10-23,,LIVE NATION MUSIC,0.0,0.0,0.0,0,0,0,1,0,0,Club
Cavetown,2026-10-23,,LIVE NATION MUSIC,0.0,444645.86,1226221.94,2,1,17,39,0,6,Club
Three Days Grace,2026-10-23,,LIVE NATION MUSIC,2587583.58,0.0,514555.96,4,55,36,61,0,8,Arena
Shpongle,2026-10-23,,LIVE NATION MUSIC,508493.6,0.0,0.0,2,1,22,75,0,2,Theater
"""HalLUDOween"", Ludo",2026-10-23,,LIVE NATION MUSIC,0.0,0.0,0.0,0,0,1,0,0,0,Theater
almost monday,2026-10-23,,LIVE NATION MUSIC,58670.4,0.0,2884.0,0,0,0,9,0,1,Club
Shpongle,2026-10-23,,LIVE NATION MUSIC,508493.6,0.0,0.0,2,1,22,75,0,2,Theater
JPEGMafia,2026-10-23,,LIVE NATION MUSIC,557173.07,1250847.08,390783.87,1,0,19,57,0,1,Club
Rise Against,2026-10-23,,LIVE NATION MUSIC,4277860.61,678554.91,194297.26,27,65,68,73,4,10,Club
Periphery,2026-10-24,,LIVE NATION MUSIC,0.0,508193.42,0.0,0,0,21,57,0,3,Club
The Spill Canvas,2026-10-24,,LIVE NATION MUSIC,0.0,82594.0,7060.0,0,0,4,64,0,0,Club
Shaboozey,2026-10-23,,LIVE NATION MUSIC,988231.18,60000.0,0.0,0,0,3,7,0,1,Club
Brigid Dawson,2026-10-24,,LIVE NATION MUSIC,0.0,0.0,0.0,0,0,0,1,0,0,Club
glaive,2026-10-23,,LIVE NATION MUSIC,87140.09,0.0,70042.53,0,0,4,26,0,1,Club
Skillet,2026-10-23,,LIVE NATION MUSIC,2238507.06,260542.96,1377748.06,6,30,43,67,0,14,Club
Sleeping With Sirens,2026-10-24,,LIVE NATION MUSIC,0.0,350306.75,319502.92,0,1,30,104,0,5,Club
Rawayana,2026-10-23,,LIVE NATION MUSIC,0.0,1859072.56,268722.57,0,16,8,9,1,1,Amphitheatre
JPEGMafia,2026-10-24,,LIVE NATION MUSIC,557173.07,1250847.08,390783.87,1,0,19,57,0,1,Club
Everclear,2026-10-23,,LIVE NATION MUSIC,488252.26,424897.62,173224.27,2,3,26,59,1,11,Club
Rebecca Black,2026-10-23,,LIVE NATION MUSIC,182900.41,0.0,36513.32,0,0,1,12,0,1,Club
Vince Staples,2026-10-23,,LIVE NATION MUSIC,0.0,253029.0,0.0,0,0,7,36,0,0,Club
Femme Fatale,2026-10-23,,LIVE NATION MUSIC,0.0,0.0,0.0,0,0,0,1,0,0,Arena
Delta Rae,2026-10-24,,LIVE NATION MUSIC,0.0,0.0,35412.0,1,0,17,84,0,0,Club
Dogstar,2026-10-23,,LIVE NATION MUSIC,87643.0,668636.35,244581.85,0,2,11,9,0,5,Theater
Moenia,2026-10-23,,LIVE NATION MUSIC,448567.46,887876.74,585685.95,1,3,19,5,1,1,Arena
The Wrecks,2026-10-24,,LIVE NATION MUSIC,97000.68,0.0,0.0,0,0,1,12,0,0,Club
ALLEYCVT,2026-10-23,,FRANK PRODUCTIONS,269804.54000000004,89807.61,13471.0,1,0,1,10,0,1,Club
Skeleton Crewe,2026-10-23,,LIVE NATION MUSIC,0.0,0.0,0.0,0,0,0,2,0,0,Theater
"Prof, Yelawolf, That Mexican Ot",2026-10-23,,LIVE NATION MUSIC,0.0,0.0,0.0,0,0,0,1,0,0,Theater
ARTMS,2026-10-23,,HOUSE OF BLUES CONCERTS (HOB),369351.4,1396931.49,0.0,0,0,16,3,0,0,Theater
Iron Maiden,2026-10-23,,LIVE NATION MUSIC,101820128.39,66715059.9,43129700.35,63,249,3,2,90,7,Arena
The Light,2026-10-24,,LIVE NATION MUSIC,0.0,0.0,0.0,0,0,1,0,0,0,Theater
Catch Your Breath,2026-10-23,,LIVE NATION MUSIC,10444.0,0.0,0.0,0,0,0,6,0,0,Theater
Thriller,2026-10-23,,LIVE NATION MUSIC,0.0,0.0,0.0,0,1,0,0,0,0,Arena
The Aquabats,2026-10-23,,LIVE NATION MUSIC,41516.11,55590.0,70380.0,0,0,2,32,0,0,Club
Heart,2026-10-24,,LIVE NATION MUSIC,27066968.25,9447900.91,2435268.5,77,104,125,17,0,46,Theater
Chase &amp; Status,2026-10-23,,LIVE NATION MUSIC,5812704.180000001,1281856.26,35822.04,3,14,7,12,1,1,Arena
Black Jacket Symphony,2026-10-23,,EMPORIUM PRESENTS,669067.4,782504.15,627644.4,0,0,133,38,0,1,Theater
Machine Girl,2026-10-23,,LIVE NATION MUSIC,245123.68,616185.04,0.0,0,0,6,36,0,0,Club
Candlebox,2026-10-24,,HOUSE OF BLUES CONCERTS (HOB),0.0,15636.21,95486.8,1,0,20,59,0,5,Club
The Phil Collins Story,2026-10-23,,LIVE NATION MUSIC,0.0,0.0,0.0,0,0,14,1,0,1,Theater
Jon B,2026-10-23,,HOUSE OF BLUES CONCERTS (HOB),149874.51,211838.95,181255.45,0,0,2,37,0,0,Club
The Brook &amp; The Bluff,2026-10-24,,LIVE NATION MUSIC,0.0,54224.59,250521.71,0,0,7,35,0,1,Club
Forever,2026-10-23,,LIVE NATION MUSIC,70329.51,0.0,0.0,0,1,0,0,0,0,Arena
Amble,2026-10-23,,LIVE NATION MUSIC,4025470.09,406488.11,0.0,0,5,8,27,2,4,Club
"Halloween, Alaska",2026-10-23,,LIVE NATION MUSIC,0.0,0.0,0.0,0,0,0,5,0,0,Theater
America,2026-10-24,,LIVE NATION MUSIC,3837882.2,4477164.55,1750231.2,5,8,175,41,0,14,Theater
"Ris, John Urbano",2026-10-24,,LIVE NATION MUSIC,0.0,0.0,0.0,0,0,0,1,0,0,Club
"""Rock, Reggae &amp; Relief""",2026-10-23,,LIVE NATION MUSIC,0.0,0.0,137000.0,0,0,0,0,0,1,Other
"And The Kids, The Harmaleighs",2026-10-24,,LIVE NATION MUSIC,0.0,0.0,0.0,0,0,1,0,0,0,Club
"Melissa Etheridge, Wynonna Judd",2026-10-23,,LIVE NATION MUSIC,0.0,0.0,0.0,3,0,0,0,0,0,Theater
"Annika Wells, Rachel Bochner",2026-10-23,,LIVE NATION MUSIC,0.0,0.0,0.0,0,0,0,1,0,0,Club
Assembly Of Dust,2026-10-24,,LIVE NATION MUSIC,0.0,25415.0,0.0,0,0,0,21,0,0,Theater
"Legendary Ladies of Country Music 'The 90's': Reba, Shania, Dolly",2026-10-23,,LIVE NATION MUSIC,27660.0,0.0,0.0,0,0,1,0,0,0,Arena
Bingo Loco,2026-10-23,,LIVE NATION MUSIC,427726.78,106119.48,0.0,0,0,1,68,0,0,Theater
Assembly Of Dust,2026-10-23,,LIVE NATION MUSIC,0.0,25415.0,0.0,0,0,0,21,0,0,Theater
Fruit Bats,2026-10-23,,FRANK PRODUCTIONS,0.0,160931.87,133000.0,0,0,2,51,0,1,Club
Scene Queen,2026-10-24,,LIVE NATION MUSIC,65472.39,49049.0,0.0,0,0,0,8,0,3,Club
Dead Poet Society,2026-10-23,,LIVE NATION MUSIC,0.0,95493.81,8199.75,0,0,0,18,0,1,Club
Tou,2026-10-23,,LIVE NATION MUSIC,0.0,348354.82999999996,0.0,0,0,0,1,0,1,Club
Once &amp; Future Band,2026-10-23,,LIVE NATION MUSIC,0.0,0.0,0.0,0,0,0,1,0,0,Theater
Evidence,2026-10-23,,LIVE NATION MUSIC,0.0,0.0,0.0,0,0,0,5,0,0,Club
Phillip Phillips,2026-10-24,,LIVE NATION MUSIC,0.0,24750.0,12050.0,1,7,22,21,0,5,Theater
Richard Houghten,2026-10-23,,LIVE NATION MUSIC,0.0,0.0,0.0,0,0,0,1,0,0,Theater
Michigander,2026-10-23,,LIVE NATION TENNESSEE,21165.19,38024.0,16887.14,0,0,0,29,0,0,Club
Boy Harsher,2026-10-23,,LIVE NATION MUSIC,0.0,0.0,0.0,0,0,1,14,0,1,Theater
Varsity,2026-10-23,,LIVE NATION MUSIC,0.0,0.0,0.0,0,1,0,5,0,0,Theater
jigitz,2026-10-23,,LIVE NATION MUSIC,4500.0,0.0,0.0,0,0,0,3,0,0,Theater
Riverside,2026-10-23,,LIVE NATION MUSIC,0.0,9678.79,120593.9,0,0,5,10,0,1,Theater
City of the Sun,2026-10-23,,LIVE NATION MUSIC,0.0,3220.0,714.0,0,0,2,22,0,0,Club
"The A, B, C &amp; D Of Boogie Woogie",2026-10-24,,LIVE NATION MUSIC,0.0,0.0,0.0,0,0,0,1,0,0,Theater
Soccer Mommy,2026-10-24,,LIVE NATION MUSIC,257014.8,4765.9,92616.97,0,0,7,45,0,1,Amphitheatre
"The A, B, C &amp; D Of Boogie Woogie",2026-10-23,,LIVE NATION MUSIC,0.0,0.0,0.0,0,0,0,1,0,0,Theater
Olivia Rodrigo,2026-10-23,,LIVE NATION MUSIC,23420107.2,169307085.8,0.0,0,68,10,2,5,1,Arena
Post Sex Nachos,2026-10-23,,HOUSE OF BLUES CONCERTS (HOB),53487.95,31918.0,18093.0,0,0,1,20,0,1,Club
Emmaline,2026-10-23,,LIVE NATION MUSIC,17333.5,7520.0,15366.4,0,0,3,7,0,0,Club
DICE,2026-10-23,,FRANK PRODUCTIONS,41239.44,3184.39,12274.39,0,0,0,9,0,0,Club
Turnpike Troubadours,2026-10-24,,LIVE NATION MUSIC,2057615.5,4318554.92,3521142.51,29,12,42,108,4,11,Amphitheatre
Smokey Robinson,2026-10-23,,LIVE NATION MUSIC,1195087.89,1290018.0,1705509.54,13,5,75,7,0,8,Theater
Phish,2026-10-24,,LIVE NATION MUSIC,51719556.83,51805142.03,60505793.5,156,98,10,0,26,5,Theater
Interstellar Overdrive,2026-10-23,,FRANK PRODUCTIONS,0.0,0.0,0.0,0,1,0,4,0,0,Club
"The A, B, C &amp; D Of Boogie Woogie",2026-10-24,,LIVE NATION MUSIC,0.0,0.0,0.0,0,0,0,1,0,0,Club
Alit,2026-10-24,,LIVE NATION MUSIC,0.0,0.0,0.0,0,0,0,1,0,0,Club
Bingo Loco,2026-10-24,,LIVE NATION - NO LN CONCERTS BRANDING,427726.78,106119.48,0.0,0,0,1,68,0,0,Club
AZ,2026-10-23,,LIVE NATION MUSIC,75395.0,0.0,0.0,0,0,0,6,0,0,Club
Phillip Phillips,2026-10-24,,LIVE NATION MUSIC,0.0,24750.0,12050.0,1,7,22,21,0,5,Theater
We Came As Romans,2026-10-24,,HOUSE OF BLUES CONCERTS (HOB),292340.35000000003,0.0,303879.17,0,0,43,140,1,9,Club
SLIFT,2026-10-23,,LIVE NATION MUSIC,0.0,142707.13,6745.0,0,0,1,17,0,2,Theater
Wesley Joseph,2026-10-23,,LIVE NATION MUSIC,0.0,0.0,0.0,0,0,0,1,0,0,Club
The Weight,2026-10-23,,HOUSE OF BLUES CONCERTS (HOB),0.0,6092.0,0.0,0,0,0,2,0,0,Club
Fastball,2026-10-23,,HOUSE OF BLUES CONCERTS (HOB),0.0,3430.0,0.0,0,0,1,11,0,1,Club
This Wild Life,2026-10-23,,LIVE NATION MUSIC,9810.0,0.0,7079.0,0,0,2,15,0,2,Club
Tou,2026-10-24,,LIVE NATION MUSIC,0.0,348354.82999999996,0.0,0,0,0,1,0,1,Arena
Millington,2026-10-24,,LIVE NATION MUSIC,3635.0,1205.0,0.0,0,0,0,5,0,3,Club
Steve Aoki,2026-10-24,,LIVE NATION MUSIC,366446.0,331427.0,851696.9,2,22,85,200,5,144,Club
Cannibal Ox,2026-10-23,,HOUSE OF BLUES CONCERTS (HOB),0.0,0.0,0.0,0,0,0,4,0,0,Club
"Mic Crenshaw, Special Guests",2026-10-24,,LIVE NATION MUSIC,0.0,0.0,0.0,0,0,0,1,0,0,Club
Gasolina,2026-10-23,,LIVE NATION MUSIC,0.0,62752.5,43876.0,0,0,1,7,0,0,Theater
Gasolina,2026-10-23,,LIVE NATION MUSIC,0.0,62752.5,43876.0,0,0,1,7,0,0,Club
Steve Aoki,2026-10-24,,LIVE NATION MUSIC,366446.0,331427.0,851696.9,2,22,85,200,5,144,Club
Benjamin Tod &amp; Lost Dog Street Band,2026-10-23,,LIVE NATION MUSIC,0.0,179250.0,0.0,0,0,3,37,0,0,Club
"Cradle Of Filth, DevilDriver",2026-10-24,,LIVE NATION MUSIC,0.0,0.0,29384.5,0,0,0,2,0,0,Theater
Sunami,2026-10-23,,LIVE NATION MUSIC,37164.64,20350.0,0.0,0,0,0,4,0,0,Club
Dead &amp; Company,2026-10-23,,FRANK PRODUCTIONS,113479784.99,131449779.68,88601911.0,91,53,1,0,30,1,Theater
Sunami,2026-10-23,,LIVE NATION MUSIC,37164.64,20350.0,0.0,0,0,0,4,0,0,Club
Sigala,2026-10-23,,LIVE NATION MUSIC,18003.25,417224.54,151118.44,0,0,8,12,1,1,Club
Skilla Baby,2026-10-23,,LIVE NATION MUSIC,0.0,32505.0,0.0,0,0,0,1,0,0,Theater
Shawn James,2026-10-23,,LIVE NATION MUSIC,21974.33,6803.0,56299.0,0,0,3,30,0,0,Club
gnash,2026-10-23,,LIVE NATION MUSIC,0.0,0.0,0.0,0,0,0,21,0,0,Club
SiM,2026-10-23,,LIVE NATION MUSIC,0.0,78357.29000000001,0.0,0,0,0,4,0,0,Theater
SiM,2026-10-23,,LIVE NATION MUSIC,0.0,78357.29000000001,0.0,0,0,0,4,0,0,Theater
Shawn James,2026-10-23,,LIVE NATION MUSIC,21974.33,6803.0,56299.0,0,0,3,30,0,0,Club
Benjamin Tod &amp; Lost Dog Street Band,2026-10-23,,LIVE NATION MUSIC,0.0,179250.0,0.0,0,0,3,37,0,0,Club
"The A, B, C &amp; D Of Boogie Woogie",2026-10-24,,LIVE NATION MUSIC,0.0,0.0,0.0,0,0,0,1,0,0,Theater
"""98.1 The Bull - Red, White &amp; Boom!"", Sam Hunt",2026-10-23,,LIVE NATION MUSIC,0.0,0.0,0.0,0,0,0,0,1,0,Stadium
Caleb Hearon,2026-10-23,,LIVE NATION MUSIC,556325.0,11250.0,8750.0,0,0,3,6,0,0,Theater
Jay,2026-10-24,,LIVE NATION MUSIC,0.0,0.0,0.0,0,0,1,0,0,0,Stadium
Metallica,2026-10-24,,LIVE NATION MUSIC,137107458.47,179373637.38,146435306.85,0,95,4,4,135,10,Stadium
Harry Styles,2026-10-24,,LIVE NATION MUSIC,0.0,0.0,252490036.3,1,117,15,2,33,5,Arena
Gorillaz,2026-10-24,,LIVE NATION MUSIC,0.0,0.0,5075.0,8,73,15,1,3,1,Arena
Jonas Brothers,2026-10-25,,LIVE NATION MUSIC,49501788.39,30144554.31,109403725.33,75,195,28,1,28,5,Arena
Rush,2026-10-25,,LIVE NATION MUSIC,0.0,0.0,0.0,40,118,1,0,2,8,Arena
KATSEYE,2026-10-24,,LIVE NATION MUSIC,3690618.47,0.0,0.0,0,1,5,1,0,0,Arena
The Gathering,2026-10-24,,LIVE NATION MUSIC,0.0,0.0,0.0,0,0,2,0,0,0,Arena
Tedeschi Trucks Band,2026-10-24,,LIVE NATION MUSIC,5978304.630000001,9551174.93,7870383.93,98,7,225,24,2,8,Theater
Fuerza Regida,2026-10-24,,LIVE NATION MUSIC,8831401.1,61688406.68,40356839.51,6,68,5,0,12,0,Arena
The Smashing Pumpkins,2026-10-24,,LIVE NATION MUSIC,956409.95,4451112.17,12656219.06,29,91,37,25,1,5,Arena
Julio Preciado,2026-10-24,,LIVE NATION MUSIC,217165.71,0.0,0.0,0,0,3,0,0,0,Arena
Bryson Tiller,2026-10-24,,LIVE NATION MUSIC,0.0,14396903.73,1952369.56,10,20,31,34,0,2,Amphitheatre
Thomas Rhett,2026-10-24,,LIVE NATION MUSIC,2411467.0,68902.93,20832639.72,28,107,4,13,3,2,Arena
Lil Wayne,2026-10-24,,LIVE NATION MUSIC,8883942.56,7295726.66,6308307.5,10,90,7,4,0,2,Arena
Beck,2026-10-25,,LIVE NATION MUSIC,1461640.71,626608.75,4873011.17,24,9,29,9,0,4,Theater
Fuerza Regida,2026-10-24,,LIVE NATION MUSIC,8831401.1,61688406.68,40356839.51,6,68,5,0,12,0,Arena
Malcolm Todd,2026-10-24,,LIVE NATION MUSIC,158405.31,63535.0,0.0,0,0,4,8,0,0,Club
Femme Fatale,2026-10-24,,LIVE NATION MUSIC,0.0,0.0,0.0,0,0,0,1,0,0,Theater
Cavetown,2026-10-25,,LIVE NATION MUSIC,0.0,444645.86,1226221.94,2,1,17,39,0,6,Club
Arcángel,2026-10-24,,LIVE NATION MUSIC,0.0,5578759.22,9635530.99,2,31,5,0,4,1,Arena
MONSTA X,2026-10-24,,LIVE NATION MUSIC,0.0,0.0,0.0,0,6,19,2,0,0,Theater
Nite,2026-10-24,,LIVE NATION MUSIC,0.0,0.0,0.0,0,0,0,1,0,0,Arena
Beabadoobee,2026-10-24,,LIVE NATION MUSIC,801797.5,2506361.44,323192.05,1,2,23,27,0,1,Arena
Two Friends,2026-10-24,,LIVE NATION MUSIC,1519122.6,2266046.77,601149.51,3,2,7,26,0,1,Club
Wheeler Walker Jr.,2026-10-24,,LIVE NATION MUSIC,0.0,131246.5,289839.0,0,0,4,27,0,0,Arena
Demola,2026-10-24,,LIVE NATION MUSIC,116962.8,159513.73,38705.0,0,0,2,30,0,0,Theater
"Earth, Wind &amp; Fire",2026-10-24,,LIVE NATION MUSIC,11282927.15,1131593.0,1437255.0,68,42,129,11,3,20,Theater
Cavetown,2026-10-24,,LIVE NATION MUSIC,0.0,444645.86,1226221.94,2,1,17,39,0,6,Club
Little Big Town,2026-10-25,,LIVE NATION MUSIC,1005292.0,13004819.31,2846985.5,20,68,94,16,1,12,Theater
Dan + Shay,2026-10-24,,LIVE NATION MUSIC,0.0,23220519.09,2076160.61,32,54,33,41,1,8,Amphitheatre
The Aquabats,2026-10-24,,LIVE NATION MUSIC,41516.11,55590.0,70380.0,0,0,2,32,0,0,Club
Casey Donahew,2026-10-24,,LIVE NATION MUSIC,49468.5,37620.5,95248.0,4,0,5,63,0,0,Amphitheatre
Tou,2026-10-24,,LIVE NATION MUSIC,0.0,348354.82999999996,0.0,0,0,0,1,0,1,Club
"Joey Fatone, AJ McLean",2026-10-25,,LIVE NATION MUSIC,0.0,1007339.51,0.0,1,0,6,2,0,0,Theater
Shpongle,2026-10-24,,LIVE NATION MUSIC,508493.6,0.0,0.0,2,1,22,75,0,2,Theater
"""HalLUDOween"", Ludo",2026-10-24,,LIVE NATION MUSIC,0.0,0.0,0.0,0,0,1,0,0,0,Theater
Culture Wars,2026-10-24,,LIVE NATION MUSIC,0.0,0.0,0.0,0,0,0,12,0,0,Club
Sammy Rae &amp; The Friends,2026-10-24,,FRANK PRODUCTIONS,365473.19,765933.13,407010.69,0,0,11,33,0,1,Club
The Black Dahlia Murder,2026-10-25,,LIVE NATION MUSIC,0.0,65614.66,163785.56,0,0,21,93,0,2,Club
Forever,2026-10-24,,LIVE NATION MUSIC,70329.51,0.0,0.0,0,1,0,0,0,0,Arena
Jeans,2026-10-25,,LIVE NATION MUSIC,0.0,0.0,0.0,0,1,4,0,0,0,Theater
"Prof, Yelawolf, That Mexican Ot",2026-10-24,,HOUSE OF BLUES CONCERTS (HOB),0.0,0.0,0.0,0,0,0,1,0,0,Club
Thriller,2026-10-24,,LIVE NATION MUSIC,0.0,0.0,0.0,0,1,0,0,0,0,Arena
Trombone Shorty &amp; Orleans Avenue,2026-10-24,,LIVE NATION MUSIC,720271.22,1244178.26,267475.5,23,0,79,96,1,7,Theater
Rawayana,2026-10-24,,LIVE NATION MUSIC,0.0,1859072.56,268722.57,0,16,8,9,1,1,Amphitheatre
Emei,2026-10-24,,LIVE NATION MUSIC,147261.76,63873.5,0.0,0,0,0,17,0,1,Theater
"Kansas, 38 Special",2026-10-24,,LIVE NATION MUSIC,1218013.23,0.0,0.0,4,1,0,0,0,0,Theater
Wage War,2026-10-25,,LIVE NATION MUSIC,0.0,250965.5,163464.08000000002,0,1,4,25,0,1,Theater
Mariachi Los Camperos,2026-10-24,,LIVE NATION MUSIC,27314.0,60514.0,145896.0,0,2,7,1,0,0,Arena
Kevin Gates,2026-10-24,,LIVE NATION MUSIC,1336127.59,2110229.19,2154711.88,11,40,66,80,0,3,Club
Vince Staples,2026-10-25,,LIVE NATION MUSIC,0.0,253029.0,0.0,0,0,7,36,0,0,Club
Rawayana,2026-10-24,,LIVE NATION MUSIC,0.0,1859072.56,268722.57,0,16,8,9,1,1,Amphitheatre
Rumours of Fleetwood Mac,2026-10-25,,LIVE NATION MUSIC,2015307.52,1048910.03,1428407.85,3,12,87,29,0,7,Theater
Murda,2026-10-25,,LIVE NATION MUSIC,0.0,11865.0,0.0,0,0,0,1,0,0,Club
Oscar,2026-10-24,,HOUSE OF BLUES CONCERTS (HOB),0.0,0.0,0.0,0,0,1,1,0,0,Club
"God Forbid, Ninth Circle",2026-10-25,,LIVE NATION MUSIC,0.0,0.0,0.0,0,0,0,1,0,0,Club
Cameron Whitcomb,2026-10-24,,LIVE NATION MUSIC,130759.26,20541.0,0.0,0,0,5,15,0,0,Theater
This Is Lorelei,2026-10-24,,LIVE NATION MUSIC,0.0,0.0,0.0,0,0,1,1,0,0,Theater
"A, Monkey Kong",2026-10-24,,LIVE NATION MUSIC,0.0,0.0,0.0,0,0,0,1,0,0,Club
"""Past, Present, Future: A Dance Gala""",2026-10-24,,LIVE NATION MUSIC,0.0,0.0,0.0,0,0,1,0,0,0,Theater
Judah &amp; The Lion,2026-10-25,,LIVE NATION MUSIC,74475.0,108536.7,156098.0,1,0,33,100,0,3,Theater
Buena Vista Orchestra,2026-10-24,,LIVE NATION MUSIC,80477.5,0.0,0.0,0,0,1,1,0,0,Club
Olivia Rodrigo,2026-10-24,,LIVE NATION MUSIC,23420107.2,169307085.8,0.0,0,68,10,2,5,1,Arena
"Mic Crenshaw, Special Guests",2026-10-25,,LIVE NATION MUSIC,0.0,0.0,0.0,0,0,0,1,0,0,Theater
Dead Poet Society,2026-10-24,,HOUSE OF BLUES CONCERTS (HOB),0.0,95493.81,8199.75,0,0,0,18,0,1,Club
10 Years,2026-10-24,,LIVE NATION MUSIC,17283.0,47010.25,6775.0,0,0,11,89,0,3,Club
Electric Feel,2026-10-24,,LIVE NATION MUSIC,0.0,0.0,0.0,0,0,0,5,0,0,Club
Amble,2026-10-24,,LIVE NATION MUSIC,4025470.09,406488.11,0.0,0,5,8,27,2,4,Club
NOTD,2026-10-24,,LIVE NATION MUSIC,22080.0,23830.0,99679.6,0,0,0,8,0,1,Club
Stephen Day,2026-10-24,,LIVE NATION MUSIC,7947.0,0.0,0.0,0,0,0,11,0,0,Club
Yung Gravy,2026-10-25,,LIVE NATION MUSIC,206906.93,574274.31,71100.12,0,1,7,36,0,1,Club
Atlanta Rhythm Section,2026-10-25,,LIVE NATION MUSIC,9728.0,17941.0,157363.0,1,0,12,8,0,1,Arena
Michael &amp; Michelle,2026-10-24,,LIVE NATION MUSIC,0.0,14070.3,0.0,0,0,1,2,0,0,Club
Blonde Otter,2026-10-24,,LIVE NATION MUSIC,0.0,0.0,0.0,0,0,0,1,0,0,Club
Holywatr,2026-10-25,,LIVE NATION MUSIC,10133.0,0.0,0.0,0,0,0,3,0,0,Club
Young Miko,2026-10-24,,LIVE NATION MUSIC,1819198.33,11120905.33,716909.22,6,7,22,5,1,2,Arena
Catch Your Breath,2026-10-24,,LIVE NATION MUSIC,10444.0,0.0,0.0,0,0,0,6,0,0,Club
Rebecca Black,2026-10-24,,LIVE NATION MUSIC,182900.41,0.0,36513.32,0,0,1,12,0,1,Theater
Sophie,2026-10-25,,LIVE NATION MUSIC,0.0,0.0,0.0,0,0,0,3,0,0,Theater
"""98.1 The Bull - Red, White &amp; Boom!"", Sam Hunt",2026-10-24,,LIVE NATION MUSIC,0.0,0.0,0.0,0,0,0,0,1,0,Stadium
"""SummerStage"", Two Door Cinema Club, Friends",2026-10-24,,LIVE NATION MUSIC,0.0,0.0,0.0,1,0,0,0,0,0,Theater
"nothing,nowhere.",2026-10-24,,LIVE NATION MUSIC,14119.95,0.0,0.0,0,0,3,18,0,0,Theater
Gasolina,2026-10-24,,LIVE NATION MUSIC,0.0,62752.5,43876.0,0,0,1,7,0,0,Club
"Halloween, Alaska",2026-10-24,,FRANK PRODUCTIONS,0.0,0.0,0.0,0,0,0,5,0,0,Club
Rocket From The Crypt,2026-10-24,,LIVE NATION MUSIC,0.0,0.0,0.0,0,0,0,3,0,0,Club
"Ris, John Urbano",2026-10-25,,LIVE NATION MUSIC,0.0,0.0,0.0,0,0,0,1,0,0,Theater
glaive,2026-10-24,,LIVE NATION MUSIC,87140.09,0.0,70042.53,0,0,4,26,0,1,Theater
"Cradle Of Filth, DevilDriver",2026-10-25,,HOUSE OF BLUES CONCERTS (HOB),0.0,0.0,29384.5,0,0,0,2,0,0,Club
RL,2026-10-24,,FRANK PRODUCTIONS,0.0,0.0,0.0,0,0,0,1,0,0,Theater
Pete Yorn,2026-10-25,,LIVE NATION MUSIC,44687.5,68702.5,0.0,0,0,10,61,0,2,Club
Friko,2026-10-24,,LIVE NATION MUSIC,64106.55,55101.68,0.0,0,0,1,26,0,0,Club
The Fab Four - The Ultimate Tribute,2026-10-24,,LIVE NATION MUSIC,659452.05,1063618.43,664507.07,10,3,197,75,0,21,Arena
"Halloween, Alaska",2026-10-24,,HOUSE OF BLUES CONCERTS (HOB),0.0,0.0,0.0,0,0,0,5,0,0,Club
Abbie Gamboa,2026-10-25,,LIVE NATION MUSIC,0.0,43390.0,0.0,0,0,1,3,0,0,Club
The Dip,2026-10-24,,LIVE NATION MUSIC,15366.0,215733.0,100141.0,0,0,4,33,0,0,Theater
Young Miko,2026-10-24,,LIVE NATION MUSIC,1819198.33,11120905.33,716909.22,6,7,22,5,1,2,Arena
"Burn, Fast Fashion - The Depeche Mode Experience",2026-10-24,,LIVE NATION MUSIC,0.0,0.0,0.0,0,0,0,1,0,0,Club
SiM,2026-10-25,,LIVE NATION MUSIC,0.0,78357.29000000001,0.0,0,0,0,4,0,0,Theater
The Wldlfe,2026-10-24,,LIVE NATION MUSIC,22849.6,107014.44,4184.0,0,0,0,21,0,1,Club
zzzahara,2026-10-24,,LIVE NATION MUSIC,4805.82,502.5,0.0,0,0,0,5,0,0,Club
Turnpike Troubadours,2026-10-25,,LIVE NATION MUSIC,2057615.5,4318554.92,3521142.51,29,12,42,108,4,11,Club
Taylor &amp; The Wild Now,2026-10-24,,FRANK PRODUCTIONS,0.0,0.0,0.0,0,0,0,3,0,0,Club
Mia Asano,2026-10-24,,HOUSE OF BLUES CONCERTS (HOB),0.0,0.0,0.0,0,0,0,2,0,0,Club
Melvin Seals &amp; JGB,2026-10-25,,LIVE NATION MUSIC,23440.0,123566.0,114236.5,1,0,18,45,1,4,Club
Eliza,2026-10-24,,LIVE NATION MUSIC,0.0,0.0,3339.85,0,0,0,1,0,0,Theater
The Subliminal Verses - A Midwest Tribute To Slipknot,2026-10-24,,LIVE NATION MUSIC,2050.0,10670.0,0.0,0,0,0,2,0,0,Club
Tou,2026-10-24,,LIVE NATION MUSIC,0.0,348354.82999999996,0.0,0,0,0,1,0,1,Theater
Dylan LeBlanc,2026-10-24,,LIVE NATION TENNESSEE,0.0,0.0,2925.72,0,0,0,22,0,0,Club
Protomartyr,2026-10-24,,LIVE NATION MUSIC,37547.06,16935.12,72312.29000000001,0,0,1,32,0,3,Theater
SLIFT,2026-10-24,,LIVE NATION MUSIC,0.0,142707.13,6745.0,0,0,1,17,0,2,Club
Niko Moon,2026-10-24,,LIVE NATION MUSIC,748025.72,907982.25,432708.0,3,0,16,65,0,1,Theater
Niko Moon,2026-10-24,,LIVE NATION MUSIC,748025.72,907982.25,432708.0,3,0,16,65,0,1,Theater
"Halloween, Alaska",2026-10-24,,LIVE NATION TENNESSEE,0.0,0.0,0.0,0,0,0,5,0,0,Club
Prince Daddy &amp; the Hyena,2026-10-24,,LIVE NATION MUSIC,14330.0,23187.85,10500.0,0,0,0,16,0,2,Club
R&amp;B Vibes Live,2026-10-24,,LIVE NATION MUSIC,0.0,0.0,0.0,0,0,0,2,0,0,Club
Benjamin Tod &amp; Lost Dog Street Band,2026-10-24,,LIVE NATION MUSIC,0.0,179250.0,0.0,0,0,3,37,0,0,Club
Pol,2026-10-24,,FRANK PRODUCTIONS,6311.03,20388.51,0.0,0,0,1,8,0,0,Theater
"Future Islands, Oh, Rose",2026-10-25,,FRANK PRODUCTIONS,0.0,0.0,0.0,0,0,0,1,0,0,Theater
Daryus Costa,2026-10-24,,LIVE NATION MUSIC,8945.0,0.0,0.0,0,0,0,10,0,0,Club
T.3,2026-10-24,,HOUSE OF BLUES CONCERTS (HOB),2859.0,17899.19,19283.0,0,0,1,11,0,0,Club
Spite,2026-10-25,,LIVE NATION MUSIC,0.0,37029.77,0.0,0,0,9,33,0,1,Club
Prince Daddy &amp; the Hyena,2026-10-24,,LIVE NATION MUSIC,14330.0,23187.85,10500.0,0,0,0,16,0,2,Club
Spite,2026-10-25,,LIVE NATION MUSIC,0.0,37029.77,0.0,0,0,9,33,0,1,Club
Rain,2026-10-24,,LIVE NATION MUSIC,0.0,0.0,207956.5,1,1,4,0,0,1,Theater
Benjamin Tod &amp; Lost Dog Street Band,2026-10-24,,LIVE NATION MUSIC,0.0,179250.0,0.0,0,0,3,37,0,0,Club
Rod Wave,2026-10-25,,LIVE NATION MUSIC,19871622.03,44782080.52,58117202.64,1,84,1,0,0,0,Arena
Jonas Brothers,2026-10-26,,LIVE NATION MUSIC,49501788.39,30144554.31,109403725.33,75,195,28,1,28,5,Arena
The Smashing Pumpkins,2026-10-25,,LIVE NATION MUSIC,956409.95,4451112.17,12656219.06,29,91,37,25,1,5,Arena
KATSEYE,2026-10-25,,LIVE NATION MUSIC,3690618.47,0.0,0.0,0,1,5,1,0,0,Arena
Bryson Tiller,2026-10-25,,LIVE NATION MUSIC,0.0,14396903.73,1952369.56,10,20,31,34,0,2,Club
G-Eazy,2026-10-25,,LIVE NATION MUSIC,453863.88,166997.78,53337.0,33,23,54,102,1,4,Arena
Three Days Grace,2026-10-25,,LIVE NATION MUSIC,2587583.58,0.0,514555.96,4,55,36,61,0,8,Amphitheatre
Fuerza Regida,2026-10-25,,LIVE NATION MUSIC,8831401.1,61688406.68,40356839.51,6,68,5,0,12,0,Arena
Fuerza Regida,2026-10-25,,LIVE NATION MUSIC,8831401.1,61688406.68,40356839.51,6,68,5,0,12,0,Arena
Malcolm Todd,2026-10-25,,LIVE NATION MUSIC,158405.31,63535.0,0.0,0,0,4,8,0,0,Theater
Forever,2026-10-25,,LIVE NATION MUSIC,70329.51,0.0,0.0,0,1,0,0,0,0,Theater
Switchfoot,2026-10-25,,LIVE NATION MUSIC,181031.87,600305.9299999999,763943.0,5,6,80,76,1,17,Theater
Xavier Wulf,2026-10-25,,LIVE NATION MUSIC,37425.0,959758.4,0.0,1,0,14,55,0,0,Theater
Sin Bandera,2026-10-25,,LIVE NATION MUSIC,0.0,429183.87,5207476.83,2,28,22,2,2,1,Amphitheatre
Michael Franti &amp; Spearhead,2026-10-25,,LIVE NATION MUSIC,808998.5,6993576.6,4151183.84,113,3,86,115,2,32,Club
Postmodern Jukebox,2026-10-25,,LIVE NATION MUSIC,3008960.1,2913423.2,3309873.83,0,9,402,106,0,34,Theater
The Gentlemen's Club,2026-10-25,,LIVE NATION MUSIC,6190.0,0.0,11045.89,0,0,0,3,0,0,Arena
"""HalLUDOween"", Ludo",2026-10-25,,LIVE NATION MUSIC,0.0,0.0,0.0,0,0,1,0,0,0,Theater
Hawthorne Heights,2026-10-26,,LIVE NATION MUSIC,10175.0,356921.46,49305.0,2,0,4,55,0,5,Club
Gorillaz,2026-10-25,,LIVE NATION MUSIC,0.0,0.0,5075.0,8,73,15,1,3,1,Arena
Bethel Music,2026-10-25,,LIVE NATION MUSIC,972671.18,0.0,466550.0,0,6,66,4,0,6,Theater
Streetlight Manifesto,2026-10-25,,LIVE NATION MUSIC,51271.92,312027.99,0.0,0,0,23,140,0,1,Club
The Chicks,2026-10-25,,LIVE NATION MUSIC,0.0,0.0,21183223.21,39,69,4,0,3,0,Theater
The Texas Gentlemen,2026-10-25,,LIVE NATION MUSIC,1565.58,0.0,0.0,0,0,0,4,0,0,Club
Kishi Bashi,2026-10-25,,LIVE NATION MUSIC,132205.3,43192.54,171528.1,0,0,19,103,0,0,Theater
Candlebox,2026-10-26,,LIVE NATION MUSIC,0.0,15636.21,95486.8,1,0,20,59,0,5,Club
Ben Folds,2026-10-25,,FRANK PRODUCTIONS,1009669.3,1391762.24,1781133.29,15,1,116,51,0,1,Theater
Sueco,2026-10-25,,LIVE NATION MUSIC,0.0,77100.38,70293.0,0,0,3,15,0,0,Club
Tou,2026-10-25,,LIVE NATION MUSIC,0.0,348354.82999999996,0.0,0,0,0,1,0,1,Theater
Isabel Van Gelder,2026-10-26,,LIVE NATION MUSIC,0.0,0.0,0.0,0,0,0,1,0,0,Club
Barrington Levy,2026-10-25,,HOUSE OF BLUES CONCERTS (HOB),386966.0,0.0,0.0,0,0,2,26,0,1,Club
The Black Dahlia Murder,2026-10-26,,LIVE NATION MUSIC,0.0,65614.66,163785.56,0,0,21,93,0,2,Theater
"God Forbid, Ninth Circle",2026-10-26,,LIVE NATION MUSIC,0.0,0.0,0.0,0,0,0,1,0,0,Theater
"Cradle Of Filth, DevilDriver",2026-10-26,,LIVE NATION MUSIC,0.0,0.0,29384.5,0,0,0,2,0,0,Club
Vega,2026-10-25,,LIVE NATION MUSIC,122401.53,0.0,0.0,0,0,4,4,0,8,Other
J &amp; The Causeways,2026-10-26,,LIVE NATION MUSIC,2003.0,0.0,0.0,0,0,0,2,0,0,Theater
ASAVA,2026-10-25,,LIVE NATION MUSIC,0.0,0.0,2120.0,0,0,0,5,0,1,Club
Maddie Zahm,2026-10-25,,LIVE NATION MUSIC,0.0,103535.0,47568.0,0,0,0,8,0,0,Club
"Mic Crenshaw, Special Guests",2026-10-26,,HOUSE OF BLUES CONCERTS (HOB),0.0,0.0,0.0,0,0,0,1,0,0,Club
Peaches,2026-10-25,,LIVE NATION MUSIC,0.0,0.0,0.0,0,0,6,30,0,0,Club
edgehill,2026-10-25,,LIVE NATION TENNESSEE,0.0,0.0,0.0,0,0,0,1,0,0,Club
Emei,2026-10-26,,LIVE NATION MUSIC,147261.76,63873.5,0.0,0,0,0,17,0,1,Club
Prince Daddy &amp; the Hyena,2026-10-25,,FRANK PRODUCTIONS,14330.0,23187.85,10500.0,0,0,0,16,0,2,Club
Scream,2026-10-25,,LIVE NATION MUSIC,0.0,0.0,0.0,0,0,0,1,0,0,Club
The Longest Johns,2026-10-26,,LIVE NATION MUSIC,145256.26,132222.35,26181.48,0,0,7,30,0,4,Theater
Moenia,2026-10-25,,LIVE NATION MUSIC,448567.46,887876.74,585685.95,1,3,19,5,1,1,Theater
Enter,2026-10-25,,HOUSE OF BLUES CONCERTS (HOB),28761.16,0.0,0.0,0,0,0,1,0,0,Club
Melvins,2026-10-25,,HOUSE OF BLUES CONCERTS (HOB),73616.36,0.0,79681.69,0,0,5,107,0,2,Club
Tool,2026-10-25,,LIVE NATION MUSIC,10884004.66,31409562.62,26632833.66,5,188,9,0,0,0,Arena
Blu DeTiger,2026-10-25,,LIVE NATION MUSIC,0.0,43773.75,0.0,0,0,0,10,0,0,Club
Freeman,2026-10-25,,FRANK PRODUCTIONS,0.0,0.0,0.0,0,0,0,13,0,0,Club
Daley,2026-10-25,,LIVE NATION MUSIC,0.0,94731.0,0.0,0,0,2,42,0,0,Club
David Aguilar,2026-10-25,,LIVE NATION MUSIC,0.0,0.0,0.0,0,0,1,2,0,0,Club
Isabel LaRosa,2026-10-26,,LIVE NATION MUSIC,84685.57,24182.31,0.0,0,0,2,5,0,0,Club
Patrick Droney,2026-10-25,,LIVE NATION MUSIC,0.0,4245.59,25810.0,0,0,0,10,0,0,Theater
The Click Five,2026-10-25,,HOUSE OF BLUES CONCERTS (HOB),0.0,0.0,0.0,0,0,1,2,0,0,Club
Isabel LaRosa,2026-10-26,,LIVE NATION MUSIC,84685.57,24182.31,0.0,0,0,2,5,0,0,Club
Tou,2026-10-25,,LIVE NATION MUSIC,0.0,348354.82999999996,0.0,0,0,0,1,0,1,Club
Pete &amp; Bas,2026-10-25,,LIVE NATION MUSIC,19756.22,54277.37,0.0,0,0,0,7,0,0,Theater
R&amp;B Vibes Live,2026-10-25,,FRANK PRODUCTIONS,0.0,0.0,0.0,0,0,0,2,0,0,Theater
"Rave Culture in Concert, W&amp;W",2026-10-26,,HOUSE OF BLUES CONCERTS (HOB),0.0,0.0,0.0,0,1,0,0,0,0,Arena
Patrick Droney,2026-10-25,,LIVE NATION MUSIC,0.0,4245.59,25810.0,0,0,0,10,0,0,Theater
Benjamin Tod &amp; Lost Dog Street Band,2026-10-25,,LIVE NATION MUSIC,0.0,179250.0,0.0,0,0,3,37,0,0,Club
"""Rocky Horror Picture Show"", Barry Bostwick",2026-10-26,,LIVE NATION MUSIC,0.0,0.0,0.0,0,0,1,0,0,0,Theater
Rush,2026-10-27,,LIVE NATION MUSIC,0.0,0.0,0.0,40,118,1,0,2,8,Arena
Beabadoobee,2026-10-26,,LIVE NATION MUSIC,801797.5,2506361.44,323192.05,1,2,23,27,0,1,Arena
Three Days Grace,2026-10-26,,LIVE NATION MUSIC,2587583.58,0.0,514555.96,4,55,36,61,0,8,Arena
Tedeschi Trucks Band,2026-10-26,,LIVE NATION MUSIC,5978304.630000001,9551174.93,7870383.93,98,7,225,24,2,8,Theater
Dermot Kennedy,2026-10-26,,LIVE NATION MUSIC,132950.5,0.0,19937522.59,6,39,52,59,10,4,Theater
Chief Keef,2026-10-26,,LIVE NATION MUSIC,0.0,366115.0,0.0,0,1,6,19,0,0,Theater
Taste,2026-10-26,,LIVE NATION MUSIC,0.0,0.0,0.0,0,0,1,1,0,0,Club
Sammy Rae &amp; The Friends,2026-10-26,,LIVE NATION MUSIC,365473.19,765933.13,407010.69,0,0,11,33,0,1,Club
"""Lucca Summer Festival"", Tom Jones",2026-10-26,,LIVE NATION MUSIC,0.0,0.0,0.0,0,0,0,0,0,1,Theater
"Joey Fatone, AJ McLean",2026-10-26,,LIVE NATION MUSIC,0.0,1007339.51,0.0,1,0,6,2,0,0,Theater
"DJ Moma, Showcase, Flygerian",2026-10-26,,LIVE NATION MUSIC,0.0,0.0,0.0,0,0,0,1,0,0,Club
Steve Lacy,2026-10-26,,LIVE NATION MUSIC,0.0,0.0,48400.0,1,2,2,7,0,0,Amphitheatre
The Story So Far,2026-10-27,,LIVE NATION MUSIC,175730.0,311383.29,21725.0,0,0,10,56,1,4,Club
Hurricane Wisdom,2026-10-26,,LIVE NATION MUSIC,11250.0,0.0,0.0,0,0,0,1,0,0,Club
She Wants Revenge,2026-10-26,,LIVE NATION MUSIC,79720.0,0.0,7566.52,0,1,5,27,0,1,Club
"The A, B, C &amp; D Of Boogie Woogie",2026-10-26,,HOUSE OF BLUES CONCERTS (HOB),0.0,0.0,0.0,0,0,0,1,0,0,Club
The Chicks,2026-10-26,,LIVE NATION MUSIC,0.0,0.0,21183223.21,39,69,4,0,3,0,Theater
Tou,2026-10-27,,LIVE NATION MUSIC,0.0,348354.82999999996,0.0,0,0,0,1,0,1,Club
Rodrigo y Gabriela,2026-10-27,,LIVE NATION MUSIC,68954.74,537959.35,1458366.69,33,3,134,58,0,10,Theater
Sammy Rae &amp; The Friends,2026-10-27,,LIVE NATION MUSIC,365473.19,765933.13,407010.69,0,0,11,33,0,1,Club
Daniela Spalla,2026-10-27,,LIVE NATION MUSIC,0.0,526043.9299999999,123566.22,1,1,5,0,0,1,Theater
Running,2026-10-26,,LIVE NATION MUSIC,0.0,0.0,0.0,0,0,0,1,0,0,Club
Hawthorne Heights,2026-10-27,,LIVE NATION MUSIC,10175.0,356921.46,49305.0,2,0,4,55,0,5,Club
Dead Poet Society,2026-10-27,,HOUSE OF BLUES CONCERTS (HOB),0.0,95493.81,8199.75,0,0,0,18,0,1,Club
SiM,2026-10-27,,LIVE NATION MUSIC,0.0,78357.29000000001,0.0,0,0,0,4,0,0,Club
The Wrecks,2026-10-27,,HOUSE OF BLUES CONCERTS (HOB),97000.68,0.0,0.0,0,0,1,12,0,0,Club
Bentley Robles,2026-10-27,,LIVE NATION MUSIC,0.0,1305.0,0.0,0,0,0,1,0,0,Club
Evidence,2026-10-27,,LIVE NATION MUSIC,0.0,0.0,0.0,0,0,0,5,0,0,Theater
Machine Girl,2026-10-27,,LIVE NATION MUSIC,245123.68,616185.04,0.0,0,0,6,36,0,0,Theater
"The Army, The Navy",2026-10-27,,LIVE NATION MUSIC,33084.56,0.0,0.0,0,0,1,4,0,0,Club
Thieves,2026-10-26,,LIVE NATION MUSIC,0.0,0.0,0.0,0,0,0,1,0,0,Club
Maddie Zahm,2026-10-27,,LIVE NATION MUSIC,0.0,103535.0,47568.0,0,0,0,8,0,0,Theater
Skilla Baby,2026-10-26,,LIVE NATION MUSIC,0.0,32505.0,0.0,0,0,0,1,0,0,Club
Strawberry Fuzz,2026-10-26,,LIVE NATION MUSIC,0.0,0.0,3762.0,0,0,0,1,0,0,Theater
R&amp;B Vibes Live,2026-10-26,,LIVE NATION MUSIC,0.0,0.0,0.0,0,0,0,2,0,0,Club
Indigo Girls,2026-10-27,,LIVE NATION MUSIC,327018.75,953813.05,1415498.26,20,0,194,53,0,8,Theater
Sawyer Hill,2026-10-27,,LIVE NATION MUSIC,37539.14,18871.47,0.0,0,0,1,10,0,0,Club
Evanescence,2026-10-26,,LIVE NATION MUSIC,436997.42,4856543.49,10086732.76,30,47,41,16,3,2,Amphitheatre
Evanescence,2026-10-26,,LIVE NATION MUSIC,436997.42,4856543.49,10086732.76,30,47,41,16,3,2,Amphitheatre
Skillet,2026-10-26,,LIVE NATION MUSIC,2238507.06,260542.96,1377748.06,6,30,43,67,0,14,Club
Skillet,2026-10-26,,LIVE NATION MUSIC,2238507.06,260542.96,1377748.06,6,30,43,67,0,14,Club
Dead On A Sunday,2026-10-26,,LIVE NATION TENNESSEE,27710.0,72724.54,4785.0,0,0,1,29,0,0,Club
American Aquarium,2026-10-26,,FRANK PRODUCTIONS,31504.98,89127.5,30249.0,1,0,7,66,0,0,Club
Pain Of Truth,2026-10-26,,LIVE NATION MUSIC,29220.0,0.0,0.0,0,0,0,2,0,0,Club
Blessing Offor,2026-10-26,,LIVE NATION MUSIC,0.0,0.0,0.0,0,0,0,1,0,0,Club
Forbidden,2026-10-26,,LIVE NATION MUSIC,12780.0,0.0,0.0,0,0,0,5,0,0,Theater
Perfect,2026-10-26,,LIVE NATION MUSIC,0.0,0.0,0.0,0,0,0,1,0,0,Club
Genitorturers,2026-10-27,,LIVE NATION MUSIC,0.0,0.0,0.0,0,0,0,8,0,0,Club
Pete &amp; Bas,2026-10-26,,LIVE NATION MUSIC,19756.22,54277.37,0.0,0,0,0,7,0,0,Theater
Genitorturers,2026-10-27,,LIVE NATION MUSIC,0.0,0.0,0.0,0,0,0,8,0,0,Club
Rod Wave,2026-10-27,,LIVE NATION MUSIC,19871622.03,44782080.52,58117202.64,1,84,1,0,0,0,Arena
The Smashing Pumpkins,2026-10-27,,LIVE NATION MUSIC,956409.95,4451112.17,12656219.06,29,91,37,25,1,5,Arena
Dermot Kennedy,2026-10-27,,LIVE NATION MUSIC,132950.5,0.0,19937522.59,6,39,52,59,10,4,Arena
Fuerza Regida,2026-10-27,,LIVE NATION MUSIC,8831401.1,61688406.68,40356839.51,6,68,5,0,12,0,Arena
Tedeschi Trucks Band,2026-10-27,,LIVE NATION MUSIC,5978304.630000001,9551174.93,7870383.93,98,7,225,24,2,8,Theater
Doja Cat,2026-10-27,,LIVE NATION MUSIC,7384674.46,7298161.81,31988065.4,0,39,0,9,0,0,Arena
Beck,2026-10-27,,LIVE NATION MUSIC,1461640.71,626608.75,4873011.17,24,9,29,9,0,4,Theater
Chief Keef,2026-10-27,,LIVE NATION MUSIC,0.0,366115.0,0.0,0,1,6,19,0,0,Club
Bryson Tiller,2026-10-27,,LIVE NATION MUSIC,0.0,14396903.73,1952369.56,10,20,31,34,0,2,Amphitheatre
Skillet,2026-10-27,,LIVE NATION MUSIC,2238507.06,260542.96,1377748.06,6,30,43,67,0,14,Theater
"""Lucca Summer Festival"", Tom Jones",2026-10-27,,LIVE NATION MUSIC,0.0,0.0,0.0,0,0,0,0,0,1,Other
Movements,2026-10-28,,LIVE NATION MUSIC,308781.6,267276.63,140008.0,0,0,1,23,0,1,Club
Candlebox,2026-10-28,,LIVE NATION MUSIC,0.0,15636.21,95486.8,1,0,20,59,0,5,Club
Forever,2026-10-27,,LIVE NATION MUSIC,70329.51,0.0,0.0,0,1,0,0,0,0,Arena
Victor &amp; Leo,2026-10-27,,LIVE NATION MUSIC,0.0,0.0,0.0,0,0,24,1,0,0,Amphitheatre
Livingston Taylor,2026-10-27,,LIVE NATION MUSIC,0.0,18016.0,38921.0,0,0,18,32,0,1,Theater
Alvaro,2026-10-27,,LIVE NATION MUSIC,0.0,0.0,0.0,0,0,0,1,0,0,Club
Dead Poet Society,2026-10-28,,HOUSE OF BLUES CONCERTS (HOB),0.0,95493.81,8199.75,0,0,0,18,0,1,Club
10 Years,2026-10-27,,LIVE NATION MUSIC,17283.0,47010.25,6775.0,0,0,11,89,0,3,Club
Saosin,2026-10-28,,HOUSE OF BLUES CONCERTS (HOB),0.0,43142.5,30500.0,0,0,3,12,0,0,Club
Slow Pulp,2026-10-27,,LIVE NATION MUSIC,0.0,106046.0,34083.07,0,0,1,10,0,0,Club
KNOX,2026-10-27,,LIVE NATION MUSIC,41961.0,18594.0,0.0,0,0,0,6,0,0,Club
Skilla Baby,2026-10-27,,LIVE NATION MUSIC,0.0,32505.0,0.0,0,0,0,1,0,0,Theater
Epik High,2026-10-27,,HOUSE OF BLUES CONCERTS (HOB),0.0,184487.78,400979.87,0,0,5,15,0,0,Club
R&amp;B Vibes Live,2026-10-27,,LIVE NATION MUSIC,0.0,0.0,0.0,0,0,0,2,0,0,Club
Thundercat,2026-10-27,,LIVE NATION MUSIC,166095.0,81082.15,903432.94,2,0,14,40,0,2,Club
Harbour,2026-10-28,,LIVE NATION MUSIC,55592.03,0.0,104133.0,0,0,2,44,0,0,Club
"The Army, The Navy",2026-10-28,,LIVE NATION MUSIC,33084.56,0.0,0.0,0,0,1,4,0,0,Club
Abel,2026-10-28,,LIVE NATION MUSIC,0.0,435.0,0.0,0,0,0,1,0,0,Club
R&amp;B Vibes Live,2026-10-28,,LIVE NATION MUSIC,0.0,0.0,0.0,0,0,0,2,0,0,Theater
Quadeca,2026-10-28,,LIVE NATION MUSIC,127634.26,0.0,7186.0,0,0,3,8,0,0,Theater
Sueco,2026-10-27,,LIVE NATION MUSIC,0.0,77100.38,70293.0,0,0,3,15,0,0,Club
Chris Webby,2026-10-28,,HOUSE OF BLUES CONCERTS (HOB),21780.0,0.0,25360.0,0,0,12,63,1,2,Club
The Tallest Man On Earth,2026-10-27,,FRANK PRODUCTIONS,83293.33,0.0,291985.78,0,2,44,70,0,4,Theater
Emei,2026-10-27,,LIVE NATION MUSIC,147261.76,63873.5,0.0,0,0,0,17,0,1,Theater
almost monday,2026-10-28,,LIVE NATION MUSIC,58670.4,0.0,2884.0,0,0,0,9,0,1,Club
Cameron Whitcomb,2026-10-27,,LIVE NATION MUSIC,130759.26,20541.0,0.0,0,0,5,15,0,0,Club
The Paradox,2026-10-27,,LIVE NATION MUSIC,4780.0,0.0,0.0,0,0,1,0,0,0,Theater
"Mic Crenshaw, Special Guests",2026-10-28,,LIVE NATION MUSIC,0.0,0.0,0.0,0,0,0,1,0,0,Club
Sun,2026-10-27,,LIVE NATION MUSIC,2319.81,0.0,0.0,0,0,0,2,0,0,Club
Mad,2026-10-27,,LIVE NATION MUSIC,0.0,0.0,0.0,0,0,0,1,0,0,Theater
Hotel Fiction,2026-10-27,,LIVE NATION TENNESSEE,0.0,1781.0,1943.0,0,0,0,2,0,0,Club
Iron &amp; Wine,2026-10-27,,LIVE NATION MUSIC,234458.3,956492.07,19800.0,1,0,69,56,0,4,Theater
New Constellations,2026-10-27,,LIVE NATION MUSIC,21655.48,0.0,0.0,0,0,1,4,0,0,Club
Brigid Dawson,2026-10-27,,LIVE NATION MUSIC,0.0,0.0,0.0,0,0,0,1,0,0,Club
SIX60,2026-10-27,,LIVE NATION MUSIC,277181.35,709762.33,0.0,1,3,12,30,11,21,Club
The Living Tombstone,2026-10-27,,LIVE NATION MUSIC,1025246.06,58601.17,0.0,0,1,2,16,0,0,Club
New Constellations,2026-10-27,,LIVE NATION MUSIC,21655.48,0.0,0.0,0,0,1,4,0,0,Club
Hudson Westbrook,2026-10-28,,LIVE NATION MUSIC,525662.0,16045.0,0.0,1,1,1,7,0,0,Club
Femme Fatale,2026-10-27,,LIVE NATION MUSIC,0.0,0.0,0.0,0,0,0,1,0,0,Theater
ASAVA,2026-10-27,,LIVE NATION MUSIC,0.0,0.0,2120.0,0,0,0,5,0,1,Club
Grace &amp; The Flat Boys,2026-10-27,,LIVE NATION MUSIC,0.0,1496.9,0.0,0,0,0,1,0,0,Theater
Machine Girl,2026-10-28,,LIVE NATION MUSIC,245123.68,616185.04,0.0,0,0,6,36,0,0,Club
Machine Girl,2026-10-28,,LIVE NATION MUSIC,245123.68,616185.04,0.0,0,0,6,36,0,0,Club
Forever,2026-10-27,,LIVE NATION MUSIC,70329.51,0.0,0.0,0,1,0,0,0,0,Theater
Brother Ali,2026-10-27,,FRANK PRODUCTIONS,5334.0,27864.3,0.0,0,0,5,64,0,1,Theater
Ramirez,2026-10-27,,LIVE NATION MUSIC,24615.0,0.0,4832.26,0,0,0,6,0,0,Club
Femme Fatale,2026-10-27,,LIVE NATION MUSIC,0.0,0.0,0.0,0,0,0,1,0,0,Theater
"Or, The Whale",2026-10-28,,LIVE NATION MUSIC,0.0,0.0,0.0,0,0,0,3,0,0,Club
Brigid Dawson,2026-10-27,,LIVE NATION MUSIC,0.0,0.0,0.0,0,0,0,1,0,0,Club
Evan Honer,2026-10-27,,LIVE NATION MUSIC,388095.1,508688.63,0.0,1,0,14,69,0,0,Club
Evan Honer,2026-10-27,,LIVE NATION MUSIC,388095.1,508688.63,0.0,1,0,14,69,0,0,Club
M,2026-10-27,,LIVE NATION MUSIC,0.0,0.0,286459.73,0,0,2,0,0,0,Theater
M,2026-10-27,,LIVE NATION MUSIC,0.0,0.0,286459.73,0,0,2,0,0,0,Theater
Harry Styles,2026-10-28,,LIVE NATION MUSIC,0.0,0.0,252490036.3,1,117,15,2,33,5,Arena
Rod Wave,2026-10-28,,LIVE NATION MUSIC,19871622.03,44782080.52,58117202.64,1,84,1,0,0,0,Arena
John Summit,2026-10-29,,LIVE NATION MUSIC,1618895.52,6378033.54,2121909.0,1,6,4,6,1,1,Arena
KATSEYE,2026-10-28,,LIVE NATION MUSIC,3690618.47,0.0,0.0,0,1,5,1,0,0,Arena
"Chris Brown, Usher",2026-10-29,,LIVE NATION MUSIC,0.0,0.0,0.0,0,0,0,0,18,0,Stadium
Rock,2026-10-29,,LIVE NATION MUSIC,0.0,0.0,0.0,0,0,0,1,0,0,Arena
Young Miko,2026-10-28,,LIVE NATION MUSIC,1819198.33,11120905.33,716909.22,6,7,22,5,1,2,Arena
Reason,2026-10-28,,LIVE NATION MUSIC,0.0,3617.6,1440.0,0,0,1,1,0,0,Arena
Olivia Rodrigo,2026-10-29,,LIVE NATION MUSIC,23420107.2,169307085.8,0.0,0,68,10,2,5,1,Arena
Gorillaz,2026-10-28,,LIVE NATION MUSIC,0.0,0.0,5075.0,8,73,15,1,3,1,Arena
Fuerza Regida,2026-10-28,,LIVE NATION MUSIC,8831401.1,61688406.68,40356839.51,6,68,5,0,12,0,Arena
Arcángel,2026-10-28,,LIVE NATION MUSIC,0.0,5578759.22,9635530.99,2,31,5,0,4,1,Theater
Lawrence,2026-10-29,,LIVE NATION MUSIC,465747.33,875113.88,58367.52,0,0,8,43,0,4,Club
Gentleman,2026-10-28,,LIVE NATION MUSIC,293915.89,322521.05,108704.44,0,4,3,8,7,12,Arena
G-Eazy,2026-10-28,,LIVE NATION MUSIC,453863.88,166997.78,53337.0,33,23,54,102,1,4,Amphitheatre
"Earth, Wind &amp; Fire",2026-10-28,,LIVE NATION MUSIC,11282927.15,1131593.0,1437255.0,68,42,129,11,3,20,Theater
Lenny Pearce,2026-10-28,,LIVE NATION MUSIC,1149576.75,11247.35,0.0,1,0,32,23,0,2,Theater
Malcolm Todd,2026-10-28,,LIVE NATION MUSIC,158405.31,63535.0,0.0,0,0,4,8,0,0,Theater
UB40,2026-10-28,,LIVE NATION MUSIC,253537.51,5742450.69,2259277.81,7,34,50,22,0,4,Theater
Steve Lacy,2026-10-28,,LIVE NATION MUSIC,0.0,0.0,48400.0,1,2,2,7,0,0,Arena
Rodrigo y Gabriela,2026-10-29,,LIVE NATION MUSIC,68954.74,537959.35,1458366.69,33,3,134,58,0,10,Club
Saosin,2026-10-29,,HOUSE OF BLUES CONCERTS (HOB),0.0,43142.5,30500.0,0,0,3,12,0,0,Club
Beck,2026-10-28,,LIVE NATION MUSIC,1461640.71,626608.75,4873011.17,24,9,29,9,0,4,Arena
Daughtry,2026-10-29,,LIVE NATION MUSIC,0.0,248378.35,1728352.14,9,66,135,39,0,22,Arena
Blue October,2026-10-29,,LIVE NATION MUSIC,380805.29,725828.84,1268376.38,4,2,79,177,1,3,Club
Montell Fish,2026-10-28,,LIVE NATION MUSIC,726844.46,98486.05,0.0,0,0,3,5,0,0,Club
Daniela Spalla,2026-10-29,,HOUSE OF BLUES CONCERTS (HOB),0.0,526043.9299999999,123566.22,1,1,5,0,0,1,Theater
Michael Franti &amp; Spearhead,2026-10-28,,LIVE NATION MUSIC,808998.5,6993576.6,4151183.84,113,3,86,115,2,32,Club
glaive,2026-10-28,,LIVE NATION MUSIC,87140.09,0.0,70042.53,0,0,4,26,0,1,Club
Slow Pulp,2026-10-28,,LIVE NATION MUSIC,0.0,106046.0,34083.07,0,0,1,10,0,0,Club
Jeans,2026-10-28,,LIVE NATION MUSIC,0.0,0.0,0.0,0,1,4,0,0,0,Theater
Victor &amp; Leo,2026-10-28,,LIVE NATION MUSIC,0.0,0.0,0.0,0,0,24,1,0,0,Amphitheatre
Bad Gyal,2026-10-28,,LIVE NATION MUSIC,0.0,1369372.12,1613122.36,0,8,1,1,1,1,Theater
Grahame Lesh,2026-10-29,,LIVE NATION MUSIC,0.0,6920.0,0.0,0,0,0,1,0,0,Club
Periphery,2026-10-29,,LIVE NATION MUSIC,0.0,508193.42,0.0,0,0,21,57,0,3,Theater
Harbour,2026-10-29,,LIVE NATION MUSIC,55592.03,0.0,104133.0,0,0,2,44,0,0,Theater
Gun,2026-10-29,,LIVE NATION MUSIC,99386.43,100794.15,101429.7,0,0,0,11,0,2,Club
George Clanton,2026-10-28,,LIVE NATION MUSIC,51207.5,17007.0,60284.82,0,0,1,9,0,1,Club
Back &amp; Forth - Foo Fighters Tribute,2026-10-28,,LIVE NATION MUSIC,1985.0,3110.0,0.0,0,0,0,2,0,0,Theater
Dilated Peoples,2026-10-28,,LIVE NATION MUSIC,0.0,0.0,0.0,0,0,0,9,0,0,Club
Tou,2026-10-28,,HOUSE OF BLUES CONCERTS (HOB),0.0,348354.82999999996,0.0,0,0,0,1,0,1,Club
Paige Fish,2026-10-29,,LIVE NATION MUSIC,9092.75,0.0,0.0,0,0,0,2,0,0,Club
Griffin William Sherry,2026-10-28,,LIVE NATION MUSIC,0.0,2048.0,7500.0,0,0,0,3,0,0,Club
SiM,2026-10-29,,LIVE NATION MUSIC,0.0,78357.29000000001,0.0,0,0,0,4,0,0,Theater
"Halloween, Alaska",2026-10-29,,LIVE NATION MUSIC,0.0,0.0,0.0,0,0,0,5,0,0,Theater
The Brook &amp; The Bluff,2026-10-28,,FRANK PRODUCTIONS,0.0,54224.59,250521.71,0,0,7,35,0,1,Club
Dillinger Escape Plan,2026-10-29,,LIVE NATION MUSIC,0.0,225010.0,0.0,0,0,9,67,0,2,Club
"Dream, Ivory",2026-10-28,,LIVE NATION MUSIC,0.0,0.0,3737.51,0,0,0,4,0,0,Club
"Prof, Yelawolf, That Mexican Ot",2026-10-29,,LIVE NATION MUSIC,0.0,0.0,0.0,0,0,0,1,0,0,Club
Stop Light Observations,2026-10-28,,LIVE NATION MUSIC,8030.0,24239.15,16072.0,0,0,3,21,0,0,Club
"Havok, Toxic Holocaust",2026-10-28,,LIVE NATION MUSIC,0.0,0.0,9568.5,0,0,0,1,0,0,Theater
iO,2026-10-28,,LIVE NATION MUSIC,0.0,0.0,0.0,0,0,1,0,0,0,Theater
"Mic Crenshaw, Special Guests",2026-10-29,,LIVE NATION MUSIC,0.0,0.0,0.0,0,0,0,1,0,0,Club
Peppermint,2026-10-28,,LIVE NATION MUSIC,0.0,0.0,0.0,0,0,0,3,0,0,Club
Zebra,2026-10-28,,LIVE NATION MUSIC,11838.0,83347.25,77559.75,0,0,8,11,0,0,Club
Cameron Whitcomb,2026-10-28,,HOUSE OF BLUES CONCERTS (HOB),130759.26,20541.0,0.0,0,0,5,15,0,0,Club
Ax and the Hatchetmen,2026-10-28,,LIVE NATION MUSIC,167304.38,10365.0,2059.0,0,0,2,28,0,0,Theater
Tern,2026-10-28,,LIVE NATION MUSIC,0.0,0.0,1547.29,0,0,0,1,0,0,Theater
"Son, You Silence I Bird",2026-10-28,,LIVE NATION MUSIC,0.0,0.0,0.0,0,0,1,1,0,2,Other
Black Label Society,2026-10-29,,LIVE NATION MUSIC,0.0,0.0,0.0,0,4,34,65,0,2,Theater
Black Label Society,2026-10-29,,LIVE NATION MUSIC,0.0,0.0,0.0,0,4,34,65,0,2,Theater
Lauren Sanderson,2026-10-28,,LIVE NATION MUSIC,0.0,20673.0,22912.57,0,0,1,13,0,0,Club
Boy Harsher,2026-10-28,,LIVE NATION MUSIC,0.0,0.0,0.0,0,0,1,14,0,1,Club
Lauren Sanderson,2026-10-28,,LIVE NATION MUSIC,0.0,20673.0,22912.57,0,0,1,13,0,0,Club
Boy Harsher,2026-10-28,,LIVE NATION MUSIC,0.0,0.0,0.0,0,0,1,14,0,1,Club
Metallica,2026-10-29,,LIVE NATION MUSIC,137107458.47,179373637.38,146435306.85,0,95,4,4,135,10,Stadium
Metallica,2026-10-29,,LIVE NATION MUSIC,137107458.47,179373637.38,146435306.85,0,95,4,4,135,10,Stadium
John Summit,2026-10-30,,LIVE NATION MUSIC,1618895.52,6378033.54,2121909.0,1,6,4,6,1,1,Arena
Doja Cat,2026-10-29,,LIVE NATION MUSIC,7384674.46,7298161.81,31988065.4,0,39,0,9,0,0,Arena
Dan + Shay,2026-10-29,,LIVE NATION MUSIC,0.0,23220519.09,2076160.61,32,54,33,41,1,8,Arena
Young Miko,2026-10-29,,LIVE NATION MUSIC,1819198.33,11120905.33,716909.22,6,7,22,5,1,2,Arena
Olivia Rodrigo,2026-10-30,,LIVE NATION MUSIC,23420107.2,169307085.8,0.0,0,68,10,2,5,1,Arena
Rock,2026-10-29,,FRANK PRODUCTIONS,0.0,0.0,0.0,0,0,0,1,0,0,Club
Morrissey,2026-10-29,,LIVE NATION MUSIC,7596606.33,1017799.69,2240888.39,6,43,97,19,0,10,Arena
Beabadoobee,2026-10-29,,LIVE NATION MUSIC,801797.5,2506361.44,323192.05,1,2,23,27,0,1,Arena
Lawrence,2026-10-30,,LIVE NATION MUSIC,465747.33,875113.88,58367.52,0,0,8,43,0,4,Club
Lawrence,2026-10-29,,LIVE NATION MUSIC,465747.33,875113.88,58367.52,0,0,8,43,0,4,Club
Moenia,2026-10-29,,LIVE NATION MUSIC,448567.46,887876.74,585685.95,1,3,19,5,1,1,Theater
Orville Peck,2026-10-29,,LIVE NATION MUSIC,0.0,1089190.07,122699.0,2,0,10,21,0,3,Club
Beck,2026-10-30,,LIVE NATION MUSIC,1461640.71,626608.75,4873011.17,24,9,29,9,0,4,Theater
Tina,2026-10-29,,LIVE NATION MUSIC,0.0,0.0,0.0,0,0,2,0,0,0,Arena
Bryson Tiller,2026-10-29,,LIVE NATION MUSIC,0.0,14396903.73,1952369.56,10,20,31,34,0,2,Arena
Alvaro,2026-10-29,,LIVE NATION MUSIC,0.0,0.0,0.0,0,0,0,1,0,0,Amphitheatre
Slow Pulp,2026-10-29,,LIVE NATION MUSIC,0.0,106046.0,34083.07,0,0,1,10,0,0,Club
Little Big Town,2026-10-29,,LIVE NATION MUSIC,1005292.0,13004819.31,2846985.5,20,68,94,16,1,12,Theater
Little Big Town,2026-10-29,,LIVE NATION MUSIC,1005292.0,13004819.31,2846985.5,20,68,94,16,1,12,Theater
Motionless In White,2026-10-30,,LIVE NATION MUSIC,131287.04,0.0,1810722.63,7,19,22,41,0,2,Arena
The Chicks,2026-10-29,,LIVE NATION MUSIC,0.0,0.0,21183223.21,39,69,4,0,3,0,Arena
Malcolm Todd,2026-10-29,,LIVE NATION MUSIC,158405.31,63535.0,0.0,0,0,4,8,0,0,Theater
Blue October,2026-10-30,,LIVE NATION MUSIC,380805.29,725828.84,1268376.38,4,2,79,177,1,3,Club
Chief Keef,2026-10-29,,LIVE NATION MUSIC,0.0,366115.0,0.0,0,1,6,19,0,0,Club
Candlebox,2026-10-29,,LIVE NATION MUSIC,0.0,15636.21,95486.8,1,0,20,59,0,5,Club
VOILÀ,2026-10-29,,LIVE NATION MUSIC,0.0,0.0,0.0,0,0,0,5,0,0,Club
Earl Sweatshirt,2026-10-29,,LIVE NATION MUSIC,145905.72999999998,0.0,304502.67,0,0,7,36,0,0,Club
Vince Staples,2026-10-29,,LIVE NATION MUSIC,0.0,253029.0,0.0,0,0,7,36,0,0,Club
The String Cheese Incident,2026-10-30,,LIVE NATION MUSIC,1786812.0,1997311.65,1388387.48,31,7,38,22,0,3,Theater
Victory,2026-10-29,,LIVE NATION MUSIC,0.0,0.0,0.0,0,0,0,2,0,0,Club
Earlybirds Club,2026-10-30,,LIVE NATION MUSIC,0.0,0.0,0.0,0,0,1,14,0,0,Club
IVE,2026-10-30,,LIVE NATION MUSIC,3790215.44,12543199.86,3686900.39,0,20,0,0,0,0,Amphitheatre
Rumours of Fleetwood Mac,2026-10-29,,LIVE NATION MUSIC,2015307.52,1048910.03,1428407.85,3,12,87,29,0,7,Theater
Justin Moore,2026-10-29,,LIVE NATION MUSIC,693745.45,247408.35,1753135.12,19,60,26,21,0,10,Arena
The Used,2026-10-29,,LIVE NATION MUSIC,815547.0,611524.01,1524313.71,4,2,37,88,0,3,Theater
Earl Sweatshirt,2026-10-30,,LIVE NATION MUSIC,145905.72999999998,0.0,304502.67,0,0,7,36,0,0,Club
Wage War,2026-10-29,,HOUSE OF BLUES CONCERTS (HOB),0.0,250965.5,163464.08000000002,0,1,4,25,0,1,Club
Xavier Wulf,2026-10-29,,LIVE NATION MUSIC,37425.0,959758.4,0.0,1,0,14,55,0,0,Club
The Barr Brothers,2026-10-29,,LIVE NATION MUSIC,0.0,0.0,0.0,0,0,2,28,0,0,Club
The Smashing Pumpkins,2026-10-29,,LIVE NATION MUSIC,956409.95,4451112.17,12656219.06,29,91,37,25,1,5,Arena
Epik High,2026-10-29,,LIVE NATION MUSIC,0.0,184487.78,400979.87,0,0,5,15,0,0,Club
"""Spring Fever"" Sacramento, CA",2026-10-30,,LIVE NATION MUSIC,0.0,0.0,0.0,0,0,0,1,0,0,Arena
"Halloween, Alaska",2026-10-29,,LIVE NATION MUSIC,0.0,0.0,0.0,0,0,0,5,0,0,Club
Demon Hunter,2026-10-29,,LIVE NATION MUSIC,17480.0,15615.0,14215.0,0,0,1,17,0,0,Club
Tou,2026-10-29,,LIVE NATION MUSIC,0.0,348354.82999999996,0.0,0,0,0,1,0,1,Club
Neurosis,2026-10-30,,LIVE NATION MUSIC,0.0,0.0,0.0,0,0,1,22,0,0,Club
God Street Wine,2026-10-30,,LIVE NATION MUSIC,14525.0,0.0,0.0,0,0,0,4,0,0,Theater
The Selfless Lovers,2026-10-29,,LIVE NATION MUSIC,0.0,0.0,0.0,0,0,0,1,0,0,Club
Dilated Peoples,2026-10-29,,LIVE NATION MUSIC,0.0,0.0,0.0,0,0,0,9,0,0,Club
Edward &amp; Graham,2026-10-30,,LIVE NATION MUSIC,0.0,0.0,0.0,0,0,0,1,0,0,Club
Ray and Paul,2026-10-29,,LIVE NATION MUSIC,0.0,10875.0,0.0,0,0,0,4,0,0,Club
Twiztid,2026-10-30,,LIVE NATION MUSIC,81509.5,11779.0,49417.0,0,0,17,112,0,3,Theater
Forever,2026-10-29,,LIVE NATION MUSIC,70329.51,0.0,0.0,0,1,0,0,0,0,Arena
All Them Witches,2026-10-30,,LIVE NATION MUSIC,475851.11,77303.9,380277.5,1,0,12,55,0,2,Club
The Smashing Pumpkins,2026-10-29,,LIVE NATION MUSIC,956409.95,4451112.17,12656219.06,29,91,37,25,1,5,Arena
Mochakk,2026-10-29,,LIVE NATION MUSIC,2356638.57,99480.7,475576.08,0,0,1,15,1,8,Club
"Mic Crenshaw, Special Guests",2026-10-30,,LIVE NATION MUSIC,0.0,0.0,0.0,0,0,0,1,0,0,Club
Phillip Phillips,2026-10-29,,FRANK PRODUCTIONS,0.0,24750.0,12050.0,1,7,22,21,0,5,Theater
The Brook &amp; The Bluff,2026-10-29,,LIVE NATION MUSIC,0.0,54224.59,250521.71,0,0,7,35,0,1,Theater
The Longest Johns,2026-10-30,,HOUSE OF BLUES CONCERTS (HOB),145256.26,132222.35,26181.48,0,0,7,30,0,4,Club
Sawyer Hill,2026-10-29,,LIVE NATION MUSIC,37539.14,18871.47,0.0,0,0,1,10,0,0,Theater
Violet Grohl,2026-10-29,,LIVE NATION MUSIC,0.0,0.0,0.0,0,0,0,1,0,0,Club
"The Army, The Navy",2026-10-29,,LIVE NATION MUSIC,33084.56,0.0,0.0,0,0,1,4,0,0,Club
Dead Poet Society,2026-10-30,,LIVE NATION MUSIC,0.0,95493.81,8199.75,0,0,0,18,0,1,Club
J &amp; The Causeways,2026-10-30,,LIVE NATION MUSIC,2003.0,0.0,0.0,0,0,0,2,0,0,Theater
John Scofield,2026-10-29,,LIVE NATION MUSIC,16899.5,15825.0,22622.75,0,0,4,16,0,1,Theater
Hurricane Wisdom,2026-10-29,,LIVE NATION MUSIC,11250.0,0.0,0.0,0,0,0,1,0,0,Club
"""Past, Present, Future: A Dance Gala""",2026-10-29,,LIVE NATION MUSIC,0.0,0.0,0.0,0,0,1,0,0,0,Theater
Grace &amp; The Flat Boys,2026-10-29,,LIVE NATION MUSIC,0.0,1496.9,0.0,0,0,0,1,0,0,Club
The Robert Cray Band,2026-10-30,,FRANK PRODUCTIONS,595511.23,517852.71,632814.87,6,1,147,76,0,9,Theater
Bloom,2026-10-29,,LIVE NATION MUSIC,0.0,0.0,0.0,0,0,0,6,0,1,Club
Saosin,2026-10-30,,HOUSE OF BLUES CONCERTS (HOB),0.0,43142.5,30500.0,0,0,3,12,0,0,Club
"Halloween, Alaska",2026-10-29,,LIVE NATION MUSIC,0.0,0.0,0.0,0,0,0,5,0,0,Club
Femme Fatale,2026-10-29,,LIVE NATION MUSIC,0.0,0.0,0.0,0,0,0,1,0,0,Theater
Donny Benét,2026-10-29,,LIVE NATION TENNESSEE,46746.33,31580.03,62690.01,0,0,2,19,0,1,Club
Skaiwater,2026-10-29,,LIVE NATION MUSIC,0.0,0.0,0.0,0,0,0,2,0,0,Club
The Sword,2026-10-29,,LIVE NATION MUSIC,12494.0,0.0,42516.399999999994,0,0,10,102,0,6,Club
Buddy Guy,2026-10-29,,LIVE NATION MUSIC,917688.88,1872516.73,2376890.29,21,6,261,57,1,30,Theater
The War and Treaty,2026-10-30,,LIVE NATION MUSIC,259653.86,53398.5,166337.76,0,0,12,33,0,2,Club
Bruce Cockburn,2026-10-29,,LIVE NATION MUSIC,88765.0,99304.0,222261.52,0,0,35,67,0,3,Theater
The War and Treaty,2026-10-30,,LIVE NATION MUSIC,259653.86,53398.5,166337.76,0,0,12,33,0,2,Club
Buddy Guy,2026-10-29,,LIVE NATION MUSIC,917688.88,1872516.73,2376890.29,21,6,261,57,1,30,Theater
AZ,2026-10-29,,LIVE NATION MUSIC,75395.0,0.0,0.0,0,0,0,6,0,0,Club
Waterparks,2026-10-29,,LIVE NATION MUSIC,117382.5,400433.43,506216.67,0,0,9,35,0,1,Theater
One Night Only,2026-10-29,,LIVE NATION MUSIC,0.0,0.0,0.0,0,0,1,6,0,1,Theater
Jan &amp; Henry,2026-10-29,,HOUSE OF BLUES CONCERTS (HOB),0.0,16605.16,0.0,0,0,0,1,0,0,Club
Feet,2026-10-29,,LIVE NATION MUSIC,0.0,10531.8,0.0,0,0,1,2,0,0,Theater
Dom Dolla,2026-10-30,,LIVE NATION MUSIC,8082021.23,15452893.68,1530500.58,5,3,1,9,5,3,Club
Mannequin Pussy,2026-10-30,,LIVE NATION MUSIC,186240.58,293493.84,5220.0,0,0,4,31,0,0,Club
Chasing Abbey,2026-10-29,,HOUSE OF BLUES CONCERTS (HOB),0.0,53043.38,0.0,0,0,4,8,0,1,Club
Dom Dolla,2026-10-30,,LIVE NATION MUSIC,8082021.23,15452893.68,1530500.58,5,3,1,9,5,3,Club
Periphery,2026-10-30,,LIVE NATION MUSIC,0.0,508193.42,0.0,0,0,21,57,0,3,Theater
Boy Harsher,2026-10-30,,LIVE NATION MUSIC,0.0,0.0,0.0,0,0,1,14,0,1,Theater
Remi,2026-10-29,,FRANK PRODUCTIONS,0.0,0.0,0.0,0,0,0,9,0,0,Club
Mannequin Pussy,2026-10-30,,LIVE NATION MUSIC,186240.58,293493.84,5220.0,0,0,4,31,0,0,Club
Skilla Baby,2026-10-29,,LIVE NATION MUSIC,0.0,32505.0,0.0,0,0,0,1,0,0,Club
Waterparks,2026-10-29,,LIVE NATION MUSIC,117382.5,400433.43,506216.67,0,0,9,35,0,1,Theater
Skilla Baby,2026-10-29,,LIVE NATION MUSIC,0.0,32505.0,0.0,0,0,0,1,0,0,Club
Bruce Cockburn,2026-10-29,,LIVE NATION MUSIC,88765.0,99304.0,222261.52,0,0,35,67,0,3,Theater
Periphery,2026-10-30,,LIVE NATION MUSIC,0.0,508193.42,0.0,0,0,21,57,0,3,Theater
One Night Only,2026-10-29,,LIVE NATION MUSIC,0.0,0.0,0.0,0,0,1,6,0,1,Theater
Harry Styles,2026-10-30,,LIVE NATION MUSIC,0.0,0.0,252490036.3,1,117,15,2,33,5,Arena
"Chris Brown, Usher",2026-10-31,,LIVE NATION MUSIC,0.0,0.0,0.0,0,0,0,0,18,0,Stadium
John Summit,2026-10-31,,LIVE NATION MUSIC,1618895.52,6378033.54,2121909.0,1,6,4,6,1,1,Arena
Maná,2026-10-30,,LIVE NATION MUSIC,0.0,0.0,0.0,0,1,0,0,0,0,Arena
Gorillaz,2026-10-30,,LIVE NATION MUSIC,0.0,0.0,5075.0,8,73,15,1,3,1,Arena
Motionless In White,2026-10-31,,LIVE NATION MUSIC,131287.04,0.0,1810722.63,7,19,22,41,0,2,Arena
Reason,2026-10-30,,LIVE NATION MUSIC,0.0,3617.6,1440.0,0,0,1,1,0,0,Arena
Rawayana,2026-10-30,,LIVE NATION MUSIC,0.0,1859072.56,268722.57,0,16,8,9,1,1,Theater
Lawrence,2026-10-31,,LIVE NATION MUSIC,465747.33,875113.88,58367.52,0,0,8,43,0,4,Club
Bronco,2026-10-30,,LIVE NATION MUSIC,3023753.05,4199895.61,3332189.0300000003,2,26,36,12,0,14,Theater
"Evolution, The Ultimate Tribute to Journey!",2026-10-30,,LIVE NATION MUSIC,0.0,0.0,0.0,0,0,0,1,0,0,Amphitheatre
Shakey Graves,2026-10-30,,LIVE NATION MUSIC,387884.0,401599.02,1244604.5,18,0,46,154,2,15,Arena
Forever,2026-10-30,,LIVE NATION MUSIC,70329.51,0.0,0.0,0,1,0,0,0,0,Theater
Knocked Loose,2026-10-30,,LIVE NATION MUSIC,511899.01,1019550.49,0.0,0,0,14,49,0,1,Club
Little Big Town,2026-10-30,,LIVE NATION MUSIC,1005292.0,13004819.31,2846985.5,20,68,94,16,1,12,Arena
Charlie Wilson,2026-10-30,,LIVE NATION MUSIC,1115830.58,2305167.83,1497136.0,17,90,79,3,0,7,Theater
Tina,2026-10-30,,LIVE NATION MUSIC,0.0,0.0,0.0,0,0,2,0,0,0,Arena
"Earth, Wind &amp; Fire",2026-10-30,,LIVE NATION MUSIC,11282927.15,1131593.0,1437255.0,68,42,129,11,3,20,Theater
Alvaro,2026-10-30,,LIVE NATION MUSIC,0.0,0.0,0.0,0,0,0,1,0,0,Theater
The Living Tombstone,2026-10-30,,LIVE NATION MUSIC,1025246.06,58601.17,0.0,0,1,2,16,0,0,Club
"""Past, Present, Future: A Dance Gala""",2026-10-31,,LIVE NATION MUSIC,0.0,0.0,0.0,0,0,1,0,0,0,Amphitheatre
"Halloween, Alaska",2026-10-31,,LIVE NATION MUSIC,0.0,0.0,0.0,0,0,0,5,0,0,Club
Eliza,2026-10-30,,LIVE NATION MUSIC,0.0,0.0,3339.85,0,0,0,1,0,0,Amphitheatre
YEBBA,2026-10-30,,LIVE NATION MUSIC,0.0,0.0,0.0,0,0,0,4,0,0,Club
Daði Freyr,2026-10-30,,LIVE NATION MUSIC,27985.87,173924.05,220434.4,0,0,5,14,0,0,Club
Orville Peck,2026-10-30,,LIVE NATION MUSIC,0.0,1089190.07,122699.0,2,0,10,21,0,3,Club
Malcolm Todd,2026-10-30,,LIVE NATION MUSIC,158405.31,63535.0,0.0,0,0,4,8,0,0,Theater
The Chicks,2026-10-30,,LIVE NATION MUSIC,0.0,0.0,21183223.21,39,69,4,0,3,0,Arena
Electric Feel,2026-10-30,,LIVE NATION MUSIC,0.0,0.0,0.0,0,0,0,5,0,0,Club
Ricky Martin,2026-10-30,,LIVE NATION MUSIC,8687103.030000001,3503459.54,6317685.38,3,86,26,0,22,5,Arena
Yandel,2026-10-30,,LIVE NATION MUSIC,5429413.42,695647.99,0.0,3,19,27,2,2,2,Arena
Dan + Shay,2026-10-30,,LIVE NATION MUSIC,0.0,23220519.09,2076160.61,32,54,33,41,1,8,Arena
Loud Luxury,2026-10-30,,LIVE NATION MUSIC,213706.55,586835.45,399088.5,0,0,6,34,0,0,Theater
The Texas Gentlemen,2026-10-30,,LIVE NATION MUSIC,1565.58,0.0,0.0,0,0,0,4,0,0,Club
She Wants Revenge,2026-10-30,,LIVE NATION MUSIC,79720.0,0.0,7566.52,0,1,5,27,0,1,Club
Musiq Soulchild,2026-10-30,,LIVE NATION MUSIC,167579.5,1853606.62,875939.85,1,2,18,89,0,0,Theater
Judah &amp; The Lion,2026-10-31,,LIVE NATION MUSIC,74475.0,108536.7,156098.0,1,0,33,100,0,3,Club
Celebration,2026-10-31,,LIVE NATION MUSIC,0.0,0.0,0.0,0,0,0,1,0,0,Club
Dan + Shay,2026-10-30,,LIVE NATION MUSIC,0.0,23220519.09,2076160.61,32,54,33,41,1,8,Arena
Thriller,2026-10-30,,LIVE NATION MUSIC,0.0,0.0,0.0,0,1,0,0,0,0,Arena
Skillet,2026-10-30,,LIVE NATION MUSIC,2238507.06,260542.96,1377748.06,6,30,43,67,0,14,Club
Moenia,2026-10-30,,LIVE NATION MUSIC,448567.46,887876.74,585685.95,1,3,19,5,1,1,Theater
The String Cheese Incident,2026-10-31,,LIVE NATION MUSIC,1786812.0,1997311.65,1388387.48,31,7,38,22,0,3,Theater
Victory,2026-10-30,,HOUSE OF BLUES CONCERTS (HOB),0.0,0.0,0.0,0,0,0,2,0,0,Club
"Halloween, Alaska",2026-10-30,,LIVE NATION MUSIC,0.0,0.0,0.0,0,0,0,5,0,0,Club
The String Cheese Incident,2026-10-30,,LIVE NATION MUSIC,1786812.0,1997311.65,1388387.48,31,7,38,22,0,3,Theater
PJ Morton,2026-10-30,,LIVE NATION MUSIC,46060.5,822365.48,0.0,1,0,40,52,1,1,Arena
Xperience,2026-10-30,,LIVE NATION MUSIC,0.0,0.0,0.0,0,0,0,2,0,0,Club
"""Past, Present, Future: A Dance Gala""",2026-10-30,,HOUSE OF BLUES CONCERTS (HOB),0.0,0.0,0.0,0,0,1,0,0,0,Theater
Widespread Panic,2026-10-30,,LIVE NATION MUSIC,8935689.5,2825134.0,6328087.49,96,32,157,17,4,8,Arena
Steve Lacy,2026-10-30,,LIVE NATION MUSIC,0.0,0.0,48400.0,1,2,2,7,0,0,Amphitheatre
Caifanes,2026-10-30,,LIVE NATION MUSIC,11100192.5,8803975.02,6125837.01,6,46,57,15,17,13,Theater
Winyah,2026-10-30,,LIVE NATION MUSIC,12400.0,0.0,0.0,0,0,1,4,0,0,Club
Cypress Hill,2026-10-31,,LIVE NATION MUSIC,6284002.34,1483751.0,399206.85,1,6,17,29,0,2,Club
Clara La San,2026-10-31,,LIVE NATION MUSIC,2553.98,0.0,0.0,0,0,0,6,0,0,Club
Magnolia Park,2026-10-31,,HOUSE OF BLUES CONCERTS (HOB),42438.0,5285.0,19186.52,0,0,2,8,0,0,Club
Rumours of Fleetwood Mac,2026-10-30,,LIVE NATION MUSIC,2015307.52,1048910.03,1428407.85,3,12,87,29,0,7,Arena
The Black Angels,2026-10-30,,LIVE NATION MUSIC,0.0,18493.85,128084.29,1,0,16,79,0,0,Club
Hawthorne Heights,2026-10-31,,LIVE NATION MUSIC,10175.0,356921.46,49305.0,2,0,4,55,0,5,Club
Jeans,2026-10-30,,LIVE NATION MUSIC,0.0,0.0,0.0,0,1,4,0,0,0,Theater
"""Past, Present, Future: A Dance Gala""",2026-10-31,,HOUSE OF BLUES CONCERTS (HOB),0.0,0.0,0.0,0,0,1,0,0,0,Theater
Waylon Wyatt,2026-10-30,,LIVE NATION MUSIC,105369.14,0.0,0.0,0,0,2,6,0,0,Club
W.A.S.P.,2026-10-30,,HOUSE OF BLUES CONCERTS (HOB),1258507.15,334712.93,1072342.16,1,3,31,32,2,8,Club
Galactic,2026-10-30,,LIVE NATION MUSIC,122270.0,342113.0,213815.0,5,0,56,212,1,3,Theater
The Rising,2026-10-30,,LIVE NATION MUSIC,0.0,0.0,0.0,0,0,0,3,0,0,Club
Heavens,2026-10-31,,LIVE NATION MUSIC,0.0,0.0,0.0,0,0,0,2,0,0,Club
"Halloween, Alaska",2026-10-30,,LIVE NATION MUSIC,0.0,0.0,0.0,0,0,0,5,0,0,Club
Periphery,2026-10-31,,LIVE NATION MUSIC,0.0,508193.42,0.0,0,0,21,57,0,3,Club
Island,2026-10-30,,LIVE NATION MUSIC,0.0,0.0,0.0,0,0,0,5,0,0,Club
Cameron Whitcomb,2026-10-30,,HOUSE OF BLUES CONCERTS (HOB),130759.26,20541.0,0.0,0,0,5,15,0,0,Club
"""Spring Fever"" Sacramento, CA",2026-10-31,,LIVE NATION MUSIC,0.0,0.0,0.0,0,0,0,1,0,0,Arena
Nightly,2026-10-30,,LIVE NATION MUSIC,84176.93,0.0,43096.5,0,0,2,17,0,0,Club
Dweezil Zappa,2026-10-31,,LIVE NATION MUSIC,1060154.55,1718199.74,0.0,0,0,69,53,0,3,Theater
Lenny Pearce,2026-10-31,,LIVE NATION MUSIC,1149576.75,11247.35,0.0,1,0,32,23,0,2,Theater
"Kip Moore, Jackson Dean",2026-10-30,,LIVE NATION MUSIC,0.0,0.0,0.0,0,0,1,0,0,0,Theater
10 Years,2026-10-30,,LIVE NATION MUSIC,17283.0,47010.25,6775.0,0,0,11,89,0,3,Club
"Halloween, Alaska",2026-10-30,,LIVE NATION MUSIC,0.0,0.0,0.0,0,0,0,5,0,0,Club
Sueco,2026-10-31,,LIVE NATION MUSIC,0.0,77100.38,70293.0,0,0,3,15,0,0,Club
Gasolina Party,2026-10-30,,LIVE NATION MUSIC,71311.0,0.0,0.0,0,0,2,3,0,0,Theater
The Smashing Pumpkins,2026-10-30,,LIVE NATION MUSIC,956409.95,4451112.17,12656219.06,29,91,37,25,1,5,Arena
Tou,2026-10-31,,LIVE NATION MUSIC,0.0,348354.82999999996,0.0,0,0,0,1,0,1,Theater
Nite,2026-10-30,,HOUSE OF BLUES CONCERTS (HOB),0.0,0.0,0.0,0,0,0,1,0,0,Club
Charles Wesley Godwin,2026-10-30,,LIVE NATION MUSIC,758444.48,1054854.04,609346.0,1,2,10,22,0,2,Club
Silly Goose,2026-10-31,,LIVE NATION MUSIC,5327.52,0.0,0.0,0,0,0,2,0,0,Club
The Gringos,2026-10-30,,LIVE NATION MUSIC,0.0,0.0,0.0,0,0,0,1,0,0,Club
Neurosis,2026-10-31,,LIVE NATION MUSIC,0.0,0.0,0.0,0,0,1,22,0,0,Club
"Halloween, Alaska",2026-10-30,,LIVE NATION MUSIC,0.0,0.0,0.0,0,0,0,5,0,0,Club
R&amp;B Vibes Live,2026-10-30,,LIVE NATION MUSIC,0.0,0.0,0.0,0,0,0,2,0,0,Club
"Halloween, Alaska",2026-10-30,,LIVE NATION MUSIC,0.0,0.0,0.0,0,0,0,5,0,0,Club
"""Past, Present, Future: A Dance Gala""",2026-10-30,,LIVE NATION MUSIC,0.0,0.0,0.0,0,0,1,0,0,0,Theater
Itchy-O,2026-10-30,,LIVE NATION MUSIC,0.0,0.0,0.0,0,0,0,6,0,0,Theater
Richard Marx,2026-10-30,,LIVE NATION MUSIC,0.0,299398.92000000004,1079196.6,3,3,69,36,0,6,Theater
Itchy-O,2026-10-30,,LIVE NATION MUSIC,0.0,0.0,0.0,0,0,0,6,0,0,Theater
"""Past, Present, Future: A Dance Gala""",2026-10-30,,LIVE NATION MUSIC,0.0,0.0,0.0,0,0,1,0,0,0,Theater
America,2026-10-30,,LIVE NATION MUSIC,3837882.2,4477164.55,1750231.2,5,8,175,41,0,14,Theater
The Smashing Pumpkins,2026-10-30,,LIVE NATION MUSIC,956409.95,4451112.17,12656219.06,29,91,37,25,1,5,Arena
"August Burns Red, The Amity Affliction",2026-10-31,,LIVE NATION MUSIC,0.0,0.0,0.0,0,0,0,1,0,0,Club
Lenny Pearce,2026-10-30,,LIVE NATION MUSIC,1149576.75,11247.35,0.0,1,0,32,23,0,2,Theater
"""Past, Present, Future: A Dance Gala""",2026-10-30,,LIVE NATION MUSIC,0.0,0.0,0.0,0,0,1,0,0,0,Theater
Pop &amp; Poesie,2026-10-30,,LIVE NATION MUSIC,0.0,123508.86,0.0,0,0,3,0,0,0,Theater
"Halloween, Alaska",2026-10-30,,LIVE NATION MUSIC,0.0,0.0,0.0,0,0,0,5,0,0,Club
Patrick Droney,2026-10-30,,LIVE NATION MUSIC,0.0,4245.59,25810.0,0,0,0,10,0,0,Club
"Andy Frasco &amp; The U.N., Kitchen Dwellers",2026-10-31,,HOUSE OF BLUES CONCERTS (HOB),0.0,0.0,0.0,0,0,0,1,0,0,Club
"""Room, Room, Room""",2026-10-30,,LIVE NATION MUSIC,0.0,2670.0,0.0,0,0,0,1,0,0,Theater
Femme Fatale,2026-10-30,,LIVE NATION MUSIC,0.0,0.0,0.0,0,0,0,1,0,0,Theater
The Paranoyds,2026-10-30,,LIVE NATION MUSIC,0.0,0.0,2520.0,0,0,0,5,0,0,Theater
Earl Sweatshirt,2026-10-31,,HOUSE OF BLUES CONCERTS (HOB),145905.72999999998,0.0,304502.67,0,0,7,36,0,0,Club
The Paranoyds,2026-10-30,,LIVE NATION MUSIC,0.0,0.0,2520.0,0,0,0,5,0,0,Theater
KNOX,2026-10-30,,LIVE NATION MUSIC,41961.0,18594.0,0.0,0,0,0,6,0,0,Club
Three Days Grace,2026-10-30,,LIVE NATION MUSIC,2587583.58,0.0,514555.96,4,55,36,61,0,8,Amphitheatre
Cirith Ungol,2026-10-30,,LIVE NATION MUSIC,0.0,21278.11,0.0,0,0,0,2,0,0,Club
Victor &amp; Leo,2026-10-30,,LIVE NATION MUSIC,0.0,0.0,0.0,0,0,24,1,0,0,Theater
Three Days Grace,2026-10-30,,LIVE NATION MUSIC,2587583.58,0.0,514555.96,4,55,36,61,0,8,Amphitheatre
Freeman,2026-10-30,,LIVE NATION MUSIC,0.0,0.0,0.0,0,0,0,13,0,0,Club
Fantasy,2026-10-31,,LIVE NATION MUSIC,0.0,0.0,0.0,1,26,26,4,0,15,Arena
Mitchell Ferguson,2026-10-30,,HOUSE OF BLUES CONCERTS (HOB),1505.0,0.0,0.0,0,0,0,1,0,0,Club
"""98.1 The Bull - Red, White &amp; Boom!"", Sam Hunt",2026-10-30,,LIVE NATION MUSIC,0.0,0.0,0.0,0,0,0,0,1,0,Stadium
Missio,2026-10-30,,LIVE NATION MUSIC,0.0,21443.08,0.0,0,0,2,28,0,2,Club
"""Past, Present, Future: A Dance Gala""",2026-10-30,,FRANK PRODUCTIONS,0.0,0.0,0.0,0,0,1,0,0,0,Theater
Donny Benét,2026-10-30,,LIVE NATION MUSIC,46746.33,31580.03,62690.01,0,0,2,19,0,1,Theater
Francis Of Delirium,2026-10-30,,LIVE NATION MUSIC,0.0,1340.85,0.0,0,0,0,1,0,0,Club
Ra,2026-10-30,,LIVE NATION MUSIC,910.56,0.0,0.0,0,0,0,2,0,0,Club
Jon B,2026-10-30,,LIVE NATION MUSIC,149874.51,211838.95,181255.45,0,0,2,37,0,0,Club
Splintered Sunlight,2026-10-31,,LIVE NATION MUSIC,6655.0,2530.0,15610.0,0,0,6,30,0,0,Club
Neko Case,2026-10-30,,LIVE NATION MUSIC,1192136.63,1182287.61,59248.25,6,0,115,61,2,3,Theater
Harbour,2026-10-31,,LIVE NATION MUSIC,55592.03,0.0,104133.0,0,0,2,44,0,0,Club
"The Dead &amp; Down, Desperate Electric",2026-10-30,,FRANK PRODUCTIONS,0.0,8940.0,0.0,0,0,1,0,0,0,Theater
Ra,2026-10-30,,LIVE NATION MUSIC,910.56,0.0,0.0,0,0,0,2,0,0,Club
Dia De Los Muertos,2026-10-30,,FRANK PRODUCTIONS,0.0,2872.0,0.0,0,0,1,0,0,0,Theater
Carter Faith,2026-10-30,,LIVE NATION MUSIC,0.0,0.0,0.0,0,0,0,3,0,0,Club
"The Porch Flowers, One Beer Please",2026-10-30,,FRANK PRODUCTIONS,0.0,1850.0,0.0,0,0,0,1,0,0,Club
Ween,2026-10-30,,LIVE NATION MUSIC,0.0,755057.0,1663979.41,15,3,29,17,0,6,Theater
It's a 2000s (Halloween) Party,2026-10-30,,FRANK PRODUCTIONS,18710.0,0.0,0.0,0,0,0,1,0,0,Club
George Clanton,2026-10-30,,LIVE NATION MUSIC,51207.5,17007.0,60284.82,0,0,1,9,0,1,Club
Post Animal,2026-10-30,,LIVE NATION MUSIC,26230.0,0.0,1824.0,0,0,0,18,0,1,Club
Dom Dolla,2026-10-31,,LIVE NATION MUSIC,8082021.23,15452893.68,1530500.58,5,3,1,9,5,3,Club
Dom Dolla,2026-10-31,,LIVE NATION MUSIC,8082021.23,15452893.68,1530500.58,5,3,1,9,5,3,Club
Juice,2026-10-30,,LIVE NATION MUSIC,0.0,28340.0,1830.0,0,0,1,5,0,0,Club
Icon For Hire,2026-10-30,,LIVE NATION MUSIC,0.0,40157.21,23502.5,1,0,8,58,0,2,Theater
Jay Webb,2026-10-30,,HOUSE OF BLUES CONCERTS (HOB),9625.0,0.0,0.0,0,0,0,4,0,0,Club
Gasolina,2026-10-30,,LIVE NATION MUSIC,0.0,62752.5,43876.0,0,0,1,7,0,0,Theater
Parra For Cuva,2026-10-30,,LIVE NATION MUSIC,19882.18,92340.33,0.0,0,0,1,5,0,0,Theater
COSTA,2026-10-30,,LIVE NATION MUSIC,201726.5,296956.25,311308.0,0,0,16,228,0,0,Club
Neko Case,2026-10-30,,LIVE NATION MUSIC,1192136.63,1182287.61,59248.25,6,0,115,61,2,3,Theater
"Halloween, Alaska",2026-10-31,,LIVE NATION MUSIC,0.0,0.0,0.0,0,0,0,5,0,0,Club
"Halloween, Alaska",2026-10-31,,LIVE NATION MUSIC,0.0,0.0,0.0,0,0,0,5,0,0,Club
Arizona,2026-10-30,,LIVE NATION MUSIC,0.0,0.0,0.0,0,0,0,7,0,1,Club
Juice,2026-10-30,,LIVE NATION MUSIC,0.0,28340.0,1830.0,0,0,1,5,0,0,Club
George Clanton,2026-10-30,,LIVE NATION MUSIC,51207.5,17007.0,60284.82,0,0,1,9,0,1,Club
Beyond,2026-10-30,,LIVE NATION MUSIC,0.0,0.0,0.0,0,0,1,0,0,0,Theater
Icon For Hire,2026-10-30,,LIVE NATION MUSIC,0.0,40157.21,23502.5,1,0,8,58,0,2,Theater
Post Animal,2026-10-30,,LIVE NATION MUSIC,26230.0,0.0,1824.0,0,0,0,18,0,1,Club
Beyond,2026-10-30,,LIVE NATION MUSIC,0.0,0.0,0.0,0,0,1,0,0,0,Theater
Ben &amp; Rose,2026-10-30,,LIVE NATION TENNESSEE,0.0,0.0,0.0,0,0,1,0,0,0,Theater
Metallica,2026-10-31,,LIVE NATION MUSIC,137107458.47,179373637.38,146435306.85,0,95,4,4,135,10,Stadium
Harry Styles,2026-10-31,,LIVE NATION MUSIC,0.0,0.0,252490036.3,1,117,15,2,33,5,Arena
Rod Wave,2026-10-31,,LIVE NATION MUSIC,19871622.03,44782080.52,58117202.64,1,84,1,0,0,0,Arena
Origin,2026-10-31,,LIVE NATION MUSIC,0.0,0.0,0.0,0,0,0,9,0,2,Theater
Rawayana,2026-10-31,,LIVE NATION MUSIC,0.0,1859072.56,268722.57,0,16,8,9,1,1,Arena
Young Miko,2026-10-31,,LIVE NATION MUSIC,1819198.33,11120905.33,716909.22,6,7,22,5,1,2,Arena
Gorillaz,2026-10-31,,LIVE NATION MUSIC,0.0,0.0,5075.0,8,73,15,1,3,1,Arena
Jeremy Camp,2026-10-31,,LIVE NATION MUSIC,0.0,992889.65,784737.11,2,6,124,1,0,25,Amphitheatre
The Gentlemen's Club,2026-10-31,,LIVE NATION MUSIC,6190.0,0.0,11045.89,0,0,0,3,0,0,Arena
Fuerza Regida,2026-10-31,,LIVE NATION MUSIC,8831401.1,61688406.68,40356839.51,6,68,5,0,12,0,Arena
"Evolution, The Ultimate Tribute to Journey!",2026-10-31,,LIVE NATION MUSIC,0.0,0.0,0.0,0,0,0,1,0,0,Arena
Dallas,2026-11-01,,LIVE NATION MUSIC,0.0,0.0,0.0,0,0,0,1,0,0,Amphitheatre
Skillet,2026-10-31,,LIVE NATION MUSIC,2238507.06,260542.96,1377748.06,6,30,43,67,0,14,Theater
Third Eye Blind,2026-10-31,,LIVE NATION MUSIC,150770.0,3404176.86,601482.25,45,4,37,52,1,8,Club
Little Big Town,2026-10-31,,LIVE NATION MUSIC,1005292.0,13004819.31,2846985.5,20,68,94,16,1,12,Theater
Marilyn Manson,2026-10-31,,LIVE NATION MUSIC,8022968.52,117608.0,0.0,3,22,29,40,0,2,Club
The Living Tombstone,2026-10-31,,LIVE NATION MUSIC,1025246.06,58601.17,0.0,0,1,2,16,0,0,Arena
Lenny Pearce,2026-11-01,,LIVE NATION MUSIC,1149576.75,11247.35,0.0,1,0,32,23,0,2,Theater
Arcángel,2026-10-31,,LIVE NATION MUSIC,0.0,5578759.22,9635530.99,2,31,5,0,4,1,Theater
Reason,2026-10-31,,LIVE NATION MUSIC,0.0,3617.6,1440.0,0,0,1,1,0,0,Arena
Arizona,2026-10-31,,LIVE NATION MUSIC,0.0,0.0,0.0,0,0,0,7,0,1,Theater
"Halloween, Alaska",2026-10-31,,LIVE NATION MUSIC,0.0,0.0,0.0,0,0,0,5,0,0,Arena
"Earth, Wind &amp; Fire",2026-10-31,,LIVE NATION MUSIC,11282927.15,1131593.0,1437255.0,68,42,129,11,3,20,Theater
Victor &amp; Leo,2026-10-31,,LIVE NATION MUSIC,0.0,0.0,0.0,0,0,24,1,0,0,Theater
Coal Chamber,2026-10-31,,LIVE NATION MUSIC,0.0,0.0,0.0,0,0,2,19,0,0,Club
"Jorge Medina, Josi Cuen",2026-10-31,,LIVE NATION MUSIC,10398880.51,2168649.66,0.0,0,5,7,0,1,0,Theater
Sammy Rae &amp; The Friends,2026-10-31,,LIVE NATION MUSIC,365473.19,765933.13,407010.69,0,0,11,33,0,1,Club
Chuy Lizarraga,2026-10-31,,LIVE NATION MUSIC,0.0,0.0,159748.5,0,0,1,0,0,0,Theater
Ricky Martin,2026-10-31,,LIVE NATION MUSIC,8687103.030000001,3503459.54,6317685.38,3,86,26,0,22,5,Arena
"""Lucca Summer Festival"", Tom Jones",2026-10-31,,LIVE NATION MUSIC,0.0,0.0,0.0,0,0,0,0,0,1,Other
Young Nudy,2026-10-31,,LIVE NATION MUSIC,0.0,0.0,61411.5,0,0,0,4,0,0,Theater
KNOX,2026-10-31,,LIVE NATION MUSIC,41961.0,18594.0,0.0,0,0,0,6,0,0,Club
Haunted House,2026-10-31,,LIVE NATION MUSIC,0.0,0.0,0.0,0,0,1,0,0,0,Theater
Widespread Panic,2026-10-31,,LIVE NATION MUSIC,8935689.5,2825134.0,6328087.49,96,32,157,17,4,8,Arena
Yung Gravy,2026-10-31,,LIVE NATION MUSIC,206906.93,574274.31,71100.12,0,1,7,36,0,1,Theater
Widespread Panic,2026-10-31,,LIVE NATION MUSIC,8935689.5,2825134.0,6328087.49,96,32,157,17,4,8,Arena
Cameron Whitcomb,2026-10-31,,HOUSE OF BLUES CONCERTS (HOB),130759.26,20541.0,0.0,0,0,5,15,0,0,Club
Saosin,2026-11-01,,HOUSE OF BLUES CONCERTS (HOB),0.0,43142.5,30500.0,0,0,3,12,0,0,Club
Cypress Hill,2026-11-01,,LIVE NATION MUSIC,6284002.34,1483751.0,399206.85,1,6,17,29,0,2,Club
Alvaro,2026-10-31,,LIVE NATION MUSIC,0.0,0.0,0.0,0,0,0,1,0,0,Theater
Catch Your Breath,2026-10-31,,LIVE NATION MUSIC,10444.0,0.0,0.0,0,0,0,6,0,0,Club
Pigeons Playing Ping Pong,2026-10-31,,LIVE NATION MUSIC,446438.84,1120502.27,597257.17,4,0,20,142,2,3,Club
Akeem Ali,2026-10-31,,LIVE NATION MUSIC,6800.0,10982.0,0.0,0,0,0,3,0,1,Club
Galactic,2026-10-31,,LIVE NATION MUSIC,122270.0,342113.0,213815.0,5,0,56,212,1,3,Theater
PJ Morton,2026-10-31,,LIVE NATION MUSIC,46060.5,822365.48,0.0,1,0,40,52,1,1,Theater
"Halloween, Alaska",2026-10-31,,LIVE NATION MUSIC,0.0,0.0,0.0,0,0,0,5,0,0,Club
Beck,2026-10-31,,LIVE NATION MUSIC,1461640.71,626608.75,4873011.17,24,9,29,9,0,4,Theater
DJ Pauly D,2026-10-31,,LIVE NATION MUSIC,179775.0,398746.0,426207.0,1,0,6,49,0,9,Club
Itchy-O,2026-10-31,,LIVE NATION MUSIC,0.0,0.0,0.0,0,0,0,6,0,0,Theater
"DJ Moma, Showcase, Flygerian",2026-10-31,,LIVE NATION MUSIC,0.0,0.0,0.0,0,0,0,1,0,0,Theater
Steve Lacy,2026-10-31,,LIVE NATION MUSIC,0.0,0.0,48400.0,1,2,2,7,0,0,Amphitheatre
Wage War,2026-10-31,,LIVE NATION MUSIC,0.0,250965.5,163464.08000000002,0,1,4,25,0,1,Theater
"""SummerStage"", Two Door Cinema Club, Friends",2026-10-31,,EMPORIUM PRESENTS,0.0,0.0,0.0,1,0,0,0,0,0,Theater
She Wants Revenge,2026-10-31,,LIVE NATION MUSIC,79720.0,0.0,7566.52,0,1,5,27,0,1,Club
Jodeci,2026-10-31,,LIVE NATION MUSIC,294881.0,646339.4,2517203.13,2,4,11,3,0,0,Theater
UB40,2026-10-31,,LIVE NATION MUSIC,253537.51,5742450.69,2259277.81,7,34,50,22,0,4,Theater
"Halloween, Alaska",2026-10-31,,LIVE NATION MUSIC,0.0,0.0,0.0,0,0,0,5,0,0,Club
"August Burns Red, The Amity Affliction",2026-11-01,,HOUSE OF BLUES CONCERTS (HOB),0.0,0.0,0.0,0,0,0,1,0,0,Club
"Halloween, Alaska",2026-10-31,,LIVE NATION MUSIC,0.0,0.0,0.0,0,0,0,5,0,0,Club
Post Sex Nachos,2026-10-31,,LIVE NATION MUSIC,53487.95,31918.0,18093.0,0,0,1,20,0,1,Theater
"Halloween, Alaska",2026-10-31,,LIVE NATION MUSIC,0.0,0.0,0.0,0,0,0,5,0,0,Club
Zauntee,2026-11-01,,LIVE NATION MUSIC,0.0,954.0,0.0,0,0,0,1,0,0,Club
Broadway,2026-10-31,,LIVE NATION MUSIC,0.0,0.0,0.0,0,0,0,2,0,0,Theater
Porch Light,2026-10-31,,LIVE NATION MUSIC,41434.0,0.0,0.0,0,0,1,8,0,0,Club
Moenia,2026-10-31,,LIVE NATION MUSIC,448567.46,887876.74,585685.95,1,3,19,5,1,1,Theater
Forever,2026-10-31,,LIVE NATION MUSIC,70329.51,0.0,0.0,0,1,0,0,0,0,Arena
The Tubs,2026-10-31,,LIVE NATION MUSIC,6769.33,3691.53,0.0,1,0,1,3,0,1,Club
So Good! The Neil Diamond Experience,2026-10-31,,EMPORIUM PRESENTS,300399.7,188655.75,242471.0,2,0,19,4,0,1,Theater
Quadeca,2026-10-31,,LIVE NATION MUSIC,127634.26,0.0,7186.0,0,0,3,8,0,0,Theater
"The A, B, C &amp; D Of Boogie Woogie",2026-10-31,,LIVE NATION MUSIC,0.0,0.0,0.0,0,0,0,1,0,0,Club
Weatherday,2026-10-31,,LIVE NATION MUSIC,6080.0,0.0,0.0,0,0,0,1,0,0,Club
Babyface,2026-10-31,,LIVE NATION MUSIC,233238.0,960842.69,1226998.5,3,2,27,10,0,9,Theater
Evan Honer,2026-10-31,,FRANK PRODUCTIONS,388095.1,508688.63,0.0,1,0,14,69,0,0,Club
Rav,2026-10-31,,LIVE NATION MUSIC,0.0,0.0,7775.0,0,0,0,4,0,0,Theater
"Halloween, Alaska",2026-10-31,,FRANK PRODUCTIONS,0.0,0.0,0.0,0,0,0,5,0,0,Club
"Halloween, Alaska",2026-10-31,,FRANK PRODUCTIONS,0.0,0.0,0.0,0,0,0,5,0,0,Club
"Halloween, Alaska",2026-11-01,,FRANK PRODUCTIONS,0.0,0.0,0.0,0,0,0,5,0,0,Club
"Halloween, Alaska",2026-10-31,,FRANK PRODUCTIONS,0.0,0.0,0.0,0,0,0,5,0,0,Club
"Halloween, Alaska",2026-11-01,,FRANK PRODUCTIONS,0.0,0.0,0.0,0,0,0,5,0,0,Club
It's a 2000s (Halloween) Party,2026-10-31,,FRANK PRODUCTIONS,18710.0,0.0,0.0,0,0,0,1,0,0,Club
The Toxhards,2026-10-31,,HOUSE OF BLUES CONCERTS (HOB),1892.0,0.0,0.0,0,0,0,1,0,0,Club
Carter Faith,2026-10-31,,LIVE NATION MUSIC,0.0,0.0,0.0,0,0,0,3,0,0,Club
The Aces,2026-10-31,,LIVE NATION MUSIC,77981.0,11799.0,190498.62,0,0,3,24,0,2,Theater
Doja Cat,2026-10-31,,LIVE NATION MUSIC,7384674.46,7298161.81,31988065.4,0,39,0,9,0,0,Arena
The Faint,2026-10-31,,FRANK PRODUCTIONS,44212.0,0.0,0.0,0,0,2,46,0,0,Theater
Jan &amp; Henry,2026-10-31,,HOUSE OF BLUES CONCERTS (HOB),0.0,16605.16,0.0,0,0,0,1,0,0,Club
SoDown,2026-10-31,,LIVE NATION MUSIC,41675.9,0.0,112658.0,2,0,2,36,2,1,Club
Kennedy,2026-10-31,,LIVE NATION MUSIC,0.0,0.0,35165.0,0,0,0,1,0,0,Club
gavn!,2026-10-31,,LIVE NATION MUSIC,0.0,8873.0,0.0,0,0,0,5,0,0,Club
Wednesday,2026-10-31,,LIVE NATION MUSIC,209202.99,131087.0,44733.0,0,0,3,16,0,0,Club
R&amp;B Vibes Live,2026-10-31,,LIVE NATION MUSIC,0.0,0.0,0.0,0,0,0,2,0,0,Club
Rav,2026-10-31,,LIVE NATION MUSIC,0.0,0.0,7775.0,0,0,0,4,0,0,Club
Arty,2026-10-31,,LIVE NATION MUSIC,0.0,4500.0,14060.0,0,0,1,13,0,0,Theater
The Longest Johns,2026-10-31,,LIVE NATION MUSIC,145256.26,132222.35,26181.48,0,0,7,30,0,4,Club
Wednesday,2026-10-31,,LIVE NATION MUSIC,209202.99,131087.0,44733.0,0,0,3,16,0,0,Club
"Kip Moore, Jackson Dean",2026-10-31,,LIVE NATION MUSIC,0.0,0.0,0.0,0,0,1,0,0,0,Theater
Arizona,2026-10-31,,LIVE NATION MUSIC,0.0,0.0,0.0,0,0,0,7,0,1,Club
"Baroness, Graveyard",2026-10-31,,LIVE NATION MUSIC,0.0,149122.75,0.0,0,0,2,2,0,0,Club
The Longest Johns,2026-10-31,,LIVE NATION MUSIC,145256.26,132222.35,26181.48,0,0,7,30,0,4,Theater
gavn!,2026-10-31,,LIVE NATION MUSIC,0.0,8873.0,0.0,0,0,0,5,0,0,Club
"Kip Moore, Jackson Dean",2026-10-31,,LIVE NATION MUSIC,0.0,0.0,0.0,0,0,1,0,0,0,Theater
Rod Wave,2026-11-01,,LIVE NATION MUSIC,19871622.03,44782080.52,58117202.64,1,84,1,0,0,0,Arena
Maná,2026-11-01,,LIVE NATION MUSIC,0.0,0.0,0.0,0,1,0,0,0,0,Arena
Three Days Grace,2026-11-01,,LIVE NATION MUSIC,2587583.58,0.0,514555.96,4,55,36,61,0,8,Arena
Rock,2026-11-01,,LIVE NATION MUSIC,0.0,0.0,0.0,0,0,0,1,0,0,Theater
Young Miko,2026-11-01,,LIVE NATION MUSIC,1819198.33,11120905.33,716909.22,6,7,22,5,1,2,Arena
Bryson Tiller,2026-11-01,,LIVE NATION MUSIC,0.0,14396903.73,1952369.56,10,20,31,34,0,2,Arena
The Smashing Pumpkins,2026-11-01,,LIVE NATION MUSIC,956409.95,4451112.17,12656219.06,29,91,37,25,1,5,Arena
Jonas Brothers,2026-11-01,,FRANK PRODUCTIONS,49501788.39,30144554.31,109403725.33,75,195,28,1,28,5,Arena
Morrissey,2026-11-01,,LIVE NATION MUSIC,7596606.33,1017799.69,2240888.39,6,43,97,19,0,10,Theater
Rawayana,2026-11-01,,LIVE NATION MUSIC,0.0,1859072.56,268722.57,0,16,8,9,1,1,Arena
Celebration,2026-11-01,,LIVE NATION MUSIC,0.0,0.0,0.0,0,0,0,1,0,0,Club
Marilyn Manson,2026-11-01,,LIVE NATION MUSIC,8022968.52,117608.0,0.0,3,22,29,40,0,2,Club
The Phil Collins Story,2026-11-01,,LIVE NATION MUSIC,0.0,0.0,0.0,0,0,14,1,0,1,Arena
Femme Fatale,2026-11-01,,LIVE NATION MUSIC,0.0,0.0,0.0,0,0,0,1,0,0,Theater
"""Les Nits de Barcelona"", Sting",2026-11-01,,LIVE NATION MUSIC,0.0,0.0,0.0,0,0,0,0,0,1,Theater
Caifanes,2026-11-01,,LIVE NATION MUSIC,11100192.5,8803975.02,6125837.01,6,46,57,15,17,13,Arena
Reason,2026-11-01,,LIVE NATION,0.0,3617.6,1440.0,0,0,1,1,0,0,Arena
Skillet,2026-11-01,,LIVE NATION MUSIC,2238507.06,260542.96,1377748.06,6,30,43,67,0,14,Club
10 Years,2026-11-01,,LIVE NATION MUSIC,17283.0,47010.25,6775.0,0,0,11,89,0,3,Club
The Chicks,2026-11-01,,LIVE NATION MUSIC,0.0,0.0,21183223.21,39,69,4,0,3,0,Theater
"""Lucca Summer Festival"", Tom Jones",2026-11-01,,LIVE NATION MUSIC,0.0,0.0,0.0,0,0,0,0,0,1,Other
Moha,2026-11-01,,LIVE NATION MUSIC,0.0,0.0,0.0,0,0,0,1,0,0,Theater
Sammy Rae &amp; The Friends,2026-11-01,,LIVE NATION MUSIC,365473.19,765933.13,407010.69,0,0,11,33,0,1,Club
Movements,2026-11-02,,LIVE NATION MUSIC,308781.6,267276.63,140008.0,0,0,1,23,0,1,Club
Rodrigo y Gabriela,2026-11-01,,FRANK PRODUCTIONS,68954.74,537959.35,1458366.69,33,3,134,58,0,10,Club
Black Flag,2026-11-01,,HOUSE OF BLUES CONCERTS (HOB),26598.0,72604.0,86045.82,0,0,3,30,0,1,Club
Hawthorne Heights,2026-11-01,,FRANK PRODUCTIONS,10175.0,356921.46,49305.0,2,0,4,55,0,5,Theater
The Gentlemen's Club,2026-11-01,,LIVE NATION MUSIC,6190.0,0.0,11045.89,0,0,0,3,0,0,Arena
"Jorge Medina, Josi Cuen",2026-11-01,,LIVE NATION MUSIC,10398880.51,2168649.66,0.0,0,5,7,0,1,0,Theater
UB40,2026-11-01,,LIVE NATION MUSIC,253537.51,5742450.69,2259277.81,7,34,50,22,0,4,Theater
The Feeling,2026-11-01,,LIVE NATION MUSIC,0.0,297272.37,0.0,0,0,9,10,0,0,Club
The Black Angels,2026-11-01,,LIVE NATION MUSIC,0.0,18493.85,128084.29,1,0,16,79,0,0,Club
almost monday,2026-11-01,,LIVE NATION MUSIC,58670.4,0.0,2884.0,0,0,0,9,0,1,Club
Eivør,2026-11-01,,LIVE NATION MUSIC,218847.32,209795.49,0.0,0,0,9,23,0,14,Club
Daniela Spalla,2026-11-01,,HOUSE OF BLUES CONCERTS (HOB),0.0,526043.9299999999,123566.22,1,1,5,0,0,1,Theater
Tou,2026-11-01,,LIVE NATION MUSIC,0.0,348354.82999999996,0.0,0,0,0,1,0,1,Club
The Happy,2026-11-01,,LIVE NATION MUSIC,0.0,0.0,0.0,0,0,0,1,0,0,Club
R&amp;B Vibes Live,2026-11-01,,LIVE NATION MUSIC,0.0,0.0,0.0,0,0,0,2,0,0,Theater
Free Throw,2026-11-01,,LIVE NATION MUSIC,7170.66,12411.08,41648.0,1,0,1,17,0,2,Theater
Lily &amp; Madeleine,2026-11-02,,LIVE NATION MUSIC,0.0,2007.0,584.0,0,0,0,32,0,2,Club
Amble,2026-11-01,,LIVE NATION MUSIC,4025470.09,406488.11,0.0,0,5,8,27,2,4,Theater
The Longest Johns,2026-11-01,,LIVE NATION MUSIC,145256.26,132222.35,26181.48,0,0,7,30,0,4,Club
Blu DeTiger,2026-11-01,,LIVE NATION MUSIC,0.0,43773.75,0.0,0,0,0,10,0,0,Theater
Montell Fish,2026-11-01,,LIVE NATION MUSIC,726844.46,98486.05,0.0,0,0,3,5,0,0,Club
Winyah,2026-11-01,,FRANK PRODUCTIONS,12400.0,0.0,0.0,0,0,1,4,0,0,Theater
Moenia,2026-11-01,,LIVE NATION MUSIC,448567.46,887876.74,585685.95,1,3,19,5,1,1,Theater
American Aquarium,2026-11-01,,LIVE NATION MUSIC,31504.98,89127.5,30249.0,1,0,7,66,0,0,Club
So Good! The Neil Diamond Experience,2026-11-01,,EMPORIUM PRESENTS,300399.7,188655.75,242471.0,2,0,19,4,0,1,Theater
"""SummerStage"", Two Door Cinema Club, Friends",2026-11-01,,LIVE NATION MUSIC,0.0,0.0,0.0,1,0,0,0,0,0,Theater
Pradabagshawty,2026-11-01,,LIVE NATION MUSIC,0.0,0.0,0.0,0,0,0,2,0,0,Theater
SiM,2026-11-01,,LIVE NATION MUSIC,0.0,78357.29000000001,0.0,0,0,0,4,0,0,Club
Catch Your Breath,2026-11-01,,LIVE NATION MUSIC,10444.0,0.0,0.0,0,0,0,6,0,0,Theater
Ethan Regan,2026-11-01,,LIVE NATION MUSIC,29853.28,2015.0,0.0,0,0,0,6,0,0,Club
AZ,2026-11-01,,LIVE NATION MUSIC,75395.0,0.0,0.0,0,0,0,6,0,0,Club
Yandel,2026-11-01,,LIVE NATION MUSIC,5429413.42,695647.99,0.0,3,19,27,2,2,2,Amphitheatre
The Living Tombstone,2026-11-01,,LIVE NATION MUSIC,1025246.06,58601.17,0.0,0,1,2,16,0,0,Club
"""SummerStage"", Two Door Cinema Club, Friends",2026-11-01,,LIVE NATION MUSIC,0.0,0.0,0.0,1,0,0,0,0,0,Theater
Lilyisthatyou,2026-11-01,,LIVE NATION MUSIC,2952.21,0.0,0.0,0,0,1,0,0,0,Theater
Skilla Baby,2026-11-01,,HOUSE OF BLUES CONCERTS (HOB),0.0,32505.0,0.0,0,0,0,1,0,0,Club
Fear Factory,2026-11-01,,LIVE NATION MUSIC,0.0,0.0,424894.07,0,0,19,48,0,2,Club
Sophie,2026-11-01,,LIVE NATION MUSIC,0.0,0.0,0.0,0,0,0,3,0,0,Club
Sophie,2026-11-01,,LIVE NATION MUSIC,0.0,0.0,0.0,0,0,0,3,0,0,Club
Yandel,2026-11-01,,LIVE NATION MUSIC,5429413.42,695647.99,0.0,3,19,27,2,2,2,Amphitheatre
SunSquabi,2026-11-01,,FRANK PRODUCTIONS,6635.55,38234.79,6400.0,1,0,4,56,0,0,Club
Baby Smoove,2026-11-01,,LIVE NATION MUSIC,0.0,0.0,29610.0,0,0,0,1,0,0,Theater
Fear Factory,2026-11-01,,LIVE NATION MUSIC,0.0,0.0,424894.07,0,0,19,48,0,2,Theater
Vincent Neil Emerson,2026-11-01,,LIVE NATION MUSIC,32285.09,10571.0,14619.0,0,0,0,17,0,0,Club
Rain,2026-11-01,,LIVE NATION MUSIC,0.0,0.0,207956.5,1,1,4,0,0,1,Theater
Jonas Brothers,2026-11-02,,LIVE NATION MUSIC,49501788.39,30144554.31,109403725.33,75,195,28,1,28,5,Arena
Fuerza Regida,2026-11-02,,LIVE NATION MUSIC,8831401.1,61688406.68,40356839.51,6,68,5,0,12,0,Amphitheatre
Motionless In White,2026-11-03,,LIVE NATION MUSIC,131287.04,0.0,1810722.63,7,19,22,41,0,2,Arena
Fuerza Regida,2026-11-02,,LIVE NATION MUSIC,8831401.1,61688406.68,40356839.51,6,68,5,0,12,0,Amphitheatre
YEBBA,2026-11-02,,LIVE NATION MUSIC,0.0,0.0,0.0,0,0,0,4,0,0,Club
Todd Rundgren,2026-11-02,,LIVE NATION MUSIC,395733.39,858401.29,0.0,0,0,92,81,0,3,Theater
"""Les Nits de Barcelona"", Sting",2026-11-02,,LIVE NATION MUSIC,0.0,0.0,0.0,0,0,0,0,0,1,Theater
Jonas Brothers,2026-11-02,,LIVE NATION MUSIC,49501788.39,30144554.31,109403725.33,75,195,28,1,28,5,Arena
The Chicks,2026-11-02,,LIVE NATION MUSIC,0.0,0.0,21183223.21,39,69,4,0,3,0,Theater
Periphery,2026-11-02,,LIVE NATION MUSIC,0.0,508193.42,0.0,0,0,21,57,0,3,Theater
Trippie Redd,2026-11-02,,LIVE NATION MUSIC,0.0,171012.5,592049.0,4,4,6,7,0,1,Club
Knocked Loose,2026-11-02,,LIVE NATION MUSIC,511899.01,1019550.49,0.0,0,0,14,49,0,1,Club
Alvaro,2026-11-02,,LIVE NATION MUSIC,0.0,0.0,0.0,0,0,0,1,0,0,Club
Victor &amp; Leo,2026-11-02,,LIVE NATION MUSIC,0.0,0.0,0.0,0,0,24,1,0,0,Theater
Holywatr,2026-11-02,,LIVE NATION MUSIC,10133.0,0.0,0.0,0,0,0,3,0,0,Club
Skilla Baby,2026-11-02,,HOUSE OF BLUES CONCERTS (HOB),0.0,32505.0,0.0,0,0,0,1,0,0,Club
Steve Lacy,2026-11-02,,LIVE NATION MUSIC,0.0,0.0,48400.0,1,2,2,7,0,0,Theater
SiM,2026-11-03,,LIVE NATION MUSIC,0.0,78357.29000000001,0.0,0,0,0,4,0,0,Club
Jake Shimabukuro,2026-11-02,,FRANK PRODUCTIONS,51837.5,221827.8,179733.7,2,1,138,102,0,15,Theater
Medium Build,2026-11-02,,LIVE NATION MUSIC,51553.06,277378.99,6501.48,0,0,2,32,0,1,Club
KNOX,2026-11-02,,HOUSE OF BLUES CONCERTS (HOB),41961.0,18594.0,0.0,0,0,0,6,0,0,Club
"""Past, Present, Future: A Dance Gala""",2026-11-02,,LIVE NATION MUSIC,0.0,0.0,0.0,0,0,1,0,0,0,Theater
Running,2026-11-02,,LIVE NATION MUSIC,0.0,0.0,0.0,0,0,0,1,0,0,Club
"""98.1 The Bull - Red, White &amp; Boom!"", Sam Hunt",2026-11-02,,LIVE NATION MUSIC,0.0,0.0,0.0,0,0,0,0,1,0,Stadium
Turnover,2026-11-03,,LIVE NATION MUSIC,1343969.0,34201.28,13530.0,2,1,5,35,0,2,Club
GloRilla,2026-11-02,,LIVE NATION MUSIC,9099378.02,0.0,229811.0,0,8,12,5,0,0,Theater
Waterparks,2026-11-02,,LIVE NATION MUSIC,117382.5,400433.43,506216.67,0,0,9,35,0,1,Theater
Quadeca,2026-11-02,,LIVE NATION MUSIC,127634.26,0.0,7186.0,0,0,3,8,0,0,Theater
Hunxho,2026-11-02,,LIVE NATION MUSIC,0.0,70430.0,0.0,0,0,0,1,0,0,Theater
Jan &amp; Henry,2026-11-02,,LIVE NATION MUSIC,0.0,16605.16,0.0,0,0,0,1,0,0,Theater
"Mic Crenshaw, Special Guests",2026-11-03,,LIVE NATION MUSIC,0.0,0.0,0.0,0,0,0,1,0,0,Theater
The Longest Johns,2026-11-02,,LIVE NATION MUSIC,145256.26,132222.35,26181.48,0,0,7,30,0,4,Club
Madds Buckley,2026-11-02,,LIVE NATION MUSIC,0.0,3020.0,0.0,0,0,1,0,0,0,Theater
The Living Tombstone,2026-11-02,,LIVE NATION MUSIC,1025246.06,58601.17,0.0,0,1,2,16,0,0,Club
Pretty Sick,2026-11-02,,LIVE NATION MUSIC,0.0,0.0,0.0,0,0,0,3,0,0,Club
Maddie Zahm,2026-11-02,,LIVE NATION TENNESSEE,0.0,103535.0,47568.0,0,0,0,8,0,0,Club
The Haunt,2026-11-02,,LIVE NATION MUSIC,21115.76,0.0,0.0,0,0,0,10,0,0,Club
Noah Gundersen,2026-11-02,,FRANK PRODUCTIONS,15074.13,12635.0,24703.0,0,0,5,77,0,2,Club
Mannequin Pussy,2026-11-02,,LIVE NATION MUSIC,186240.58,293493.84,5220.0,0,0,4,31,0,0,Club
IANA,2026-11-02,,LIVE NATION MUSIC,0.0,0.0,0.0,0,0,0,1,0,0,Club
Olivia O'Brien,2026-11-02,,LIVE NATION MUSIC,0.0,0.0,0.0,0,0,0,8,0,0,Club
Grateful Shred,2026-11-02,,LIVE NATION MUSIC,232878.42,122314.0,61533.77,1,0,8,54,0,0,Club
Grateful Shred,2026-11-02,,LIVE NATION MUSIC,232878.42,122314.0,61533.77,1,0,8,54,0,0,Club
Rod Wave,2026-11-03,,LIVE NATION MUSIC,19871622.03,44782080.52,58117202.64,1,84,1,0,0,0,Arena
KATSEYE,2026-11-03,,LIVE NATION MUSIC,3690618.47,0.0,0.0,0,1,5,1,0,0,Arena
Doja Cat,2026-11-03,,LIVE NATION MUSIC,7384674.46,7298161.81,31988065.4,0,39,0,9,0,0,Arena
Fuerza Regida,2026-11-03,,LIVE NATION MUSIC,8831401.1,61688406.68,40356839.51,6,68,5,0,12,0,Amphitheatre
Reason,2026-11-03,,FRANK PRODUCTIONS,0.0,3617.6,1440.0,0,0,1,1,0,0,Club
Fuerza Regida,2026-11-03,,LIVE NATION MUSIC,8831401.1,61688406.68,40356839.51,6,68,5,0,12,0,Amphitheatre
Jonas Brothers,2026-11-03,,LIVE NATION MUSIC,49501788.39,30144554.31,109403725.33,75,195,28,1,28,5,Arena
YEBBA,2026-11-03,,LIVE NATION MUSIC,0.0,0.0,0.0,0,0,0,4,0,0,Club
Knocked Loose,2026-11-03,,LIVE NATION MUSIC,511899.01,1019550.49,0.0,0,0,14,49,0,1,Theater
Earl Sweatshirt,2026-11-03,,LIVE NATION MUSIC,145905.72999999998,0.0,304502.67,0,0,7,36,0,0,Arena
Jessie Reyez,2026-11-03,,LIVE NATION MUSIC,1725959.5,0.0,120873.09,0,0,12,18,0,0,Theater
Orville Peck,2026-11-03,,LIVE NATION MUSIC,0.0,1089190.07,122699.0,2,0,10,21,0,3,Club
10 Years,2026-11-03,,LIVE NATION MUSIC,17283.0,47010.25,6775.0,0,0,11,89,0,3,Club
Tou,2026-11-03,,LIVE NATION MUSIC,0.0,348354.82999999996,0.0,0,0,0,1,0,1,Club
Sleeping With Sirens,2026-11-03,,LIVE NATION MUSIC,0.0,350306.75,319502.92,0,1,30,104,0,5,Club
The Chicks,2026-11-03,,LIVE NATION MUSIC,0.0,0.0,21183223.21,39,69,4,0,3,0,Theater
Three Days Grace,2026-11-03,,LIVE NATION MUSIC,2587583.58,0.0,514555.96,4,55,36,61,0,8,Arena
Trippie Redd,2026-11-03,,FRANK PRODUCTIONS,0.0,171012.5,592049.0,4,4,6,7,0,1,Club
Montell Fish,2026-11-03,,LIVE NATION MUSIC,726844.46,98486.05,0.0,0,0,3,5,0,0,Club
The Story So Far,2026-11-03,,LIVE NATION MUSIC,175730.0,311383.29,21725.0,0,0,10,56,1,4,Theater
"August Burns Red, The Amity Affliction",2026-11-03,,LIVE NATION MUSIC,0.0,0.0,0.0,0,0,0,1,0,0,Club
Switchfoot,2026-11-04,,HOUSE OF BLUES CONCERTS (HOB),181031.87,600305.9299999999,763943.0,5,6,80,76,1,17,Theater
Saosin,2026-11-04,,LIVE NATION MUSIC,0.0,43142.5,30500.0,0,0,3,12,0,0,Club
"August Burns Red, The Amity Affliction",2026-11-04,,LIVE NATION MUSIC,0.0,0.0,0.0,0,0,0,1,0,0,Club
"DJ Moma, Showcase, Flygerian",2026-11-03,,LIVE NATION MUSIC,0.0,0.0,0.0,0,0,0,1,0,0,Theater
Daniela Spalla,2026-11-03,,HOUSE OF BLUES CONCERTS (HOB),0.0,526043.9299999999,123566.22,1,1,5,0,0,1,Theater
KNOX,2026-11-03,,LIVE NATION MUSIC,41961.0,18594.0,0.0,0,0,0,6,0,0,Club
Twisted,2026-11-03,,LIVE NATION MUSIC,0.0,0.0,0.0,0,0,0,2,0,0,Club
The String Cheese Incident,2026-11-04,,LIVE NATION MUSIC,1786812.0,1997311.65,1388387.48,31,7,38,22,0,3,Theater
Forever,2026-11-03,,LIVE NATION MUSIC,70329.51,0.0,0.0,0,1,0,0,0,0,Arena
Ax and the Hatchetmen,2026-11-03,,LIVE NATION MUSIC,167304.38,10365.0,2059.0,0,0,2,28,0,0,Theater
Saosin,2026-11-03,,LIVE NATION MUSIC,0.0,43142.5,30500.0,0,0,3,12,0,0,Club
Free Throw,2026-11-04,,LIVE NATION MUSIC,7170.66,12411.08,41648.0,1,0,1,17,0,2,Theater
Periphery,2026-11-03,,LIVE NATION MUSIC,0.0,508193.42,0.0,0,0,21,57,0,3,Club
Halocene,2026-11-03,,LIVE NATION MUSIC,3737.42,0.0,39462.55,0,0,1,28,0,0,Club
gavn!,2026-11-04,,LIVE NATION MUSIC,0.0,8873.0,0.0,0,0,0,5,0,0,Club
Rain,2026-11-03,,LIVE NATION MUSIC,0.0,0.0,207956.5,1,1,4,0,0,1,Club
Abbie Gamboa,2026-11-04,,LIVE NATION MUSIC,0.0,43390.0,0.0,0,0,1,3,0,0,Club
gavn!,2026-11-03,,LIVE NATION MUSIC,0.0,8873.0,0.0,0,0,0,5,0,0,Theater
Motionless In White,2026-11-04,,LIVE NATION MUSIC,131287.04,0.0,1810722.63,7,19,22,41,0,2,Amphitheatre
SiM,2026-11-04,,LIVE NATION MUSIC,0.0,78357.29000000001,0.0,0,0,0,4,0,0,Club
"Mic Crenshaw, Special Guests",2026-11-04,,HOUSE OF BLUES CONCERTS (HOB),0.0,0.0,0.0,0,0,0,1,0,0,Club
GWAR,2026-11-04,,LIVE NATION MUSIC,232622.19,250475.13,96717.0,0,3,30,172,0,3,Theater
Quadeca,2026-11-03,,LIVE NATION MUSIC,127634.26,0.0,7186.0,0,0,3,8,0,0,Club
Slow Pulp,2026-11-03,,LIVE NATION MUSIC,0.0,106046.0,34083.07,0,0,1,10,0,0,Theater
Hawthorne Heights,2026-11-03,,LIVE NATION MUSIC,10175.0,356921.46,49305.0,2,0,4,55,0,5,Club
The Wldlfe,2026-11-03,,LIVE NATION MUSIC,22849.6,107014.44,4184.0,0,0,0,21,0,1,Club
Freak Slug,2026-11-03,,LIVE NATION MUSIC,21329.0,0.0,0.0,0,0,0,3,0,1,Club
Donny Benét,2026-11-03,,FRANK PRODUCTIONS,46746.33,31580.03,62690.01,0,0,2,19,0,1,Club
the olllam,2026-11-03,,LIVE NATION TENNESSEE,0.0,0.0,0.0,0,0,1,2,0,0,Club
Clara La San,2026-11-03,,LIVE NATION MUSIC,2553.98,0.0,0.0,0,0,0,6,0,0,Club
Hawthorne Heights,2026-11-03,,LIVE NATION MUSIC,10175.0,356921.46,49305.0,2,0,4,55,0,5,Club
The Linda Lindas,2026-11-03,,LIVE NATION MUSIC,101815.99,6550.0,0.0,0,0,1,4,0,0,Club
Olivia O'Brien,2026-11-03,,LIVE NATION MUSIC,0.0,0.0,0.0,0,0,0,8,0,0,Theater
Lennon Stella,2026-11-03,,LIVE NATION MUSIC,0.0,0.0,0.0,0,0,2,9,0,0,Club
David Aguilar,2026-11-03,,LIVE NATION MUSIC,0.0,0.0,0.0,0,0,1,2,0,0,Club
Static Dress,2026-11-04,,LIVE NATION MUSIC,0.0,0.0,0.0,0,0,0,1,0,0,Club
The Linda Lindas,2026-11-03,,LIVE NATION MUSIC,101815.99,6550.0,0.0,0,0,1,4,0,0,Club
Clara La San,2026-11-03,,LIVE NATION MUSIC,2553.98,0.0,0.0,0,0,0,6,0,0,Club
Reason,2026-11-04,,LIVE NATION MUSIC,0.0,3617.6,1440.0,0,0,1,1,0,0,Arena
Doja Cat,2026-11-04,,LIVE NATION MUSIC,7384674.46,7298161.81,31988065.4,0,39,0,9,0,0,Arena
Motionless In White,2026-11-05,,LIVE NATION MUSIC,131287.04,0.0,1810722.63,7,19,22,41,0,2,Arena
Young Miko,2026-11-04,,LIVE NATION MUSIC,1819198.33,11120905.33,716909.22,6,7,22,5,1,2,Arena
Three Days Grace,2026-11-04,,LIVE NATION MUSIC,2587583.58,0.0,514555.96,4,55,36,61,0,8,Club
Dave Matthews Band,2026-11-04,,LIVE NATION MUSIC,34673812.01,52998276.22,63274603.4,391,116,17,4,16,6,Arena
Dave Matthews Band,2026-11-04,,LIVE NATION MUSIC,34673812.01,52998276.22,63274603.4,391,116,17,4,16,6,Arena
Palace,2026-11-04,,LIVE NATION MUSIC,216325.96,176855.55,138298.91,0,0,7,19,0,1,Club
Santana,2026-11-04,,HOUSE OF BLUES CONCERTS (HOB),10372269.62,0.0,3349278.95,59,103,47,16,7,8,Arena
Hunxho,2026-11-04,,LIVE NATION MUSIC,0.0,70430.0,0.0,0,0,0,1,0,0,Arena
Rawayana,2026-11-04,,LIVE NATION MUSIC,0.0,1859072.56,268722.57,0,16,8,9,1,1,Theater
King Crimson,2026-11-04,,LIVE NATION MUSIC,0.0,0.0,0.0,9,5,42,4,1,3,Theater
Joy Oladokun,2026-11-04,,LIVE NATION MUSIC,221534.01,52154.13,111946.52,1,0,2,21,0,1,Theater
Pedro Fernández,2026-11-04,,LIVE NATION MUSIC,1459820.78,1070035.34,992662.55,2,12,10,0,0,0,Arena
Orville Peck,2026-11-04,,FRANK PRODUCTIONS,0.0,1089190.07,122699.0,2,0,10,21,0,3,Club
"""Past, Present, Future: A Dance Gala""",2026-11-04,,LIVE NATION MUSIC,0.0,0.0,0.0,0,0,1,0,0,0,Theater
The String Cheese Incident,2026-11-05,,LIVE NATION MUSIC,1786812.0,1997311.65,1388387.48,31,7,38,22,0,3,Theater
almost monday,2026-11-04,,LIVE NATION MUSIC,58670.4,0.0,2884.0,0,0,0,9,0,1,Club
Turnover,2026-11-04,,LIVE NATION MUSIC,1343969.0,34201.28,13530.0,2,1,5,35,0,2,Club
"Band Of Horses, Dinosaur Jr.",2026-11-04,,HOUSE OF BLUES CONCERTS (HOB),0.0,0.0,0.0,1,0,0,0,0,0,Amphitheatre
Slow Pulp,2026-11-04,,LIVE NATION MUSIC,0.0,106046.0,34083.07,0,0,1,10,0,0,Club
Rival Sons,2026-11-04,,LIVE NATION MUSIC,153941.61,116553.8,395290.35,0,2,29,81,0,1,Club
Trivium,2026-11-05,,LIVE NATION MUSIC,398903.12,0.0,378436.41,0,3,22,57,0,1,Club
GloRilla,2026-11-04,,LIVE NATION MUSIC,9099378.02,0.0,229811.0,0,8,12,5,0,0,Theater
Forever,2026-11-04,,LIVE NATION MUSIC,70329.51,0.0,0.0,0,1,0,0,0,0,Theater
Victory,2026-11-04,,LIVE NATION MUSIC,0.0,0.0,0.0,0,0,0,2,0,0,Club
Skilla Baby,2026-11-04,,HOUSE OF BLUES CONCERTS (HOB),0.0,32505.0,0.0,0,0,0,1,0,0,Club
Mountain Grass Unit,2026-11-04,,FRANK PRODUCTIONS,21000.0,7592.0,684.0,1,0,1,6,0,1,Theater
S Club,2026-11-05,,LIVE NATION MUSIC,0.0,132701.0,6657813.3100000005,0,23,2,0,0,0,Arena
Dead Poet Society,2026-11-05,,LIVE NATION MUSIC,0.0,95493.81,8199.75,0,0,0,18,0,1,Club
Hawthorne Heights,2026-11-04,,LIVE NATION MUSIC,10175.0,356921.46,49305.0,2,0,4,55,0,5,Club
Hurricane Wisdom,2026-11-04,,LIVE NATION MUSIC,11250.0,0.0,0.0,0,0,0,1,0,0,Theater
Trev,2026-11-04,,LIVE NATION MUSIC,0.0,0.0,0.0,0,0,0,1,0,0,Club
Pretty Sick,2026-11-04,,LIVE NATION MUSIC,0.0,0.0,0.0,0,0,0,3,0,0,Theater
Russian Circles,2026-11-04,,LIVE NATION MUSIC,18055.0,0.0,0.0,0,0,3,51,0,0,Theater
She Wants Revenge,2026-11-04,,LIVE NATION MUSIC,79720.0,0.0,7566.52,0,1,5,27,0,1,Club
Suzanne Vega,2026-11-04,,LIVE NATION MUSIC,1455292.08,108796.53,1178457.02,4,2,76,66,0,7,Theater
Madds Buckley,2026-11-04,,LIVE NATION MUSIC,0.0,3020.0,0.0,0,0,1,0,0,0,Theater
R&amp;B Vibes Live,2026-11-04,,LIVE NATION MUSIC,0.0,0.0,0.0,0,0,0,2,0,0,Club
2slimey,2026-11-04,,LIVE NATION MUSIC,0.0,0.0,0.0,0,0,0,1,0,0,Theater
State Champs,2026-11-05,,LIVE NATION MUSIC,202412.59,75375.0,0.0,0,0,9,29,0,0,Theater
Sparta,2026-11-04,,LIVE NATION MUSIC,0.0,4412.0,43409.68,0,0,2,13,0,0,Club
"Zo!, Tall Black Guy",2026-11-04,,LIVE NATION MUSIC,0.0,3614.0,0.0,0,0,0,1,0,0,Theater
Man/Woman/Chainsaw,2026-11-04,,LIVE NATION MUSIC,3462.46,0.0,422.46,0,0,0,2,0,0,Club
The Living Tombstone,2026-11-04,,HOUSE OF BLUES CONCERTS (HOB),1025246.06,58601.17,0.0,0,1,2,16,0,0,Club
Peppermint,2026-11-04,,LIVE NATION MUSIC,0.0,0.0,0.0,0,0,0,3,0,0,Club
"""Past, Present, Future: A Dance Gala""",2026-11-04,,FRANK PRODUCTIONS,0.0,0.0,0.0,0,0,1,0,0,0,Theater
"Prof, Yelawolf, That Mexican Ot",2026-11-04,,LIVE NATION MUSIC,0.0,0.0,0.0,0,0,0,1,0,0,Theater
Shadowgrass,2026-11-04,,LIVE NATION MUSIC,60303.0,9069.0,1132.5,1,0,2,8,0,0,Club
Victor &amp; Leo,2026-11-04,,LIVE NATION MUSIC,0.0,0.0,0.0,0,0,24,1,0,0,Theater
Josh Garrels,2026-11-04,,LIVE NATION MUSIC,0.0,12960.5,0.0,0,0,8,29,0,6,Theater
Victor &amp; Leo,2026-11-04,,LIVE NATION MUSIC,0.0,0.0,0.0,0,0,24,1,0,0,Theater
Isaiah Rashad,2026-11-04,,LIVE NATION MUSIC,0.0,274022.0,388038.79,0,1,16,46,0,0,Club
J &amp; The Causeways,2026-11-04,,LIVE NATION MUSIC,2003.0,0.0,0.0,0,0,0,2,0,0,Club
Metallica,2026-11-05,,LIVE NATION MUSIC,137107458.47,179373637.38,146435306.85,0,95,4,4,135,10,Stadium
Metallica,2026-11-05,,LIVE NATION MUSIC,137107458.47,179373637.38,146435306.85,0,95,4,4,135,10,Stadium
KATSEYE,2026-11-05,,LIVE NATION MUSIC,3690618.47,0.0,0.0,0,1,5,1,0,0,Arena
"Chris Brown, Usher",2026-11-05,,LIVE NATION MUSIC,0.0,0.0,0.0,0,0,0,0,18,0,Stadium
Young Miko,2026-11-05,,LIVE NATION MUSIC,1819198.33,11120905.33,716909.22,6,7,22,5,1,2,Arena
Jonas Brothers,2026-11-05,,LIVE NATION MUSIC,49501788.39,30144554.31,109403725.33,75,195,28,1,28,5,Arena
Pentatonix,2026-11-05,,LIVE NATION MUSIC,10014000.83,20747784.25,16735657.71,59,174,94,50,3,9,Arena
Alanis Morissette,2026-11-05,,LIVE NATION MUSIC,6880538.55,30678064.16,699424.9,59,22,19,14,4,3,Theater
Gavin Adcock,2026-11-05,,LIVE NATION MUSIC,1074735.95,823287.0,64130.0,2,0,8,38,0,1,Theater
Dan + Shay,2026-11-05,,LIVE NATION MUSIC,0.0,23220519.09,2076160.61,32,54,33,41,1,8,Amphitheatre
311,2026-11-05,,LIVE NATION MUSIC,714224.75,4911719.08,177512.0,39,6,46,53,0,10,Theater
Michelle Branch,2026-11-05,,LIVE NATION MUSIC,0.0,0.0,0.0,0,0,2,13,0,0,Theater
Sammy Rae &amp; The Friends,2026-11-05,,LIVE NATION MUSIC,365473.19,765933.13,407010.69,0,0,11,33,0,1,Club
Steve Lacy,2026-11-05,,LIVE NATION MUSIC,0.0,0.0,48400.0,1,2,2,7,0,0,Amphitheatre
Santana,2026-11-05,,HOUSE OF BLUES CONCERTS (HOB),10372269.62,0.0,3349278.95,59,103,47,16,7,8,Arena
Zack Fox,2026-11-05,,LIVE NATION MUSIC,699736.1799999999,153619.24,94077.0,0,0,7,20,0,1,Arena
Trippie Redd,2026-11-05,,LIVE NATION MUSIC,0.0,171012.5,592049.0,4,4,6,7,0,1,Club
Arcángel,2026-11-05,,LIVE NATION MUSIC,0.0,5578759.22,9635530.99,2,31,5,0,4,1,Theater
"Mic Crenshaw, Special Guests",2026-11-05,,LIVE NATION MUSIC,0.0,0.0,0.0,0,0,0,1,0,0,Arena
Little Big Town,2026-11-05,,LIVE NATION MUSIC,1005292.0,13004819.31,2846985.5,20,68,94,16,1,12,Theater
Alvaro,2026-11-05,,LIVE NATION MUSIC,0.0,0.0,0.0,0,0,0,1,0,0,Club
Underoath,2026-11-05,,LIVE NATION MUSIC,0.0,418700.1,308406.2,0,2,22,75,0,4,Theater
Switchfoot,2026-11-05,,LIVE NATION MUSIC,181031.87,600305.9299999999,763943.0,5,6,80,76,1,17,Theater
Dweezil Zappa,2026-11-05,,LIVE NATION MUSIC,1060154.55,1718199.74,0.0,0,0,69,53,0,3,Theater
"Prof, Yelawolf, That Mexican Ot",2026-11-05,,LIVE NATION MUSIC,0.0,0.0,0.0,0,0,0,1,0,0,Club
Palace,2026-11-05,,LIVE NATION MUSIC,216325.96,176855.55,138298.91,0,0,7,19,0,1,Club
Bowling For Soup,2026-11-05,,HOUSE OF BLUES CONCERTS (HOB),1051669.3,850443.56,141147.11,0,4,24,50,0,2,Club
TUL8TE,2026-11-05,,LIVE NATION MUSIC,0.0,0.0,0.0,0,0,0,1,0,0,Club
Skillet,2026-11-05,,HOUSE OF BLUES CONCERTS (HOB),2238507.06,260542.96,1377748.06,6,30,43,67,0,14,Club
Paul Anka,2026-11-05,,LIVE NATION MUSIC,1081980.03,1742187.49,1467619.8,1,13,135,8,0,2,Theater
John Summit,2026-11-05,,LIVE NATION MUSIC,1618895.52,6378033.54,2121909.0,1,6,4,6,1,1,Arena
10 Years,2026-11-05,,LIVE NATION MUSIC,17283.0,47010.25,6775.0,0,0,11,89,0,3,Club
Knocked Loose,2026-11-05,,LIVE NATION MUSIC,511899.01,1019550.49,0.0,0,0,14,49,0,1,Amphitheatre
Meredith Marks,2026-11-05,,LIVE NATION MUSIC,0.0,0.0,0.0,0,0,0,1,0,0,Club
Once &amp; Future Band,2026-11-05,,LIVE NATION MUSIC,0.0,0.0,0.0,0,0,0,1,0,0,Club
Sugarland,2026-11-05,,LIVE NATION MUSIC,0.0,0.0,0.0,71,60,8,1,4,4,Arena
Yung Gravy,2026-11-05,,LIVE NATION MUSIC,206906.93,574274.31,71100.12,0,1,7,36,0,1,Club
Ashley Cooke,2026-11-05,,LIVE NATION MUSIC,27885.0,19297.0,26529.0,0,0,0,9,0,1,Club
John Summit,2026-11-05,,LIVE NATION MUSIC,1618895.52,6378033.54,2121909.0,1,6,4,6,1,1,Arena
Akeem Ali,2026-11-05,,LIVE NATION MUSIC,6800.0,10982.0,0.0,0,0,0,3,0,1,Club
America,2026-11-05,,LIVE NATION MUSIC,3837882.2,4477164.55,1750231.2,5,8,175,41,0,14,Theater
Mannequin Pussy,2026-11-05,,FRANK PRODUCTIONS,186240.58,293493.84,5220.0,0,0,4,31,0,0,Theater
Abbie Gamboa,2026-11-05,,LIVE NATION MUSIC,0.0,43390.0,0.0,0,0,1,3,0,0,Club
Lenny Pearce,2026-11-05,,LIVE NATION MUSIC,1149576.75,11247.35,0.0,1,0,32,23,0,2,Theater
"Band Of Horses, Dinosaur Jr.",2026-11-05,,LIVE NATION MUSIC,0.0,0.0,0.0,1,0,0,0,0,0,Amphitheatre
"The A, B, C &amp; D Of Boogie Woogie",2026-11-05,,LIVE NATION MUSIC,0.0,0.0,0.0,0,0,0,1,0,0,Club
"Kip Moore, Jackson Dean",2026-11-05,,HOUSE OF BLUES CONCERTS (HOB),0.0,0.0,0.0,0,0,1,0,0,0,Theater
Daniela Spalla,2026-11-05,,LIVE NATION MUSIC,0.0,526043.9299999999,123566.22,1,1,5,0,0,1,Theater
Tou,2026-11-05,,LIVE NATION MUSIC,0.0,348354.82999999996,0.0,0,0,0,1,0,1,Club
Gus Dapperton,2026-11-05,,LIVE NATION MUSIC,0.0,0.0,301209.13,0,0,8,34,1,1,Club
Lenny Pearce,2026-11-06,,LIVE NATION MUSIC,1149576.75,11247.35,0.0,1,0,32,23,0,2,Amphitheatre
Kem,2026-11-05,,LIVE NATION MUSIC,700433.0,1671400.29,1522783.05,10,15,69,3,0,0,Arena
Louie TheSinger,2026-11-05,,LIVE NATION MUSIC,0.0,0.0,0.0,0,0,0,1,0,0,Theater
Matt Quinn,2026-11-05,,LIVE NATION MUSIC,0.0,0.0,0.0,0,0,0,1,0,0,Theater
GWAR,2026-11-06,,HOUSE OF BLUES CONCERTS (HOB),232622.19,250475.13,96717.0,0,3,30,172,0,3,Club
Better Than Ezra,2026-11-05,,LIVE NATION MUSIC,67594.0,69299.9,77840.0,1,0,16,20,0,2,Theater
Ethan Regan,2026-11-05,,LIVE NATION MUSIC,29853.28,2015.0,0.0,0,0,0,6,0,0,Club
Lauren Alaina,2026-11-05,,LIVE NATION MUSIC,0.0,0.0,0.0,0,0,5,10,0,1,Theater
Femme Fatale,2026-11-05,,LIVE NATION MUSIC,0.0,0.0,0.0,0,0,0,1,0,0,Theater
Orville Peck,2026-11-05,,LIVE NATION MUSIC,0.0,1089190.07,122699.0,2,0,10,21,0,3,Club
Jon B,2026-11-05,,LIVE NATION MUSIC,149874.51,211838.95,181255.45,0,0,2,37,0,0,Club
Postmodern Jukebox,2026-11-05,,FRANK PRODUCTIONS,3008960.1,2913423.2,3309873.83,0,9,402,106,0,34,Theater
Late Night Thoughts,2026-11-06,,LIVE NATION MUSIC,2154.0,0.0,0.0,0,0,0,1,0,0,Club
Die Spitz,2026-11-05,,FRANK PRODUCTIONS,19774.52,3750.0,0.0,0,0,0,10,0,1,Theater
The Knocks,2026-11-05,,LIVE NATION MUSIC,0.0,0.0,40225.0,0,0,5,46,0,1,Club
Emancipator,2026-11-05,,LIVE NATION MUSIC,0.0,28350.0,131285.0,1,0,8,102,0,10,Theater
Knocked Loose,2026-11-05,,LIVE NATION MUSIC,511899.01,1019550.49,0.0,0,0,14,49,0,1,Amphitheatre
Greensky Bluegrass,2026-11-06,,LIVE NATION MUSIC,897305.6,2468957.58,2965831.09,36,0,87,191,1,12,Club
"The Hails, Never Ending Fall",2026-11-05,,LIVE NATION MUSIC,32786.0,0.0,0.0,0,0,0,4,0,0,Club
Kylie Morgan,2026-11-05,,LIVE NATION MUSIC,652.06,3245.0,1334.0,0,0,1,3,0,0,Theater
Pain Of Truth,2026-11-05,,LIVE NATION MUSIC,29220.0,0.0,0.0,0,0,0,2,0,0,Theater
Slum Village,2026-11-05,,LIVE NATION MUSIC,0.0,0.0,0.0,0,0,0,9,0,0,Club
Prince Daddy &amp; the Hyena,2026-11-05,,LIVE NATION MUSIC,14330.0,23187.85,10500.0,0,0,0,16,0,2,Club
West 22nd,2026-11-05,,LIVE NATION MUSIC,16408.0,7821.0,0.0,0,0,2,7,0,0,Theater
Rain,2026-11-05,,LIVE NATION MUSIC,0.0,0.0,207956.5,1,1,4,0,0,1,Theater
Isabel Van Gelder,2026-11-05,,LIVE NATION MUSIC,0.0,0.0,0.0,0,0,0,1,0,0,Club
Lily Rose,2026-11-05,,LIVE NATION MUSIC,27165.0,66679.0,69355.0,0,0,1,16,0,1,Club
Thundercat,2026-11-05,,LIVE NATION MUSIC,166095.0,81082.15,903432.94,2,0,14,40,0,2,Club
J &amp; The Causeways,2026-11-05,,LIVE NATION MUSIC,2003.0,0.0,0.0,0,0,0,2,0,0,Club
Isaiah Rashad,2026-11-05,,LIVE NATION MUSIC,0.0,274022.0,388038.79,0,1,16,46,0,0,Club
Deer Tick,2026-11-05,,LIVE NATION TENNESSEE,29783.0,4612.5,128819.5,1,0,8,93,0,1,Club
Ben &amp; Rose,2026-11-05,,FRANK PRODUCTIONS,0.0,0.0,0.0,0,0,1,0,0,0,Theater
Armand Hammer,2026-11-05,,LIVE NATION MUSIC,0.0,0.0,28931.78,0,0,0,6,0,0,Club
Allan Rayman,2026-11-05,,LIVE NATION MUSIC,9388.09,20033.0,21458.28,1,0,3,31,0,0,Theater
The Linda Lindas,2026-11-05,,LIVE NATION MUSIC,101815.99,6550.0,0.0,0,0,1,4,0,0,Club
Joe Jordan,2026-11-05,,LIVE NATION MUSIC,5540.0,0.0,0.0,0,0,0,4,0,0,Club
Periphery,2026-11-05,,LIVE NATION MUSIC,0.0,508193.42,0.0,0,0,21,57,0,3,Theater
Joe Jordan,2026-11-05,,LIVE NATION MUSIC,5540.0,0.0,0.0,0,0,0,4,0,0,Club
Chris Webby,2026-11-05,,LIVE NATION MUSIC,21780.0,0.0,25360.0,0,0,12,63,1,2,Theater
The Jack Wharff Band,2026-11-05,,LIVE NATION MUSIC,0.0,0.0,0.0,0,0,0,1,0,0,Club
"Christone ""Kingfish"" Ingram",2026-11-05,,LIVE NATION MUSIC,575442.3,67004.39,183047.21,0,0,44,34,0,5,Theater
Periphery,2026-11-05,,LIVE NATION MUSIC,0.0,508193.42,0.0,0,0,21,57,0,3,Theater
honestav,2026-11-05,,LIVE NATION MUSIC,76832.0,0.0,0.0,0,0,0,5,0,0,Club
Allan Rayman,2026-11-05,,LIVE NATION MUSIC,9388.09,20033.0,21458.28,1,0,3,31,0,0,Theater
Wim Tapley &amp; The Cannons,2026-11-05,,LIVE NATION MUSIC,0.0,0.0,0.0,0,0,0,2,0,0,Club
The Linda Lindas,2026-11-05,,LIVE NATION MUSIC,101815.99,6550.0,0.0,0,0,1,4,0,0,Club
Wim Tapley &amp; The Cannons,2026-11-05,,LIVE NATION MUSIC,0.0,0.0,0.0,0,0,0,2,0,0,Club
honestav,2026-11-05,,LIVE NATION MUSIC,76832.0,0.0,0.0,0,0,0,5,0,0,Club
"Chris Brown, Usher",2026-11-06,,LIVE NATION MUSIC,0.0,0.0,0.0,0,0,0,0,18,0,Stadium
Dave Matthews Band,2026-11-06,,LIVE NATION MUSIC,34673812.01,52998276.22,63274603.4,391,116,17,4,16,6,Arena
Deftones,2026-11-07,,LIVE NATION MUSIC,33770211.51,1866169.09,0.0,20,54,45,80,1,2,Stadium
Rod Wave,2026-11-06,,LIVE NATION MUSIC,19871622.03,44782080.52,58117202.64,1,84,1,0,0,0,Arena
John Summit,2026-11-06,,LIVE NATION MUSIC,1618895.52,6378033.54,2121909.0,1,6,4,6,1,1,Arena
Doja Cat,2026-11-06,,LIVE NATION MUSIC,7384674.46,7298161.81,31988065.4,0,39,0,9,0,0,Arena
The Smashing Pumpkins,2026-11-06,,LIVE NATION MUSIC,956409.95,4451112.17,12656219.06,29,91,37,25,1,5,Arena
Dan + Shay,2026-11-06,,LIVE NATION MUSIC,0.0,23220519.09,2076160.61,32,54,33,41,1,8,Arena
Alanis Morissette,2026-11-06,,LIVE NATION MUSIC,6880538.55,30678064.16,699424.9,59,22,19,14,4,3,Theater
Little Big Town,2026-11-06,,LIVE NATION MUSIC,1005292.0,13004819.31,2846985.5,20,68,94,16,1,12,Theater
Reason,2026-11-06,,LIVE NATION MUSIC,0.0,3617.6,1440.0,0,0,1,1,0,0,Club
Gavin Adcock,2026-11-06,,LIVE NATION MUSIC,1074735.95,823287.0,64130.0,2,0,8,38,0,1,Theater
Femme Fatale,2026-11-06,,LIVE NATION MUSIC,0.0,0.0,0.0,0,0,0,1,0,0,Arena
"Chicago, Styx",2026-11-06,,LIVE NATION MUSIC,0.0,0.0,0.0,0,0,1,0,0,0,Arena
Forever,2026-11-06,,LIVE NATION MUSIC,70329.51,0.0,0.0,0,1,0,0,0,0,Theater
Sammy Rae &amp; The Friends,2026-11-06,,LIVE NATION MUSIC,365473.19,765933.13,407010.69,0,0,11,33,0,1,Club
Three Days Grace,2026-11-06,,LIVE NATION MUSIC,2587583.58,0.0,514555.96,4,55,36,61,0,8,Arena
The Maine,2026-11-06,,LIVE NATION MUSIC,498528.95,203532.82,259817.8,1,0,27,94,0,2,Arena
Arcángel,2026-11-06,,LIVE NATION MUSIC,0.0,5578759.22,9635530.99,2,31,5,0,4,1,Amphitheatre
"""Elemental Cali"", Carl Cox",2026-11-06,,LIVE NATION MUSIC,275175.2,0.0,0.0,0,1,0,0,0,0,Arena
Sleeping With Sirens,2026-11-06,,LIVE NATION MUSIC,0.0,350306.75,319502.92,0,1,30,104,0,5,Club
Fetty Wap,2026-11-06,,LIVE NATION MUSIC,0.0,0.0,0.0,0,2,6,13,0,0,Club
Lenny Pearce,2026-11-07,,LIVE NATION MUSIC,1149576.75,11247.35,0.0,1,0,32,23,0,2,Amphitheatre
Bad Gyal,2026-11-06,,LIVE NATION MUSIC,0.0,1369372.12,1613122.36,0,8,1,1,1,1,Arena
Alvaro,2026-11-06,,LIVE NATION MUSIC,0.0,0.0,0.0,0,0,0,1,0,0,Club
Grupo Duelo,2026-11-06,,LIVE NATION MUSIC,0.0,49134.0,0.0,0,3,1,0,0,0,Theater
Pedro Fernández,2026-11-06,,LIVE NATION MUSIC,1459820.78,1070035.34,992662.55,2,12,10,0,0,0,Theater
"""Les Nits de Barcelona"", Sting",2026-11-06,,LIVE NATION MUSIC,0.0,0.0,0.0,0,0,0,0,0,1,Other
Eliza,2026-11-06,,LIVE NATION MUSIC,0.0,0.0,3339.85,0,0,0,1,0,0,Club
Charles Wesley Godwin,2026-11-06,,LIVE NATION MUSIC,758444.48,1054854.04,609346.0,1,2,10,22,0,2,Theater
Judah &amp; The Lion,2026-11-06,,LIVE NATION MUSIC,74475.0,108536.7,156098.0,1,0,33,100,0,3,Club
Switchfoot,2026-11-06,,LIVE NATION MUSIC,181031.87,600305.9299999999,763943.0,5,6,80,76,1,17,Theater
Periphery,2026-11-06,,LIVE NATION MUSIC,0.0,508193.42,0.0,0,0,21,57,0,3,Theater
"""Past, Present, Future: A Dance Gala""",2026-11-06,,LIVE NATION MUSIC,0.0,0.0,0.0,0,0,1,0,0,0,Theater
Sabaton,2026-11-06,,LIVE NATION MUSIC,11860820.15,0.0,3200841.5700000003,0,29,15,31,0,0,Club
Skillet,2026-11-06,,LIVE NATION MUSIC,2238507.06,260542.96,1377748.06,6,30,43,67,0,14,Theater
Morrissey,2026-11-06,,LIVE NATION MUSIC,7596606.33,1017799.69,2240888.39,6,43,97,19,0,10,Arena
Amble,2026-11-06,,LIVE NATION MUSIC,4025470.09,406488.11,0.0,0,5,8,27,2,4,Club
Medium Build,2026-11-06,,LIVE NATION MUSIC,51553.06,277378.99,6501.48,0,0,2,32,0,1,Club
AIR,2026-11-06,,LIVE NATION MUSIC,975555.74,5729457.01,0.0,4,2,25,15,1,1,Arena
Wheeler Walker Jr.,2026-11-06,,LIVE NATION MUSIC,0.0,131246.5,289839.0,0,0,4,27,0,0,Club
Dan &amp; Al,2026-11-06,,HOUSE OF BLUES CONCERTS (HOB),5119.0,6185.05,0.0,0,0,0,6,0,0,Club
Anne Wilson,2026-11-06,,LIVE NATION MUSIC,1160179.08,2081631.78,857470.0,0,1,81,2,0,2,Theater
They Might Be Giants,2026-11-06,,LIVE NATION MUSIC,486578.5,1261195.18,660640.34,1,1,48,146,0,0,Club
Judah &amp; The Lion,2026-11-07,,LIVE NATION MUSIC,74475.0,108536.7,156098.0,1,0,33,100,0,3,Club
Wage War,2026-11-06,,FRANK PRODUCTIONS,0.0,250965.5,163464.08000000002,0,1,4,25,0,1,Club
They Might Be Giants,2026-11-06,,LIVE NATION MUSIC,486578.5,1261195.18,660640.34,1,1,48,146,0,0,Club
"""Past, Present, Future: A Dance Gala""",2026-11-07,,LIVE NATION MUSIC,0.0,0.0,0.0,0,0,1,0,0,0,Theater
Basement,2026-11-06,,LIVE NATION MUSIC,85725.97,42000.0,0.0,0,0,2,25,0,4,Club
SiM,2026-11-06,,LIVE NATION MUSIC,0.0,78357.29000000001,0.0,0,0,0,4,0,0,Club
Victory,2026-11-06,,LIVE NATION MUSIC,0.0,0.0,0.0,0,0,0,2,0,0,Club
"Tres Clásicos del Rock - Tributo a The Doors, The Beatles &amp; Toncho Pilatos",2026-11-06,,LIVE NATION MUSIC,0.0,0.0,13766.52,0,0,1,0,0,0,Theater
Hudson Westbrook,2026-11-06,,LIVE NATION MUSIC,525662.0,16045.0,0.0,1,1,1,7,0,0,Theater
Punch Brothers,2026-11-06,,LIVE NATION MUSIC,93970.0,66709.6,0.0,4,0,69,70,0,2,Theater
Rival Sons,2026-11-06,,LIVE NATION MUSIC,153941.61,116553.8,395290.35,0,2,29,81,0,1,Club
The Black Angels,2026-11-06,,LIVE NATION MUSIC,0.0,18493.85,128084.29,1,0,16,79,0,0,Club
Hiss Golden Messenger,2026-11-06,,LIVE NATION MUSIC,0.0,7598.0,93982.85,0,0,3,56,0,0,Club
Dylan Scott,2026-11-06,,LIVE NATION MUSIC,1081569.85,344692.27,235879.0,2,6,6,28,0,6,Club
The Black Dahlia Murder,2026-11-07,,LIVE NATION MUSIC,0.0,65614.66,163785.56,0,0,21,93,0,2,Club
Tou,2026-11-06,,LIVE NATION MUSIC,0.0,348354.82999999996,0.0,0,0,0,1,0,1,Theater
Hudson Freeman,2026-11-06,,LIVE NATION MUSIC,0.0,0.0,0.0,0,0,0,1,0,0,Club
UB40,2026-11-06,,HOUSE OF BLUES CONCERTS (HOB),253537.51,5742450.69,2259277.81,7,34,50,22,0,4,Theater
Black Jacket Symphony,2026-11-06,,EMPORIUM PRESENTS,669067.4,782504.15,627644.4,0,0,133,38,0,1,Theater
Thee Sinseers,2026-11-06,,LIVE NATION MUSIC,30027.5,63265.0,6350.0,1,0,0,12,0,0,Club
Pigeons Playing Ping Pong,2026-11-07,,HOUSE OF BLUES CONCERTS (HOB),446438.84,1120502.27,597257.17,4,0,20,142,2,3,Club
The Menzingers,2026-11-07,,LIVE NATION MUSIC,0.0,83860.93,175297.68,0,0,3,45,0,0,Club
Linkin Park,2026-11-06,,HOUSE OF BLUES CONCERTS (HOB),137471097.39000002,27568154.22,0.0,2,85,2,2,33,0,Arena
almost monday,2026-11-06,,LIVE NATION MUSIC,58670.4,0.0,2884.0,0,0,0,9,0,1,Club
SOB X RBE,2026-11-06,,LIVE NATION MUSIC,0.0,0.0,0.0,0,0,10,26,0,3,Club
The Sweet,2026-11-06,,FRANK PRODUCTIONS,38486.18,0.0,0.0,0,0,2,0,0,0,Theater
The Wrecks,2026-11-06,,LIVE NATION MUSIC,97000.68,0.0,0.0,0,0,1,12,0,0,Theater
Pretty Sick,2026-11-06,,LIVE NATION MUSIC,0.0,0.0,0.0,0,0,0,3,0,0,Club
Svdden Death,2026-11-06,,LIVE NATION MUSIC,466210.89,182085.39,1142899.0,4,0,0,10,0,0,Club
Maná,2026-11-06,,LIVE NATION MUSIC,0.0,0.0,0.0,0,1,0,0,0,0,Arena
Michelle Branch,2026-11-06,,LIVE NATION MUSIC,0.0,0.0,0.0,0,0,2,13,0,0,Club
Pretty Lights,2026-11-06,,LIVE NATION MUSIC,0.0,4219531.16,1947559.55,36,25,50,53,3,12,Club
Vince Staples,2026-11-06,,LIVE NATION MUSIC,0.0,253029.0,0.0,0,0,7,36,0,0,Theater
Winyah,2026-11-06,,LIVE NATION MUSIC,12400.0,0.0,0.0,0,0,1,4,0,0,Club
Underoath,2026-11-06,,LIVE NATION MUSIC,0.0,418700.1,308406.2,0,2,22,75,0,4,Club
Pretty Lights,2026-11-06,,LIVE NATION MUSIC,0.0,4219531.16,1947559.55,36,25,50,53,3,12,Club
Micky Dolenz,2026-11-06,,LIVE NATION MUSIC,318321.5,102378.8,138337.35,0,0,10,18,0,1,Arena
Chris Mitchell,2026-11-06,,HOUSE OF BLUES CONCERTS (HOB),0.0,0.0,0.0,0,0,0,1,0,0,Club
Rav,2026-11-06,,LIVE NATION MUSIC,0.0,0.0,7775.0,0,0,0,4,0,0,Club
Mountain Grass Unit,2026-11-06,,LIVE NATION MUSIC,21000.0,7592.0,684.0,1,0,1,6,0,1,Club
"The Astronomers, Kyle Hume",2026-11-06,,LIVE NATION MUSIC,6534.0,0.0,0.0,0,0,0,2,0,0,Theater
"Murf, Civil Decline, Green, Basketball Divorce Court",2026-11-06,,LIVE NATION MUSIC,0.0,0.0,1748.0,0,0,0,1,0,0,Theater
Madra Salach,2026-11-06,,LIVE NATION MUSIC,0.0,0.0,0.0,0,0,0,1,0,0,Club
Bryan Andrews,2026-11-07,,LIVE NATION MUSIC,0.0,453.0,0.0,0,0,0,1,0,0,Club
Underoath,2026-11-06,,LIVE NATION MUSIC,0.0,418700.1,308406.2,0,2,22,75,0,4,Theater
IVE,2026-11-06,,LIVE NATION MUSIC,3790215.44,12543199.86,3686900.39,0,20,0,0,0,0,Theater
State Champs,2026-11-06,,LIVE NATION MUSIC,202412.59,75375.0,0.0,0,0,9,29,0,0,Club
"Suicide Silence, Chelsea Grin",2026-11-06,,LIVE NATION MUSIC,0.0,0.0,20000.0,0,0,0,1,0,0,Theater
"Joey Fatone, AJ McLean",2026-11-06,,LIVE NATION MUSIC,0.0,1007339.51,0.0,1,0,6,2,0,0,Theater
STELLA LEFTY,2026-11-06,,HOUSE OF BLUES CONCERTS (HOB),0.0,0.0,0.0,0,0,0,1,0,0,Club
"Tres Clásicos del Rock - Tributo a The Doors, The Beatles &amp; Toncho Pilatos",2026-11-06,,LIVE NATION MUSIC,0.0,0.0,13766.52,0,0,1,0,0,0,Theater
Power,2026-11-06,,FRANK PRODUCTIONS,0.0,0.0,0.0,0,0,0,1,0,0,Club
Prince Daddy &amp; the Hyena,2026-11-06,,LIVE NATION MUSIC,14330.0,23187.85,10500.0,0,0,0,16,0,2,Club
Better Than Ezra,2026-11-06,,FRANK PRODUCTIONS,67594.0,69299.9,77840.0,1,0,16,20,0,2,Theater
Taylor &amp; The Wild Now,2026-11-06,,LIVE NATION MUSIC,0.0,0.0,0.0,0,0,0,3,0,0,Club
Alborosie,2026-11-06,,LIVE NATION MUSIC,0.0,8811.0,0.0,0,0,0,5,0,0,Theater
Great Lake Swimmers,2026-11-06,,LIVE NATION MUSIC,1620.0,4070.0,0.0,0,0,5,27,0,2,Club
West 22nd,2026-11-06,,FRANK PRODUCTIONS,16408.0,7821.0,0.0,0,0,2,7,0,0,Theater
Akeem Ali,2026-11-06,,LIVE NATION MUSIC,6800.0,10982.0,0.0,0,0,0,3,0,1,Club
Isaiah Rashad,2026-11-06,,LIVE NATION MUSIC,0.0,274022.0,388038.79,0,1,16,46,0,0,Club
George Clanton,2026-11-06,,LIVE NATION MUSIC,51207.5,17007.0,60284.82,0,0,1,9,0,1,Theater
American Analog Set,2026-11-06,,LIVE NATION MUSIC,5000.0,17164.0,0.0,0,0,2,0,0,0,Theater
Never Ending Fall,2026-11-06,,LIVE NATION TENNESSEE,0.0,5645.0,0.0,0,0,0,5,0,0,Club
Southall,2026-11-06,,FRANK PRODUCTIONS,33146.57,64772.15,65581.0,6,3,10,73,0,4,Club
Arty,2026-11-07,,FRANK PRODUCTIONS,0.0,4500.0,14060.0,0,0,1,13,0,0,Theater
Grateful Shred,2026-11-06,,LIVE NATION MUSIC,232878.42,122314.0,61533.77,1,0,8,54,0,0,Theater
"Tres Clásicos del Rock - Tributo a The Doors, The Beatles &amp; Toncho Pilatos",2026-11-06,,LIVE NATION MUSIC,0.0,0.0,13766.52,0,0,1,0,0,0,Theater
Six Foot Blonde,2026-11-06,,FRANK PRODUCTIONS,11967.0,10044.0,5448.0,0,0,0,3,0,3,Club
Jo Dee Messina,2026-11-06,,LIVE NATION MUSIC,581213.6799999999,231891.85,451310.9,1,2,24,11,0,5,Theater
Dave Hause,2026-11-06,,LIVE NATION MUSIC,61081.71,114963.8,0.0,0,0,5,52,0,25,Club
Supertaste,2026-11-06,,LIVE NATION MUSIC,0.0,0.0,0.0,0,0,0,1,0,0,Club
Jon B,2026-11-06,,HOUSE OF BLUES CONCERTS (HOB),149874.51,211838.95,181255.45,0,0,2,37,0,0,Club
Kai,2026-11-06,,LIVE NATION MUSIC,6150.0,0.0,0.0,0,0,0,3,0,0,Club
Pop &amp; Poesie,2026-11-06,,HOUSE OF BLUES CONCERTS (HOB),0.0,123508.86,0.0,0,0,3,0,0,0,Theater
Major League Djz,2026-11-06,,LIVE NATION MUSIC,0.0,23375.0,0.0,0,0,0,2,0,0,Club
"""Corrosion: A Goth, Industrial, And Noise Club Night""",2026-11-06,,LIVE NATION MUSIC,0.0,0.0,0.0,0,0,0,25,0,0,Theater
Fleetwood Mac,2026-11-06,,LIVE NATION MUSIC,0.0,35419.68,0.0,4,206,1,0,3,1,Arena
Fleetwood Mac,2026-11-06,,LIVE NATION MUSIC,0.0,35419.68,0.0,4,206,1,0,3,1,Arena
"Kolby Cooper, Austin Snell",2026-11-06,,LIVE NATION MUSIC,0.0,0.0,0.0,0,0,0,6,0,0,Club
Acid Bath,2026-11-06,,LIVE NATION MUSIC,1533445.68,0.0,0.0,3,1,7,5,0,1,Arena
DABIN,2026-11-06,,LIVE NATION MUSIC,0.0,1096920.2,3450956.16,3,0,5,18,0,0,Amphitheatre
DABIN,2026-11-06,,LIVE NATION MUSIC,0.0,1096920.2,3450956.16,3,0,5,18,0,0,Amphitheatre
Acid Bath,2026-11-06,,LIVE NATION MUSIC,1533445.68,0.0,0.0,3,1,7,5,0,1,Arena
Trish Toledo,2026-11-06,,LIVE NATION MUSIC,0.0,29875.0,7090.0,0,0,0,3,0,0,Theater
Trish Toledo,2026-11-06,,LIVE NATION MUSIC,0.0,29875.0,7090.0,0,0,0,3,0,0,Theater
Trish Toledo,2026-11-06,,LIVE NATION MUSIC,0.0,29875.0,7090.0,0,0,0,3,0,0,Theater
Metallica,2026-11-07,,LIVE NATION MUSIC,137107458.47,179373637.38,146435306.85,0,95,4,4,135,10,Stadium
Dave Matthews Band,2026-11-07,,LIVE NATION MUSIC,34673812.01,52998276.22,63274603.4,391,116,17,4,16,6,Arena
Olivia Rodrigo,2026-11-07,,LIVE NATION MUSIC,23420107.2,169307085.8,0.0,0,68,10,2,5,1,Arena
Femme Fatale,2026-11-07,,LIVE NATION MUSIC,0.0,0.0,0.0,0,0,0,1,0,0,Club
Reason,2026-11-07,,LIVE NATION MUSIC,0.0,3617.6,1440.0,0,0,1,1,0,0,Arena
John Summit,2026-11-07,,LIVE NATION MUSIC,1618895.52,6378033.54,2121909.0,1,6,4,6,1,1,Arena
Karan Aujla,2026-11-07,,LIVE NATION MUSIC,3420048.2,5984529.85,132877.75,0,14,0,1,0,0,Arena
Three Days Grace,2026-11-07,,LIVE NATION MUSIC,2587583.58,0.0,514555.96,4,55,36,61,0,8,Arena
Little Big Town,2026-11-07,,LIVE NATION MUSIC,1005292.0,13004819.31,2846985.5,20,68,94,16,1,12,Theater
Sammy Rae &amp; The Friends,2026-11-07,,LIVE NATION MUSIC,365473.19,765933.13,407010.69,0,0,11,33,0,1,Theater
Dan + Shay,2026-11-07,,LIVE NATION MUSIC,0.0,23220519.09,2076160.61,32,54,33,41,1,8,Amphitheatre
"Chicago, Styx",2026-11-07,,LIVE NATION MUSIC,0.0,0.0,0.0,0,0,1,0,0,0,Arena
Zayn,2026-11-07,,LIVE NATION MUSIC,6179725.37,3409597.99,0.0,0,3,18,1,3,0,Arena
Sugarland,2026-11-07,,LIVE NATION MUSIC,0.0,0.0,0.0,71,60,8,1,4,4,Arena
Tinashe,2026-11-07,,LIVE NATION MUSIC,158633.77000000002,528727.5,0.0,1,0,6,23,0,1,Club
Orville Peck,2026-11-07,,LIVE NATION MUSIC,0.0,1089190.07,122699.0,2,0,10,21,0,3,Club
KATSEYE,2026-11-07,,LIVE NATION MUSIC,3690618.47,0.0,0.0,0,1,5,1,0,0,Arena
Santana,2026-11-07,,HOUSE OF BLUES CONCERTS (HOB),10372269.62,0.0,3349278.95,59,103,47,16,7,8,Arena
State Champs,2026-11-07,,LIVE NATION MUSIC,202412.59,75375.0,0.0,0,0,9,29,0,0,Arena
Amble,2026-11-07,,LIVE NATION MUSIC,4025470.09,406488.11,0.0,0,5,8,27,2,4,Club
Rawayana,2026-11-07,,LIVE NATION MUSIC,0.0,1859072.56,268722.57,0,16,8,9,1,1,Arena
The Return,2026-11-07,,LIVE NATION MUSIC,0.0,0.0,0.0,0,0,1,5,0,6,Other
Grupo Cañaveral,2026-11-07,,LIVE NATION MUSIC,0.0,163042.55,0.0,0,0,4,0,0,0,Theater
Sabaton,2026-11-07,,LIVE NATION MUSIC,11860820.15,0.0,3200841.5700000003,0,29,15,31,0,0,Theater
"Level Up, Zingara",2026-11-07,,LIVE NATION MUSIC,0.0,0.0,0.0,1,0,0,0,0,0,Arena
Geese,2026-11-07,,LIVE NATION MUSIC,156640.0,29014.0,20820.18,0,0,1,30,0,2,Club
Once &amp; Future Band,2026-11-07,,LIVE NATION MUSIC,0.0,0.0,0.0,0,0,0,1,0,0,Club
Grupo Niche,2026-11-07,,LIVE NATION MUSIC,976471.87,1054076.32,742341.24,0,3,14,5,1,0,Theater
Meredith Marks,2026-11-07,,LIVE NATION MUSIC,0.0,0.0,0.0,0,0,0,1,0,0,Club
"""Les Nits de Barcelona"", Sting",2026-11-07,,LIVE NATION MUSIC,0.0,0.0,0.0,0,0,0,0,0,1,Other
YEBBA,2026-11-07,,LIVE NATION MUSIC,0.0,0.0,0.0,0,0,0,4,0,0,Club
Sleeping With Sirens,2026-11-07,,LIVE NATION MUSIC,0.0,350306.75,319502.92,0,1,30,104,0,5,Arena
10 Years,2026-11-07,,LIVE NATION MUSIC,17283.0,47010.25,6775.0,0,0,11,89,0,3,Theater
Alter Bridge,2026-11-07,,LIVE NATION MUSIC,0.0,0.0,1508123.42,1,40,41,59,1,6,Club
Wage War,2026-11-07,,LIVE NATION MUSIC,0.0,250965.5,163464.08000000002,0,1,4,25,0,1,Club
Alvaro,2026-11-07,,LIVE NATION MUSIC,0.0,0.0,0.0,0,0,0,1,0,0,Club
Movements,2026-11-07,,LIVE NATION MUSIC,308781.6,267276.63,140008.0,0,0,1,23,0,1,Club
They Might Be Giants,2026-11-07,,LIVE NATION MUSIC,486578.5,1261195.18,660640.34,1,1,48,146,0,0,Club
Whethan,2026-11-07,,LIVE NATION MUSIC,0.0,14505.0,0.0,0,0,2,31,0,1,Club
Forever,2026-11-08,,LIVE NATION MUSIC,70329.51,0.0,0.0,0,1,0,0,0,0,Arena
Dweezil Zappa,2026-11-07,,LIVE NATION MUSIC,1060154.55,1718199.74,0.0,0,0,69,53,0,3,Theater
Lenny Pearce,2026-11-08,,LIVE NATION MUSIC,1149576.75,11247.35,0.0,1,0,32,23,0,2,Arena
Avery Anna,2026-11-07,,FRANK PRODUCTIONS,64422.0,18000.0,11491.0,0,0,3,10,0,0,Club
Trivium,2026-11-08,,LIVE NATION MUSIC,398903.12,0.0,378436.41,0,3,22,57,0,1,Club
The Story So Far,2026-11-07,,LIVE NATION MUSIC,175730.0,311383.29,21725.0,0,0,10,56,1,4,Theater
Steve Lacy,2026-11-07,,LIVE NATION MUSIC,0.0,0.0,48400.0,1,2,2,7,0,0,Amphitheatre
Paul Cauthen,2026-11-07,,LIVE NATION MUSIC,222688.0,213372.0,435342.0,0,0,2,56,0,3,Club
"""OC Fair"", X",2026-11-07,,LIVE NATION MUSIC,265452.0,175632.25,298735.0,3,0,0,0,0,0,Amphitheatre
Buena Vista Orchestra,2026-11-07,,LIVE NATION MUSIC,80477.5,0.0,0.0,0,0,1,1,0,0,Arena
Daughtry,2026-11-07,,LIVE NATION MUSIC,0.0,248378.35,1728352.14,9,66,135,39,0,22,Theater
"""Laughs, Music, &amp; Vibes""",2026-11-07,,LIVE NATION MUSIC,0.0,0.0,0.0,0,0,0,1,0,0,Club
"Melissa Etheridge, Wynonna Judd",2026-11-07,,LIVE NATION MUSIC,0.0,0.0,0.0,3,0,0,0,0,0,Arena
Big Star,2026-11-07,,LIVE NATION MUSIC,0.0,13035.0,0.0,0,0,1,4,0,0,Theater
El Tri,2026-11-07,,LIVE NATION MUSIC,2545893.21,56655.0,362219.0,0,8,15,9,1,1,Theater
Julia Jacklin,2026-11-07,,LIVE NATION MUSIC,0.0,141592.86,327508.12,0,0,13,47,0,7,Club
Motionless In White,2026-11-07,,LIVE NATION MUSIC,131287.04,0.0,1810722.63,7,19,22,41,0,2,Club
Turnover,2026-11-07,,LIVE NATION MUSIC,1343969.0,34201.28,13530.0,2,1,5,35,0,2,Amphitheatre
La India,2026-11-07,,LIVE NATION MUSIC,0.0,0.0,357340.2,0,0,4,1,0,0,Theater
Elijah Scott,2026-11-07,,LIVE NATION MUSIC,0.0,0.0,0.0,0,0,0,2,0,0,Club
Baby Smoove,2026-11-07,,LIVE NATION MUSIC,0.0,0.0,29610.0,0,0,0,1,0,0,Club
Fantasy,2026-11-07,,LIVE NATION MUSIC,0.0,0.0,0.0,1,26,26,4,0,15,Club
Dan &amp; Al,2026-11-07,,HOUSE OF BLUES CONCERTS (HOB),5119.0,6185.05,0.0,0,0,0,6,0,0,Club
almost monday,2026-11-07,,LIVE NATION MUSIC,58670.4,0.0,2884.0,0,0,0,9,0,1,Theater
The Paradox,2026-11-08,,LIVE NATION MUSIC,4780.0,0.0,0.0,0,0,1,0,0,0,Theater
Skilla Baby,2026-11-07,,LIVE NATION MUSIC,0.0,32505.0,0.0,0,0,0,1,0,0,Club
Pearl Jam,2026-11-07,,LIVE NATION MUSIC,23156565.0,121388609.61,20469249.0,5,96,1,0,26,2,Arena
"""Past, Present, Future: A Dance Gala""",2026-11-07,,LIVE NATION MUSIC,0.0,0.0,0.0,0,0,1,0,0,0,Theater
Pretty Lights,2026-11-07,,LIVE NATION MUSIC,0.0,4219531.16,1947559.55,36,25,50,53,3,12,Club
Switchfoot,2026-11-07,,LIVE NATION MUSIC,181031.87,600305.9299999999,763943.0,5,6,80,76,1,17,Amphitheatre
Underoath,2026-11-07,,LIVE NATION MUSIC,0.0,418700.1,308406.2,0,2,22,75,0,4,Arena
America,2026-11-07,,LIVE NATION MUSIC,3837882.2,4477164.55,1750231.2,5,8,175,41,0,14,Theater
Porch Light,2026-11-07,,LIVE NATION MUSIC,41434.0,0.0,0.0,0,0,1,8,0,0,Theater
"Steve Martin, Martin Short",2026-11-07,,LIVE NATION MUSIC,4517635.83,5056126.6,4691814.43,27,10,123,3,0,2,Theater
SiM,2026-11-07,,LIVE NATION MUSIC,0.0,78357.29000000001,0.0,0,0,0,4,0,0,Club
Underoath,2026-11-07,,LIVE NATION MUSIC,0.0,418700.1,308406.2,0,2,22,75,0,4,Arena
Arty,2026-11-08,,LIVE NATION MUSIC,0.0,4500.0,14060.0,0,0,1,13,0,0,Club
Artikal Sound System,2026-11-07,,LIVE NATION MUSIC,4810.0,1350.0,0.0,0,0,0,3,0,0,Club
"Tres Clásicos del Rock - Tributo a The Doors, The Beatles &amp; Toncho Pilatos",2026-11-07,,EMPORIUM PRESENTS,0.0,0.0,13766.52,0,0,1,0,0,0,Theater
Forever,2026-11-07,,LIVE NATION MUSIC,70329.51,0.0,0.0,0,1,0,0,0,0,Theater
Jake Shimabukuro,2026-11-07,,LIVE NATION MUSIC,51837.5,221827.8,179733.7,2,1,138,102,0,15,Theater
WesGhost,2026-11-07,,LIVE NATION MUSIC,11847.74,5791.41,0.0,0,0,0,3,0,0,Club
Bubba Sparxxx,2026-11-07,,HOUSE OF BLUES CONCERTS (HOB),0.0,0.0,0.0,0,0,1,1,0,0,Club
Abbie Gamboa,2026-11-07,,LIVE NATION MUSIC,0.0,43390.0,0.0,0,0,1,3,0,0,Theater
"""SummerStage"", Two Door Cinema Club, Friends",2026-11-07,,LIVE NATION MUSIC,0.0,0.0,0.0,1,0,0,0,0,0,Arena
"Muuy Biien, Ripper",2026-11-07,,LIVE NATION TENNESSEE,0.0,0.0,0.0,0,0,0,1,0,0,Club
Freeman,2026-11-07,,LIVE NATION MUSIC,0.0,0.0,0.0,0,0,0,13,0,0,Club
STELLA LEFTY,2026-11-07,,HOUSE OF BLUES CONCERTS (HOB),0.0,0.0,0.0,0,0,0,1,0,0,Club
"Tres Clásicos del Rock - Tributo a The Doors, The Beatles &amp; Toncho Pilatos",2026-11-07,,LIVE NATION MUSIC,0.0,0.0,13766.52,0,0,1,0,0,0,Theater
Alicia Villarreal,2026-11-07,,LIVE NATION MUSIC,647045.73,1374508.36,306780.57999999996,1,4,28,3,0,1,Theater
STELLA LEFTY,2026-11-07,,HOUSE OF BLUES CONCERTS (HOB),0.0,0.0,0.0,0,0,0,1,0,0,Club
"Tres Clásicos del Rock - Tributo a The Doors, The Beatles &amp; Toncho Pilatos",2026-11-07,,LIVE NATION MUSIC,0.0,0.0,13766.52,0,0,1,0,0,0,Theater
"The Army, The Navy",2026-11-08,,LIVE NATION MUSIC,33084.56,0.0,0.0,0,0,1,4,0,0,Club
Head,2026-11-07,,LIVE NATION MUSIC,0.0,0.0,0.0,0,0,0,3,0,0,Theater
Josh Garrels,2026-11-07,,LIVE NATION MUSIC,0.0,12960.5,0.0,0,0,8,29,0,6,Club
Holywatr,2026-11-07,,FRANK PRODUCTIONS,10133.0,0.0,0.0,0,0,0,3,0,0,Club
Dave Hause,2026-11-07,,LIVE NATION MUSIC,61081.71,114963.8,0.0,0,0,5,52,0,25,Club
Forever,2026-11-07,,LIVE NATION MUSIC,70329.51,0.0,0.0,0,1,0,0,0,0,Arena
America,2026-11-07,,LIVE NATION MUSIC,3837882.2,4477164.55,1750231.2,5,8,175,41,0,14,Theater
Xperience,2026-11-07,,LIVE NATION MUSIC,0.0,0.0,0.0,0,0,0,2,0,0,Club
Hit The Lights,2026-11-07,,HOUSE OF BLUES CONCERTS (HOB),0.0,0.0,0.0,0,0,0,9,0,0,Club
"Tres Clásicos del Rock - Tributo a The Doors, The Beatles &amp; Toncho Pilatos",2026-11-07,,LIVE NATION MUSIC,0.0,0.0,13766.52,0,0,1,0,0,0,Theater
Jake Shimabukuro,2026-11-07,,LIVE NATION MUSIC,51837.5,221827.8,179733.7,2,1,138,102,0,15,Theater
Royale,2026-11-07,,FRANK PRODUCTIONS,0.0,0.0,0.0,0,0,0,2,0,0,Club
Grateful Shred,2026-11-07,,LIVE NATION MUSIC,232878.42,122314.0,61533.77,1,0,8,54,0,0,Club
"""SummerStage"", Two Door Cinema Club, Friends",2026-11-07,,LIVE NATION MUSIC,0.0,0.0,0.0,1,0,0,0,0,0,Arena
Kai,2026-11-07,,LIVE NATION MUSIC,6150.0,0.0,0.0,0,0,0,3,0,0,Club
Unrest,2026-11-07,,FRANK PRODUCTIONS,0.0,0.0,0.0,0,0,0,1,0,0,Club
Sammy Arriaga,2026-11-07,,LIVE NATION MUSIC,0.0,0.0,0.0,1,0,0,4,0,0,Theater
Cannibal &amp; The Headhunters,2026-11-07,,LIVE NATION MUSIC,0.0,0.0,0.0,0,0,1,0,0,0,Theater
The Record Company,2026-11-07,,LIVE NATION MUSIC,47337.85,130186.02,21250.0,0,0,15,67,0,1,Club
Dead Poet Society,2026-11-08,,LIVE NATION MUSIC,0.0,95493.81,8199.75,0,0,0,18,0,1,Theater
Certainly So,2026-11-07,,FRANK PRODUCTIONS,790.0,1620.0,495.0,0,0,0,3,0,0,Theater
Fetty Wap,2026-11-07,,LIVE NATION MUSIC,0.0,0.0,0.0,0,2,6,13,0,0,Theater
Doja Cat,2026-11-07,,LIVE NATION MUSIC,7384674.46,7298161.81,31988065.4,0,39,0,9,0,0,Arena
Margaret Glaspy,2026-11-07,,LIVE NATION MUSIC,18945.0,38946.130000000005,27333.28,0,0,5,43,0,10,Club
Victor &amp; Leo,2026-11-07,,LIVE NATION MUSIC,0.0,0.0,0.0,0,0,24,1,0,0,Theater
Maddie Zahm,2026-11-07,,LIVE NATION MUSIC,0.0,103535.0,47568.0,0,0,0,8,0,0,Club
"August Burns Red, The Amity Affliction",2026-11-07,,LIVE NATION MUSIC,0.0,0.0,0.0,0,0,0,1,0,0,Club
Dia De Los Muertos,2026-11-07,,LIVE NATION MUSIC,0.0,2872.0,0.0,0,0,1,0,0,0,Theater
Ethan Regan,2026-11-07,,LIVE NATION MUSIC,29853.28,2015.0,0.0,0,0,0,6,0,0,Theater
Y &amp; T,2026-11-07,,LIVE NATION MUSIC,0.0,0.0,62935.0,1,0,12,36,0,0,Club
Bahamas,2026-11-07,,LIVE NATION MUSIC,12873.04,49909.63,126849.0,0,0,13,45,0,4,Club
"Jorge Medina, Josi Cuen",2026-11-07,,LIVE NATION MUSIC,10398880.51,2168649.66,0.0,0,5,7,0,1,0,Theater
Forever,2026-11-07,,LIVE NATION MUSIC,70329.51,0.0,0.0,0,1,0,0,0,0,Arena
The Record Company,2026-11-07,,LIVE NATION MUSIC,47337.85,130186.02,21250.0,0,0,15,67,0,1,Club
The Wall,2026-11-07,,HOUSE OF BLUES CONCERTS (HOB),0.0,0.0,1272.39,0,0,2,1,0,0,Theater
Victor &amp; Leo,2026-11-07,,LIVE NATION MUSIC,0.0,0.0,0.0,0,0,24,1,0,0,Theater
In Her Own Words,2026-11-07,,LIVE NATION MUSIC,0.0,0.0,0.0,0,0,0,1,0,0,Club
Stella Blue's Band,2026-11-07,,LIVE NATION MUSIC,0.0,3493.75,0.0,0,0,1,5,0,0,Theater
Wheeler Walker Jr.,2026-11-07,,LIVE NATION MUSIC,0.0,131246.5,289839.0,0,0,4,27,0,0,Club
Cut Copy,2026-11-07,,LIVE NATION MUSIC,110290.0,0.0,55668.91,0,1,16,60,0,1,Club
Cut Copy,2026-11-07,,LIVE NATION MUSIC,110290.0,0.0,55668.91,0,1,16,60,0,1,Club
Forever,2026-11-07,,LIVE NATION MUSIC,70329.51,0.0,0.0,0,1,0,0,0,0,Arena
"Jorge Medina, Josi Cuen",2026-11-07,,LIVE NATION MUSIC,10398880.51,2168649.66,0.0,0,5,7,0,1,0,Theater
Celebration,2026-11-07,,LIVE NATION MUSIC,0.0,0.0,0.0,0,0,0,1,0,0,Club
"Chris Brown, Usher",2026-11-08,,LIVE NATION MUSIC,0.0,0.0,0.0,0,0,0,0,18,0,Stadium
Olivia Rodrigo,2026-11-08,,LIVE NATION MUSIC,23420107.2,169307085.8,0.0,0,68,10,2,5,1,Arena
Femme Fatale,2026-11-08,,LIVE NATION MUSIC,0.0,0.0,0.0,0,0,0,1,0,0,Club
Zayn,2026-11-08,,LIVE NATION MUSIC,6179725.37,3409597.99,0.0,0,3,18,1,3,0,Arena
John Summit,2026-11-08,,LIVE NATION MUSIC,1618895.52,6378033.54,2121909.0,1,6,4,6,1,1,Arena
Maná,2026-11-08,,LIVE NATION MUSIC,0.0,0.0,0.0,0,1,0,0,0,0,Arena
The Smashing Pumpkins,2026-11-08,,LIVE NATION MUSIC,956409.95,4451112.17,12656219.06,29,91,37,25,1,5,Arena
Reason,2026-11-08,,LIVE NATION MUSIC,0.0,3617.6,1440.0,0,0,1,1,0,0,Arena
Trippie Redd,2026-11-08,,LIVE NATION MUSIC,0.0,171012.5,592049.0,4,4,6,7,0,1,Arena
Santana,2026-11-08,,HOUSE OF BLUES CONCERTS (HOB),10372269.62,0.0,3349278.95,59,103,47,16,7,8,Arena
Jack White,2026-11-08,,LIVE NATION MUSIC,9888079.67,1029333.01,0.0,8,36,58,33,2,4,Theater
Forever,2026-11-08,,LIVE NATION MUSIC,70329.51,0.0,0.0,0,1,0,0,0,0,Arena
Bryce Crawford,2026-11-08,,LIVE NATION MUSIC,239268.39,0.0,0.0,0,0,22,4,0,0,Amphitheatre
Geese,2026-11-08,,LIVE NATION MUSIC,156640.0,29014.0,20820.18,0,0,1,30,0,2,Club
Buena Vista Orchestra,2026-11-08,,LIVE NATION MUSIC,80477.5,0.0,0.0,0,0,1,1,0,0,Club
Cheap Trick,2026-11-08,,FRANK PRODUCTIONS,342428.99,910817.9,1874345.63,6,2,69,25,0,12,Club
Jonas Brothers,2026-11-08,,LIVE NATION MUSIC,49501788.39,30144554.31,109403725.33,75,195,28,1,28,5,Arena
State Champs,2026-11-08,,LIVE NATION MUSIC,202412.59,75375.0,0.0,0,0,9,29,0,0,Club
Free Throw,2026-11-08,,LIVE NATION MUSIC,7170.66,12411.08,41648.0,1,0,1,17,0,2,Club
Motionless In White,2026-11-08,,LIVE NATION MUSIC,131287.04,0.0,1810722.63,7,19,22,41,0,2,Arena
"""Past, Present, Future: A Dance Gala""",2026-11-08,,LIVE NATION MUSIC,0.0,0.0,0.0,0,0,1,0,0,0,Theater
UB40,2026-11-08,,HOUSE OF BLUES CONCERTS (HOB),253537.51,5742450.69,2259277.81,7,34,50,22,0,4,Theater
almost monday,2026-11-08,,LIVE NATION MUSIC,58670.4,0.0,2884.0,0,0,0,9,0,1,Club
They Might Be Giants,2026-11-08,,LIVE NATION MUSIC,486578.5,1261195.18,660640.34,1,1,48,146,0,0,Club
YEBBA,2026-11-08,,LIVE NATION MUSIC,0.0,0.0,0.0,0,0,0,4,0,0,Club
Catch Your Breath,2026-11-08,,LIVE NATION MUSIC,10444.0,0.0,0.0,0,0,0,6,0,0,Club
Wheeler Walker Jr.,2026-11-08,,LIVE NATION MUSIC,0.0,131246.5,289839.0,0,0,4,27,0,0,Club
Jonas Brothers,2026-11-08,,LIVE NATION MUSIC,49501788.39,30144554.31,109403725.33,75,195,28,1,28,5,Arena
Better Than Ezra,2026-11-08,,LIVE NATION MUSIC,67594.0,69299.9,77840.0,1,0,16,20,0,2,Club
Victor &amp; Leo,2026-11-08,,LIVE NATION MUSIC,0.0,0.0,0.0,0,0,24,1,0,0,Arena
Alicia Villarreal,2026-11-08,,LIVE NATION MUSIC,647045.73,1374508.36,306780.57999999996,1,4,28,3,0,1,Theater
Porch Light,2026-11-08,,LIVE NATION MUSIC,41434.0,0.0,0.0,0,0,1,8,0,0,Club
Buzzcocks,2026-11-08,,LIVE NATION MUSIC,23024.46,78970.92,0.0,0,0,6,27,0,2,Club
Blue October,2026-11-08,,LIVE NATION MUSIC,380805.29,725828.84,1268376.38,4,2,79,177,1,3,Arena
Bad Gyal,2026-11-08,,HOUSE OF BLUES CONCERTS (HOB),0.0,1369372.12,1613122.36,0,8,1,1,1,1,Arena
The Rush Tribute Project,2026-11-08,,EMPORIUM PRESENTS,548321.85,62212.5,173466.09,0,1,42,2,0,1,Arena
"DJ Moma, Showcase, Flygerian",2026-11-08,,LIVE NATION MUSIC,0.0,0.0,0.0,0,0,0,1,0,0,Club
Jessie Reyez,2026-11-08,,LIVE NATION MUSIC,1725959.5,0.0,120873.09,0,0,12,18,0,0,Theater
The Wrecks,2026-11-08,,LIVE NATION MUSIC,97000.68,0.0,0.0,0,0,1,12,0,0,Club
GWAR,2026-11-08,,LIVE NATION MUSIC,232622.19,250475.13,96717.0,0,3,30,172,0,3,Club
Beck,2026-11-08,,LIVE NATION MUSIC,1461640.71,626608.75,4873011.17,24,9,29,9,0,4,Theater
Tab Benoit,2026-11-08,,FRANK PRODUCTIONS,1582818.01,983585.58,1424527.01,5,0,207,215,2,8,Theater
The Paradox,2026-11-09,,LIVE NATION MUSIC,4780.0,0.0,0.0,0,0,1,0,0,0,Theater
Teddy Riley,2026-11-08,,LIVE NATION MUSIC,0.0,0.0,0.0,0,0,1,0,0,0,Theater
Red Leather,2026-11-08,,LIVE NATION MUSIC,7078.110000000001,5670.0,0.0,0,0,0,9,0,0,Theater
"Soft Cell, Marc Almond",2026-11-08,,LIVE NATION MUSIC,175260.66999999998,0.0,0.0,0,0,2,0,0,0,Theater
Dweezil Zappa,2026-11-08,,LIVE NATION MUSIC,1060154.55,1718199.74,0.0,0,0,69,53,0,3,Theater
Hawthorne Heights,2026-11-08,,HOUSE OF BLUES CONCERTS (HOB),10175.0,356921.46,49305.0,2,0,4,55,0,5,Club
New Constellations,2026-11-08,,LIVE NATION MUSIC,21655.48,0.0,0.0,0,0,1,4,0,0,Club
Pretty Lights,2026-11-08,,LIVE NATION MUSIC,0.0,4219531.16,1947559.55,36,25,50,53,3,12,Club
Michigander,2026-11-08,,LIVE NATION MUSIC,21165.19,38024.0,16887.14,0,0,0,29,0,0,Club
The Menzingers,2026-11-08,,LIVE NATION MUSIC,0.0,83860.93,175297.68,0,0,3,45,0,0,Club
"Mic Crenshaw, Special Guests",2026-11-08,,LIVE NATION MUSIC,0.0,0.0,0.0,0,0,0,1,0,0,Club
That Arena Rock Show,2026-11-08,,LIVE NATION MUSIC,242024.25,184812.5,100286.25,5,1,19,7,0,2,Theater
"Kip Moore, Jackson Dean",2026-11-08,,HOUSE OF BLUES CONCERTS (HOB),0.0,0.0,0.0,0,0,1,0,0,0,Theater
Father of Peace,2026-11-08,,LIVE NATION MUSIC,0.0,0.0,0.0,0,0,0,1,0,0,Club
"""SummerStage"", Two Door Cinema Club, Friends",2026-11-08,,LIVE NATION MUSIC,0.0,0.0,0.0,1,0,0,0,0,0,Theater
Baby Smoove,2026-11-08,,LIVE NATION MUSIC,0.0,0.0,29610.0,0,0,0,1,0,0,Theater
Ivers,2026-11-08,,LIVE NATION MUSIC,0.0,0.0,7492.5,0,0,0,1,0,0,Club
The War and Treaty,2026-11-08,,LIVE NATION MUSIC,259653.86,53398.5,166337.76,0,0,12,33,0,2,Theater
Alter Bridge,2026-11-08,,LIVE NATION MUSIC,0.0,0.0,1508123.42,1,40,41,59,1,6,Club
Fetty Wap,2026-11-08,,LIVE NATION MUSIC,0.0,0.0,0.0,0,2,6,13,0,0,Club
Olivia O'Brien,2026-11-08,,HOUSE OF BLUES CONCERTS (HOB),0.0,0.0,0.0,0,0,0,8,0,0,Club
Tou,2026-11-08,,LIVE NATION MUSIC,0.0,348354.82999999996,0.0,0,0,0,1,0,1,Theater
SOB X RBE,2026-11-08,,LIVE NATION MUSIC,0.0,0.0,0.0,0,0,10,26,0,3,Club
Inna,2026-11-08,,LIVE NATION MUSIC,0.0,0.0,0.0,0,2,2,2,0,0,Theater
Dan Deacon,2026-11-08,,LIVE NATION TENNESSEE,12600.0,66484.0,36558.0,0,0,6,72,0,1,Club
"The Milk Carton Kids, Sierra Hull",2026-11-08,,LIVE NATION MUSIC,0.0,0.0,0.0,0,0,1,0,0,0,Theater
"""SummerStage"", Two Door Cinema Club, Friends",2026-11-08,,LIVE NATION MUSIC,0.0,0.0,0.0,1,0,0,0,0,0,Theater
Sitting On Saturn,2026-11-08,,LIVE NATION MUSIC,0.0,0.0,570.0,0,0,0,2,0,0,Club
Teen Jesus And The Jean Teasers,2026-11-08,,LIVE NATION MUSIC,0.0,0.0,0.0,0,0,0,1,0,0,Club
Cam,2026-11-08,,LIVE NATION MUSIC,55701.3,0.0,0.0,0,0,7,18,0,0,Club
Psychostick,2026-11-08,,FRANK PRODUCTIONS,0.0,0.0,0.0,0,0,3,11,1,0,Club
Sabaton,2026-11-08,,LIVE NATION MUSIC,11860820.15,0.0,3200841.5700000003,0,29,15,31,0,0,Arena
Sabaton,2026-11-08,,LIVE NATION MUSIC,11860820.15,0.0,3200841.5700000003,0,29,15,31,0,0,Arena
Steve Lacy,2026-11-08,,LIVE NATION MUSIC,0.0,0.0,48400.0,1,2,2,7,0,0,Arena
"The Milk Carton Kids, Sierra Hull",2026-11-08,,LIVE NATION MUSIC,0.0,0.0,0.0,0,0,1,0,0,0,Theater
Bear,2026-11-08,,LIVE NATION MUSIC,0.0,0.0,0.0,0,0,0,1,0,0,Theater
Bear,2026-11-08,,LIVE NATION MUSIC,0.0,0.0,0.0,0,0,0,1,0,0,Theater
Upgrade,2026-11-08,,LIVE NATION MUSIC,0.0,0.0,0.0,0,0,0,1,0,1,Theater
Cam,2026-11-08,,LIVE NATION MUSIC,55701.3,0.0,0.0,0,0,7,18,0,0,Club
Rod Wave,2026-11-09,,LIVE NATION MUSIC,19871622.03,44782080.52,58117202.64,1,84,1,0,0,0,Arena
Jessie Reyez,2026-11-09,,LIVE NATION MUSIC,1725959.5,0.0,120873.09,0,0,12,18,0,0,Club
Rush,2026-11-09,,LIVE NATION MUSIC,0.0,0.0,0.0,40,118,1,0,2,8,Arena
Dave Matthews Band,2026-11-09,,LIVE NATION MUSIC,34673812.01,52998276.22,63274603.4,391,116,17,4,16,6,Amphitheatre
Jonas Brothers,2026-11-09,,LIVE NATION MUSIC,49501788.39,30144554.31,109403725.33,75,195,28,1,28,5,Arena
Orville Peck,2026-11-09,,LIVE NATION MUSIC,0.0,1089190.07,122699.0,2,0,10,21,0,3,Club
Underoath,2026-11-09,,LIVE NATION MUSIC,0.0,418700.1,308406.2,0,2,22,75,0,4,Theater
"""Les Nits de Barcelona"", Sting",2026-11-09,,LIVE NATION MUSIC,0.0,0.0,0.0,0,0,0,0,0,1,Theater
Wage War,2026-11-10,,LIVE NATION MUSIC,0.0,250965.5,163464.08000000002,0,1,4,25,0,1,Arena
Three Days Grace,2026-11-09,,LIVE NATION MUSIC,2587583.58,0.0,514555.96,4,55,36,61,0,8,Arena
Karan Aujla,2026-11-09,,LIVE NATION MUSIC,3420048.2,5984529.85,132877.75,0,14,0,1,0,0,Arena
Rosario Flores,2026-11-09,,LIVE NATION MUSIC,0.0,0.0,0.0,0,0,2,0,0,0,Theater
Jack White,2026-11-09,,FRANK PRODUCTIONS,9888079.67,1029333.01,0.0,8,36,58,33,2,4,Theater
Trivium,2026-11-10,,LIVE NATION MUSIC,398903.12,0.0,378436.41,0,3,22,57,0,1,Club
Trippie Redd,2026-11-09,,LIVE NATION MUSIC,0.0,171012.5,592049.0,4,4,6,7,0,1,Club
Skillet,2026-11-10,,HOUSE OF BLUES CONCERTS (HOB),2238507.06,260542.96,1377748.06,6,30,43,67,0,14,Club
Lenny Pearce,2026-11-10,,LIVE NATION MUSIC,1149576.75,11247.35,0.0,1,0,32,23,0,2,Theater
Switchfoot,2026-11-10,,LIVE NATION MUSIC,181031.87,600305.9299999999,763943.0,5,6,80,76,1,17,Theater
Slaughter To Prevail,2026-11-09,,LIVE NATION MUSIC,157166.6,0.0,248864.27,0,4,13,22,0,1,Club
America,2026-11-09,,LIVE NATION MUSIC,3837882.2,4477164.55,1750231.2,5,8,175,41,0,14,Theater
Rival Sons,2026-11-09,,LIVE NATION MUSIC,153941.61,116553.8,395290.35,0,2,29,81,0,1,Club
Barrington Levy,2026-11-09,,LIVE NATION MUSIC,386966.0,0.0,0.0,0,0,2,26,0,1,Theater
New Constellations,2026-11-09,,LIVE NATION MUSIC,21655.48,0.0,0.0,0,0,1,4,0,0,Club
Celebration,2026-11-09,,HOUSE OF BLUES CONCERTS (HOB),0.0,0.0,0.0,0,0,0,1,0,0,Club
George Clanton,2026-11-09,,LIVE NATION MUSIC,51207.5,17007.0,60284.82,0,0,1,9,0,1,Club
Skilla Baby,2026-11-09,,LIVE NATION MUSIC,0.0,32505.0,0.0,0,0,0,1,0,0,Club
Quadeca,2026-11-09,,LIVE NATION MUSIC,127634.26,0.0,7186.0,0,0,3,8,0,0,Club
Peyton Parrish,2026-11-09,,LIVE NATION MUSIC,0.0,433389.74,54517.5,0,1,2,7,0,0,Club
"Tex, Don &amp; Charlie",2026-11-10,,LIVE NATION MUSIC,0.0,0.0,0.0,0,0,0,1,0,0,Club
10 Years,2026-11-09,,LIVE NATION MUSIC,17283.0,47010.25,6775.0,0,0,11,89,0,3,Amphitheatre
SIX60,2026-11-09,,LIVE NATION MUSIC,277181.35,709762.33,0.0,1,3,12,30,11,21,Theater
Mannequin Pussy,2026-11-09,,LIVE NATION MUSIC,186240.58,293493.84,5220.0,0,0,4,31,0,0,Club
Parachute,2026-11-09,,LIVE NATION MUSIC,0.0,0.0,0.0,0,0,14,55,0,1,Theater
The Spill Canvas,2026-11-10,,LIVE NATION MUSIC,0.0,82594.0,7060.0,0,0,4,64,0,0,Club
Bowling For Soup,2026-11-09,,LIVE NATION MUSIC,1051669.3,850443.56,141147.11,0,4,24,50,0,2,Theater
The Maine,2026-11-09,,LIVE NATION MUSIC,498528.95,203532.82,259817.8,1,0,27,94,0,2,Club
Olivia O'Brien,2026-11-09,,LIVE NATION MUSIC,0.0,0.0,0.0,0,0,0,8,0,0,Club
The Rush Tribute Project,2026-11-09,,LIVE NATION MUSIC,548321.85,62212.5,173466.09,0,1,42,2,0,1,Theater
America,2026-11-09,,HOUSE OF BLUES CONCERTS (HOB),3837882.2,4477164.55,1750231.2,5,8,175,41,0,14,Theater
Static Dress,2026-11-09,,LIVE NATION MUSIC,0.0,0.0,0.0,0,0,0,1,0,0,Club
Shapeshifter,2026-11-09,,LIVE NATION MUSIC,111973.66,0.0,0.0,0,2,0,3,0,0,Club
The Aces,2026-11-09,,LIVE NATION MUSIC,77981.0,11799.0,190498.62,0,0,3,24,0,2,Club
We Are Scientists,2026-11-09,,LIVE NATION MUSIC,60641.93,12551.7,47793.04,0,0,3,55,0,3,Club
The Rush Tribute Project,2026-11-09,,LIVE NATION MUSIC,548321.85,62212.5,173466.09,0,1,42,2,0,1,Theater
The Aces,2026-11-09,,LIVE NATION MUSIC,77981.0,11799.0,190498.62,0,0,3,24,0,2,Club
We Are Scientists,2026-11-09,,LIVE NATION MUSIC,60641.93,12551.7,47793.04,0,0,3,55,0,3,Club
SiM,2026-11-09,,LIVE NATION MUSIC,0.0,78357.29000000001,0.0,0,0,0,4,0,0,Theater
SiM,2026-11-09,,LIVE NATION MUSIC,0.0,78357.29000000001,0.0,0,0,0,4,0,0,Theater
"Chris Brown, Usher",2026-11-10,,LIVE NATION MUSIC,0.0,0.0,0.0,0,0,0,0,18,0,Stadium
Rod Wave,2026-11-10,,LIVE NATION MUSIC,19871622.03,44782080.52,58117202.64,1,84,1,0,0,0,Arena
Jonas Brothers,2026-11-10,,LIVE NATION MUSIC,49501788.39,30144554.31,109403725.33,75,195,28,1,28,5,Arena
The Neighbourhood,2026-11-10,,LIVE NATION MUSIC,0.0,0.0,0.0,1,16,28,68,1,0,Arena
Dave Matthews Band,2026-11-10,,LIVE NATION MUSIC,34673812.01,52998276.22,63274603.4,391,116,17,4,16,6,Arena
Reason,2026-11-10,,LIVE NATION MUSIC,0.0,3617.6,1440.0,0,0,1,1,0,0,Arena
KATSEYE,2026-11-10,,LIVE NATION MUSIC,3690618.47,0.0,0.0,0,1,5,1,0,0,Arena
Wyclef Jean,2026-11-10,,LIVE NATION MUSIC,0.0,0.0,0.0,0,0,5,16,0,0,Arena
Alanis Morissette,2026-11-10,,LIVE NATION MUSIC,6880538.55,30678064.16,699424.9,59,22,19,14,4,3,Theater
Beartooth,2026-11-11,,LIVE NATION MUSIC,0.0,1116351.8,389208.25,1,4,15,41,1,2,Theater
Isaiah Rashad,2026-11-10,,LIVE NATION MUSIC,0.0,274022.0,388038.79,0,1,16,46,0,0,Theater
"Chicago, Styx",2026-11-10,,LIVE NATION MUSIC,0.0,0.0,0.0,0,0,1,0,0,0,Theater
Orville Peck,2026-11-10,,LIVE NATION MUSIC,0.0,1089190.07,122699.0,2,0,10,21,0,3,Club
Jessie Reyez,2026-11-10,,LIVE NATION MUSIC,1725959.5,0.0,120873.09,0,0,12,18,0,0,Theater
King Crimson,2026-11-10,,LIVE NATION MUSIC,0.0,0.0,0.0,9,5,42,4,1,3,Theater
Sienna Spiro,2026-11-10,,LIVE NATION MUSIC,24263.94,0.0,0.0,0,0,3,3,0,0,Club
Periphery,2026-11-10,,LIVE NATION MUSIC,0.0,508193.42,0.0,0,0,21,57,0,3,Club
Once &amp; Future Band,2026-11-10,,LIVE NATION MUSIC,0.0,0.0,0.0,0,0,0,1,0,0,Club
Motionless In White,2026-11-10,,LIVE NATION MUSIC,131287.04,0.0,1810722.63,7,19,22,41,0,2,Arena
Goose,2026-11-10,,LIVE NATION MUSIC,3699236.5,9983793.26,3369442.55,33,7,41,57,10,12,Club
The Rush Tribute Project,2026-11-10,,EMPORIUM PRESENTS,548321.85,62212.5,173466.09,0,1,42,2,0,1,Theater
Hot Mulligan,2026-11-10,,LIVE NATION MUSIC,556359.5,349447.57,159797.75,0,0,9,20,0,3,Club
Ax and the Hatchetmen,2026-11-10,,LIVE NATION MUSIC,167304.38,10365.0,2059.0,0,0,2,28,0,0,Club
Bear,2026-11-10,,LIVE NATION MUSIC,0.0,0.0,0.0,0,0,0,1,0,0,Theater
Upgrade,2026-11-10,,LIVE NATION MUSIC,0.0,0.0,0.0,0,0,0,1,0,1,Theater
Michelle Branch,2026-11-10,,LIVE NATION MUSIC,0.0,0.0,0.0,0,0,2,13,0,0,Club
Hawthorne Heights,2026-11-11,,HOUSE OF BLUES CONCERTS (HOB),10175.0,356921.46,49305.0,2,0,4,55,0,5,Club
"""Laughs, Music, &amp; Vibes""",2026-11-10,,LIVE NATION MUSIC,0.0,0.0,0.0,0,0,0,1,0,0,Club
10 Years,2026-11-10,,LIVE NATION MUSIC,17283.0,47010.25,6775.0,0,0,11,89,0,3,Club
Bleood,2026-11-10,,HOUSE OF BLUES CONCERTS (HOB),0.0,0.0,0.0,0,0,0,1,0,0,Club
Medium Build,2026-11-10,,LIVE NATION MUSIC,51553.06,277378.99,6501.48,0,0,2,32,0,1,Club
"""AMA Music Festival"", Alice Cooper",2026-11-10,,LIVE NATION MUSIC,0.0,0.0,0.0,0,0,0,0,0,1,Theater
Straight No Chaser,2026-11-10,,LIVE NATION MUSIC,2200395.42,4207526.41,4491645.23,15,31,598,29,0,23,Theater
Straight No Chaser,2026-11-10,,LIVE NATION MUSIC,2200395.42,4207526.41,4491645.23,15,31,598,29,0,23,Arena
Jack White,2026-11-10,,LIVE NATION MUSIC,9888079.67,1029333.01,0.0,8,36,58,33,2,4,Theater
The Wrecks,2026-11-10,,LIVE NATION MUSIC,97000.68,0.0,0.0,0,0,1,12,0,0,Club
Palace,2026-11-10,,LIVE NATION MUSIC,216325.96,176855.55,138298.91,0,0,7,19,0,1,Theater
UB40,2026-11-10,,FRANK PRODUCTIONS,253537.51,5742450.69,2259277.81,7,34,50,22,0,4,Theater
"""Past, Present, Future: A Dance Gala""",2026-11-11,,LIVE NATION MUSIC,0.0,0.0,0.0,0,0,1,0,0,0,Theater
The Afghan Whigs,2026-11-10,,LIVE NATION MUSIC,0.0,0.0,0.0,0,0,11,64,0,0,Club
Catch Your Breath,2026-11-10,,LIVE NATION MUSIC,10444.0,0.0,0.0,0,0,0,6,0,0,Club
Red Leather,2026-11-11,,LIVE NATION MUSIC,7078.110000000001,5670.0,0.0,0,0,0,9,0,0,Club
Marsden &amp; Richardson,2026-11-10,,LIVE NATION MUSIC,0.0,0.0,0.0,0,0,0,0,0,2,Other
vaultboy,2026-11-10,,LIVE NATION MUSIC,0.0,17778.09,0.0,0,0,0,5,0,0,Club
Sueco,2026-11-10,,LIVE NATION MUSIC,0.0,77100.38,70293.0,0,0,3,15,0,0,Theater
State Champs,2026-11-10,,LIVE NATION MUSIC,202412.59,75375.0,0.0,0,0,9,29,0,0,Theater
The Boys,2026-11-11,,LIVE NATION MUSIC,0.0,0.0,0.0,0,0,1,0,0,0,Theater
Saosin,2026-11-10,,LIVE NATION MUSIC,0.0,43142.5,30500.0,0,0,3,12,0,0,Club
Michigander,2026-11-10,,LIVE NATION MUSIC,21165.19,38024.0,16887.14,0,0,0,29,0,0,Theater
Parachute,2026-11-10,,LIVE NATION MUSIC,0.0,0.0,0.0,0,0,14,55,0,1,Theater
Amble,2026-11-10,,LIVE NATION MUSIC,4025470.09,406488.11,0.0,0,5,8,27,2,4,Theater
Boston Manor,2026-11-10,,LIVE NATION MUSIC,7172.5,8088.32,33060.84,0,0,0,9,0,1,Club
Shang,2026-11-10,,LIVE NATION MUSIC,0.0,755.0,0.0,0,0,0,1,0,0,Club
Slothrust,2026-11-11,,LIVE NATION MUSIC,0.0,39423.0,16895.0,0,0,0,37,0,1,Club
aurorawave,2026-11-10,,LIVE NATION TENNESSEE,5046.0,0.0,0.0,0,0,0,2,0,0,Club
Puma Blue,2026-11-10,,LIVE NATION MUSIC,5450.0,0.0,33951.42,0,0,1,13,0,0,Club
The Elovaters,2026-11-11,,LIVE NATION MUSIC,458656.0,399783.52,51239.0,1,0,3,36,1,1,Amphitheatre
Hurricane Wisdom,2026-11-10,,LIVE NATION MUSIC,11250.0,0.0,0.0,0,0,0,1,0,0,Theater
Freeman,2026-11-10,,LIVE NATION MUSIC,0.0,0.0,0.0,0,0,0,13,0,0,Club
The Maine,2026-11-11,,LIVE NATION MUSIC,498528.95,203532.82,259817.8,1,0,27,94,0,2,Theater
Head,2026-11-10,,LIVE NATION MUSIC,0.0,0.0,0.0,0,0,0,3,0,0,Club
Band Of Horses,2026-11-10,,LIVE NATION MUSIC,186584.38,387852.65,434352.0,8,3,61,67,0,4,Club
Beck,2026-11-10,,LIVE NATION MUSIC,1461640.71,626608.75,4873011.17,24,9,29,9,0,4,Theater
YEBBA,2026-11-10,,LIVE NATION MUSIC,0.0,0.0,0.0,0,0,0,4,0,0,Theater
Waterparks,2026-11-10,,LIVE NATION MUSIC,117382.5,400433.43,506216.67,0,0,9,35,0,1,Club
Movements,2026-11-10,,LIVE NATION MUSIC,308781.6,267276.63,140008.0,0,0,1,23,0,1,Arena
YEBBA,2026-11-10,,LIVE NATION MUSIC,0.0,0.0,0.0,0,0,0,4,0,0,Theater
High Vis,2026-11-10,,LIVE NATION MUSIC,57497.0,101803.43,0.0,0,0,1,11,0,3,Theater
BOLTCUTTER,2026-11-10,,LIVE NATION MUSIC,5150.0,0.0,0.0,0,0,0,3,0,0,Club
almost monday,2026-11-10,,LIVE NATION MUSIC,58670.4,0.0,2884.0,0,0,0,9,0,1,Club
Prateek Kuhad,2026-11-10,,LIVE NATION MUSIC,0.0,311742.61,0.0,0,0,4,17,0,1,Theater
Fruition,2026-11-10,,FRANK PRODUCTIONS,0.0,8576.0,37355.0,2,0,4,58,0,0,Club
Movements,2026-11-10,,LIVE NATION MUSIC,308781.6,267276.63,140008.0,0,0,1,23,0,1,Arena
Louie TheSinger,2026-11-10,,LIVE NATION MUSIC,0.0,0.0,0.0,0,0,0,1,0,0,Theater
King's X,2026-11-10,,LIVE NATION MUSIC,16889.0,64650.0,59545.0,0,0,5,11,0,0,Theater
Waterparks,2026-11-10,,LIVE NATION MUSIC,117382.5,400433.43,506216.67,0,0,9,35,0,1,Club
almost monday,2026-11-10,,LIVE NATION MUSIC,58670.4,0.0,2884.0,0,0,0,9,0,1,Club
Prateek Kuhad,2026-11-10,,LIVE NATION MUSIC,0.0,311742.61,0.0,0,0,4,17,0,1,Theater
Lenny Pearce,2026-11-11,,LIVE NATION MUSIC,1149576.75,11247.35,0.0,1,0,32,23,0,2,Theater
Sir Woman,2026-11-10,,LIVE NATION MUSIC,111367.07,26860.0,0.0,0,0,0,30,0,0,Club
Sir Woman,2026-11-10,,LIVE NATION MUSIC,111367.07,26860.0,0.0,0,0,0,30,0,0,Club
Lenny Pearce,2026-11-11,,LIVE NATION MUSIC,1149576.75,11247.35,0.0,1,0,32,23,0,2,Theater
"Chris Brown, Usher",2026-11-11,,LIVE NATION MUSIC,0.0,0.0,0.0,0,0,0,0,18,0,Stadium
Olivia Rodrigo,2026-11-11,,LIVE NATION MUSIC,23420107.2,169307085.8,0.0,0,68,10,2,5,1,Arena
KATSEYE,2026-11-11,,LIVE NATION MUSIC,3690618.47,0.0,0.0,0,1,5,1,0,0,Arena
Doja Cat,2026-11-11,,LIVE NATION MUSIC,7384674.46,7298161.81,31988065.4,0,39,0,9,0,0,Arena
Rush,2026-11-11,,LIVE NATION MUSIC,0.0,0.0,0.0,40,118,1,0,2,8,Arena
The Smashing Pumpkins,2026-11-11,,LIVE NATION MUSIC,956409.95,4451112.17,12656219.06,29,91,37,25,1,5,Arena
The Neighbourhood,2026-11-11,,LIVE NATION MUSIC,0.0,0.0,0.0,1,16,28,68,1,0,Arena
Rock,2026-11-11,,LIVE NATION MUSIC,0.0,0.0,0.0,0,0,0,1,0,0,Theater
Zayn,2026-11-11,,LIVE NATION MUSIC,6179725.37,3409597.99,0.0,0,3,18,1,3,0,Arena
Three Days Grace,2026-11-11,,LIVE NATION MUSIC,2587583.58,0.0,514555.96,4,55,36,61,0,8,Arena
Alanis Morissette,2026-11-11,,LIVE NATION MUSIC,6880538.55,30678064.16,699424.9,59,22,19,14,4,3,Theater
"""Les Nits de Barcelona"", Sting",2026-11-11,,LIVE NATION MUSIC,0.0,0.0,0.0,0,0,0,0,0,1,Other
Not For Radio,2026-11-11,,LIVE NATION MUSIC,0.0,0.0,0.0,0,0,4,0,0,0,Theater
"Chicago, Styx",2026-11-11,,LIVE NATION MUSIC,0.0,0.0,0.0,0,0,1,0,0,0,Theater
Orville Peck,2026-11-11,,LIVE NATION MUSIC,0.0,1089190.07,122699.0,2,0,10,21,0,3,Club
Santana,2026-11-11,,HOUSE OF BLUES CONCERTS (HOB),10372269.62,0.0,3349278.95,59,103,47,16,7,8,Arena
Little Feat,2026-11-11,,LIVE NATION MUSIC,636649.5,521235.88,959870.26,5,0,91,51,0,4,Arena
Sabaton,2026-11-11,,LIVE NATION MUSIC,11860820.15,0.0,3200841.5700000003,0,29,15,31,0,0,Theater
Turnover,2026-11-11,,LIVE NATION MUSIC,1343969.0,34201.28,13530.0,2,1,5,35,0,2,Club
America,2026-11-11,,LIVE NATION MUSIC,3837882.2,4477164.55,1750231.2,5,8,175,41,0,14,Theater
Sleeping With Sirens,2026-11-11,,LIVE NATION MUSIC,0.0,350306.75,319502.92,0,1,30,104,0,5,Club
Motionless In White,2026-11-11,,LIVE NATION MUSIC,131287.04,0.0,1810722.63,7,19,22,41,0,2,Arena
Goose,2026-11-11,,LIVE NATION MUSIC,3699236.5,9983793.26,3369442.55,33,7,41,57,10,12,Club
Yung Gravy,2026-11-11,,LIVE NATION MUSIC,206906.93,574274.31,71100.12,0,1,7,36,0,1,Club
The Psychedelic Furs,2026-11-11,,LIVE NATION MUSIC,348704.78,128136.68,135991.5,2,0,55,123,0,4,Arena
Vince Staples,2026-11-11,,LIVE NATION MUSIC,0.0,253029.0,0.0,0,0,7,36,0,0,Theater
Goose,2026-11-11,,LIVE NATION MUSIC,3699236.5,9983793.26,3369442.55,33,7,41,57,10,12,Club
Periphery,2026-11-11,,LIVE NATION MUSIC,0.0,508193.42,0.0,0,0,21,57,0,3,Club
Ax and the Hatchetmen,2026-11-11,,LIVE NATION MUSIC,167304.38,10365.0,2059.0,0,0,2,28,0,0,Club
The Elovaters,2026-11-12,,LIVE NATION MUSIC,458656.0,399783.52,51239.0,1,0,3,36,1,1,Club
"""Past, Present, Future: A Dance Gala""",2026-11-12,,LIVE NATION MUSIC,0.0,0.0,0.0,0,0,1,0,0,0,Theater
10 Years,2026-11-11,,LIVE NATION MUSIC,17283.0,47010.25,6775.0,0,0,11,89,0,3,Arena
Whitechapel,2026-11-11,,LIVE NATION MUSIC,378503.41,16256.84,0.0,1,0,3,80,0,4,Club
Beartooth,2026-11-12,,LIVE NATION MUSIC,0.0,1116351.8,389208.25,1,4,15,41,1,2,Arena
Slaughter To Prevail,2026-11-11,,LIVE NATION MUSIC,157166.6,0.0,248864.27,0,4,13,22,0,1,Club
The Spill Canvas,2026-11-12,,HOUSE OF BLUES CONCERTS (HOB),0.0,82594.0,7060.0,0,0,4,64,0,0,Club
The Damned,2026-11-11,,LIVE NATION MUSIC,97432.23,36495.0,221258.34,0,2,7,30,0,1,Theater
Hot Mulligan,2026-11-11,,FRANK PRODUCTIONS,556359.5,349447.57,159797.75,0,0,9,20,0,3,Theater
Tou,2026-11-11,,LIVE NATION MUSIC,0.0,348354.82999999996,0.0,0,0,0,1,0,1,Club
Postmodern Jukebox,2026-11-11,,LIVE NATION MUSIC,3008960.1,2913423.2,3309873.83,0,9,402,106,0,34,Club
Josh Garrels,2026-11-11,,LIVE NATION MUSIC,0.0,12960.5,0.0,0,0,8,29,0,6,Theater
Russian Circles,2026-11-11,,LIVE NATION MUSIC,18055.0,0.0,0.0,0,0,3,51,0,0,Club
Sugarland,2026-11-11,,LIVE NATION MUSIC,0.0,0.0,0.0,71,60,8,1,4,4,Arena
Heavy Things,2026-11-11,,LIVE NATION MUSIC,0.0,0.0,2050.0,0,0,0,2,0,0,Club
Palace,2026-11-11,,HOUSE OF BLUES CONCERTS (HOB),216325.96,176855.55,138298.91,0,0,7,19,0,1,Club
Evan Honer,2026-11-11,,LIVE NATION MUSIC,388095.1,508688.63,0.0,1,0,14,69,0,0,Club
Phillip Phillips,2026-11-11,,LIVE NATION MUSIC,0.0,24750.0,12050.0,1,7,22,21,0,5,Club
"""Past, Present, Future: A Dance Gala""",2026-11-11,,HOUSE OF BLUES CONCERTS (HOB),0.0,0.0,0.0,0,0,1,0,0,0,Theater
Hawthorne Heights,2026-11-12,,LIVE NATION MUSIC,10175.0,356921.46,49305.0,2,0,4,55,0,5,Club
WesGhost,2026-11-11,,LIVE NATION MUSIC,11847.74,5791.41,0.0,0,0,0,3,0,0,Club
Dan Whitlam,2026-11-11,,LIVE NATION MUSIC,7081.57,0.0,0.0,0,0,0,1,0,0,Club
Cam,2026-11-11,,LIVE NATION MUSIC,55701.3,0.0,0.0,0,0,7,18,0,0,Club
Gavin DeGraw,2026-11-12,,LIVE NATION MUSIC,137960.55,230769.33,249371.04,1,5,40,42,0,7,Club
"August Burns Red, The Amity Affliction",2026-11-11,,LIVE NATION MUSIC,0.0,0.0,0.0,0,0,0,1,0,0,Club
Forever,2026-11-12,,HOUSE OF BLUES CONCERTS (HOB),70329.51,0.0,0.0,0,1,0,0,0,0,Arena
Adam Ant,2026-11-11,,LIVE NATION MUSIC,2293046.44,670016.89,0.0,3,8,115,33,0,0,Theater
Choir! Choir! Choir!,2026-11-11,,LIVE NATION MUSIC,156164.81,180598.09,123176.27,0,0,19,23,0,0,Theater
The Wldlfe,2026-11-11,,LIVE NATION MUSIC,22849.6,107014.44,4184.0,0,0,0,21,0,1,Theater
"""idobi Radio Summer School"", Honey Revenge",2026-11-11,,LIVE NATION MUSIC,0.0,0.0,0.0,0,0,0,1,0,0,Theater
Lenny Pearce,2026-11-12,,LIVE NATION MUSIC,1149576.75,11247.35,0.0,1,0,32,23,0,2,Theater
Fear Factory,2026-11-11,,LIVE NATION TENNESSEE,0.0,0.0,424894.07,0,0,19,48,0,2,Club
Steve Lacy,2026-11-11,,LIVE NATION MUSIC,0.0,0.0,48400.0,1,2,2,7,0,0,Amphitheatre
Bowling For Soup,2026-11-12,,LIVE NATION MUSIC,1051669.3,850443.56,141147.11,0,4,24,50,0,2,Club
Bombargo,2026-11-11,,LIVE NATION MUSIC,5398.0,2740.0,0.0,0,0,0,8,0,0,Club
Hamilton Leithauser,2026-11-11,,LIVE NATION MUSIC,25270.0,0.0,0.0,0,0,3,33,0,0,Theater
Doug,2026-11-11,,FRANK PRODUCTIONS,1464.0,0.0,0.0,0,0,0,1,0,0,Theater
Mountain Grass Unit,2026-11-11,,LIVE NATION MUSIC,21000.0,7592.0,684.0,1,0,1,6,0,1,Club
Missio,2026-11-11,,LIVE NATION MUSIC,0.0,21443.08,0.0,0,0,2,28,0,2,Club
"Me, Grimlock!",2026-11-11,,LIVE NATION MUSIC,198.0,0.0,0.0,0,0,0,1,0,0,Club
Free Throw,2026-11-11,,LIVE NATION MUSIC,7170.66,12411.08,41648.0,1,0,1,17,0,2,Club
Forever,2026-11-11,,LIVE NATION MUSIC,70329.51,0.0,0.0,0,1,0,0,0,0,Arena
Deer Tick,2026-11-11,,LIVE NATION MUSIC,29783.0,4612.5,128819.5,1,0,8,93,0,1,Club
Redferrin,2026-11-11,,FRANK PRODUCTIONS,40226.509999999995,12109.0,0.0,0,0,0,6,0,0,Club
Low Cut Connie,2026-11-11,,FRANK PRODUCTIONS,118952.77,10166.0,27620.0,0,0,3,58,0,2,Club
Even,2026-11-11,,LIVE NATION MUSIC,0.0,0.0,0.0,0,0,0,2,0,0,Theater
Little Image,2026-11-11,,LIVE NATION MUSIC,0.0,0.0,1956.0,0,0,0,1,0,0,Theater
America,2026-11-11,,HOUSE OF BLUES CONCERTS (HOB),3837882.2,4477164.55,1750231.2,5,8,175,41,0,14,Theater
Dev Lemons,2026-11-11,,LIVE NATION MUSIC,0.0,0.0,5193.0,0,0,0,6,0,0,Club
Jan &amp; Henry,2026-11-11,,LIVE NATION MUSIC,0.0,16605.16,0.0,0,0,0,1,0,0,Club
Spyro Gyra,2026-11-11,,LIVE NATION MUSIC,206833.2,309815.5,185878.7,2,0,40,43,0,0,Theater
Lakeview,2026-11-11,,LIVE NATION MUSIC,21715.0,2531.02,3539.0,0,0,0,14,0,0,Club
Spyro Gyra,2026-11-11,,LIVE NATION MUSIC,206833.2,309815.5,185878.7,2,0,40,43,0,0,Theater
"Mic Crenshaw, Special Guests",2026-11-11,,LIVE NATION MUSIC,0.0,0.0,0.0,0,0,0,1,0,0,Club
Steve Lacy,2026-11-11,,LIVE NATION MUSIC,0.0,0.0,48400.0,1,2,2,7,0,0,Amphitheatre
"Mic Crenshaw, Special Guests",2026-11-11,,LIVE NATION MUSIC,0.0,0.0,0.0,0,0,0,1,0,0,Club
Dave Matthews Band,2026-11-12,,LIVE NATION MUSIC,34673812.01,52998276.22,63274603.4,391,116,17,4,16,6,Arena
Olivia Rodrigo,2026-11-12,,LIVE NATION MUSIC,23420107.2,169307085.8,0.0,0,68,10,2,5,1,Arena
The Smashing Pumpkins,2026-11-12,,LIVE NATION MUSIC,956409.95,4451112.17,12656219.06,29,91,37,25,1,5,Arena
The Neighbourhood,2026-11-12,,LIVE NATION MUSIC,0.0,0.0,0.0,1,16,28,68,1,0,Arena
Zayn,2026-11-12,,LIVE NATION MUSIC,6179725.37,3409597.99,0.0,0,3,18,1,3,0,Arena
Reason,2026-11-12,,LIVE NATION MUSIC,0.0,3617.6,1440.0,0,0,1,1,0,0,Arena
Pentatonix,2026-11-12,,LIVE NATION MUSIC,10014000.83,20747784.25,16735657.71,59,174,94,50,3,9,Arena
"""Les Nits de Barcelona"", Sting",2026-11-12,,LIVE NATION MUSIC,0.0,0.0,0.0,0,0,0,0,0,1,Other
Not For Radio,2026-11-12,,LIVE NATION MUSIC,0.0,0.0,0.0,0,0,4,0,0,0,Theater
Little Big Town,2026-11-12,,LIVE NATION MUSIC,1005292.0,13004819.31,2846985.5,20,68,94,16,1,12,Theater
Santana,2026-11-12,,HOUSE OF BLUES CONCERTS (HOB),10372269.62,0.0,3349278.95,59,103,47,16,7,8,Arena
Victor &amp; Leo,2026-11-12,,LIVE NATION MUSIC,0.0,0.0,0.0,0,0,24,1,0,0,Theater
Dead Poet Society,2026-11-12,,LIVE NATION MUSIC,0.0,95493.81,8199.75,0,0,0,18,0,1,Arena
Jessie Reyez,2026-11-12,,LIVE NATION MUSIC,1725959.5,0.0,120873.09,0,0,12,18,0,0,Theater
Sabaton,2026-11-12,,LIVE NATION MUSIC,11860820.15,0.0,3200841.5700000003,0,29,15,31,0,0,Theater
Forever,2026-11-12,,LIVE NATION MUSIC,70329.51,0.0,0.0,0,1,0,0,0,0,Theater
YEBBA,2026-11-12,,LIVE NATION MUSIC,0.0,0.0,0.0,0,0,0,4,0,0,Club
America,2026-11-12,,LIVE NATION MUSIC,3837882.2,4477164.55,1750231.2,5,8,175,41,0,14,Theater
State Champs,2026-11-12,,LIVE NATION MUSIC,202412.59,75375.0,0.0,0,0,9,29,0,0,Club
Underoath,2026-11-12,,LIVE NATION MUSIC,0.0,418700.1,308406.2,0,2,22,75,0,4,Club
Giant Rooks,2026-11-12,,LIVE NATION MUSIC,0.0,4045025.2,274287.68,0,12,12,33,8,13,Club
Judah &amp; The Lion,2026-11-12,,LIVE NATION MUSIC,74475.0,108536.7,156098.0,1,0,33,100,0,3,Club
Avery Anna,2026-11-12,,LIVE NATION MUSIC,64422.0,18000.0,11491.0,0,0,3,10,0,0,Club
Matt Maeson,2026-11-12,,HOUSE OF BLUES CONCERTS (HOB),655590.14,66793.47,393093.13,0,0,16,40,0,1,Club
"Dream, Ivory",2026-11-12,,FRANK PRODUCTIONS,0.0,0.0,3737.51,0,0,0,4,0,0,Club
Catch Your Breath,2026-11-13,,LIVE NATION MUSIC,10444.0,0.0,0.0,0,0,0,6,0,0,Club
Dwight Yoakam,2026-11-12,,LIVE NATION MUSIC,6372465.2700000005,4536637.12,4270697.82,49,50,145,23,0,27,Arena
Jack White,2026-11-12,,LIVE NATION MUSIC,9888079.67,1029333.01,0.0,8,36,58,33,2,4,Theater
"The A, B, C &amp; D Of Boogie Woogie",2026-11-12,,LIVE NATION MUSIC,0.0,0.0,0.0,0,0,0,1,0,0,Club
Whitechapel,2026-11-13,,HOUSE OF BLUES CONCERTS (HOB),378503.41,16256.84,0.0,1,0,3,80,0,4,Club
Zack Fox,2026-11-12,,LIVE NATION MUSIC,699736.1799999999,153619.24,94077.0,0,0,7,20,0,1,Theater
Trey Anastasio,2026-11-12,,LIVE NATION MUSIC,2568069.9299999997,428723.49,0.0,9,5,67,35,1,3,Theater
"""Past, Present, Future: A Dance Gala""",2026-11-12,,LIVE NATION MUSIC,0.0,0.0,0.0,0,0,1,0,0,0,Theater
Gene,2026-11-12,,LIVE NATION MUSIC,0.0,0.0,0.0,0,0,1,1,0,0,Club
SiM,2026-11-12,,LIVE NATION MUSIC,0.0,78357.29000000001,0.0,0,0,0,4,0,0,Theater
Clara La San,2026-11-12,,LIVE NATION MUSIC,2553.98,0.0,0.0,0,0,0,6,0,0,Club
Aterciopelados,2026-11-12,,LIVE NATION MUSIC,61183.24,184317.98,0.0,0,0,3,14,0,0,Club
This Is Lorelei,2026-11-12,,LIVE NATION MUSIC,0.0,0.0,0.0,0,0,1,1,0,0,Club
Die Spitz,2026-11-12,,LIVE NATION MUSIC,19774.52,3750.0,0.0,0,0,0,10,0,1,Club
The Menzingers,2026-11-13,,HOUSE OF BLUES CONCERTS (HOB),0.0,83860.93,175297.68,0,0,3,45,0,0,Club
Thao,2026-11-12,,LIVE NATION MUSIC,0.0,0.0,0.0,0,0,0,1,0,0,Club
KEEP,2026-11-13,,LIVE NATION MUSIC,0.0,0.0,0.0,0,0,0,1,0,0,Club
Tou,2026-11-12,,HOUSE OF BLUES CONCERTS (HOB),0.0,348354.82999999996,0.0,0,0,0,1,0,1,Club
Hawthorne Heights,2026-11-13,,LIVE NATION MUSIC,10175.0,356921.46,49305.0,2,0,4,55,0,5,Club
Bear,2026-11-12,,LIVE NATION MUSIC,0.0,0.0,0.0,0,0,0,1,0,0,Club
Spyro Gyra,2026-11-12,,FRANK PRODUCTIONS,206833.2,309815.5,185878.7,2,0,40,43,0,0,Theater
Phillip Phillips,2026-11-12,,LIVE NATION MUSIC,0.0,24750.0,12050.0,1,7,22,21,0,5,Theater
Zebra,2026-11-12,,LIVE NATION MUSIC,11838.0,83347.25,77559.75,0,0,8,11,0,0,Club
Upgrade,2026-11-12,,LIVE NATION MUSIC,0.0,0.0,0.0,0,0,0,1,0,1,Club
Alyssa &amp; Wayne Brewer,2026-11-12,,LIVE NATION MUSIC,505.0,0.0,0.0,0,0,0,1,0,0,Theater
Molly Hatchet,2026-11-12,,LIVE NATION MUSIC,85459.85,35714.0,96514.0,0,0,17,12,0,6,Arena
Mystery Skulls,2026-11-12,,LIVE NATION MUSIC,0.0,139161.9,0.0,0,0,2,30,0,0,Theater
Josh Garrels,2026-11-12,,LIVE NATION MUSIC,0.0,12960.5,0.0,0,0,8,29,0,6,Club
Jimmy Eat World,2026-11-12,,LIVE NATION MUSIC,351406.57,875247.1399999999,474631.0,7,3,39,90,0,2,Club
"The Army, The Navy",2026-11-12,,LIVE NATION MUSIC,33084.56,0.0,0.0,0,0,1,4,0,0,Theater
The War and Treaty,2026-11-12,,LIVE NATION MUSIC,259653.86,53398.5,166337.76,0,0,12,33,0,2,Theater
George Clanton,2026-11-12,,LIVE NATION MUSIC,51207.5,17007.0,60284.82,0,0,1,9,0,1,Theater
Switchfoot,2026-11-12,,LIVE NATION MUSIC,181031.87,600305.9299999999,763943.0,5,6,80,76,1,17,Theater
Daily Bread,2026-11-12,,LIVE NATION MUSIC,1282747.24,566802.2,17130.0,3,0,0,10,0,0,Theater
Hunxho,2026-11-12,,LIVE NATION MUSIC,0.0,70430.0,0.0,0,0,0,1,0,0,Theater
Pedro Fernández,2026-11-12,,LIVE NATION MUSIC,1459820.78,1070035.34,992662.55,2,12,10,0,0,0,Theater
Tiny Habits,2026-11-12,,HOUSE OF BLUES CONCERTS (HOB),0.0,97332.67,7488.3,0,0,4,7,0,0,Club
Father of Peace,2026-11-12,,HOUSE OF BLUES CONCERTS (HOB),0.0,0.0,0.0,0,0,0,1,0,0,Club
WesGhost,2026-11-12,,FRANK PRODUCTIONS,11847.74,5791.41,0.0,0,0,0,3,0,0,Club
Lily Rose,2026-11-12,,FRANK PRODUCTIONS,27165.0,66679.0,69355.0,0,0,1,16,0,1,Theater
"Harvard, Mercer",2026-11-12,,LIVE NATION MUSIC,0.0,0.0,0.0,0,1,0,0,0,0,Arena
Revival,2026-11-12,,LIVE NATION MUSIC,0.0,0.0,0.0,0,0,0,1,0,0,Club
"Mustard Plug, The Toasters",2026-11-12,,FRANK PRODUCTIONS,0.0,0.0,0.0,0,0,0,1,0,0,Club
Reyna Tropical,2026-11-12,,LIVE NATION MUSIC,0.0,4221.03,4380.0,0,0,0,4,0,0,Theater
They Are Gutting A Body Of Water,2026-11-12,,LIVE NATION MUSIC,0.0,0.0,3293.0,0,0,1,1,0,0,Theater
Agriculture,2026-11-12,,LIVE NATION MUSIC,2208.0,0.0,0.0,0,0,0,1,0,0,Club
The Rush Tribute Project,2026-11-12,,LIVE NATION MUSIC,548321.85,62212.5,173466.09,0,1,42,2,0,1,Theater
"Integrity, Eyes",2026-11-12,,LIVE NATION MUSIC,0.0,1660.14,0.0,0,0,0,1,0,0,Club
"""Laughs, Music, &amp; Vibes""",2026-11-12,,LIVE NATION MUSIC,0.0,0.0,0.0,0,0,0,1,0,0,Club
Medium Build,2026-11-12,,LIVE NATION MUSIC,51553.06,277378.99,6501.48,0,0,2,32,0,1,Theater
Maddie Zahm,2026-11-12,,LIVE NATION MUSIC,0.0,103535.0,47568.0,0,0,0,8,0,0,Club
Bunbury,2026-11-12,,LIVE NATION MUSIC,8662840.8,6664348.7700000005,489408.32,4,20,41,9,14,8,Theater
Joshua Radin,2026-11-12,,LIVE NATION MUSIC,106865.56,162304.14,26383.0,0,0,43,124,0,7,Theater
Maddie Zahm,2026-11-12,,LIVE NATION MUSIC,0.0,103535.0,47568.0,0,0,0,8,0,0,Club
Bunbury,2026-11-12,,LIVE NATION MUSIC,8662840.8,6664348.7700000005,489408.32,4,20,41,9,14,8,Theater
Jan &amp; Henry,2026-11-12,,LIVE NATION MUSIC,0.0,16605.16,0.0,0,0,0,1,0,0,Club
Skilla Baby,2026-11-12,,LIVE NATION MUSIC,0.0,32505.0,0.0,0,0,0,1,0,0,Club
Skilla Baby,2026-11-12,,LIVE NATION MUSIC,0.0,32505.0,0.0,0,0,0,1,0,0,Club
The Rush Tribute Project,2026-11-12,,LIVE NATION MUSIC,548321.85,62212.5,173466.09,0,1,42,2,0,1,Theater
Grateful Shred,2026-11-12,,LIVE NATION MUSIC,232878.42,122314.0,61533.77,1,0,8,54,0,0,Club
Grateful Shred,2026-11-12,,LIVE NATION MUSIC,232878.42,122314.0,61533.77,1,0,8,54,0,0,Club
Bryan Andrews,2026-11-12,,LIVE NATION MUSIC,0.0,453.0,0.0,0,0,0,1,0,0,Club
Bryan Andrews,2026-11-12,,LIVE NATION MUSIC,0.0,453.0,0.0,0,0,0,1,0,0,Club
Devon Gilfillian,2026-11-12,,LIVE NATION TENNESSEE,0.0,0.0,23400.0,0,0,0,7,0,0,Club
Eagles,2026-11-13,,LIVE NATION MUSIC,113579924.21,168150846.73,118468239.25,8,365,2,0,28,5,Arena
Dave Matthews Band,2026-11-13,,LIVE NATION MUSIC,34673812.01,52998276.22,63274603.4,391,116,17,4,16,6,Arena
Slayer,2026-11-13,,LIVE NATION MUSIC,0.0,0.0,0.0,25,51,28,22,2,4,Arena
Doja Cat,2026-11-13,,LIVE NATION MUSIC,7384674.46,7298161.81,31988065.4,0,39,0,9,0,0,Arena
Karan Aujla,2026-11-13,,LIVE NATION MUSIC,3420048.2,5984529.85,132877.75,0,14,0,1,0,0,Arena
Jonas Brothers,2026-11-13,,LIVE NATION MUSIC,49501788.39,30144554.31,109403725.33,75,195,28,1,28,5,Arena
"""California Mid-State Fair"", Treaty Oak Revival",2026-11-13,,LIVE NATION MUSIC,0.0,0.0,0.0,0,1,0,0,0,0,Amphitheatre
Motionless In White,2026-11-13,,FRANK PRODUCTIONS,131287.04,0.0,1810722.63,7,19,22,41,0,2,Club
John Summit,2026-11-13,,LIVE NATION MUSIC,1618895.52,6378033.54,2121909.0,1,6,4,6,1,1,Arena
Victor &amp; Leo,2026-11-13,,LIVE NATION MUSIC,0.0,0.0,0.0,0,0,24,1,0,0,Theater
Underoath,2026-11-13,,LIVE NATION MUSIC,0.0,418700.1,308406.2,0,2,22,75,0,4,Club
"Chicago, Styx",2026-11-13,,LIVE NATION MUSIC,0.0,0.0,0.0,0,0,1,0,0,0,Theater
Little Big Town,2026-11-13,,LIVE NATION MUSIC,1005292.0,13004819.31,2846985.5,20,68,94,16,1,12,Theater
Slow Pulp,2026-11-13,,LIVE NATION MUSIC,0.0,106046.0,34083.07,0,0,1,10,0,0,Club
Air Supply,2026-11-13,,LIVE NATION MUSIC,3599546.73,4482835.24,4165792.98,11,20,186,51,1,28,Theater
Grupo Duelo,2026-11-13,,LIVE NATION MUSIC,0.0,49134.0,0.0,0,3,1,0,0,0,Theater
O.A.R.,2026-11-14,,LIVE NATION MUSIC,709903.1,2852218.48,997184.5,59,2,62,59,2,5,Amphitheatre
Smoke &amp; The Poet,2026-11-13,,LIVE NATION MUSIC,0.0,0.0,2715.0,0,0,0,1,0,0,Arena
Jack White,2026-11-13,,LIVE NATION MUSIC,9888079.67,1029333.01,0.0,8,36,58,33,2,4,Theater
"""Elemental Cali"", Carl Cox",2026-11-13,,LIVE NATION MUSIC,275175.2,0.0,0.0,0,1,0,0,0,0,Arena
Noise Pollution,2026-11-13,,LIVE NATION MUSIC,0.0,12999.16,0.0,0,0,1,1,0,1,Club
Orville Peck,2026-11-13,,LIVE NATION MUSIC,0.0,1089190.07,122699.0,2,0,10,21,0,3,Club
Joe Russo's Almost Dead,2026-11-13,,LIVE NATION MUSIC,995377.5,2203750.85,1368415.39,10,1,33,46,6,3,Theater
Blue October,2026-11-13,,LIVE NATION MUSIC,380805.29,725828.84,1268376.38,4,2,79,177,1,3,Club
Jessie Reyez,2026-11-13,,LIVE NATION MUSIC,1725959.5,0.0,120873.09,0,0,12,18,0,0,Club
Daughtry,2026-11-13,,LIVE NATION MUSIC,0.0,248378.35,1728352.14,9,66,135,39,0,22,Theater
Eliza,2026-11-13,,LIVE NATION MUSIC,0.0,0.0,3339.85,0,0,0,1,0,0,Theater
Clay Walker,2026-11-13,,LIVE NATION MUSIC,199579.6,184717.55,192286.46,3,1,22,5,0,2,Theater
Once &amp; Future Band,2026-11-13,,LIVE NATION MUSIC,0.0,0.0,0.0,0,0,0,1,0,0,Club
Mike DelGuidice,2026-11-13,,LIVE NATION MUSIC,41651.6,352742.89,412679.95,0,1,11,42,0,2,Club
Vince Staples,2026-11-13,,LIVE NATION MUSIC,0.0,253029.0,0.0,0,0,7,36,0,0,Club
Katharine McPhee,2026-11-13,,LIVE NATION MUSIC,0.0,68900.0,0.0,0,0,4,1,0,1,Theater
"""Past, Present, Future: A Dance Gala""",2026-11-13,,HOUSE OF BLUES CONCERTS (HOB),0.0,0.0,0.0,0,0,1,0,0,0,Theater
"August Burns Red, The Amity Affliction",2026-11-13,,LIVE NATION MUSIC,0.0,0.0,0.0,0,0,0,1,0,0,Club
WAR,2026-11-13,,LIVE NATION MUSIC,414677.12,683960.0,170891.6,6,2,24,30,0,2,Club
almost monday,2026-11-13,,LIVE NATION MUSIC,58670.4,0.0,2884.0,0,0,0,9,0,1,Club
State Champs,2026-11-13,,LIVE NATION MUSIC,202412.59,75375.0,0.0,0,0,9,29,0,0,Club
Blackberry Smoke,2026-11-13,,LIVE NATION MUSIC,888771.95,1380924.41,1282993.23,15,2,102,114,2,25,Theater
Lucky Boys Confusion,2026-11-14,,LIVE NATION MUSIC,0.0,0.0,0.0,0,0,0,6,0,0,Club
Little River Band,2026-11-13,,LIVE NATION MUSIC,1040888.05,1572256.34,1160914.45,13,1,111,26,0,19,Arena
Adam Ant,2026-11-13,,LIVE NATION MUSIC,2293046.44,670016.89,0.0,3,8,115,33,0,0,Arena
Steve Lacy,2026-11-13,,LIVE NATION MUSIC,0.0,0.0,48400.0,1,2,2,7,0,0,Club
Streetlight Manifesto,2026-11-13,,HOUSE OF BLUES CONCERTS (HOB),51271.92,312027.99,0.0,0,0,23,140,0,1,Club
Paul Cauthen,2026-11-13,,LIVE NATION MUSIC,222688.0,213372.0,435342.0,0,0,2,56,0,3,Club
"Andy Frasco &amp; The U.N., Kitchen Dwellers",2026-11-13,,FRANK PRODUCTIONS,0.0,0.0,0.0,0,0,0,1,0,0,Club
Buzzcocks,2026-11-13,,LIVE NATION MUSIC,23024.46,78970.92,0.0,0,0,6,27,0,2,Club
"Level Up, Zingara",2026-11-13,,LIVE NATION MUSIC,0.0,0.0,0.0,1,0,0,0,0,0,Amphitheatre
Subtronics,2026-11-13,,LIVE NATION MUSIC,4740965.2,6717841.76,11057318.02,7,18,38,52,0,4,Club
EGGY,2026-11-13,,LIVE NATION MUSIC,50061.0,55240.5,35212.9,0,0,1,20,0,0,Club
Hudson Westbrook,2026-11-13,,LIVE NATION MUSIC,525662.0,16045.0,0.0,1,1,1,7,0,0,Arena
EGGY,2026-11-13,,LIVE NATION MUSIC,50061.0,55240.5,35212.9,0,0,1,20,0,0,Club
Gary Numan,2026-11-13,,HOUSE OF BLUES CONCERTS (HOB),1760819.26,1454805.64,269072.33999999997,0,5,50,62,0,2,Club
Paula Cole,2026-11-13,,FRANK PRODUCTIONS,0.0,0.0,0.0,0,0,16,47,0,0,Theater
El Tri,2026-11-13,,LIVE NATION MUSIC,2545893.21,56655.0,362219.0,0,8,15,9,1,1,Theater
Andy Grammer,2026-11-13,,LIVE NATION MUSIC,535620.75,635187.0,397754.0,2,1,28,47,0,1,Theater
Catch Your Breath,2026-11-14,,LIVE NATION MUSIC,10444.0,0.0,0.0,0,0,0,6,0,0,Club
Die Spitz,2026-11-13,,LIVE NATION MUSIC,19774.52,3750.0,0.0,0,0,0,10,0,1,Club
Pedro Fernández,2026-11-13,,LIVE NATION MUSIC,1459820.78,1070035.34,992662.55,2,12,10,0,0,0,Arena
Night Cap,2026-11-13,,LIVE NATION MUSIC,5452.0,1980.0,0.0,0,0,1,4,0,0,Amphitheatre
Ben &amp; Rose,2026-11-13,,LIVE NATION MUSIC,0.0,0.0,0.0,0,0,1,0,0,0,Club
Michigander,2026-11-13,,LIVE NATION MUSIC,21165.19,38024.0,16887.14,0,0,0,29,0,0,Theater
Victory,2026-11-13,,LIVE NATION MUSIC,0.0,0.0,0.0,0,0,0,2,0,0,Club
J &amp; The Causeways,2026-11-13,,FRANK PRODUCTIONS,2003.0,0.0,0.0,0,0,0,2,0,0,Club
"Dragonforce, Amaranthe",2026-11-13,,LIVE NATION MUSIC,0.0,247413.25,0.0,0,0,2,1,0,0,Theater
Thundercat,2026-11-13,,LIVE NATION MUSIC,166095.0,81082.15,903432.94,2,0,14,40,0,2,Club
Ceremony,2026-11-13,,LIVE NATION MUSIC,0.0,0.0,0.0,0,0,2,25,0,1,Club
They Might Be Giants,2026-11-13,,LIVE NATION MUSIC,486578.5,1261195.18,660640.34,1,1,48,146,0,0,Theater
Pouya,2026-11-14,,LIVE NATION MUSIC,186350.95,0.0,296648.0,0,0,20,62,0,4,Theater
Babyface,2026-11-13,,LIVE NATION MUSIC,233238.0,960842.69,1226998.5,3,2,27,10,0,9,Theater
Amtrac,2026-11-13,,LIVE NATION MUSIC,0.0,0.0,35933.0,0,0,0,10,0,0,Theater
Yaelokre,2026-11-13,,LIVE NATION MUSIC,62152.0,0.0,0.0,0,0,1,3,0,0,Club
Grateful Shred,2026-11-13,,LIVE NATION MUSIC,232878.42,122314.0,61533.77,1,0,8,54,0,0,Club
Zack Fox,2026-11-13,,HOUSE OF BLUES CONCERTS (HOB),699736.1799999999,153619.24,94077.0,0,0,7,20,0,1,Club
The Damned,2026-11-13,,LIVE NATION MUSIC,97432.23,36495.0,221258.34,0,2,7,30,0,1,Club
The Stews,2026-11-13,,LIVE NATION MUSIC,77398.91,70369.5,25749.0,0,0,1,13,0,1,Club
Ashley McBryde,2026-11-13,,LIVE NATION MUSIC,370311.6,589292.53,278363.78,0,0,23,16,0,1,Theater
Stars,2026-11-14,,LIVE NATION MUSIC,0.0,35980.0,29820.25,0,0,21,84,0,0,Club
Gene,2026-11-13,,LIVE NATION MUSIC,0.0,0.0,0.0,0,0,1,1,0,0,Theater
The Weight,2026-11-14,,LIVE NATION MUSIC,0.0,6092.0,0.0,0,0,0,2,0,0,Club
Whitechapel,2026-11-14,,HOUSE OF BLUES CONCERTS (HOB),378503.41,16256.84,0.0,1,0,3,80,0,4,Club
Wage War,2026-11-13,,LIVE NATION MUSIC,0.0,250965.5,163464.08000000002,0,1,4,25,0,1,Theater
The Gringos,2026-11-13,,LIVE NATION MUSIC,0.0,0.0,0.0,0,0,0,1,0,0,Theater
Medium Build,2026-11-13,,LIVE NATION MUSIC,51553.06,277378.99,6501.48,0,0,2,32,0,1,Club
Versa,2026-11-13,,LIVE NATION MUSIC,2160.0,0.0,0.0,0,0,0,8,0,0,Club
Tiny Habits,2026-11-13,,LIVE NATION MUSIC,0.0,97332.67,7488.3,0,0,4,7,0,0,Club
The Wrecks,2026-11-13,,FRANK PRODUCTIONS,97000.68,0.0,0.0,0,0,1,12,0,0,Club
O.A.R.,2026-11-14,,LIVE NATION MUSIC,709903.1,2852218.48,997184.5,59,2,62,59,2,5,Amphitheatre
"Love, Fraser",2026-11-13,,LIVE NATION MUSIC,0.0,0.0,0.0,0,0,0,1,0,0,Club
"Tres Clásicos del Rock - Tributo a The Doors, The Beatles &amp; Toncho Pilatos",2026-11-13,,LIVE NATION MUSIC,0.0,0.0,13766.52,0,0,1,0,0,0,Theater
"Havok, Toxic Holocaust",2026-11-13,,LIVE NATION MUSIC,0.0,0.0,9568.5,0,0,0,1,0,0,Theater
Res,2026-11-13,,LIVE NATION MUSIC,0.0,4353.0,14926.0,0,0,0,8,0,0,Theater
Railroad Earth,2026-11-13,,LIVE NATION MUSIC,89751.0,1348121.25,1058260.92,20,0,68,192,0,10,Club
Back &amp; Forth - Foo Fighters Tribute,2026-11-13,,LIVE NATION MUSIC,1985.0,3110.0,0.0,0,0,0,2,0,0,Club
panicbaby,2026-11-13,,LIVE NATION MUSIC,0.0,0.0,0.0,0,0,0,1,0,0,Club
"""Southern Soul, Boots, Brunch &amp; Line Dance Party""",2026-11-13,,LIVE NATION MUSIC,0.0,0.0,0.0,0,0,0,1,0,0,Theater
Nite,2026-11-13,,LIVE NATION MUSIC,0.0,0.0,0.0,0,0,0,1,0,0,Theater
Michelle Branch,2026-11-13,,LIVE NATION MUSIC,0.0,0.0,0.0,0,0,2,13,0,0,Theater
Band Of Horses,2026-11-13,,LIVE NATION MUSIC,186584.38,387852.65,434352.0,8,3,61,67,0,4,Club
Hudson Westbrook,2026-11-14,,LIVE NATION MUSIC,525662.0,16045.0,0.0,1,1,1,7,0,0,Club
Shapeshifter,2026-11-13,,HOUSE OF BLUES CONCERTS (HOB),111973.66,0.0,0.0,0,2,0,3,0,0,Club
Jervis Campbell,2026-11-13,,LIVE NATION MUSIC,0.0,19427.0,21360.25,0,0,0,8,0,0,Club
10 Years,2026-11-13,,LIVE NATION MUSIC,17283.0,47010.25,6775.0,0,0,11,89,0,3,Club
Hottt Probs,2026-11-13,,FRANK PRODUCTIONS,0.0,2215.0,0.0,0,0,0,2,0,0,Club
The Widdler,2026-11-13,,FRANK PRODUCTIONS,14076.0,45955.55,14720.0,3,0,0,10,0,1,Theater
Nicole Atkins,2026-11-13,,FRANK PRODUCTIONS,0.0,2495.0,0.0,0,0,4,37,0,3,Theater
"Tres Clásicos del Rock - Tributo a The Doors, The Beatles &amp; Toncho Pilatos",2026-11-13,,LIVE NATION MUSIC,0.0,0.0,13766.52,0,0,1,0,0,0,Theater
Stop Light Observations,2026-11-13,,LIVE NATION MUSIC,8030.0,24239.15,16072.0,0,0,3,21,0,0,Club
"Dream, Ivory",2026-11-13,,LIVE NATION MUSIC,0.0,0.0,3737.51,0,0,0,4,0,0,Club
The Underachievers,2026-11-13,,LIVE NATION MUSIC,0.0,0.0,0.0,0,0,2,21,0,0,Club
Armand Hammer,2026-11-13,,LIVE NATION MUSIC,0.0,0.0,28931.78,0,0,0,6,0,0,Club
Reason,2026-11-13,,LIVE NATION MUSIC,0.0,3617.6,1440.0,0,0,1,1,0,0,Arena
Bingo Loco,2026-11-14,,LIVE NATION MUSIC,427726.78,106119.48,0.0,0,0,1,68,0,0,Theater
The Rush Tribute Project,2026-11-13,,LIVE NATION MUSIC,548321.85,62212.5,173466.09,0,1,42,2,0,1,Arena
The Afghan Whigs,2026-11-13,,LIVE NATION MUSIC,0.0,0.0,0.0,0,0,11,64,0,0,Theater
Marsden &amp; Richardson,2026-11-13,,HOUSE OF BLUES CONCERTS (HOB),0.0,0.0,0.0,0,0,0,0,0,2,Other
Periphery,2026-11-13,,LIVE NATION MUSIC,0.0,508193.42,0.0,0,0,21,57,0,3,Arena
Reason,2026-11-13,,LIVE NATION MUSIC,0.0,3617.6,1440.0,0,0,1,1,0,0,Arena
America,2026-11-13,,LIVE NATION MUSIC,3837882.2,4477164.55,1750231.2,5,8,175,41,0,14,Theater
INOHA,2026-11-13,,LIVE NATION MUSIC,7725.0,0.0,0.0,0,0,0,1,0,0,Club
The Last Revel,2026-11-13,,LIVE NATION MUSIC,53000.0,46552.0,16700.0,0,0,3,26,1,4,Club
Ely Oaks,2026-11-13,,LIVE NATION MUSIC,3720.0,0.0,0.0,0,0,0,2,0,0,Club
The Rush Tribute Project,2026-11-13,,LIVE NATION MUSIC,548321.85,62212.5,173466.09,0,1,42,2,0,1,Arena
Tank and the Bangas,2026-11-13,,LIVE NATION MUSIC,41522.0,99118.0,60860.0,1,0,6,42,0,1,Theater
INOHA,2026-11-13,,LIVE NATION MUSIC,7725.0,0.0,0.0,0,0,0,1,0,0,Club
Periphery,2026-11-13,,LIVE NATION MUSIC,0.0,508193.42,0.0,0,0,21,57,0,3,Arena
The Afghan Whigs,2026-11-13,,LIVE NATION MUSIC,0.0,0.0,0.0,0,0,11,64,0,0,Theater
John Cameron Mitchell,2026-11-13,,LIVE NATION MUSIC,0.0,0.0,41390.0,0,0,3,8,0,0,Theater
On Company Time,2026-11-13,,HOUSE OF BLUES CONCERTS (HOB),0.0,0.0,0.0,0,0,1,1,0,0,Club
Eagles,2026-11-14,,LIVE NATION MUSIC,113579924.21,168150846.73,118468239.25,8,365,2,0,28,5,Arena
Slayer,2026-11-14,,LIVE NATION MUSIC,0.0,0.0,0.0,25,51,28,22,2,4,Arena
John Summit,2026-11-14,,LIVE NATION MUSIC,1618895.52,6378033.54,2121909.0,1,6,4,6,1,1,Arena
Doja Cat,2026-11-14,,LIVE NATION MUSIC,7384674.46,7298161.81,31988065.4,0,39,0,9,0,0,Arena
Rod Wave,2026-11-14,,LIVE NATION MUSIC,19871622.03,44782080.52,58117202.64,1,84,1,0,0,0,Arena
Pentatonix,2026-11-14,,FRANK PRODUCTIONS,10014000.83,20747784.25,16735657.71,59,174,94,50,3,9,Arena
Jonas Brothers,2026-11-14,,LIVE NATION MUSIC,49501788.39,30144554.31,109403725.33,75,195,28,1,28,5,Arena
Pentatonix,2026-11-15,,LIVE NATION MUSIC,10014000.83,20747784.25,16735657.71,59,174,94,50,3,9,Arena
Rod Wave,2026-11-14,,LIVE NATION MUSIC,19871622.03,44782080.52,58117202.64,1,84,1,0,0,0,Arena
Little Big Town,2026-11-14,,LIVE NATION MUSIC,1005292.0,13004819.31,2846985.5,20,68,94,16,1,12,Arena
"""Les Nits de Barcelona"", Sting",2026-11-14,,LIVE NATION MUSIC,0.0,0.0,0.0,0,0,0,0,0,1,Other
Reason,2026-11-14,,LIVE NATION MUSIC,0.0,3617.6,1440.0,0,0,1,1,0,0,Arena
Joe Russo's Almost Dead,2026-11-14,,LIVE NATION MUSIC,995377.5,2203750.85,1368415.39,10,1,33,46,6,3,Club
Elude,2026-11-14,,LIVE NATION MUSIC,0.0,0.0,0.0,0,0,0,2,0,0,Theater
Brand New,2026-11-14,,LIVE NATION MUSIC,2962416.0700000003,0.0,0.0,5,11,12,15,0,0,Theater
Deorro,2026-11-14,,LIVE NATION MUSIC,0.0,62036.0,753436.06,2,1,7,21,0,2,Amphitheatre
Santana,2026-11-14,,HOUSE OF BLUES CONCERTS (HOB),10372269.62,0.0,3349278.95,59,103,47,16,7,8,Arena
Subtronics,2026-11-14,,LIVE NATION MUSIC,4740965.2,6717841.76,11057318.02,7,18,38,52,0,4,Theater
Motionless In White,2026-11-15,,LIVE NATION MUSIC,131287.04,0.0,1810722.63,7,19,22,41,0,2,Arena
Valentino Khan,2026-11-14,,LIVE NATION MUSIC,13215.0,32507.58,0.0,0,0,0,18,0,0,Club
Tou,2026-11-14,,LIVE NATION MUSIC,0.0,348354.82999999996,0.0,0,0,0,1,0,1,Club
Jeffrey Osborne,2026-11-14,,LIVE NATION MUSIC,459087.0,534188.15,457979.0,2,0,21,25,0,1,Theater
El Tri,2026-11-14,,LIVE NATION MUSIC,2545893.21,56655.0,362219.0,0,8,15,9,1,1,Amphitheatre
O.A.R.,2026-11-15,,LIVE NATION MUSIC,709903.1,2852218.48,997184.5,59,2,62,59,2,5,Theater
Jack White,2026-11-14,,LIVE NATION MUSIC,9888079.67,1029333.01,0.0,8,36,58,33,2,4,Theater
Beartooth,2026-11-15,,LIVE NATION MUSIC,0.0,1116351.8,389208.25,1,4,15,41,1,2,Theater
"Dragonforce, Amaranthe",2026-11-14,,LIVE NATION MUSIC,0.0,247413.25,0.0,0,0,2,1,0,0,Theater
Underoath,2026-11-14,,LIVE NATION MUSIC,0.0,418700.1,308406.2,0,2,22,75,0,4,Club
Air Supply,2026-11-14,,LIVE NATION MUSIC,3599546.73,4482835.24,4165792.98,11,20,186,51,1,28,Theater
Charles Wesley Godwin,2026-11-14,,LIVE NATION MUSIC,758444.48,1054854.04,609346.0,1,2,10,22,0,2,Club
Orville Peck,2026-11-14,,LIVE NATION MUSIC,0.0,1089190.07,122699.0,2,0,10,21,0,3,Club
Brothers Osborne,2026-11-14,,LIVE NATION MUSIC,221376.54,2186846.57,873905.43,18,3,39,28,0,5,Theater
Everclear,2026-11-14,,FRANK PRODUCTIONS,488252.26,424897.62,173224.27,2,3,26,59,1,11,Club
Mike DelGuidice,2026-11-14,,LIVE NATION MUSIC,41651.6,352742.89,412679.95,0,1,11,42,0,2,Club
KATSEYE,2026-11-14,,LIVE NATION MUSIC,3690618.47,0.0,0.0,0,1,5,1,0,0,Arena
Daughtry,2026-11-14,,LIVE NATION MUSIC,0.0,248378.35,1728352.14,9,66,135,39,0,22,Theater
TroyBoi,2026-11-14,,LIVE NATION MUSIC,32087.0,327489.95,364614.0,1,0,8,43,0,3,Club
Bayker Blankenship,2026-11-14,,LIVE NATION MUSIC,25327.48,0.0,0.0,0,0,1,6,0,1,Theater
Buena Vista Orchestra,2026-11-14,,HOUSE OF BLUES CONCERTS (HOB),80477.5,0.0,0.0,0,0,1,1,0,0,Club
Ben &amp; Rose,2026-11-14,,LIVE NATION MUSIC,0.0,0.0,0.0,0,0,1,0,0,0,Theater
Jimmy Eat World,2026-11-14,,LIVE NATION MUSIC,351406.57,875247.1399999999,474631.0,7,3,39,90,0,2,Amphitheatre
Switchfoot,2026-11-14,,LIVE NATION MUSIC,181031.87,600305.9299999999,763943.0,5,6,80,76,1,17,Amphitheatre
Sabaton,2026-11-14,,LIVE NATION MUSIC,11860820.15,0.0,3200841.5700000003,0,29,15,31,0,0,Club
The Neighbourhood,2026-11-14,,LIVE NATION MUSIC,0.0,0.0,0.0,1,16,28,68,1,0,Club
Yung Gravy,2026-11-14,,LIVE NATION MUSIC,206906.93,574274.31,71100.12,0,1,7,36,0,1,Theater
Sessions,2026-11-14,,LIVE NATION MUSIC,0.0,0.0,0.0,0,1,0,0,0,0,Arena
Kurt Vile,2026-11-14,,LIVE NATION MUSIC,19520.0,0.0,0.0,0,0,16,68,0,0,Theater
Jorja Smith,2026-11-14,,LIVE NATION MUSIC,2164559.81,2260192.21,355606.04,0,2,17,16,0,4,Theater
GWAR,2026-11-14,,LIVE NATION MUSIC,232622.19,250475.13,96717.0,0,3,30,172,0,3,Club
Dark Star Orchestra,2026-11-14,,LIVE NATION MUSIC,1248384.22,5590344.75,2726147.02,65,2,252,354,11,32,Theater
Three Dog Night,2026-11-14,,FRANK PRODUCTIONS,1488941.69,1897466.3,1809550.27,11,10,138,35,0,11,Theater
EGGY,2026-11-14,,LIVE NATION MUSIC,50061.0,55240.5,35212.9,0,0,1,20,0,0,Club
Sawyer Brown,2026-11-14,,LIVE NATION MUSIC,231677.6,338038.84,125800.3,2,2,23,3,0,4,Theater
Avery Anna,2026-11-14,,HOUSE OF BLUES CONCERTS (HOB),64422.0,18000.0,11491.0,0,0,3,10,0,0,Club
The Tallest Man On Earth,2026-11-14,,LIVE NATION MUSIC,83293.33,0.0,291985.78,0,2,44,70,0,4,Club
Allison Russell,2026-11-14,,LIVE NATION MUSIC,83000.15,59484.68,37732.0,0,0,4,8,0,0,Club
Outbreak,2026-11-14,,HOUSE OF BLUES CONCERTS (HOB),0.0,0.0,0.0,0,0,1,1,0,0,Club
El Cuarteto de Nos,2026-11-14,,LIVE NATION MUSIC,1892998.18,483795.02,597847.5499999999,0,3,4,4,0,0,Theater
The Menzingers,2026-11-15,,LIVE NATION MUSIC,0.0,83860.93,175297.68,0,0,3,45,0,0,Theater
Movements,2026-11-14,,LIVE NATION MUSIC,308781.6,267276.63,140008.0,0,0,1,23,0,1,Club
State Champs,2026-11-14,,LIVE NATION MUSIC,202412.59,75375.0,0.0,0,0,9,29,0,0,Theater
Harbour,2026-11-14,,LIVE NATION MUSIC,55592.03,0.0,104133.0,0,0,2,44,0,0,Club
Hamilton Leithauser,2026-11-14,,LIVE NATION MUSIC,25270.0,0.0,0.0,0,0,3,33,0,0,Theater
"Joey Fatone, AJ McLean",2026-11-14,,HOUSE OF BLUES CONCERTS (HOB),0.0,1007339.51,0.0,1,0,6,2,0,0,Theater
Die Spitz,2026-11-14,,LIVE NATION MUSIC,19774.52,3750.0,0.0,0,0,0,10,0,1,Club
Xperience,2026-11-14,,LIVE NATION MUSIC,0.0,0.0,0.0,0,0,0,2,0,0,Club
Shang,2026-11-15,,LIVE NATION MUSIC,0.0,755.0,0.0,0,0,0,1,0,0,Club
Amble,2026-11-14,,LIVE NATION MUSIC,4025470.09,406488.11,0.0,0,5,8,27,2,4,Club
Miles Minnick,2026-11-14,,LIVE NATION MUSIC,0.0,0.0,0.0,0,0,0,1,0,0,Club
Babyface,2026-11-14,,LIVE NATION MUSIC,233238.0,960842.69,1226998.5,3,2,27,10,0,9,Theater
They Might Be Giants,2026-11-14,,LIVE NATION MUSIC,486578.5,1261195.18,660640.34,1,1,48,146,0,0,Theater
UB40,2026-11-14,,LIVE NATION MUSIC,253537.51,5742450.69,2259277.81,7,34,50,22,0,4,Theater
"The National, The War On Drugs",2026-11-14,,LIVE NATION MUSIC,0.0,2288139.77,0.0,2,2,0,0,0,1,Theater
Imminence,2026-11-14,,LIVE NATION MUSIC,470438.32,155312.11,0.0,0,0,3,36,0,15,Club
Bowling For Soup,2026-11-15,,LIVE NATION MUSIC,1051669.3,850443.56,141147.11,0,4,24,50,0,2,Club
"Tres Clásicos del Rock - Tributo a The Doors, The Beatles &amp; Toncho Pilatos",2026-11-14,,EMPORIUM PRESENTS,0.0,0.0,13766.52,0,0,1,0,0,0,Theater
WookieFoot,2026-11-14,,LIVE NATION MUSIC,0.0,0.0,0.0,2,0,9,12,0,0,Theater
"""Summer of '99 and Beyond Festival"", Nickelback",2026-11-14,,LIVE NATION MUSIC,3680443.0,0.0,0.0,1,0,0,0,0,0,Amphitheatre
Corrosion Of Conformity,2026-11-15,,LIVE NATION MUSIC,0.0,0.0,38733.89,0,0,2,25,0,0,Club
"""Past, Present, Future: A Dance Gala""",2026-11-14,,LIVE NATION MUSIC,0.0,0.0,0.0,0,0,1,0,0,0,Theater
Chat Pile,2026-11-14,,LIVE NATION MUSIC,0.0,7187.0,8340.0,0,0,0,3,0,0,Club
Grupo Duelo,2026-11-14,,LIVE NATION MUSIC,0.0,49134.0,0.0,0,3,1,0,0,0,Arena
"Love, Fraser",2026-11-14,,LIVE NATION MUSIC,0.0,0.0,0.0,0,0,0,1,0,0,Club
The Jayhawks,2026-11-14,,LIVE NATION MUSIC,15795.0,90651.0,83559.5,2,0,31,65,0,0,Theater
Tou,2026-11-14,,LIVE NATION MUSIC,0.0,348354.82999999996,0.0,0,0,0,1,0,1,Arena
The Wrecks,2026-11-15,,LIVE NATION MUSIC,97000.68,0.0,0.0,0,0,1,12,0,0,Club
William Black,2026-11-14,,LIVE NATION MUSIC,29205.0,799243.94,11265.0,1,0,7,19,0,0,Club
Deana Carter,2026-11-14,,LIVE NATION MUSIC,0.0,45335.0,10705.0,0,0,7,7,0,1,Arena
"The Hails, Never Ending Fall",2026-11-14,,LIVE NATION MUSIC,32786.0,0.0,0.0,0,0,0,4,0,0,Club
The Mavericks,2026-11-14,,FRANK PRODUCTIONS,401893.0,1182887.57,2625453.41,8,1,166,62,0,13,Theater
Celebration,2026-11-14,,LIVE NATION MUSIC,0.0,0.0,0.0,0,0,0,1,0,0,Club
Three Days Grace,2026-11-14,,LIVE NATION MUSIC,2587583.58,0.0,514555.96,4,55,36,61,0,8,Arena
Alicia Villarreal,2026-11-14,,LIVE NATION MUSIC,647045.73,1374508.36,306780.57999999996,1,4,28,3,0,1,Theater
Ezra Collective,2026-11-14,,LIVE NATION MUSIC,239535.55,456619.5,126233.95,0,1,6,8,0,0,Theater
Three Days Grace,2026-11-14,,LIVE NATION MUSIC,2587583.58,0.0,514555.96,4,55,36,61,0,8,Arena
Three Days Grace,2026-11-14,,LIVE NATION MUSIC,2587583.58,0.0,514555.96,4,55,36,61,0,8,Arena
Father of Peace,2026-11-14,,HOUSE OF BLUES CONCERTS (HOB),0.0,0.0,0.0,0,0,0,1,0,0,Club
Mystery Skulls,2026-11-14,,LIVE NATION MUSIC,0.0,139161.9,0.0,0,0,2,30,0,0,Theater
"Ris, John Urbano",2026-11-14,,LIVE NATION MUSIC,0.0,0.0,0.0,0,0,0,1,0,0,Club
Tempo,2026-11-14,,LIVE NATION MUSIC,0.0,0.0,0.0,0,1,0,0,0,0,Arena
Ethan Regan,2026-11-14,,FRANK PRODUCTIONS,29853.28,2015.0,0.0,0,0,0,6,0,0,Theater
Band Of Horses,2026-11-14,,LIVE NATION MUSIC,186584.38,387852.65,434352.0,8,3,61,67,0,4,Club
Slaughter To Prevail,2026-11-14,,LIVE NATION MUSIC,157166.6,0.0,248864.27,0,4,13,22,0,1,Theater
Dengue Fever,2026-11-14,,HOUSE OF BLUES CONCERTS (HOB),0.0,0.0,0.0,0,0,1,22,0,0,Club
Hiss Golden Messenger,2026-11-14,,LIVE NATION TENNESSEE,0.0,7598.0,93982.85,0,0,3,56,0,0,Club
Tramps Like Us,2026-11-14,,LIVE NATION MUSIC,0.0,0.0,0.0,0,1,0,13,0,0,Club
KATSEYE,2026-11-14,,LIVE NATION MUSIC,3690618.47,0.0,0.0,0,1,5,1,0,0,Arena
Shakira,2026-11-14,,FRANK PRODUCTIONS,276489413.56,6004725.2,0.0,2,66,2,0,39,1,Arena
Aiden,2026-11-14,,LIVE NATION MUSIC,0.0,0.0,0.0,0,0,0,9,0,0,Theater
Pecos &amp; The Rooftops,2026-11-14,,FRANK PRODUCTIONS,1080215.97,1424328.1,1041865.12,11,1,62,250,0,24,Club
The Underachievers,2026-11-14,,LIVE NATION MUSIC,0.0,0.0,0.0,0,0,2,21,0,0,Club
Al &amp; Rob Of Moe,2026-11-14,,LIVE NATION MUSIC,0.0,0.0,0.0,0,0,0,2,0,0,Club
Wolves of Glendale,2026-11-14,,LIVE NATION MUSIC,0.0,34058.0,0.0,0,0,0,5,0,0,Club
Wolves of Glendale,2026-11-14,,LIVE NATION MUSIC,0.0,34058.0,0.0,0,0,0,5,0,0,Club
Bingo Loco,2026-11-14,,LIVE NATION MUSIC,427726.78,106119.48,0.0,0,0,1,68,0,0,Theater
Bunbury,2026-11-14,,LIVE NATION MUSIC,8662840.8,6664348.7700000005,489408.32,4,20,41,9,14,8,Theater
Tanya Tucker,2026-11-14,,LIVE NATION CANADA (LN),56025.5,202069.67,234997.5,0,1,24,8,0,2,Theater
Dev Lemons,2026-11-14,,LIVE NATION MUSIC,0.0,0.0,5193.0,0,0,0,6,0,0,Club
Corrosion Of Conformity,2026-11-14,,LIVE NATION MUSIC,0.0,0.0,38733.89,0,0,2,25,0,0,Theater
Marsden &amp; Richardson,2026-11-14,,HOUSE OF BLUES CONCERTS (HOB),0.0,0.0,0.0,0,0,0,0,0,2,Other
Dave Hause,2026-11-14,,LIVE NATION MUSIC,61081.71,114963.8,0.0,0,0,5,52,0,25,Club
Dev Lemons,2026-11-14,,LIVE NATION MUSIC,0.0,0.0,5193.0,0,0,0,6,0,0,Club
Lyle Lovett &amp; His Large Band,2026-11-14,,LIVE NATION MUSIC,262546.38,1530771.77,583648.1,4,0,23,5,0,3,Theater
Lyle Lovett &amp; His Large Band,2026-11-14,,LIVE NATION MUSIC,262546.38,1530771.77,583648.1,4,0,23,5,0,3,Theater
bradeazy,2026-11-14,,LIVE NATION MUSIC,0.0,2027.0,0.0,0,0,0,1,0,0,Club
Bunbury,2026-11-14,,LIVE NATION MUSIC,8662840.8,6664348.7700000005,489408.32,4,20,41,9,14,8,Theater
Inna,2026-11-14,,LIVE NATION MUSIC,0.0,0.0,0.0,0,2,2,2,0,0,Theater
VANA,2026-11-14,,FRANK PRODUCTIONS,0.0,0.0,0.0,0,0,0,1,0,0,Theater
West 22nd,2026-11-14,,LIVE NATION MUSIC,16408.0,7821.0,0.0,0,0,2,7,0,0,Club
Daily Bread,2026-11-14,,LIVE NATION MUSIC,1282747.24,566802.2,17130.0,3,0,0,10,0,0,Club
Sandy &amp; Junior,2026-11-15,,LIVE NATION MUSIC,0.0,0.0,0.0,0,8,0,0,8,0,Arena
Isaiah Rashad,2026-11-14,,LIVE NATION MUSIC,0.0,274022.0,388038.79,0,1,16,46,0,0,Club
Isaiah Rashad,2026-11-14,,LIVE NATION MUSIC,0.0,274022.0,388038.79,0,1,16,46,0,0,Club
Arty,2026-11-15,,HOUSE OF BLUES CONCERTS (HOB),0.0,4500.0,14060.0,0,0,1,13,0,0,Club
Zack Fox,2026-11-14,,LIVE NATION MUSIC,699736.1799999999,153619.24,94077.0,0,0,7,20,0,1,Club
Corrosion Of Conformity,2026-11-14,,LIVE NATION MUSIC,0.0,0.0,38733.89,0,0,2,25,0,0,Club
Zack Fox,2026-11-14,,LIVE NATION MUSIC,699736.1799999999,153619.24,94077.0,0,0,7,20,0,1,Club
"Chris Brown, Usher",2026-11-15,,LIVE NATION MUSIC,0.0,0.0,0.0,0,0,0,0,18,0,Stadium
Olivia Rodrigo,2026-11-15,,LIVE NATION MUSIC,23420107.2,169307085.8,0.0,0,68,10,2,5,1,Arena
John Summit,2026-11-15,,LIVE NATION MUSIC,1618895.52,6378033.54,2121909.0,1,6,4,6,1,1,Arena
Rawayana,2026-11-15,,LIVE NATION MUSIC,0.0,1859072.56,268722.57,0,16,8,9,1,1,Arena
Zayn,2026-11-15,,LIVE NATION MUSIC,6179725.37,3409597.99,0.0,0,3,18,1,3,0,Arena
Rod Wave,2026-11-15,,LIVE NATION MUSIC,19871622.03,44782080.52,58117202.64,1,84,1,0,0,0,Arena
Rush,2026-11-15,,LIVE NATION MUSIC,0.0,0.0,0.0,40,118,1,0,2,8,Arena
Rod Wave,2026-11-15,,LIVE NATION MUSIC,19871622.03,44782080.52,58117202.64,1,84,1,0,0,0,Arena
"""Les Nits de Barcelona"", Sting",2026-11-15,,LIVE NATION MUSIC,0.0,0.0,0.0,0,0,0,0,0,1,Other
Victor &amp; Leo,2026-11-15,,LIVE NATION MUSIC,0.0,0.0,0.0,0,0,24,1,0,0,Theater
Santana,2026-11-15,,HOUSE OF BLUES CONCERTS (HOB),10372269.62,0.0,3349278.95,59,103,47,16,7,8,Arena
Celebration,2026-11-15,,LIVE NATION MUSIC,0.0,0.0,0.0,0,0,0,1,0,0,Club
"""SummerStage"", Two Door Cinema Club, Friends",2026-11-15,,LIVE NATION MUSIC,0.0,0.0,0.0,1,0,0,0,0,0,Amphitheatre
Skilla Baby,2026-11-15,,LIVE NATION MUSIC,0.0,32505.0,0.0,0,0,0,1,0,0,Arena
Daily Bread,2026-11-15,,LIVE NATION MUSIC,1282747.24,566802.2,17130.0,3,0,0,10,0,0,Arena
"Chicago, Styx",2026-11-15,,LIVE NATION MUSIC,0.0,0.0,0.0,0,0,1,0,0,0,Theater
El Tri,2026-11-15,,LIVE NATION MUSIC,2545893.21,56655.0,362219.0,0,8,15,9,1,1,Theater
Blue October,2026-11-15,,LIVE NATION MUSIC,380805.29,725828.84,1268376.38,4,2,79,177,1,3,Club
TUL8TE,2026-11-15,,LIVE NATION MUSIC,0.0,0.0,0.0,0,0,0,1,0,0,Club
Arcángel,2026-11-15,,LIVE NATION MUSIC,0.0,5578759.22,9635530.99,2,31,5,0,4,1,Theater
10 Years,2026-11-15,,LIVE NATION MUSIC,17283.0,47010.25,6775.0,0,0,11,89,0,3,Club
Geoff Tate's Operation: Mindcrime,2026-11-15,,LIVE NATION MUSIC,283320.71,0.0,0.0,0,0,19,36,0,1,Club
Shaun Cassidy,2026-11-15,,LIVE NATION MUSIC,220470.73,55190.0,104061.5,0,0,7,14,0,0,Club
Yung Gravy,2026-11-15,,LIVE NATION MUSIC,206906.93,574274.31,71100.12,0,1,7,36,0,1,Club
Once &amp; Future Band,2026-11-15,,LIVE NATION MUSIC,0.0,0.0,0.0,0,0,0,1,0,0,Club
Imminence,2026-11-15,,LIVE NATION MUSIC,470438.32,155312.11,0.0,0,0,3,36,0,15,Club
"Dragonforce, Amaranthe",2026-11-15,,LIVE NATION MUSIC,0.0,247413.25,0.0,0,0,2,1,0,0,Theater
Streetlight Manifesto,2026-11-15,,LIVE NATION MUSIC,51271.92,312027.99,0.0,0,0,23,140,0,1,Theater
State Champs,2026-11-15,,LIVE NATION MUSIC,202412.59,75375.0,0.0,0,0,9,29,0,0,Club
Saosin,2026-11-15,,LIVE NATION MUSIC,0.0,43142.5,30500.0,0,0,3,12,0,0,Club
The Stray Cats,2026-11-15,,LIVE NATION MUSIC,0.0,370279.0,0.0,2,0,3,6,0,0,Theater
Jason Bonham,2026-11-15,,LIVE NATION MUSIC,0.0,163048.0,39752.0,0,0,3,1,0,0,Theater
"Joey Fatone, AJ McLean",2026-11-15,,LIVE NATION MUSIC,0.0,1007339.51,0.0,1,0,6,2,0,0,Theater
Clara La San,2026-11-15,,LIVE NATION MUSIC,2553.98,0.0,0.0,0,0,0,6,0,0,Club
YEBBA,2026-11-15,,HOUSE OF BLUES CONCERTS (HOB),0.0,0.0,0.0,0,0,0,4,0,0,Club
The Damned,2026-11-15,,LIVE NATION MUSIC,97432.23,36495.0,221258.34,0,2,7,30,0,1,Club
"""Past, Present, Future: A Dance Gala""",2026-11-15,,LIVE NATION MUSIC,0.0,0.0,0.0,0,0,1,0,0,0,Theater
The Mountain Goats,2026-11-15,,LIVE NATION MUSIC,128019.0,393936.0,468049.74,0,0,23,125,0,2,Theater
The Mountain Goats,2026-11-15,,LIVE NATION MUSIC,128019.0,393936.0,468049.74,0,0,23,125,0,2,Theater
Buzzcocks,2026-11-15,,LIVE NATION MUSIC,23024.46,78970.92,0.0,0,0,6,27,0,2,Club
Tiny Habits,2026-11-15,,LIVE NATION MUSIC,0.0,97332.67,7488.3,0,0,4,7,0,0,Club
West 22nd,2026-11-15,,LIVE NATION MUSIC,16408.0,7821.0,0.0,0,0,2,7,0,0,Club
John Cafferty &amp; The Beaver Brown Band,2026-11-15,,LIVE NATION MUSIC,16264.0,64676.0,42125.0,0,0,3,17,0,0,Arena
"Mic Crenshaw, Special Guests",2026-11-15,,LIVE NATION MUSIC,0.0,0.0,0.0,0,0,0,1,0,0,Club
Strawberry Guy,2026-11-15,,LIVE NATION MUSIC,0.0,17830.48,7000.0,0,0,0,4,0,0,Club
Trippie Redd,2026-11-15,,LIVE NATION MUSIC,0.0,171012.5,592049.0,4,4,6,7,0,1,Theater
Orville Peck,2026-11-15,,LIVE NATION MUSIC,0.0,1089190.07,122699.0,2,0,10,21,0,3,Club
The Afghan Whigs,2026-11-15,,LIVE NATION MUSIC,0.0,0.0,0.0,0,0,11,64,0,0,Theater
Yu,2026-11-16,,LIVE NATION MUSIC,29919.62,4824.12,0.0,0,0,0,2,0,0,Club
"Michaela Anne, Josiah Johnson",2026-11-15,,LIVE NATION MUSIC,0.0,0.0,0.0,0,0,0,1,0,0,Club
Periphery,2026-11-16,,LIVE NATION MUSIC,0.0,508193.42,0.0,0,0,21,57,0,3,Club
Ben &amp; Rose,2026-11-15,,LIVE NATION MUSIC,0.0,0.0,0.0,0,0,1,0,0,0,Theater
America,2026-11-15,,LIVE NATION MUSIC,3837882.2,4477164.55,1750231.2,5,8,175,41,0,14,Theater
Three Days Grace,2026-11-15,,LIVE NATION MUSIC,2587583.58,0.0,514555.96,4,55,36,61,0,8,Arena
Three Days Grace,2026-11-15,,LIVE NATION MUSIC,2587583.58,0.0,514555.96,4,55,36,61,0,8,Arena
Geordie Kieffer,2026-11-15,,LIVE NATION MUSIC,62809.44,5980.0,0.0,0,0,1,4,0,0,Club
"Butte &amp; Friends, Soul Purveyors",2026-11-15,,LIVE NATION MUSIC,0.0,2530.0,0.0,0,0,0,1,0,0,Theater
Wyatt Flores,2026-11-15,,LIVE NATION MUSIC,221710.27,925820.77,33065.0,0,0,10,20,0,3,Club
Red Leather,2026-11-15,,LIVE NATION TENNESSEE,7078.110000000001,5670.0,0.0,0,0,0,9,0,0,Club
Jake Minch,2026-11-15,,LIVE NATION MUSIC,3380.0,0.0,0.0,0,0,0,1,0,0,Club
"A Whole Lotta Vanda, Young, Wright &amp; Rosie",2026-11-15,,LIVE NATION MUSIC,0.0,0.0,0.0,0,0,0,1,0,0,Club
almost monday,2026-11-15,,FRANK PRODUCTIONS,58670.4,0.0,2884.0,0,0,0,9,0,1,Club
Buena Vista Orchestra,2026-11-15,,HOUSE OF BLUES CONCERTS (HOB),80477.5,0.0,0.0,0,0,1,1,0,0,Club
"""Festival International de Jazz De Montreal"", Victor Wooten, The Wooten Brothers",2026-11-15,,FRANK PRODUCTIONS,0.0,0.0,0.0,0,0,0,1,0,0,Theater
"August Burns Red, The Amity Affliction",2026-11-15,,LIVE NATION MUSIC,0.0,0.0,0.0,0,0,0,1,0,0,Theater
Bog,2026-11-15,,LIVE NATION MUSIC,0.0,0.0,0.0,0,0,0,2,0,0,Club
R&amp;B Vibes Live,2026-11-15,,LIVE NATION MUSIC,0.0,0.0,0.0,0,0,0,2,0,0,Club
vaultboy,2026-11-15,,LIVE NATION MUSIC,0.0,17778.09,0.0,0,0,0,5,0,0,Theater
Ashley McBryde,2026-11-15,,LIVE NATION MUSIC,370311.6,589292.53,278363.78,0,0,23,16,0,1,Theater
Catch Your Breath,2026-11-15,,LIVE NATION MUSIC,10444.0,0.0,0.0,0,0,0,6,0,0,Club
Olive Jones,2026-11-15,,HOUSE OF BLUES CONCERTS (HOB),0.0,0.0,885.28,0,0,0,2,0,0,Club
Hunxho,2026-11-15,,LIVE NATION MUSIC,0.0,70430.0,0.0,0,0,0,1,0,0,Theater
Alicia Villarreal,2026-11-15,,LIVE NATION MUSIC,647045.73,1374508.36,306780.57999999996,1,4,28,3,0,1,Theater
Token,2026-11-15,,LIVE NATION MUSIC,0.0,0.0,42053.64,0,0,1,17,0,1,Club
Nand,2026-11-15,,LIVE NATION MUSIC,0.0,2263.97,0.0,0,0,0,1,0,0,Theater
Pedro Fernández,2026-11-15,,LIVE NATION MUSIC,1459820.78,1070035.34,992662.55,2,12,10,0,0,0,Theater
Catch Your Breath,2026-11-15,,LIVE NATION MUSIC,10444.0,0.0,0.0,0,0,0,6,0,0,Club
"Chris Brown, Usher",2026-11-16,,LIVE NATION MUSIC,0.0,0.0,0.0,0,0,0,0,18,0,Stadium
Olivia Rodrigo,2026-11-16,,LIVE NATION MUSIC,23420107.2,169307085.8,0.0,0,68,10,2,5,1,Arena
Karan Aujla,2026-11-16,,LIVE NATION MUSIC,3420048.2,5984529.85,132877.75,0,14,0,1,0,0,Arena
"Love, Fraser",2026-11-16,,LIVE NATION MUSIC,0.0,0.0,0.0,0,0,0,1,0,0,Theater
Pentatonix,2026-11-16,,LIVE NATION MUSIC,10014000.83,20747784.25,16735657.71,59,174,94,50,3,9,Arena
Underoath,2026-11-16,,LIVE NATION MUSIC,0.0,418700.1,308406.2,0,2,22,75,0,4,Theater
The Neighbourhood,2026-11-16,,LIVE NATION MUSIC,0.0,0.0,0.0,1,16,28,68,1,0,Arena
Jessie Reyez,2026-11-16,,LIVE NATION MUSIC,1725959.5,0.0,120873.09,0,0,12,18,0,0,Club
Jack White,2026-11-16,,LIVE NATION MUSIC,9888079.67,1029333.01,0.0,8,36,58,33,2,4,Theater
Band Of Horses,2026-11-16,,LIVE NATION MUSIC,186584.38,387852.65,434352.0,8,3,61,67,0,4,Club
Rival Sons,2026-11-16,,LIVE NATION MUSIC,153941.61,116553.8,395290.35,0,2,29,81,0,1,Club
Whitechapel,2026-11-16,,LIVE NATION MUSIC,378503.41,16256.84,0.0,1,0,3,80,0,4,Club
Trey Anastasio,2026-11-16,,LIVE NATION MUSIC,2568069.9299999997,428723.49,0.0,9,5,67,35,1,3,Theater
Periphery,2026-11-17,,LIVE NATION MUSIC,0.0,508193.42,0.0,0,0,21,57,0,3,Club
Skilla Baby,2026-11-16,,LIVE NATION MUSIC,0.0,32505.0,0.0,0,0,0,1,0,0,Club
"""Laughs, Music, &amp; Vibes""",2026-11-16,,HOUSE OF BLUES CONCERTS (HOB),0.0,0.0,0.0,0,0,0,1,0,0,Club
Yung Gravy,2026-11-16,,LIVE NATION MUSIC,206906.93,574274.31,71100.12,0,1,7,36,0,1,Club
STELLA LEFTY,2026-11-16,,LIVE NATION MUSIC,0.0,0.0,0.0,0,0,0,1,0,0,Club
Paramount,2026-11-16,,LIVE NATION MUSIC,0.0,0.0,0.0,0,0,2,0,0,0,Theater
The Mountain Goats,2026-11-16,,LIVE NATION MUSIC,128019.0,393936.0,468049.74,0,0,23,125,0,2,Theater
YEBBA,2026-11-16,,LIVE NATION MUSIC,0.0,0.0,0.0,0,0,0,4,0,0,Theater
Isaiah Rashad,2026-11-16,,LIVE NATION MUSIC,0.0,274022.0,388038.79,0,1,16,46,0,0,Theater
Static Dress,2026-11-16,,LIVE NATION MUSIC,0.0,0.0,0.0,0,0,0,1,0,0,Club
El Cuarteto de Nos,2026-11-16,,LIVE NATION MUSIC,1892998.18,483795.02,597847.5499999999,0,3,4,4,0,0,Club
Forever,2026-11-17,,LIVE NATION MUSIC,70329.51,0.0,0.0,0,1,0,0,0,0,Arena
First to Eleven,2026-11-17,,LIVE NATION MUSIC,16862.33,29190.88,21797.0,0,0,2,24,0,0,Club
Bear,2026-11-16,,LIVE NATION MUSIC,0.0,0.0,0.0,0,0,0,1,0,0,Club
Whitechapel,2026-11-17,,LIVE NATION MUSIC,378503.41,16256.84,0.0,1,0,3,80,0,4,Theater
Upgrade,2026-11-16,,LIVE NATION MUSIC,0.0,0.0,0.0,0,0,0,1,0,1,Club
Chat Pile,2026-11-16,,LIVE NATION MUSIC,0.0,7187.0,8340.0,0,0,0,3,0,0,Club
Insomnium,2026-11-17,,LIVE NATION MUSIC,64768.380000000005,39199.35,15069.36,0,0,0,11,0,1,Club
Mystery Skulls,2026-11-16,,FRANK PRODUCTIONS,0.0,139161.9,0.0,0,0,2,30,0,0,Theater
The Underachievers,2026-11-16,,LIVE NATION MUSIC,0.0,0.0,0.0,0,0,2,21,0,0,Club
Ryan Jesse,2026-11-16,,FRANK PRODUCTIONS,0.0,0.0,0.0,0,0,0,1,0,0,Club
Hurricane Wisdom,2026-11-16,,LIVE NATION MUSIC,11250.0,0.0,0.0,0,0,0,1,0,0,Club
The Aces,2026-11-16,,LIVE NATION MUSIC,77981.0,11799.0,190498.62,0,0,3,24,0,2,Club
Amble,2026-11-16,,HOUSE OF BLUES CONCERTS (HOB),4025470.09,406488.11,0.0,0,5,8,27,2,4,Club
Turnover,2026-11-16,,LIVE NATION MUSIC,1343969.0,34201.28,13530.0,2,1,5,35,0,2,Club
Victor &amp; Leo,2026-11-16,,LIVE NATION MUSIC,0.0,0.0,0.0,0,0,24,1,0,0,Theater
"Kami, Femdot",2026-11-16,,LIVE NATION MUSIC,0.0,0.0,0.0,0,0,0,1,0,0,Club
Turnover,2026-11-16,,LIVE NATION MUSIC,1343969.0,34201.28,13530.0,2,1,5,35,0,2,Club
Bryan Andrews,2026-11-16,,LIVE NATION TENNESSEE,0.0,453.0,0.0,0,0,0,1,0,0,Club
Doja Cat,2026-11-17,,LIVE NATION MUSIC,7384674.46,7298161.81,31988065.4,0,39,0,9,0,0,Arena
KATSEYE,2026-11-17,,LIVE NATION MUSIC,3690618.47,0.0,0.0,0,1,5,1,0,0,Arena
Three Days Grace,2026-11-17,,LIVE NATION MUSIC,2587583.58,0.0,514555.96,4,55,36,61,0,8,Arena
Jonas Brothers,2026-11-17,,LIVE NATION MUSIC,49501788.39,30144554.31,109403725.33,75,195,28,1,28,5,Arena
"""Les Nits de Barcelona"", Sting",2026-11-17,,LIVE NATION MUSIC,0.0,0.0,0.0,0,0,0,0,0,1,Other
Steve Lacy,2026-11-17,,LIVE NATION MUSIC,0.0,0.0,48400.0,1,2,2,7,0,0,Theater
"Chicago, Styx",2026-11-17,,LIVE NATION MUSIC,0.0,0.0,0.0,0,0,1,0,0,0,Theater
Shaun Cassidy,2026-11-17,,LIVE NATION MUSIC,220470.73,55190.0,104061.5,0,0,7,14,0,0,Arena
Medium Build,2026-11-17,,LIVE NATION MUSIC,51553.06,277378.99,6501.48,0,0,2,32,0,1,Arena
Triumph,2026-11-17,,LIVE NATION MUSIC,0.0,0.0,0.0,0,7,1,1,0,0,Arena
"The A, B, C &amp; D Of Boogie Woogie",2026-11-17,,LIVE NATION MUSIC,0.0,0.0,0.0,0,0,0,1,0,0,Theater
The Damned,2026-11-17,,LIVE NATION MUSIC,97432.23,36495.0,221258.34,0,2,7,30,0,1,Club
Blue October,2026-11-17,,LIVE NATION MUSIC,380805.29,725828.84,1268376.38,4,2,79,177,1,3,Club
Imminence,2026-11-17,,LIVE NATION MUSIC,470438.32,155312.11,0.0,0,0,3,36,0,15,Club
Wage War,2026-11-18,,LIVE NATION MUSIC,0.0,250965.5,163464.08000000002,0,1,4,25,0,1,Club
Straight No Chaser,2026-11-17,,EMPORIUM PRESENTS,2200395.42,4207526.41,4491645.23,15,31,598,29,0,23,Theater
Alter Bridge,2026-11-17,,LIVE NATION MUSIC,0.0,0.0,1508123.42,1,40,41,59,1,6,Theater
Sugarland,2026-11-17,,LIVE NATION MUSIC,0.0,0.0,0.0,71,60,8,1,4,4,Arena
Jack White,2026-11-17,,LIVE NATION MUSIC,9888079.67,1029333.01,0.0,8,36,58,33,2,4,Theater
Samantha Fish,2026-11-17,,LIVE NATION MUSIC,204152.93,340430.78,88562.14,2,0,30,76,0,1,Club
The Stray Cats,2026-11-17,,LIVE NATION MUSIC,0.0,370279.0,0.0,2,0,3,6,0,0,Club
Matt Hansen,2026-11-17,,LIVE NATION MUSIC,167808.59,12300.0,0.0,0,0,0,11,0,3,Club
Periphery,2026-11-18,,LIVE NATION MUSIC,0.0,508193.42,0.0,0,0,21,57,0,3,Club
Toosii,2026-11-17,,HOUSE OF BLUES CONCERTS (HOB),0.0,0.0,169724.5,0,0,1,4,0,0,Club
Gary Numan,2026-11-17,,LIVE NATION MUSIC,1760819.26,1454805.64,269072.33999999997,0,5,50,62,0,2,Club
Motionless In White,2026-11-18,,LIVE NATION MUSIC,131287.04,0.0,1810722.63,7,19,22,41,0,2,Arena
"""AMA Music Festival"", Alice Cooper",2026-11-17,,LIVE NATION MUSIC,0.0,0.0,0.0,0,0,0,0,0,1,Theater
Amble,2026-11-17,,LIVE NATION MUSIC,4025470.09,406488.11,0.0,0,5,8,27,2,4,Club
Skilla Baby,2026-11-17,,LIVE NATION MUSIC,0.0,32505.0,0.0,0,0,0,1,0,0,Club
Sabaton,2026-11-17,,LIVE NATION MUSIC,11860820.15,0.0,3200841.5700000003,0,29,15,31,0,0,Club
The Revivalists,2026-11-18,,LIVE NATION MUSIC,1067861.36,540575.0,5373043.16,27,0,35,86,0,7,Club
Rival Sons,2026-11-17,,LIVE NATION MUSIC,153941.61,116553.8,395290.35,0,2,29,81,0,1,Club
Steve Taylor &amp; The Perfect Foil,2026-11-17,,LIVE NATION MUSIC,0.0,0.0,0.0,0,0,0,4,0,1,Theater
Giant Rooks,2026-11-17,,LIVE NATION MUSIC,0.0,4045025.2,274287.68,0,12,12,33,8,13,Club
Slow Pulp,2026-11-17,,LIVE NATION MUSIC,0.0,106046.0,34083.07,0,0,1,10,0,0,Theater
"Dragonforce, Amaranthe",2026-11-17,,HOUSE OF BLUES CONCERTS (HOB),0.0,247413.25,0.0,0,0,2,1,0,0,Theater
"Drop Electric, Tone",2026-11-18,,LIVE NATION MUSIC,0.0,0.0,0.0,0,0,0,1,0,0,Club
Sad &amp; Boujee,2026-11-17,,LIVE NATION MUSIC,0.0,0.0,0.0,0,0,0,4,0,0,Club
Kenny G,2026-11-17,,LIVE NATION MUSIC,1469538.56,1267935.35,317631.65,6,4,135,22,0,4,Arena
The High &amp; Wides,2026-11-17,,LIVE NATION MUSIC,0.0,0.0,2440.0,0,0,0,1,0,0,Theater
Imminence,2026-11-18,,LIVE NATION MUSIC,470438.32,155312.11,0.0,0,0,3,36,0,15,Theater
almost monday,2026-11-17,,LIVE NATION MUSIC,58670.4,0.0,2884.0,0,0,0,9,0,1,Theater
"""Past, Present, Future: A Dance Gala""",2026-11-17,,LIVE NATION MUSIC,0.0,0.0,0.0,0,0,1,0,0,0,Theater
Static Dress,2026-11-17,,LIVE NATION MUSIC,0.0,0.0,0.0,0,0,0,1,0,0,Theater
Wage War,2026-11-17,,LIVE NATION MUSIC,0.0,250965.5,163464.08000000002,0,1,4,25,0,1,Club
Sir Woman,2026-11-17,,LIVE NATION MUSIC,111367.07,26860.0,0.0,0,0,0,30,0,0,Theater
Holywatr,2026-11-18,,LIVE NATION MUSIC,10133.0,0.0,0.0,0,0,0,3,0,0,Club
Internet Girl,2026-11-17,,LIVE NATION MUSIC,2637.67,0.0,0.0,0,0,1,1,0,0,Club
Liana Flores,2026-11-17,,LIVE NATION MUSIC,0.0,26934.07,0.0,0,0,0,4,0,0,Club
"""Past, Present, Future: A Dance Gala""",2026-11-17,,LIVE NATION MUSIC,0.0,0.0,0.0,0,0,1,0,0,0,Theater
Protomartyr,2026-11-17,,LIVE NATION TENNESSEE,37547.06,16935.12,72312.29000000001,0,0,1,32,0,3,Club
SiM,2026-11-17,,LIVE NATION MUSIC,0.0,78357.29000000001,0.0,0,0,0,4,0,0,Theater
Hot Mulligan,2026-11-17,,LIVE NATION MUSIC,556359.5,349447.57,159797.75,0,0,9,20,0,3,Theater
Son Volt,2026-11-17,,LIVE NATION MUSIC,15740.0,0.0,41939.5,1,0,9,49,0,0,Theater
"Jay Park, LNGSHOT, BIBI, Milli, AI, Kvi Baba",2026-11-17,,LIVE NATION MUSIC,0.0,0.0,0.0,0,0,0,0,0,1,Other
Ben &amp; Rose,2026-11-17,,LIVE NATION MUSIC,0.0,0.0,0.0,0,0,1,0,0,0,Theater
Em Beihold,2026-11-17,,LIVE NATION MUSIC,0.0,47484.44,0.0,0,0,1,16,0,0,Club
Ben &amp; Rose,2026-11-17,,LIVE NATION MUSIC,0.0,0.0,0.0,0,0,1,0,0,0,Theater
Isaiah Rashad,2026-11-17,,LIVE NATION MUSIC,0.0,274022.0,388038.79,0,1,16,46,0,0,Club
Evan Honer,2026-11-17,,LIVE NATION MUSIC,388095.1,508688.63,0.0,1,0,14,69,0,0,Theater
Evan Honer,2026-11-17,,LIVE NATION MUSIC,388095.1,508688.63,0.0,1,0,14,69,0,0,Theater
Shwayze,2026-11-17,,LIVE NATION MUSIC,12592.0,2744.0,7950.0,0,0,2,45,0,2,Club
Theo Kandel,2026-11-17,,LIVE NATION MUSIC,0.0,0.0,0.0,0,0,0,1,0,0,Club
Em Beihold,2026-11-17,,LIVE NATION MUSIC,0.0,47484.44,0.0,0,0,1,16,0,0,Club
Rod Wave,2026-11-18,,LIVE NATION MUSIC,19871622.03,44782080.52,58117202.64,1,84,1,0,0,0,Arena
Karan Aujla,2026-11-18,,LIVE NATION MUSIC,3420048.2,5984529.85,132877.75,0,14,0,1,0,0,Arena
The Neighbourhood,2026-11-18,,LIVE NATION MUSIC,0.0,0.0,0.0,1,16,28,68,1,0,Arena
Reason,2026-11-18,,LIVE NATION MUSIC,0.0,3617.6,1440.0,0,0,1,1,0,0,Arena
Doja Cat,2026-11-18,,LIVE NATION MUSIC,7384674.46,7298161.81,31988065.4,0,39,0,9,0,0,Arena
Motionless In White,2026-11-19,,LIVE NATION MUSIC,131287.04,0.0,1810722.63,7,19,22,41,0,2,Arena
Trans-Siberian Orchestra,2026-11-19,,LIVE NATION MUSIC,60413990.78,69204633.87,42632080.53,0,911,47,1,0,15,Arena
Trans-Siberian Orchestra,2026-11-19,,LIVE NATION MUSIC,60413990.78,69204633.87,42632080.53,0,911,47,1,0,15,Arena
Pentatonix,2026-11-18,,LIVE NATION MUSIC,10014000.83,20747784.25,16735657.71,59,174,94,50,3,9,Arena
DJ Raphi,2026-11-19,,LIVE NATION MUSIC,0.0,0.0,0.0,0,0,1,0,0,0,Theater
"""Les Nits de Barcelona"", Sting",2026-11-18,,LIVE NATION MUSIC,0.0,0.0,0.0,0,0,0,0,0,1,Other
Three Days Grace,2026-11-18,,LIVE NATION MUSIC,2587583.58,0.0,514555.96,4,55,36,61,0,8,Arena
Rawayana,2026-11-18,,LIVE NATION MUSIC,0.0,1859072.56,268722.57,0,16,8,9,1,1,Theater
Goose,2026-11-18,,LIVE NATION MUSIC,3699236.5,9983793.26,3369442.55,33,7,41,57,10,12,Arena
Triumph,2026-11-18,,LIVE NATION MUSIC,0.0,0.0,0.0,0,7,1,1,0,0,Arena
"Dream, Ivory",2026-11-18,,LIVE NATION MUSIC,0.0,0.0,3737.51,0,0,0,4,0,0,Arena
Manic Street Preachers,2026-11-18,,LIVE NATION MUSIC,1615139.12,964993.56,0.0,0,15,28,16,2,0,Theater
GWAR,2026-11-18,,LIVE NATION MUSIC,232622.19,250475.13,96717.0,0,3,30,172,0,3,Club
Victor &amp; Leo,2026-11-18,,LIVE NATION MUSIC,0.0,0.0,0.0,0,0,24,1,0,0,Theater
Palace,2026-11-18,,LIVE NATION MUSIC,216325.96,176855.55,138298.91,0,0,7,19,0,1,Club
Geoff Tate's Operation: Mindcrime,2026-11-18,,LIVE NATION MUSIC,283320.71,0.0,0.0,0,0,19,36,0,1,Club
Blood Brothers,2026-11-18,,LIVE NATION MUSIC,12619.75,37725.5,12942.0,0,0,2,3,0,0,Theater
Jessie Reyez,2026-11-18,,LIVE NATION MUSIC,1725959.5,0.0,120873.09,0,0,12,18,0,0,Club
Clara La San,2026-11-18,,LIVE NATION MUSIC,2553.98,0.0,0.0,0,0,0,6,0,0,Club
The High &amp; Wides,2026-11-18,,LIVE NATION MUSIC,0.0,0.0,2440.0,0,0,0,1,0,0,Club
Hawthorne Heights,2026-11-18,,LIVE NATION MUSIC,10175.0,356921.46,49305.0,2,0,4,55,0,5,Club
Jack White,2026-11-18,,LIVE NATION MUSIC,9888079.67,1029333.01,0.0,8,36,58,33,2,4,Theater
"Dragonforce, Amaranthe",2026-11-18,,HOUSE OF BLUES CONCERTS (HOB),0.0,247413.25,0.0,0,0,2,1,0,0,Theater
"Joey Fatone, AJ McLean",2026-11-18,,LIVE NATION MUSIC,0.0,1007339.51,0.0,1,0,6,2,0,0,Theater
Yung Gravy,2026-11-18,,LIVE NATION MUSIC,206906.93,574274.31,71100.12,0,1,7,36,0,1,Club
Straight No Chaser,2026-11-18,,LIVE NATION MUSIC,2200395.42,4207526.41,4491645.23,15,31,598,29,0,23,Theater
Evan Honer,2026-11-18,,LIVE NATION MUSIC,388095.1,508688.63,0.0,1,0,14,69,0,0,Club
Rhye,2026-11-18,,LIVE NATION MUSIC,0.0,0.0,0.0,0,1,7,31,0,0,Club
Straight No Chaser,2026-11-18,,LIVE NATION MUSIC,2200395.42,4207526.41,4491645.23,15,31,598,29,0,23,Theater
Saosin,2026-11-18,,LIVE NATION MUSIC,0.0,43142.5,30500.0,0,0,3,12,0,0,Club
The Mountain Goats,2026-11-18,,LIVE NATION MUSIC,128019.0,393936.0,468049.74,0,0,23,125,0,2,Theater
Planet Smashers,2026-11-19,,LIVE NATION MUSIC,24701.45,0.0,0.0,0,0,0,14,0,0,Theater
Giant Rooks,2026-11-18,,LIVE NATION MUSIC,0.0,4045025.2,274287.68,0,12,12,33,8,13,Club
Rival Sons,2026-11-18,,HOUSE OF BLUES CONCERTS (HOB),153941.61,116553.8,395290.35,0,2,29,81,0,1,Club
Arcángel,2026-11-18,,LIVE NATION MUSIC,0.0,5578759.22,9635530.99,2,31,5,0,4,1,Arena
Liana Flores,2026-11-18,,LIVE NATION MUSIC,0.0,26934.07,0.0,0,0,0,4,0,0,Club
Arch Enemy,2026-11-18,,LIVE NATION MUSIC,1722037.99,76326.55,317290.83999999997,0,6,18,34,0,6,Club
Miss May I,2026-11-18,,LIVE NATION MUSIC,33167.6,19800.0,0.0,0,0,3,32,0,2,Club
King Crimson,2026-11-18,,LIVE NATION MUSIC,0.0,0.0,0.0,9,5,42,4,1,3,Theater
King Crimson,2026-11-18,,LIVE NATION MUSIC,0.0,0.0,0.0,9,5,42,4,1,3,Theater
Alyssa &amp; Wayne Brewer,2026-11-18,,LIVE NATION MUSIC,505.0,0.0,0.0,0,0,0,1,0,0,Club
iO,2026-11-19,,LIVE NATION MUSIC,0.0,0.0,0.0,0,0,1,0,0,0,Theater
Tune-Yards,2026-11-18,,LIVE NATION MUSIC,17290.0,0.0,0.0,0,0,11,62,0,0,Club
Low Cut Connie,2026-11-18,,LIVE NATION MUSIC,118952.77,10166.0,27620.0,0,0,3,58,0,2,Theater
Tiny Habits,2026-11-18,,LIVE NATION MUSIC,0.0,97332.67,7488.3,0,0,4,7,0,0,Theater
Jason Bonham,2026-11-18,,LIVE NATION MUSIC,0.0,163048.0,39752.0,0,0,3,1,0,0,Theater
Cheap Trick,2026-11-18,,LIVE NATION MUSIC,342428.99,910817.9,1874345.63,6,2,69,25,0,12,Theater
Elevation Rhythm,2026-11-18,,FRANK PRODUCTIONS,0.0,0.0,0.0,0,0,3,12,0,0,Theater
Head,2026-11-18,,LIVE NATION MUSIC,0.0,0.0,0.0,0,0,0,3,0,0,Theater
The Midnight,2026-11-18,,LIVE NATION MUSIC,211693.69,301290.25,609328.26,1,0,22,50,0,2,Club
gavn!,2026-11-18,,LIVE NATION MUSIC,0.0,8873.0,0.0,0,0,0,5,0,0,Club
Hunxho,2026-11-18,,LIVE NATION MUSIC,0.0,70430.0,0.0,0,0,0,1,0,0,Club
Daily Bread,2026-11-18,,LIVE NATION MUSIC,1282747.24,566802.2,17130.0,3,0,0,10,0,0,Club
Forever,2026-11-18,,LIVE NATION MUSIC,70329.51,0.0,0.0,0,1,0,0,0,0,Theater
Daisy Grenade,2026-11-18,,HOUSE OF BLUES CONCERTS (HOB),0.0,0.0,0.0,0,0,0,1,0,0,Club
The War and Treaty,2026-11-18,,LIVE NATION MUSIC,259653.86,53398.5,166337.76,0,0,12,33,0,2,Club
Amble,2026-11-18,,LIVE NATION MUSIC,4025470.09,406488.11,0.0,0,5,8,27,2,4,Theater
The Stray Cats,2026-11-18,,LIVE NATION MUSIC,0.0,370279.0,0.0,2,0,3,6,0,0,Theater
Aterciopelados,2026-11-19,,LIVE NATION MUSIC,61183.24,184317.98,0.0,0,0,3,14,0,0,Club
"""Festival International de Jazz De Montreal"", Victor Wooten, The Wooten Brothers",2026-11-18,,FRANK PRODUCTIONS,0.0,0.0,0.0,0,0,0,1,0,0,Club
Peppermint,2026-11-18,,LIVE NATION MUSIC,0.0,0.0,0.0,0,0,0,3,0,0,Club
R&amp;B Vibes Live,2026-11-18,,LIVE NATION MUSIC,0.0,0.0,0.0,0,0,0,2,0,0,Club
"Kolby Cooper, Austin Snell",2026-11-18,,FRANK PRODUCTIONS,0.0,0.0,0.0,0,0,0,6,0,0,Club
Toosii,2026-11-18,,HOUSE OF BLUES CONCERTS (HOB),0.0,0.0,169724.5,0,0,1,4,0,0,Club
Fruit Bats,2026-11-18,,LIVE NATION TENNESSEE,0.0,160931.87,133000.0,0,0,2,51,0,1,Club
The Stray Cats,2026-11-18,,LIVE NATION MUSIC,0.0,370279.0,0.0,2,0,3,6,0,0,Theater
Sabaton,2026-11-18,,LIVE NATION MUSIC,11860820.15,0.0,3200841.5700000003,0,29,15,31,0,0,Arena
Sabaton,2026-11-18,,LIVE NATION MUSIC,11860820.15,0.0,3200841.5700000003,0,29,15,31,0,0,Arena
"Kip Moore, Jackson Dean",2026-11-18,,LIVE NATION MUSIC,0.0,0.0,0.0,0,0,1,0,0,0,Theater
Jamila Woods,2026-11-18,,LIVE NATION MUSIC,0.0,83093.0,0.0,0,0,0,13,0,0,Theater
Pouya,2026-11-18,,LIVE NATION MUSIC,186350.95,0.0,296648.0,0,0,20,62,0,4,Club
Pouya,2026-11-18,,LIVE NATION MUSIC,186350.95,0.0,296648.0,0,0,20,62,0,4,Club
"DJ Moma, Showcase, Flygerian",2026-11-18,,LIVE NATION MUSIC,0.0,0.0,0.0,0,0,0,1,0,0,Club
Token,2026-11-18,,LIVE NATION MUSIC,0.0,0.0,42053.64,0,0,1,17,0,1,Club
Token,2026-11-18,,LIVE NATION MUSIC,0.0,0.0,42053.64,0,0,1,17,0,1,Club
"Prof, Yelawolf, That Mexican Ot",2026-11-18,,LIVE NATION MUSIC,0.0,0.0,0.0,0,0,0,1,0,0,Arena
Stevie Wonder,2026-11-19,,LIVE NATION MUSIC,5077947.359999999,8495068.84,0.0,1,43,5,1,1,0,Arena
Rod Wave,2026-11-19,,LIVE NATION MUSIC,19871622.03,44782080.52,58117202.64,1,84,1,0,0,0,Arena
Jessie Reyez,2026-11-19,,LIVE NATION MUSIC,1725959.5,0.0,120873.09,0,0,12,18,0,0,Arena
The Neighbourhood,2026-11-19,,LIVE NATION MUSIC,0.0,0.0,0.0,1,16,28,68,1,0,Arena
KATSEYE,2026-11-19,,LIVE NATION MUSIC,3690618.47,0.0,0.0,0,1,5,1,0,0,Arena
Reason,2026-11-19,,LIVE NATION MUSIC,0.0,3617.6,1440.0,0,0,1,1,0,0,Arena
Trans-Siberian Orchestra,2026-11-19,,LIVE NATION MUSIC,60413990.78,69204633.87,42632080.53,0,911,47,1,0,15,Arena
Trans-Siberian Orchestra,2026-11-19,,LIVE NATION MUSIC,60413990.78,69204633.87,42632080.53,0,911,47,1,0,15,Arena
Zayn,2026-11-19,,LIVE NATION MUSIC,6179725.37,3409597.99,0.0,0,3,18,1,3,0,Arena
Motionless In White,2026-11-20,,LIVE NATION MUSIC,131287.04,0.0,1810722.63,7,19,22,41,0,2,Arena
Little Big Town,2026-11-19,,LIVE NATION MUSIC,1005292.0,13004819.31,2846985.5,20,68,94,16,1,12,Theater
Straight No Chaser,2026-11-19,,LIVE NATION MUSIC,2200395.42,4207526.41,4491645.23,15,31,598,29,0,23,Theater
Pentatonix,2026-11-19,,LIVE NATION MUSIC,10014000.83,20747784.25,16735657.71,59,174,94,50,3,9,Arena
Lea Michele,2026-11-19,,LIVE NATION MUSIC,495281.5,0.0,0.0,0,0,9,4,0,0,Theater
Pentatonix,2026-11-19,,LIVE NATION MUSIC,10014000.83,20747784.25,16735657.71,59,174,94,50,3,9,Arena
Julia Jacklin,2026-11-19,,LIVE NATION MUSIC,0.0,141592.86,327508.12,0,0,13,47,0,7,Club
Steve Lacy,2026-11-19,,LIVE NATION MUSIC,0.0,0.0,48400.0,1,2,2,7,0,0,Club
Yung Gravy,2026-11-19,,LIVE NATION MUSIC,206906.93,574274.31,71100.12,0,1,7,36,0,1,Arena
Rawayana,2026-11-19,,LIVE NATION MUSIC,0.0,1859072.56,268722.57,0,16,8,9,1,1,Theater
Bolo,2026-11-19,,LIVE NATION MUSIC,2425.0,0.0,0.0,0,0,0,1,0,0,Club
The Menzingers,2026-11-20,,LIVE NATION MUSIC,0.0,83860.93,175297.68,0,0,3,45,0,0,Club
Olivia Rodrigo,2026-11-19,,LIVE NATION MUSIC,23420107.2,169307085.8,0.0,0,68,10,2,5,1,Arena
Trippie Redd,2026-11-19,,LIVE NATION MUSIC,0.0,171012.5,592049.0,4,4,6,7,0,1,Club
"""Past, Present, Future: A Dance Gala""",2026-11-19,,LIVE NATION MUSIC,0.0,0.0,0.0,0,0,1,0,0,0,Theater
"""Past, Present, Future: A Dance Gala""",2026-11-19,,LIVE NATION MUSIC,0.0,0.0,0.0,0,0,1,0,0,0,Theater
"""Past, Present, Future: A Dance Gala""",2026-11-19,,LIVE NATION MUSIC,0.0,0.0,0.0,0,0,1,0,0,0,Theater
Once &amp; Future Band,2026-11-19,,LIVE NATION MUSIC,0.0,0.0,0.0,0,0,0,1,0,0,Club
Tamar Braxton,2026-11-19,,LIVE NATION MUSIC,0.0,79409.4,0.0,0,0,7,6,0,0,Theater
"Senses Fail, Saves The Day",2026-11-19,,LIVE NATION MUSIC,0.0,78419.0,0.0,0,0,0,1,0,0,Club
Underoath,2026-11-19,,LIVE NATION MUSIC,0.0,418700.1,308406.2,0,2,22,75,0,4,Club
Three Dog Night,2026-11-19,,LIVE NATION MUSIC,1488941.69,1897466.3,1809550.27,11,10,138,35,0,11,Theater
Dexter and The Moonrocks,2026-11-19,,LIVE NATION MUSIC,112239.0,104565.0,62966.5,0,0,5,26,0,1,Club
Big Head Todd &amp; The Monsters,2026-11-19,,FRANK PRODUCTIONS,1435883.0,3341487.26,3663794.64,39,1,52,108,1,11,Theater
Houndmouth,2026-11-19,,LIVE NATION MUSIC,376191.0,156197.0,466832.0,1,0,25,112,0,3,Club
Alter Bridge,2026-11-19,,LIVE NATION MUSIC,0.0,0.0,1508123.42,1,40,41,59,1,6,Theater
Story of the Year,2026-11-19,,LIVE NATION MUSIC,0.0,543140.6,46795.0,0,0,10,17,0,2,Club
Bear,2026-11-19,,HOUSE OF BLUES CONCERTS (HOB),0.0,0.0,0.0,0,0,0,1,0,0,Club
Upgrade,2026-11-19,,LIVE NATION MUSIC,0.0,0.0,0.0,0,0,0,1,0,1,Club
Danny Brown,2026-11-19,,LIVE NATION MUSIC,52375.0,552492.75,0.0,0,0,4,28,0,0,Club
Band Of Horses,2026-11-19,,LIVE NATION MUSIC,186584.38,387852.65,434352.0,8,3,61,67,0,4,Amphitheatre
almost monday,2026-11-19,,LIVE NATION MUSIC,58670.4,0.0,2884.0,0,0,0,9,0,1,Theater
Everclear,2026-11-19,,HOUSE OF BLUES CONCERTS (HOB),488252.26,424897.62,173224.27,2,3,26,59,1,11,Club
Low Cut Connie,2026-11-19,,LIVE NATION MUSIC,118952.77,10166.0,27620.0,0,0,3,58,0,2,Club
The Mountain Goats,2026-11-19,,LIVE NATION MUSIC,128019.0,393936.0,468049.74,0,0,23,125,0,2,Theater
10 Years,2026-11-19,,HOUSE OF BLUES CONCERTS (HOB),17283.0,47010.25,6775.0,0,0,11,89,0,3,Club
"Dragonforce, Amaranthe",2026-11-20,,HOUSE OF BLUES CONCERTS (HOB),0.0,247413.25,0.0,0,0,2,1,0,0,Theater
Of Mice &amp; Men,2026-11-19,,LIVE NATION MUSIC,106382.23,138358.88999999998,112001.26,0,0,21,93,0,3,Club
Medium Build,2026-11-19,,LIVE NATION MUSIC,51553.06,277378.99,6501.48,0,0,2,32,0,1,Club
Manic Street Preachers,2026-11-19,,LIVE NATION MUSIC,1615139.12,964993.56,0.0,0,15,28,16,2,0,Theater
Frost Children,2026-11-19,,LIVE NATION MUSIC,34742.79,0.0,0.0,0,0,0,8,0,0,Club
Catch Your Breath,2026-11-20,,LIVE NATION MUSIC,10444.0,0.0,0.0,0,0,0,6,0,0,Theater
Pedro Fernández,2026-11-19,,LIVE NATION MUSIC,1459820.78,1070035.34,992662.55,2,12,10,0,0,0,Arena
James,2026-11-20,,LIVE NATION MUSIC,0.0,867897.02,2276566.33,0,28,22,17,3,1,Arena
The Pineapple Thief,2026-11-19,,LIVE NATION MUSIC,16406.77,77036.26,0.0,0,0,2,13,0,0,Theater
West 22nd,2026-11-19,,LIVE NATION MUSIC,16408.0,7821.0,0.0,0,0,2,7,0,0,Club
Patrick Wolf,2026-11-19,,LIVE NATION MUSIC,34499.88,9851.44,0.0,0,0,8,13,0,1,Theater
Skilla Baby,2026-11-19,,LIVE NATION MUSIC,0.0,32505.0,0.0,0,0,0,1,0,0,Club
Father of Peace,2026-11-19,,LIVE NATION MUSIC,0.0,0.0,0.0,0,0,0,1,0,0,Club
Meredith Marks,2026-11-19,,LIVE NATION MUSIC,0.0,0.0,0.0,0,0,0,1,0,0,Theater
Forever,2026-11-19,,LIVE NATION MUSIC,70329.51,0.0,0.0,0,1,0,0,0,0,Theater
CupcakKe,2026-11-19,,LIVE NATION MUSIC,84640.0,185280.07,588884.75,1,0,9,88,0,0,Theater
Holywatr,2026-11-19,,LIVE NATION MUSIC,10133.0,0.0,0.0,0,0,0,3,0,0,Theater
"The A, B, C &amp; D Of Boogie Woogie",2026-11-19,,LIVE NATION MUSIC,0.0,0.0,0.0,0,0,0,1,0,0,Theater
Switchfoot,2026-11-19,,LIVE NATION MUSIC,181031.87,600305.9299999999,763943.0,5,6,80,76,1,17,Theater
Born of Osiris,2026-11-19,,FRANK PRODUCTIONS,36454.0,0.0,12944.0,0,0,6,48,0,0,Club
The Feeling,2026-11-19,,LIVE NATION MUSIC,0.0,297272.37,0.0,0,0,9,10,0,0,Club
The Afghan Whigs,2026-11-19,,HOUSE OF BLUES CONCERTS (HOB),0.0,0.0,0.0,0,0,11,64,0,0,Club
LOT,2026-11-19,,LIVE NATION MUSIC,0.0,0.0,0.0,0,0,0,1,0,0,Club
King Buffalo,2026-11-19,,LIVE NATION TENNESSEE,6070.0,13717.0,5145.0,0,0,0,21,0,1,Club
Joy Oladokun,2026-11-19,,LIVE NATION MUSIC,221534.01,52154.13,111946.52,1,0,2,21,0,1,Theater
Hamilton Leithauser,2026-11-19,,LIVE NATION MUSIC,25270.0,0.0,0.0,0,0,3,33,0,0,Club
"""Anywhere, Everywhere""",2026-11-20,,LIVE NATION MUSIC,0.0,0.0,0.0,0,0,0,1,0,0,Club
"Joey Fatone, AJ McLean",2026-11-19,,LIVE NATION MUSIC,0.0,1007339.51,0.0,1,0,6,2,0,0,Theater
Switchfoot,2026-11-19,,LIVE NATION MUSIC,181031.87,600305.9299999999,763943.0,5,6,80,76,1,17,Theater
Reezy,2026-11-19,,LIVE NATION MUSIC,0.0,4319110.34,0.0,0,13,7,1,0,0,Arena
Krooked Kings,2026-11-19,,LIVE NATION MUSIC,0.0,37104.61,33932.4,0,0,2,17,0,1,Club
Bryan Andrews,2026-11-19,,HOUSE OF BLUES CONCERTS (HOB),0.0,453.0,0.0,0,0,0,1,0,0,Club
Zack Fox,2026-11-19,,LIVE NATION MUSIC,699736.1799999999,153619.24,94077.0,0,0,7,20,0,1,Club
Humbird,2026-11-19,,FRANK PRODUCTIONS,0.0,2349.0,0.0,0,0,0,3,0,0,Club
Joy Oladokun,2026-11-19,,LIVE NATION MUSIC,221534.01,52154.13,111946.52,1,0,2,21,0,1,Theater
Hiss Golden Messenger,2026-11-19,,LIVE NATION MUSIC,0.0,7598.0,93982.85,0,0,3,56,0,0,Club
"Joey Fatone, AJ McLean",2026-11-19,,LIVE NATION MUSIC,0.0,1007339.51,0.0,1,0,6,2,0,0,Theater
Hiss Golden Messenger,2026-11-19,,LIVE NATION MUSIC,0.0,7598.0,93982.85,0,0,3,56,0,0,Club
Trans-Siberian Orchestra,2026-11-21,,LIVE NATION MUSIC,60413990.78,69204633.87,42632080.53,0,911,47,1,0,15,Arena
"Chris Brown, Usher",2026-11-20,,LIVE NATION MUSIC,0.0,0.0,0.0,0,0,0,0,18,0,Stadium
John Summit,2026-11-20,,LIVE NATION MUSIC,1618895.52,6378033.54,2121909.0,1,6,4,6,1,1,Arena
Trans-Siberian Orchestra,2026-11-21,,LIVE NATION MUSIC,60413990.78,69204633.87,42632080.53,0,911,47,1,0,15,Arena
Zayn,2026-11-20,,LIVE NATION MUSIC,6179725.37,3409597.99,0.0,0,3,18,1,3,0,Arena
Rush,2026-11-20,,LIVE NATION MUSIC,0.0,0.0,0.0,40,118,1,0,2,8,Arena
Karan Aujla,2026-11-20,,LIVE NATION MUSIC,3420048.2,5984529.85,132877.75,0,14,0,1,0,0,Arena
Doja Cat,2026-11-20,,LIVE NATION MUSIC,7384674.46,7298161.81,31988065.4,0,39,0,9,0,0,Arena
Little Big Town,2026-11-20,,LIVE NATION MUSIC,1005292.0,13004819.31,2846985.5,20,68,94,16,1,12,Theater
"""Les Nits de Barcelona"", Sting",2026-11-20,,LIVE NATION MUSIC,0.0,0.0,0.0,0,0,0,0,0,1,Other
Trey Anastasio,2026-11-20,,LIVE NATION MUSIC,2568069.9299999997,428723.49,0.0,9,5,67,35,1,3,Arena
Trey Anastasio,2026-11-20,,LIVE NATION MUSIC,2568069.9299999997,428723.49,0.0,9,5,67,35,1,3,Arena
Smoke &amp; The Poet,2026-11-20,,LIVE NATION MUSIC,0.0,0.0,2715.0,0,0,0,1,0,0,Arena
Arcángel,2026-11-20,,LIVE NATION MUSIC,0.0,5578759.22,9635530.99,2,31,5,0,4,1,Theater
Jubin Nautiyal,2026-11-20,,LIVE NATION MUSIC,0.0,162523.0,0.0,0,0,1,0,0,0,Theater
Marc Anthony,2026-11-20,,LIVE NATION MUSIC,1824500.65,27755458.7,22295734.14,5,213,30,0,14,9,Arena
Fetty Wap,2026-11-20,,LIVE NATION MUSIC,0.0,0.0,0.0,0,2,6,13,0,0,Club
Jack White,2026-11-20,,LIVE NATION MUSIC,9888079.67,1029333.01,0.0,8,36,58,33,2,4,Theater
Rhye,2026-11-20,,LIVE NATION MUSIC,0.0,0.0,0.0,0,1,7,31,0,0,Club
Ray Volpe,2026-11-20,,LIVE NATION MUSIC,80831.85,46085.11,54152.78,0,0,2,8,0,0,Arena
Chat Pile,2026-11-20,,LIVE NATION MUSIC,0.0,7187.0,8340.0,0,0,0,3,0,0,Arena
Houndmouth,2026-11-20,,LIVE NATION MUSIC,376191.0,156197.0,466832.0,1,0,25,112,0,3,Club
The Stray Cats,2026-11-20,,FRANK PRODUCTIONS,0.0,370279.0,0.0,2,0,3,6,0,0,Theater
Beartooth,2026-11-20,,LIVE NATION MUSIC,0.0,1116351.8,389208.25,1,4,15,41,1,2,Club
Olivia Rodrigo,2026-11-20,,LIVE NATION MUSIC,23420107.2,169307085.8,0.0,0,68,10,2,5,1,Arena
Pedro Fernández,2026-11-20,,LIVE NATION MUSIC,1459820.78,1070035.34,992662.55,2,12,10,0,0,0,Theater
Three Days Grace,2026-11-20,,LIVE NATION MUSIC,2587583.58,0.0,514555.96,4,55,36,61,0,8,Arena
"""Past, Present, Future: A Dance Gala""",2026-11-20,,LIVE NATION MUSIC,0.0,0.0,0.0,0,0,1,0,0,0,Theater
"The A, B, C &amp; D Of Boogie Woogie",2026-11-20,,LIVE NATION MUSIC,0.0,0.0,0.0,0,0,0,1,0,0,Theater
Forever,2026-11-20,,LIVE NATION MUSIC,70329.51,0.0,0.0,0,1,0,0,0,0,Arena
Jefferson Starship,2026-11-20,,LIVE NATION MUSIC,540192.9,142250.0,363527.95,4,0,32,14,0,13,Arena
Manchester Orchestra,2026-11-21,,LIVE NATION MUSIC,0.0,68436.5,528802.3,1,0,17,60,0,0,Club
Wage War,2026-11-20,,LIVE NATION MUSIC,0.0,250965.5,163464.08000000002,0,1,4,25,0,1,Club
Foghat,2026-11-20,,LIVE NATION MUSIC,0.0,377679.45,90367.74,1,1,12,9,0,3,Theater
Tiny Habits,2026-11-20,,LIVE NATION MUSIC,0.0,97332.67,7488.3,0,0,4,7,0,0,Club
Better Than Ezra,2026-11-20,,HOUSE OF BLUES CONCERTS (HOB),67594.0,69299.9,77840.0,1,0,16,20,0,2,Club
"""AMA Music Festival"", Alice Cooper",2026-11-20,,LIVE NATION MUSIC,0.0,0.0,0.0,0,0,0,0,0,1,Other
Brandi Carlile,2026-11-20,,LIVE NATION MUSIC,327413.58,3024414.0,4196113.21,54,11,118,71,2,10,Theater
Dexter and The Moonrocks,2026-11-20,,LIVE NATION MUSIC,112239.0,104565.0,62966.5,0,0,5,26,0,1,Club
"Senses Fail, Saves The Day",2026-11-20,,HOUSE OF BLUES CONCERTS (HOB),0.0,78419.0,0.0,0,0,0,1,0,0,Club
DK &amp; Morgan,2026-11-20,,LIVE NATION MUSIC,0.0,0.0,0.0,0,0,1,0,0,0,Arena
El Tri,2026-11-20,,LIVE NATION MUSIC,2545893.21,56655.0,362219.0,0,8,15,9,1,1,Theater
Lenny Pearce,2026-11-21,,LIVE NATION MUSIC,1149576.75,11247.35,0.0,1,0,32,23,0,2,Theater
Lenny Pearce,2026-11-21,,LIVE NATION MUSIC,1149576.75,11247.35,0.0,1,0,32,23,0,2,Theater
Big Head Todd &amp; The Monsters,2026-11-20,,FRANK PRODUCTIONS,1435883.0,3341487.26,3663794.64,39,1,52,108,1,11,Theater
Marky Ramone,2026-11-20,,LIVE NATION MUSIC,0.0,41865.0,0.0,0,0,2,5,0,0,Club
Bowling For Soup,2026-11-20,,LIVE NATION MUSIC,1051669.3,850443.56,141147.11,0,4,24,50,0,2,Theater
Imminence,2026-11-20,,LIVE NATION MUSIC,470438.32,155312.11,0.0,0,0,3,36,0,15,Club
Imminence,2026-11-21,,LIVE NATION MUSIC,470438.32,155312.11,0.0,0,0,3,36,0,15,Club
Straight No Chaser,2026-11-20,,LIVE NATION MUSIC,2200395.42,4207526.41,4491645.23,15,31,598,29,0,23,Theater
Everclear,2026-11-20,,LIVE NATION MUSIC,488252.26,424897.62,173224.27,2,3,26,59,1,11,Club
Saosin,2026-11-20,,LIVE NATION MUSIC,0.0,43142.5,30500.0,0,0,3,12,0,0,Theater
Straight No Chaser,2026-11-20,,LIVE NATION MUSIC,2200395.42,4207526.41,4491645.23,15,31,598,29,0,23,Theater
The Mountain Goats,2026-11-20,,LIVE NATION MUSIC,128019.0,393936.0,468049.74,0,0,23,125,0,2,Theater
"Tres Clásicos del Rock - Tributo a The Doors, The Beatles &amp; Toncho Pilatos",2026-11-20,,EMPORIUM PRESENTS,0.0,0.0,13766.52,0,0,1,0,0,0,Theater
Clara La San,2026-11-20,,LIVE NATION MUSIC,2553.98,0.0,0.0,0,0,0,6,0,0,Club
Chyno y Nacho,2026-11-20,,LIVE NATION MUSIC,0.0,700281.5,0.0,0,1,2,2,0,0,Theater
Medium Build,2026-11-20,,LIVE NATION MUSIC,51553.06,277378.99,6501.48,0,0,2,32,0,1,Club
Sabaton,2026-11-20,,LIVE NATION MUSIC,11860820.15,0.0,3200841.5700000003,0,29,15,31,0,0,Club
Stayin' Alive: One Night of the Bee Gees,2026-11-20,,EMPORIUM PRESENTS,378531.16,252820.95,192930.21,0,0,20,6,0,0,Theater
"Tres Clásicos del Rock - Tributo a The Doors, The Beatles &amp; Toncho Pilatos",2026-11-20,,LIVE NATION MUSIC,0.0,0.0,13766.52,0,0,1,0,0,0,Theater
Guaco,2026-11-20,,LIVE NATION MUSIC,120840.44,0.0,0.0,0,0,2,0,0,0,Theater
Switchfoot,2026-11-20,,LIVE NATION MUSIC,181031.87,600305.9299999999,763943.0,5,6,80,76,1,17,Arena
Frost Children,2026-11-20,,LIVE NATION MUSIC,34742.79,0.0,0.0,0,0,0,8,0,0,Club
Paul Cauthen,2026-11-20,,LIVE NATION MUSIC,222688.0,213372.0,435342.0,0,0,2,56,0,3,Amphitheatre
West 22nd,2026-11-20,,LIVE NATION MUSIC,16408.0,7821.0,0.0,0,0,2,7,0,0,Club
Earlybirds Club,2026-11-20,,LIVE NATION MUSIC,0.0,0.0,0.0,0,0,1,14,0,0,Club
The Pineapple Thief,2026-11-20,,LIVE NATION MUSIC,16406.77,77036.26,0.0,0,0,2,13,0,0,Theater
Ekoostik Hookah,2026-11-21,,HOUSE OF BLUES CONCERTS (HOB),0.0,13020.0,0.0,0,0,8,2,0,0,Theater
Letters To Cleo,2026-11-20,,LIVE NATION MUSIC,46354.5,45580.0,0.0,0,0,0,14,0,0,Club
Bear,2026-11-20,,HOUSE OF BLUES CONCERTS (HOB),0.0,0.0,0.0,0,0,0,1,0,0,Club
Letters To Cleo,2026-11-20,,LIVE NATION MUSIC,46354.5,45580.0,0.0,0,0,0,14,0,0,Club
Upgrade,2026-11-20,,LIVE NATION MUSIC,0.0,0.0,0.0,0,0,0,1,0,1,Club
Armored Saint,2026-11-20,,LIVE NATION MUSIC,0.0,0.0,0.0,0,0,0,3,0,0,Club
Akeem Ali,2026-11-20,,LIVE NATION MUSIC,6800.0,10982.0,0.0,0,0,0,3,0,1,Club
Band Of Horses,2026-11-20,,LIVE NATION MUSIC,186584.38,387852.65,434352.0,8,3,61,67,0,4,Theater
Giant Rooks,2026-11-20,,LIVE NATION MUSIC,0.0,4045025.2,274287.68,0,12,12,33,8,13,Theater
Of Mice &amp; Men,2026-11-20,,LIVE NATION MUSIC,106382.23,138358.88999999998,112001.26,0,0,21,93,0,3,Club
Skilla Baby,2026-11-20,,LIVE NATION MUSIC,0.0,32505.0,0.0,0,0,0,1,0,0,Club
,2026-11-20,,LIVE NATION MUSIC,0.0,0.0,0.0,0,0,0,0,0,0,Arena
Ax and the Hatchetmen,2026-11-20,,LIVE NATION MUSIC,167304.38,10365.0,2059.0,0,0,2,28,0,0,Theater
Xperience,2026-11-20,,LIVE NATION MUSIC,0.0,0.0,0.0,0,0,0,2,0,0,Club
"Melissa Etheridge, Wynonna Judd",2026-11-20,,LIVE NATION MUSIC,0.0,0.0,0.0,3,0,0,0,0,0,Arena
Trippie Redd,2026-11-20,,LIVE NATION MUSIC,0.0,171012.5,592049.0,4,4,6,7,0,1,Club
The Jayhawks,2026-11-20,,FRANK PRODUCTIONS,15795.0,90651.0,83559.5,2,0,31,65,0,0,Club
Broadway,2026-11-20,,LIVE NATION MUSIC,0.0,0.0,0.0,0,0,0,2,0,0,Theater
Rav,2026-11-20,,LIVE NATION MUSIC,0.0,0.0,7775.0,0,0,0,4,0,0,Theater
"Suicide Silence, Chelsea Grin",2026-11-20,,LIVE NATION MUSIC,0.0,0.0,20000.0,0,0,0,1,0,0,Theater
Rav,2026-11-20,,LIVE NATION MUSIC,0.0,0.0,7775.0,0,0,0,4,0,0,Club
Jason Aldean,2026-11-20,,HOUSE OF BLUES CONCERTS (HOB),3362752.0,1628067.5,40640365.7,239,233,4,1,15,6,Amphitheatre
Boston Manor,2026-11-20,,LIVE NATION MUSIC,7172.5,8088.32,33060.84,0,0,0,9,0,1,Club
Ivy Queen,2026-11-20,,LIVE NATION MUSIC,389236.25,75775.0,578830.0,0,2,2,3,0,2,Theater
"August Burns Red, The Amity Affliction",2026-11-20,,LIVE NATION MUSIC,0.0,0.0,0.0,0,0,0,1,0,0,Theater
"Make Do And Mend, The Smith Street Band",2026-11-20,,LIVE NATION MUSIC,0.0,0.0,0.0,0,0,0,1,0,1,Club
Iran,2026-11-20,,LIVE NATION MUSIC,0.0,0.0,0.0,0,0,0,1,0,0,Club
Hot Mulligan,2026-11-20,,LIVE NATION MUSIC,556359.5,349447.57,159797.75,0,0,9,20,0,3,Club
The Prince Experience,2026-11-20,,LIVE NATION MUSIC,77949.0,81726.8,48399.0,1,0,6,18,0,5,Club
KING,2026-11-20,,LIVE NATION MUSIC,0.0,26627.38,0.0,0,0,2,12,0,0,Club
Taylor Swift,2026-11-21,,LIVE NATION MUSIC,0.0,0.0,0.0,0,173,1,0,78,2,Theater
The Coffis Brothers,2026-11-20,,LIVE NATION MUSIC,0.0,3215.0,0.0,0,0,0,2,0,0,Club
The Spooklights,2026-11-20,,FRANK PRODUCTIONS,3709.0,1905.0,0.0,0,0,0,4,0,0,Club
Hamilton Leithauser,2026-11-20,,LIVE NATION MUSIC,25270.0,0.0,0.0,0,0,3,33,0,0,Club
Eivør,2026-11-20,,LIVE NATION MUSIC,218847.32,209795.49,0.0,0,0,9,23,0,14,Theater
Elijah Scott,2026-11-20,,LIVE NATION MUSIC,0.0,0.0,0.0,0,0,0,2,0,0,Theater
Qendresa,2026-11-20,,LIVE NATION MUSIC,6111.62,0.0,0.0,0,0,0,1,0,0,Club
Forever,2026-11-20,,HOUSE OF BLUES CONCERTS (HOB),70329.51,0.0,0.0,0,1,0,0,0,0,Arena
Broadway,2026-11-20,,LIVE NATION MUSIC,0.0,0.0,0.0,0,0,0,2,0,0,Club
"Dragonforce, Amaranthe",2026-11-21,,LIVE NATION MUSIC,0.0,247413.25,0.0,0,0,2,1,0,0,Theater
Habstrakt,2026-11-20,,LIVE NATION MUSIC,0.0,0.0,15352.96,0,0,1,4,0,0,Club
Deer Tick,2026-11-20,,LIVE NATION MUSIC,29783.0,4612.5,128819.5,1,0,8,93,0,1,Club
Bag Raiders,2026-11-20,,LIVE NATION MUSIC,0.0,0.0,0.0,0,0,0,17,0,0,Club
Bag Raiders,2026-11-20,,LIVE NATION MUSIC,0.0,0.0,0.0,0,0,0,17,0,0,Club
On Company Time,2026-11-20,,LIVE NATION MUSIC,0.0,0.0,0.0,0,0,1,1,0,0,Club
Trans-Siberian Orchestra,2026-11-21,,LIVE NATION MUSIC,60413990.78,69204633.87,42632080.53,0,911,47,1,0,15,Arena
Stevie Wonder,2026-11-21,,LIVE NATION MUSIC,5077947.359999999,8495068.84,0.0,1,43,5,1,1,0,Arena
"Chris Brown, Usher",2026-11-21,,LIVE NATION MUSIC,0.0,0.0,0.0,0,0,0,0,18,0,Stadium
The Neighbourhood,2026-11-21,,LIVE NATION MUSIC,0.0,0.0,0.0,1,16,28,68,1,0,Arena
The Neighbourhood,2026-11-22,,LIVE NATION MUSIC,0.0,0.0,0.0,1,16,28,68,1,0,Arena
John Summit,2026-11-21,,LIVE NATION MUSIC,1618895.52,6378033.54,2121909.0,1,6,4,6,1,1,Arena
Trans-Siberian Orchestra,2026-11-21,,LIVE NATION MUSIC,60413990.78,69204633.87,42632080.53,0,911,47,1,0,15,Arena
Pentatonix,2026-11-21,,LIVE NATION MUSIC,10014000.83,20747784.25,16735657.71,59,174,94,50,3,9,Arena
Doja Cat,2026-11-21,,LIVE NATION MUSIC,7384674.46,7298161.81,31988065.4,0,39,0,9,0,0,Arena
Jonas Brothers,2026-11-21,,LIVE NATION MUSIC,49501788.39,30144554.31,109403725.33,75,195,28,1,28,5,Arena
Reason,2026-11-21,,LIVE NATION MUSIC,0.0,3617.6,1440.0,0,0,1,1,0,0,Arena
Trans-Siberian Orchestra,2026-11-22,,LIVE NATION MUSIC,60413990.78,69204633.87,42632080.53,0,911,47,1,0,15,Arena
Trans-Siberian Orchestra,2026-11-22,,LIVE NATION MUSIC,60413990.78,69204633.87,42632080.53,0,911,47,1,0,15,Arena
Trans-Siberian Orchestra,2026-11-22,,LIVE NATION MUSIC,60413990.78,69204633.87,42632080.53,0,911,47,1,0,15,Arena
Mad,2026-11-22,,FRANK PRODUCTIONS,0.0,0.0,0.0,0,0,0,1,0,0,Club
KATSEYE,2026-11-21,,LIVE NATION MUSIC,3690618.47,0.0,0.0,0,1,5,1,0,0,Arena
Trey Anastasio,2026-11-21,,LIVE NATION MUSIC,2568069.9299999997,428723.49,0.0,9,5,67,35,1,3,Arena
"""Les Nits de Barcelona"", Sting",2026-11-21,,LIVE NATION MUSIC,0.0,0.0,0.0,0,0,0,0,0,1,Other
Orville Peck,2026-11-21,,LIVE NATION MUSIC,0.0,1089190.07,122699.0,2,0,10,21,0,3,Club
Triumph,2026-11-21,,LIVE NATION MUSIC,0.0,0.0,0.0,0,7,1,1,0,0,Arena
Three Days Grace,2026-11-21,,LIVE NATION MUSIC,2587583.58,0.0,514555.96,4,55,36,61,0,8,Amphitheatre
Marc Anthony,2026-11-21,,LIVE NATION MUSIC,1824500.65,27755458.7,22295734.14,5,213,30,0,14,9,Arena
Bunbury,2026-11-21,,LIVE NATION MUSIC,8662840.8,6664348.7700000005,489408.32,4,20,41,9,14,8,Theater
Rawayana,2026-11-21,,LIVE NATION MUSIC,0.0,1859072.56,268722.57,0,16,8,9,1,1,Amphitheatre
The Menzingers,2026-11-22,,LIVE NATION MUSIC,0.0,83860.93,175297.68,0,0,3,45,0,0,Club
Dweezil Zappa,2026-11-21,,LIVE NATION MUSIC,1060154.55,1718199.74,0.0,0,0,69,53,0,3,Arena
Jack White,2026-11-21,,LIVE NATION MUSIC,9888079.67,1029333.01,0.0,8,36,58,33,2,4,Theater
King Crimson,2026-11-21,,FRANK PRODUCTIONS,0.0,0.0,0.0,9,5,42,4,1,3,Theater
Underoath,2026-11-21,,LIVE NATION MUSIC,0.0,418700.1,308406.2,0,2,22,75,0,4,Theater
Bolo,2026-11-21,,LIVE NATION MUSIC,2425.0,0.0,0.0,0,0,0,1,0,0,Club
Meredith Marks,2026-11-21,,LIVE NATION MUSIC,0.0,0.0,0.0,0,0,0,1,0,0,Arena
Trivium,2026-11-21,,LIVE NATION MUSIC,398903.12,0.0,378436.41,0,3,22,57,0,1,Club
Zack Fox,2026-11-21,,LIVE NATION MUSIC,699736.1799999999,153619.24,94077.0,0,0,7,20,0,1,Club
Switchfoot,2026-11-21,,LIVE NATION MUSIC,181031.87,600305.9299999999,763943.0,5,6,80,76,1,17,Theater
Ivy Queen,2026-11-21,,LIVE NATION MUSIC,389236.25,75775.0,578830.0,0,2,2,3,0,2,Club
Rival Sons,2026-11-21,,LIVE NATION MUSIC,153941.61,116553.8,395290.35,0,2,29,81,0,1,Club
Arcángel,2026-11-21,,LIVE NATION MUSIC,0.0,5578759.22,9635530.99,2,31,5,0,4,1,Arena
Get The Led Out,2026-11-21,,LIVE NATION MUSIC,2629275.45,4311871.59,3899697.73,70,8,475,138,2,33,Theater
R&amp;B Vibes Live,2026-11-21,,HOUSE OF BLUES CONCERTS (HOB),0.0,0.0,0.0,0,0,0,2,0,0,Club
The Midnight,2026-11-21,,LIVE NATION MUSIC,211693.69,301290.25,609328.26,1,0,22,50,0,2,Club
10 Years,2026-11-21,,LIVE NATION MUSIC,17283.0,47010.25,6775.0,0,0,11,89,0,3,Club
Brandi Carlile,2026-11-21,,LIVE NATION MUSIC,327413.58,3024414.0,4196113.21,54,11,118,71,2,10,Theater
"Senses Fail, Saves The Day",2026-11-21,,LIVE NATION MUSIC,0.0,78419.0,0.0,0,0,0,1,0,0,Club
Tiny Habits,2026-11-21,,LIVE NATION MUSIC,0.0,97332.67,7488.3,0,0,4,7,0,0,Club
Xperience,2026-11-21,,LIVE NATION MUSIC,0.0,0.0,0.0,0,0,0,2,0,0,Club
Jake's Leg,2026-11-21,,LIVE NATION MUSIC,0.0,0.0,0.0,0,0,8,1,0,0,Theater
Slow Pulp,2026-11-21,,FRANK PRODUCTIONS,0.0,106046.0,34083.07,0,0,1,10,0,0,Club
Lenny Pearce,2026-11-22,,LIVE NATION MUSIC,1149576.75,11247.35,0.0,1,0,32,23,0,2,Arena
Band Of Horses,2026-11-21,,LIVE NATION MUSIC,186584.38,387852.65,434352.0,8,3,61,67,0,4,Theater
State Champs,2026-11-21,,LIVE NATION MUSIC,202412.59,75375.0,0.0,0,0,9,29,0,0,Theater
Fetty Wap,2026-11-21,,LIVE NATION MUSIC,0.0,0.0,0.0,0,2,6,13,0,0,Club
Yung Gravy,2026-11-21,,LIVE NATION MUSIC,206906.93,574274.31,71100.12,0,1,7,36,0,1,Theater
Hawthorne Heights,2026-11-22,,LIVE NATION MUSIC,10175.0,356921.46,49305.0,2,0,4,55,0,5,Theater
Better Than Ezra,2026-11-21,,HOUSE OF BLUES CONCERTS (HOB),67594.0,69299.9,77840.0,1,0,16,20,0,2,Club
Boston Manor,2026-11-21,,LIVE NATION MUSIC,7172.5,8088.32,33060.84,0,0,0,9,0,1,Club
"""Corrosion: A Goth, Industrial, And Noise Club Night""",2026-11-21,,LIVE NATION MUSIC,0.0,0.0,0.0,0,0,0,25,0,0,Club
The Mountain Goats,2026-11-21,,LIVE NATION MUSIC,128019.0,393936.0,468049.74,0,0,23,125,0,2,Theater
Three Dog Night,2026-11-21,,LIVE NATION MUSIC,1488941.69,1897466.3,1809550.27,11,10,138,35,0,11,Theater
Story of the Year,2026-11-21,,LIVE NATION MUSIC,0.0,543140.6,46795.0,0,0,10,17,0,2,Theater
"The A, B, C &amp; D Of Boogie Woogie",2026-11-21,,LIVE NATION MUSIC,0.0,0.0,0.0,0,0,0,1,0,0,Club
"""Southern Soul, Boots, Brunch &amp; Line Dance Party""",2026-11-22,,LIVE NATION MUSIC,0.0,0.0,0.0,0,0,0,1,0,0,Club
"""Southern Soul, Boots, Brunch &amp; Line Dance Party""",2026-11-22,,LIVE NATION MUSIC,0.0,0.0,0.0,0,0,0,1,0,0,Club
Die Spitz,2026-11-21,,LIVE NATION MUSIC,19774.52,3750.0,0.0,0,0,0,10,0,1,Club
The War and Treaty,2026-11-21,,LIVE NATION MUSIC,259653.86,53398.5,166337.76,0,0,12,33,0,2,Theater
"Crowder, Zach Williams",2026-11-21,,LIVE NATION MUSIC,2091798.0,0.0,0.0,0,9,2,0,0,1,Arena
Nite,2026-11-21,,LIVE NATION MUSIC,0.0,0.0,0.0,0,0,0,1,0,0,Club
Of Mice &amp; Men,2026-11-21,,LIVE NATION MUSIC,106382.23,138358.88999999998,112001.26,0,0,21,93,0,3,Club
Cheap Trick,2026-11-21,,LIVE NATION MUSIC,342428.99,910817.9,1874345.63,6,2,69,25,0,12,Arena
Stayin' Alive: One Night of the Bee Gees,2026-11-21,,EMPORIUM PRESENTS,378531.16,252820.95,192930.21,0,0,20,6,0,0,Theater
Surfing for Daisy,2026-11-21,,LIVE NATION MUSIC,0.0,0.0,0.0,0,0,0,4,0,0,Club
Even,2026-11-21,,LIVE NATION MUSIC,0.0,0.0,0.0,0,0,0,2,0,0,Club
"""Southern Soul, Boots, Brunch &amp; Line Dance Party""",2026-11-22,,HOUSE OF BLUES CONCERTS (HOB),0.0,0.0,0.0,0,0,0,1,0,0,Club
Keenan Te,2026-11-22,,LIVE NATION MUSIC,0.0,6325.56,0.0,0,0,0,1,0,0,Club
Letters To Cleo,2026-11-21,,LIVE NATION MUSIC,46354.5,45580.0,0.0,0,0,0,14,0,0,Club
Grupo Duelo,2026-11-21,,LIVE NATION MUSIC,0.0,49134.0,0.0,0,3,1,0,0,0,Arena
El Tri,2026-11-21,,LIVE NATION MUSIC,2545893.21,56655.0,362219.0,0,8,15,9,1,1,Theater
Shaun Cassidy,2026-11-21,,LIVE NATION MUSIC,220470.73,55190.0,104061.5,0,0,7,14,0,0,Theater
Bleood,2026-11-21,,LIVE NATION MUSIC,0.0,0.0,0.0,0,0,0,1,0,0,Club
Wyatt Flores,2026-11-21,,LIVE NATION MUSIC,221710.27,925820.77,33065.0,0,0,10,20,0,3,Club
The Garden,2026-11-21,,LIVE NATION MUSIC,76155.0,28867.59,207558.5,0,0,5,52,0,4,Theater
Deorro,2026-11-21,,LIVE NATION MUSIC,0.0,62036.0,753436.06,2,1,7,21,0,2,Club
Forever,2026-11-21,,LIVE NATION MUSIC,70329.51,0.0,0.0,0,1,0,0,0,0,Theater
Russian Circles,2026-11-21,,LIVE NATION MUSIC,18055.0,0.0,0.0,0,0,3,51,0,0,Theater
Sueco,2026-11-21,,LIVE NATION MUSIC,0.0,77100.38,70293.0,0,0,3,15,0,0,Club
Cortex,2026-11-21,,LIVE NATION MUSIC,0.0,390204.07,0.0,0,0,1,9,0,0,Club
Mystery Skulls,2026-11-21,,LIVE NATION MUSIC,0.0,139161.9,0.0,0,0,2,30,0,0,Club
Marky Ramone,2026-11-21,,LIVE NATION MUSIC,0.0,41865.0,0.0,0,0,2,5,0,0,Club
Carbon Leaf,2026-11-21,,LIVE NATION MUSIC,81448.0,162104.5,87410.0,2,0,17,180,0,0,Theater
Fantasy,2026-11-21,,LIVE NATION MUSIC,0.0,0.0,0.0,1,26,26,4,0,15,Arena
Jason Bonham,2026-11-21,,LIVE NATION MUSIC,0.0,163048.0,39752.0,0,0,3,1,0,0,Theater
Phillip Phillips,2026-11-21,,LIVE NATION MUSIC,0.0,24750.0,12050.0,1,7,22,21,0,5,Theater
West 22nd,2026-11-21,,LIVE NATION MUSIC,16408.0,7821.0,0.0,0,0,2,7,0,0,Club
Kurt Vile,2026-11-21,,FRANK PRODUCTIONS,19520.0,0.0,0.0,0,0,16,68,0,0,Club
Even,2026-11-21,,LIVE NATION MUSIC,0.0,0.0,0.0,0,0,0,2,0,0,Club
The Afghan Whigs,2026-11-21,,LIVE NATION MUSIC,0.0,0.0,0.0,0,0,11,64,0,0,Club
Bear,2026-11-21,,LIVE NATION MUSIC,0.0,0.0,0.0,0,0,0,1,0,0,Club
"Tres Clásicos del Rock - Tributo a The Doors, The Beatles &amp; Toncho Pilatos",2026-11-21,,EMPORIUM PRESENTS,0.0,0.0,13766.52,0,0,1,0,0,0,Theater
Hawthorne Heights,2026-11-21,,LIVE NATION MUSIC,10175.0,356921.46,49305.0,2,0,4,55,0,5,Club
Peach Tree Rascals,2026-11-21,,LIVE NATION MUSIC,0.0,25860.0,14554.97,0,0,1,6,0,0,Club
Stephen Day,2026-11-21,,LIVE NATION MUSIC,7947.0,0.0,0.0,0,0,0,11,0,0,Club
SiM,2026-11-21,,LIVE NATION MUSIC,0.0,78357.29000000001,0.0,0,0,0,4,0,0,Club
Chat Pile,2026-11-21,,LIVE NATION MUSIC,0.0,7187.0,8340.0,0,0,0,3,0,0,Theater
Bench Press,2026-11-21,,FRANK PRODUCTIONS,0.0,0.0,0.0,0,0,0,1,0,0,Theater
Sabaton,2026-11-21,,LIVE NATION MUSIC,11860820.15,0.0,3200841.5700000003,0,29,15,31,0,0,Club
"Love, Fraser",2026-11-22,,LIVE NATION MUSIC,0.0,0.0,0.0,0,0,0,1,0,0,Club
Hawthorne Heights,2026-11-21,,LIVE NATION MUSIC,10175.0,356921.46,49305.0,2,0,4,55,0,5,Club
Qendresa,2026-11-21,,LIVE NATION MUSIC,6111.62,0.0,0.0,0,0,0,1,0,0,Club
Bryan Andrews,2026-11-21,,HOUSE OF BLUES CONCERTS (HOB),0.0,453.0,0.0,0,0,0,1,0,0,Club
Maddie Zahm,2026-11-21,,LIVE NATION MUSIC,0.0,103535.0,47568.0,0,0,0,8,0,0,Club
Kurt Travis,2026-11-22,,LIVE NATION MUSIC,0.0,0.0,3128.0,0,0,0,5,0,0,Club
"Distant, Left To Suffer",2026-11-21,,HOUSE OF BLUES CONCERTS (HOB),0.0,0.0,3610.0,0,0,0,1,0,0,Club
Hayden Coffman,2026-11-21,,FRANK PRODUCTIONS,2210.0,1670.0,0.0,0,0,0,4,0,0,Club
Houses In Motion,2026-11-21,,FRANK PRODUCTIONS,5910.0,6219.0,0.0,0,0,0,4,0,0,Club
"The Wilder Blue, Silverada",2026-11-21,,LIVE NATION MUSIC,23432.0,0.0,0.0,0,0,1,0,0,0,Club
Punch Brothers,2026-11-21,,LIVE NATION MUSIC,93970.0,66709.6,0.0,4,0,69,70,0,2,Theater
Agriculture,2026-11-21,,LIVE NATION MUSIC,2208.0,0.0,0.0,0,0,0,1,0,0,Theater
Eddie and The Getaway,2026-11-21,,LIVE NATION MUSIC,0.0,0.0,0.0,0,0,0,1,0,0,Club
Punch Brothers,2026-11-21,,LIVE NATION MUSIC,93970.0,66709.6,0.0,4,0,69,70,0,2,Theater
"Molly Tuttle, Maggie Rose",2026-11-21,,HOUSE OF BLUES CONCERTS (HOB),0.0,0.0,0.0,0,0,1,0,0,0,Theater
Nand,2026-11-21,,LIVE NATION MUSIC,0.0,2263.97,0.0,0,0,0,1,0,0,Arena
Pedro Fernández,2026-11-21,,LIVE NATION MUSIC,1459820.78,1070035.34,992662.55,2,12,10,0,0,0,Arena
Sicard Hollow,2026-11-21,,LIVE NATION MUSIC,3925.0,2820.0,5025.0,0,0,0,7,0,0,Club
Sicard Hollow,2026-11-21,,LIVE NATION MUSIC,3925.0,2820.0,5025.0,0,0,0,7,0,0,Club
Alyssa &amp; Wayne Brewer,2026-11-21,,LIVE NATION TENNESSEE,505.0,0.0,0.0,0,0,0,1,0,0,Club
Rock,2026-11-21,,LIVE NATION MUSIC,0.0,0.0,0.0,0,0,0,1,0,0,Theater
Lily Kershaw,2026-11-22,,LIVE NATION TENNESSEE,0.0,0.0,0.0,0,0,0,3,0,0,Club
Triumph,2026-11-22,,LIVE NATION MUSIC,0.0,0.0,0.0,0,7,1,1,0,0,Arena
Rush,2026-11-22,,LIVE NATION MUSIC,0.0,0.0,0.0,40,118,1,0,2,8,Arena
Everclear,2026-11-22,,LIVE NATION MUSIC,488252.26,424897.62,173224.27,2,3,26,59,1,11,Club
Trans-Siberian Orchestra,2026-11-22,,LIVE NATION MUSIC,60413990.78,69204633.87,42632080.53,0,911,47,1,0,15,Arena
Father of Peace,2026-11-22,,LIVE NATION MUSIC,0.0,0.0,0.0,0,0,0,1,0,0,Club
The Spill Canvas,2026-11-23,,HOUSE OF BLUES CONCERTS (HOB),0.0,82594.0,7060.0,0,0,4,64,0,0,Club
Trans-Siberian Orchestra,2026-11-22,,LIVE NATION MUSIC,60413990.78,69204633.87,42632080.53,0,911,47,1,0,15,Arena
Three Days Grace,2026-11-22,,LIVE NATION MUSIC,2587583.58,0.0,514555.96,4,55,36,61,0,8,Club
Tiny Habits,2026-11-22,,LIVE NATION MUSIC,0.0,97332.67,7488.3,0,0,4,7,0,0,Club
Eivør,2026-11-22,,LIVE NATION MUSIC,218847.32,209795.49,0.0,0,0,9,23,0,14,Club
Dweezil Zappa,2026-11-22,,LIVE NATION MUSIC,1060154.55,1718199.74,0.0,0,0,69,53,0,3,Theater
Trivium,2026-11-22,,FRANK PRODUCTIONS,398903.12,0.0,378436.41,0,3,22,57,0,1,Club
The Record Company,2026-11-22,,FRANK PRODUCTIONS,47337.85,130186.02,21250.0,0,0,15,67,0,1,Club
The Gringos,2026-11-22,,FRANK PRODUCTIONS,0.0,0.0,0.0,0,0,0,1,0,0,Club
La La Love You,2026-11-22,,HOUSE OF BLUES CONCERTS (HOB),188794.49,450488.78,0.0,0,2,1,1,0,0,Arena
Black Label Society,2026-11-22,,LIVE NATION MUSIC,0.0,0.0,0.0,0,4,34,65,0,2,Theater
Victor &amp; Leo,2026-11-22,,LIVE NATION MUSIC,0.0,0.0,0.0,0,0,24,1,0,0,Theater
Rawayana,2026-11-22,,LIVE NATION MUSIC,0.0,1859072.56,268722.57,0,16,8,9,1,1,Theater
Ben &amp; Rose,2026-11-22,,FRANK PRODUCTIONS,0.0,0.0,0.0,0,0,1,0,0,0,Theater
KATSEYE,2026-11-22,,LIVE NATION MUSIC,3690618.47,0.0,0.0,0,1,5,1,0,0,Arena
Boston Manor,2026-11-22,,LIVE NATION MUSIC,7172.5,8088.32,33060.84,0,0,0,9,0,1,Theater
Jonas Brothers,2026-11-22,,LIVE NATION MUSIC,49501788.39,30144554.31,109403725.33,75,195,28,1,28,5,Arena
Alyssa &amp; Wayne Brewer,2026-11-23,,LIVE NATION MUSIC,505.0,0.0,0.0,0,0,0,1,0,0,Club
Keenan Te,2026-11-22,,LIVE NATION MUSIC,0.0,6325.56,0.0,0,0,0,1,0,0,Club
Missio,2026-11-22,,LIVE NATION MUSIC,0.0,21443.08,0.0,0,0,2,28,0,2,Theater
Peach Tree Rascals,2026-11-22,,LIVE NATION MUSIC,0.0,25860.0,14554.97,0,0,1,6,0,0,Club
"""Past, Present, Future: A Dance Gala""",2026-11-22,,LIVE NATION MUSIC,0.0,0.0,0.0,0,0,1,0,0,0,Theater
Story of the Year,2026-11-22,,LIVE NATION MUSIC,0.0,543140.6,46795.0,0,0,10,17,0,2,Club
Alter Bridge,2026-11-22,,LIVE NATION MUSIC,0.0,0.0,1508123.42,1,40,41,59,1,6,Club
"The A, B, C &amp; D Of Boogie Woogie",2026-11-22,,LIVE NATION MUSIC,0.0,0.0,0.0,0,0,0,1,0,0,Club
Matt Hansen,2026-11-22,,LIVE NATION MUSIC,167808.59,12300.0,0.0,0,0,0,11,0,3,Theater
Blue October,2026-11-22,,LIVE NATION MUSIC,380805.29,725828.84,1268376.38,4,2,79,177,1,3,Club
Mannheim Steamroller,2026-11-22,,LIVE NATION MUSIC,9970694.32,10547142.94,10769263.45,3,175,866,9,0,25,Theater
Forever,2026-11-22,,LIVE NATION MUSIC,70329.51,0.0,0.0,0,1,0,0,0,0,Arena
Colby Acuff,2026-11-22,,LIVE NATION MUSIC,1840.0,2064.0,1305.0,0,0,0,4,0,0,Club
Forever,2026-11-22,,LIVE NATION MUSIC,70329.51,0.0,0.0,0,1,0,0,0,0,Arena
"August Burns Red, The Amity Affliction",2026-11-22,,LIVE NATION MUSIC,0.0,0.0,0.0,0,0,0,1,0,0,Club
Beartooth,2026-11-22,,LIVE NATION MUSIC,0.0,1116351.8,389208.25,1,4,15,41,1,2,Club
Trippie Redd,2026-11-22,,LIVE NATION MUSIC,0.0,171012.5,592049.0,4,4,6,7,0,1,Club
Bear,2026-11-22,,LIVE NATION MUSIC,0.0,0.0,0.0,0,0,0,1,0,0,Club
Isaiah Rashad,2026-11-22,,LIVE NATION MUSIC,0.0,274022.0,388038.79,0,1,16,46,0,0,Theater
Upgrade,2026-11-22,,LIVE NATION MUSIC,0.0,0.0,0.0,0,0,0,1,0,1,Club
10 Years,2026-11-22,,LIVE NATION MUSIC,17283.0,47010.25,6775.0,0,0,11,89,0,3,Club
America,2026-11-22,,LIVE NATION MUSIC,3837882.2,4477164.55,1750231.2,5,8,175,41,0,14,Theater
Imminence,2026-11-22,,LIVE NATION MUSIC,470438.32,155312.11,0.0,0,0,3,36,0,15,Club
Rawayana,2026-11-22,,LIVE NATION MUSIC,0.0,1859072.56,268722.57,0,16,8,9,1,1,Theater
Imminence,2026-11-22,,LIVE NATION MUSIC,470438.32,155312.11,0.0,0,0,3,36,0,15,Club
Colby Acuff,2026-11-22,,LIVE NATION MUSIC,1840.0,2064.0,1305.0,0,0,0,4,0,0,Club
Trans-Siberian Orchestra,2026-11-22,,LIVE NATION MUSIC,60413990.78,69204633.87,42632080.53,0,911,47,1,0,15,Arena
Orville Peck,2026-11-22,,LIVE NATION MUSIC,0.0,1089190.07,122699.0,2,0,10,21,0,3,Club
Hurricane Wisdom,2026-11-22,,LIVE NATION MUSIC,11250.0,0.0,0.0,0,0,0,1,0,0,Club
Bolo,2026-11-22,,LIVE NATION MUSIC,2425.0,0.0,0.0,0,0,0,1,0,0,Club
Toosii,2026-11-22,,LIVE NATION MUSIC,0.0,0.0,169724.5,0,0,1,4,0,0,Theater
Skilla Baby,2026-11-22,,LIVE NATION MUSIC,0.0,32505.0,0.0,0,0,0,1,0,0,Club
"Mic Crenshaw, Special Guests",2026-11-22,,LIVE NATION MUSIC,0.0,0.0,0.0,0,0,0,1,0,0,Club
Sabaton,2026-11-22,,LIVE NATION MUSIC,11860820.15,0.0,3200841.5700000003,0,29,15,31,0,0,Club
"Mike Mills &amp; Robert McDuffie 'Concerto For Violin, Rock Band &amp; String Orchestra'",2026-11-22,,FRANK PRODUCTIONS,0.0,0.0,0.0,0,0,3,0,0,0,Theater
Reason,2026-11-23,,LIVE NATION MUSIC,0.0,3617.6,1440.0,0,0,1,1,0,0,Arena
Olivia Rodrigo,2026-11-23,,LIVE NATION MUSIC,23420107.2,169307085.8,0.0,0,68,10,2,5,1,Arena
Doja Cat,2026-11-23,,LIVE NATION MUSIC,7384674.46,7298161.81,31988065.4,0,39,0,9,0,0,Arena
Stevie Wonder,2026-11-23,,LIVE NATION MUSIC,5077947.359999999,8495068.84,0.0,1,43,5,1,1,0,Arena
DJ Raphi,2026-11-23,,LIVE NATION MUSIC,0.0,0.0,0.0,0,0,1,0,0,0,Theater
Underoath,2026-11-23,,LIVE NATION MUSIC,0.0,418700.1,308406.2,0,2,22,75,0,4,Club
Band Of Horses,2026-11-23,,HOUSE OF BLUES CONCERTS (HOB),186584.38,387852.65,434352.0,8,3,61,67,0,4,Club
Insomnium,2026-11-23,,LIVE NATION MUSIC,64768.380000000005,39199.35,15069.36,0,0,0,11,0,1,Club
Alyssa &amp; Wayne Brewer,2026-11-23,,LIVE NATION MUSIC,505.0,0.0,0.0,0,0,0,1,0,0,Club
Parachute,2026-11-23,,LIVE NATION MUSIC,0.0,0.0,0.0,0,0,14,55,0,1,Club
Hunxho,2026-11-23,,FRANK PRODUCTIONS,0.0,70430.0,0.0,0,0,0,1,0,0,Theater
CocoRosie,2026-11-23,,LIVE NATION MUSIC,16158.56,16496.58,49109.82,0,0,4,29,0,1,Club
Lil Tracy,2026-11-23,,LIVE NATION MUSIC,234715.25,42922.5,41942.0,0,0,0,13,0,0,Theater
"Senses Fail, Saves The Day",2026-11-23,,LIVE NATION MUSIC,0.0,78419.0,0.0,0,0,0,1,0,0,Club
Slaughter To Prevail,2026-11-23,,HOUSE OF BLUES CONCERTS (HOB),157166.6,0.0,248864.27,0,4,13,22,0,1,Club
Bodysnatcher,2026-11-23,,LIVE NATION MUSIC,21465.27,42335.0,211619.0,0,0,9,53,0,1,Club
"""Past, Present, Future: A Dance Gala""",2026-11-23,,LIVE NATION MUSIC,0.0,0.0,0.0,0,0,1,0,0,0,Theater
"Chris Brown, Usher",2026-11-24,,LIVE NATION MUSIC,0.0,0.0,0.0,0,0,0,0,18,0,Stadium
Reason,2026-11-24,,LIVE NATION MUSIC,0.0,3617.6,1440.0,0,0,1,1,0,0,Arena
John Summit,2026-11-24,,LIVE NATION MUSIC,1618895.52,6378033.54,2121909.0,1,6,4,6,1,1,Arena
Olivia Rodrigo,2026-11-24,,LIVE NATION MUSIC,23420107.2,169307085.8,0.0,0,68,10,2,5,1,Arena
KATSEYE,2026-11-24,,LIVE NATION MUSIC,3690618.47,0.0,0.0,0,1,5,1,0,0,Arena
"Love, Fraser",2026-11-24,,LIVE NATION MUSIC,0.0,0.0,0.0,0,0,0,1,0,0,Club
DJ Raphi,2026-11-24,,LIVE NATION MUSIC,0.0,0.0,0.0,0,0,1,0,0,0,Theater
Underoath,2026-11-24,,LIVE NATION MUSIC,0.0,418700.1,308406.2,0,2,22,75,0,4,Club
Trippie Redd,2026-11-24,,LIVE NATION MUSIC,0.0,171012.5,592049.0,4,4,6,7,0,1,Club
Sabaton,2026-11-24,,LIVE NATION MUSIC,11860820.15,0.0,3200841.5700000003,0,29,15,31,0,0,Club
tripleS,2026-11-24,,LIVE NATION MUSIC,78657.03,0.0,278437.12,0,0,8,2,0,0,Theater
Victor &amp; Leo,2026-11-24,,LIVE NATION MUSIC,0.0,0.0,0.0,0,0,24,1,0,0,Arena
Lindsey Stirling,2026-11-24,,LIVE NATION MUSIC,4394676.7,19515458.61,11167790.81,62,75,205,81,2,17,Theater
The Wrecks,2026-11-24,,LIVE NATION MUSIC,97000.68,0.0,0.0,0,0,1,12,0,0,Club
Mannheim Steamroller,2026-11-24,,FRANK PRODUCTIONS,9970694.32,10547142.94,10769263.45,3,175,866,9,0,25,Arena
Wage War,2026-11-25,,LIVE NATION MUSIC,0.0,250965.5,163464.08000000002,0,1,4,25,0,1,Club
"Senses Fail, Saves The Day",2026-11-24,,LIVE NATION MUSIC,0.0,78419.0,0.0,0,0,0,1,0,0,Theater
Underoath,2026-11-25,,LIVE NATION MUSIC,0.0,418700.1,308406.2,0,2,22,75,0,4,Club
"Dragonforce, Amaranthe",2026-11-24,,LIVE NATION MUSIC,0.0,247413.25,0.0,0,0,2,1,0,0,Theater
Once &amp; Future Band,2026-11-24,,LIVE NATION MUSIC,0.0,0.0,0.0,0,0,0,1,0,0,Club
Imminence,2026-11-24,,LIVE NATION MUSIC,470438.32,155312.11,0.0,0,0,3,36,0,15,Club
Waterparks,2026-11-24,,HOUSE OF BLUES CONCERTS (HOB),117382.5,400433.43,506216.67,0,0,9,35,0,1,Club
Lil Tracy,2026-11-24,,HOUSE OF BLUES CONCERTS (HOB),234715.25,42922.5,41942.0,0,0,0,13,0,0,Club
Bear,2026-11-24,,LIVE NATION MUSIC,0.0,0.0,0.0,0,0,0,1,0,0,Club
Forever,2026-11-24,,LIVE NATION MUSIC,70329.51,0.0,0.0,0,1,0,0,0,0,Theater
Upgrade,2026-11-24,,LIVE NATION MUSIC,0.0,0.0,0.0,0,0,0,1,0,1,Club
GHOSTWOMAN,2026-11-24,,LIVE NATION MUSIC,0.0,4554.32,0.0,0,0,0,2,0,0,Club
Dead Poet Society,2026-11-24,,LIVE NATION MUSIC,0.0,95493.81,8199.75,0,0,0,18,0,1,Club
Catch Your Breath,2026-11-25,,LIVE NATION MUSIC,10444.0,0.0,0.0,0,0,0,6,0,0,Theater
Slaughter To Prevail,2026-11-24,,FRANK PRODUCTIONS,157166.6,0.0,248864.27,0,4,13,22,0,1,Theater
Sessions,2026-11-24,,LIVE NATION MUSIC,0.0,0.0,0.0,0,1,0,0,0,0,Arena
Turnover,2026-11-24,,LIVE NATION MUSIC,1343969.0,34201.28,13530.0,2,1,5,35,0,2,Theater
State Champs,2026-11-24,,LIVE NATION MUSIC,202412.59,75375.0,0.0,0,0,9,29,0,0,Club
Toosii,2026-11-24,,LIVE NATION MUSIC,0.0,0.0,169724.5,0,0,1,4,0,0,Theater
Baby Smoove,2026-11-24,,LIVE NATION MUSIC,0.0,0.0,29610.0,0,0,0,1,0,0,Theater
"Joey Fatone, AJ McLean",2026-11-24,,LIVE NATION MUSIC,0.0,1007339.51,0.0,1,0,6,2,0,0,Theater
Bleood,2026-11-24,,HOUSE OF BLUES CONCERTS (HOB),0.0,0.0,0.0,0,0,0,1,0,0,Club
Black Label Society,2026-11-24,,LIVE NATION MUSIC,0.0,0.0,0.0,0,4,34,65,0,2,Theater
Insomnium,2026-11-24,,LIVE NATION MUSIC,64768.380000000005,39199.35,15069.36,0,0,0,11,0,1,Theater
Isaiah Rashad,2026-11-24,,LIVE NATION MUSIC,0.0,274022.0,388038.79,0,1,16,46,0,0,Theater
"""Past, Present, Future: A Dance Gala""",2026-11-24,,LIVE NATION MUSIC,0.0,0.0,0.0,0,0,1,0,0,0,Theater
Daisy Grenade,2026-11-24,,HOUSE OF BLUES CONCERTS (HOB),0.0,0.0,0.0,0,0,0,1,0,0,Club
America,2026-11-24,,LIVE NATION MUSIC,3837882.2,4477164.55,1750231.2,5,8,175,41,0,14,Theater
Triumph,2026-11-24,,LIVE NATION MUSIC,0.0,0.0,0.0,0,7,1,1,0,0,Arena
Don Broco,2026-11-24,,LIVE NATION MUSIC,1659048.86,88819.81,2368375.41,0,13,29,31,0,4,Club
Triumph,2026-11-24,,LIVE NATION MUSIC,0.0,0.0,0.0,0,7,1,1,0,0,Arena
Prayers,2026-11-24,,LIVE NATION MUSIC,0.0,0.0,5380.0,0,0,1,10,0,0,Club
Alter Bridge,2026-11-24,,LIVE NATION MUSIC,0.0,0.0,1508123.42,1,40,41,59,1,6,Club
La La Love You,2026-11-24,,LIVE NATION MUSIC,188794.49,450488.78,0.0,0,2,1,1,0,0,Arena
10 Years,2026-11-24,,LIVE NATION MUSIC,17283.0,47010.25,6775.0,0,0,11,89,0,3,Club
Alter Bridge,2026-11-24,,LIVE NATION MUSIC,0.0,0.0,1508123.42,1,40,41,59,1,6,Club
Don Broco,2026-11-24,,LIVE NATION MUSIC,1659048.86,88819.81,2368375.41,0,13,29,31,0,4,Club
Prayers,2026-11-24,,LIVE NATION MUSIC,0.0,0.0,5380.0,0,0,1,10,0,0,Club
John Summit,2026-11-25,,LIVE NATION MUSIC,1618895.52,6378033.54,2121909.0,1,6,4,6,1,1,Arena
Rush,2026-11-25,,LIVE NATION MUSIC,0.0,0.0,0.0,40,118,1,0,2,8,Arena
DJ Raphi,2026-11-25,,LIVE NATION MUSIC,0.0,0.0,0.0,0,0,1,0,0,0,Theater
"The A, B, C &amp; D Of Boogie Woogie",2026-11-25,,LIVE NATION MUSIC,0.0,0.0,0.0,0,0,0,1,0,0,Theater
Turnover,2026-11-25,,LIVE NATION MUSIC,1343969.0,34201.28,13530.0,2,1,5,35,0,2,Club
El Tri,2026-11-25,,LIVE NATION MUSIC,2545893.21,56655.0,362219.0,0,8,15,9,1,1,Theater
"Polytoxic, The Denver Horns",2026-11-25,,LIVE NATION MUSIC,0.0,0.0,0.0,0,0,0,1,0,0,Theater
Eliza,2026-11-25,,LIVE NATION MUSIC,0.0,0.0,3339.85,0,0,0,1,0,0,Club
"Dragonforce, Amaranthe",2026-11-25,,LIVE NATION MUSIC,0.0,247413.25,0.0,0,0,2,1,0,0,Theater
The Beast,2026-11-25,,LIVE NATION MUSIC,0.0,0.0,0.0,0,0,1,0,0,0,Theater
Once &amp; Future Band,2026-11-25,,LIVE NATION MUSIC,0.0,0.0,0.0,0,0,0,1,0,0,Club
Yung Gravy,2026-11-25,,LIVE NATION MUSIC,206906.93,574274.31,71100.12,0,1,7,36,0,1,Theater
Guaco,2026-11-25,,HOUSE OF BLUES CONCERTS (HOB),120840.44,0.0,0.0,0,0,2,0,0,0,Theater
Band Of Horses,2026-11-25,,FRANK PRODUCTIONS,186584.38,387852.65,434352.0,8,3,61,67,0,4,Theater
Forever,2026-11-25,,LIVE NATION MUSIC,70329.51,0.0,0.0,0,1,0,0,0,0,Arena
"Nekromantix, Voodoo Glow Skulls",2026-11-25,,LIVE NATION MUSIC,0.0,0.0,0.0,0,0,0,1,0,0,Club
Gary Numan,2026-11-25,,LIVE NATION MUSIC,1760819.26,1454805.64,269072.33999999997,0,5,50,62,0,2,Club
Imminence,2026-11-25,,LIVE NATION MUSIC,470438.32,155312.11,0.0,0,0,3,36,0,15,Amphitheatre
Sabaton,2026-11-25,,LIVE NATION MUSIC,11860820.15,0.0,3200841.5700000003,0,29,15,31,0,0,Theater
Black M,2026-11-25,,LIVE NATION MUSIC,0.0,0.0,0.0,0,3,0,0,0,0,Theater
Anna,2026-11-25,,LIVE NATION MUSIC,7768357.97,1602600.58,133801.17,0,7,8,7,2,12,Other
Fantastic Cat,2026-11-25,,LIVE NATION MUSIC,14470.23,16670.0,4269.0,0,0,0,10,0,0,Club
Blue October,2026-11-25,,LIVE NATION MUSIC,380805.29,725828.84,1268376.38,4,2,79,177,1,3,Club
Jason Bonham,2026-11-25,,LIVE NATION MUSIC,0.0,163048.0,39752.0,0,0,3,1,0,0,Theater
Jason Bonham,2026-11-25,,LIVE NATION MUSIC,0.0,163048.0,39752.0,0,0,3,1,0,0,Theater
Born of Osiris,2026-11-25,,HOUSE OF BLUES CONCERTS (HOB),36454.0,0.0,12944.0,0,0,6,48,0,0,Club
Fear Factory,2026-11-25,,LIVE NATION MUSIC,0.0,0.0,424894.07,0,0,19,48,0,2,Club
Kabaka Pyramid,2026-11-25,,LIVE NATION MUSIC,7765.0,5705.0,6970.2,0,0,0,7,0,0,Club
Triumph,2026-11-25,,LIVE NATION MUSIC,0.0,0.0,0.0,0,7,1,1,0,0,Arena
RAC,2026-11-25,,LIVE NATION MUSIC,0.0,0.0,0.0,0,0,5,32,0,0,Theater
EGGY,2026-11-25,,LIVE NATION MUSIC,50061.0,55240.5,35212.9,0,0,1,20,0,0,Club
Triumph,2026-11-25,,LIVE NATION MUSIC,0.0,0.0,0.0,0,7,1,1,0,0,Arena
Psycroptic,2026-11-25,,HOUSE OF BLUES CONCERTS (HOB),0.0,0.0,3300.0,0,0,0,8,0,0,Club
Dueling Pianos,2026-11-25,,C3 FESTIVALS,0.0,15135.45,0.0,0,0,2,0,0,0,Theater
EGGY,2026-11-25,,LIVE NATION MUSIC,50061.0,55240.5,35212.9,0,0,1,20,0,0,Club
Amtrac,2026-11-25,,LIVE NATION MUSIC,0.0,0.0,35933.0,0,0,0,10,0,0,Club
Trans-Siberian Orchestra,2026-11-27,,LIVE NATION MUSIC,60413990.78,69204633.87,42632080.53,0,911,47,1,0,15,Arena
Trans-Siberian Orchestra,2026-11-27,,LIVE NATION MUSIC,60413990.78,69204633.87,42632080.53,0,911,47,1,0,15,Arena
Jack Kays,2026-11-27,,LIVE NATION MUSIC,71591.25,6807.0,9000.0,0,0,1,9,0,0,Club
Catch Your Breath,2026-11-27,,LIVE NATION MUSIC,10444.0,0.0,0.0,0,0,0,6,0,0,Theater
Eagles,2026-11-27,,LIVE NATION MUSIC,113579924.21,168150846.73,118468239.25,8,365,2,0,28,5,Arena
Trans-Siberian Orchestra,2026-11-28,,LIVE NATION MUSIC,60413990.78,69204633.87,42632080.53,0,911,47,1,0,15,Arena
Rush,2026-11-27,,LIVE NATION MUSIC,0.0,0.0,0.0,40,118,1,0,2,8,Arena
Trans-Siberian Orchestra,2026-11-27,,LIVE NATION MUSIC,60413990.78,69204633.87,42632080.53,0,911,47,1,0,15,Arena
Trans-Siberian Orchestra,2026-11-28,,LIVE NATION MUSIC,60413990.78,69204633.87,42632080.53,0,911,47,1,0,15,Arena
Trans-Siberian Orchestra,2026-11-27,,LIVE NATION MUSIC,60413990.78,69204633.87,42632080.53,0,911,47,1,0,15,Arena
Strings &amp; Heart,2026-11-28,,FRANK PRODUCTIONS,3285.0,0.0,0.0,0,0,1,15,0,0,Theater
Jonas Brothers,2026-11-27,,LIVE NATION MUSIC,49501788.39,30144554.31,109403725.33,75,195,28,1,28,5,Arena
Victor &amp; Leo,2026-11-27,,LIVE NATION MUSIC,0.0,0.0,0.0,0,0,24,1,0,0,Theater
Gerardo Ortiz,2026-11-27,,LIVE NATION MUSIC,761206.5,260251.5,320733.1,0,25,17,1,2,1,Theater
Aitana,2026-11-27,,LIVE NATION MUSIC,10022719.03,1046744.51,9033891.4,8,27,6,0,22,8,Arena
Turnover,2026-11-27,,LIVE NATION MUSIC,1343969.0,34201.28,13530.0,2,1,5,35,0,2,Arena
Blue October,2026-11-27,,LIVE NATION MUSIC,380805.29,725828.84,1268376.38,4,2,79,177,1,3,Amphitheatre
Devault,2026-11-27,,LIVE NATION MUSIC,0.0,22106.55,0.0,0,0,0,6,0,0,Club
Hunxho,2026-11-27,,LIVE NATION MUSIC,0.0,70430.0,0.0,0,0,0,1,0,0,Club
Alicia Villarreal,2026-11-27,,LIVE NATION MUSIC,647045.73,1374508.36,306780.57999999996,1,4,28,3,0,1,Theater
Dark Star Orchestra,2026-11-27,,LIVE NATION MUSIC,1248384.22,5590344.75,2726147.02,65,2,252,354,11,32,Club
Dark Star Orchestra,2026-11-27,,LIVE NATION MUSIC,1248384.22,5590344.75,2726147.02,65,2,252,354,11,32,Club
Blackberry Smoke,2026-11-27,,LIVE NATION MUSIC,888771.95,1380924.41,1282993.23,15,2,102,114,2,25,Club
Wage War,2026-11-27,,LIVE NATION MUSIC,0.0,250965.5,163464.08000000002,0,1,4,25,0,1,Club
Sabaton,2026-11-27,,LIVE NATION MUSIC,11860820.15,0.0,3200841.5700000003,0,29,15,31,0,0,Club
10 Years,2026-11-27,,LIVE NATION MUSIC,17283.0,47010.25,6775.0,0,0,11,89,0,3,Club
"The Temptations, The Four Tops",2026-11-27,,LIVE NATION MUSIC,2874418.01,1716878.2,2034411.11,9,20,172,21,0,4,Arena
The Urge,2026-11-27,,LIVE NATION MUSIC,0.0,0.0,0.0,0,0,13,1,0,0,Theater
Forever,2026-11-27,,LIVE NATION MUSIC,70329.51,0.0,0.0,0,1,0,0,0,0,Arena
Imminence,2026-11-27,,LIVE NATION MUSIC,470438.32,155312.11,0.0,0,0,3,36,0,15,Club
Rav,2026-11-27,,LIVE NATION MUSIC,0.0,0.0,7775.0,0,0,0,4,0,0,Club
Grupo Duelo,2026-11-27,,HOUSE OF BLUES CONCERTS (HOB),0.0,49134.0,0.0,0,3,1,0,0,0,Arena
Angine de Poitrine,2026-11-27,,LIVE NATION MUSIC,0.0,0.0,0.0,0,0,1,1,0,0,Club
Project Pat,2026-11-27,,HOUSE OF BLUES CONCERTS (HOB),0.0,0.0,57365.0,0,0,0,3,0,0,Club
"Senses Fail, Saves The Day",2026-11-27,,LIVE NATION MUSIC,0.0,78419.0,0.0,0,0,0,1,0,0,Club
Twiddle,2026-11-27,,LIVE NATION MUSIC,0.0,0.0,308141.9,1,0,25,144,2,2,Theater
Trippie Redd,2026-11-27,,LIVE NATION MUSIC,0.0,171012.5,592049.0,4,4,6,7,0,1,Theater
The Pineapple Thief,2026-11-27,,LIVE NATION MUSIC,16406.77,77036.26,0.0,0,0,2,13,0,0,Club
Band Of Horses,2026-11-27,,FRANK PRODUCTIONS,186584.38,387852.65,434352.0,8,3,61,67,0,4,Theater
Twiddle,2026-11-27,,LIVE NATION MUSIC,0.0,0.0,308141.9,1,0,25,144,2,2,Theater
Ian,2026-11-27,,LIVE NATION MUSIC,168034.66,0.0,0.0,0,0,1,4,0,0,Club
Rock,2026-11-28,,LIVE NATION MUSIC,0.0,0.0,0.0,0,0,0,1,0,0,Club
Triumph,2026-11-27,,LIVE NATION MUSIC,0.0,0.0,0.0,0,7,1,1,0,0,Arena
Tamar Braxton,2026-11-27,,HOUSE OF BLUES CONCERTS (HOB),0.0,79409.4,0.0,0,0,7,6,0,0,Theater
Kem,2026-11-27,,LIVE NATION MUSIC,700433.0,1671400.29,1522783.05,10,15,69,3,0,0,Arena
Turnover,2026-11-28,,LIVE NATION MUSIC,1343969.0,34201.28,13530.0,2,1,5,35,0,2,Theater
Punchline,2026-11-28,,LIVE NATION MUSIC,0.0,0.0,0.0,0,0,1,2,0,0,Theater
Welshly Arms,2026-11-27,,HOUSE OF BLUES CONCERTS (HOB),2650.0,0.0,28335.21,0,1,0,22,0,0,Club
Ra,2026-11-27,,LIVE NATION MUSIC,910.56,0.0,0.0,0,0,0,2,0,0,Club
The Hotelier,2026-11-27,,LIVE NATION MUSIC,27105.52,14400.0,0.0,0,0,1,6,0,0,Club
Res,2026-11-27,,HOUSE OF BLUES CONCERTS (HOB),0.0,4353.0,14926.0,0,0,0,8,0,0,Club
"Baby Bash, Frankie J",2026-11-27,,LIVE NATION MUSIC,0.0,0.0,0.0,0,0,0,1,0,0,Club
"""Past, Present, Future: A Dance Gala""",2026-11-27,,LIVE NATION MUSIC,0.0,0.0,0.0,0,0,1,0,0,0,Theater
Dweezil Zappa,2026-11-27,,LIVE NATION MUSIC,1060154.55,1718199.74,0.0,0,0,69,53,0,3,Theater
The Greyboy Allstars,2026-11-27,,LIVE NATION MUSIC,18450.0,22000.0,0.0,0,0,5,30,0,0,Club
Bone Thugs-N-Harmony,2026-11-27,,LIVE NATION MUSIC,64169.0,494120.43,110487.0,2,8,44,112,1,9,Theater
Cozy Worldwide,2026-11-27,,HOUSE OF BLUES CONCERTS (HOB),5370.5,0.0,0.0,0,0,0,1,0,0,Club
PJ Morton,2026-11-27,,LIVE NATION MUSIC,46060.5,822365.48,0.0,1,0,40,52,1,1,Theater
Rav,2026-11-27,,LIVE NATION MUSIC,0.0,0.0,7775.0,0,0,0,4,0,0,Club
Don Broco,2026-11-27,,LIVE NATION MUSIC,1659048.86,88819.81,2368375.41,0,13,29,31,0,4,Theater
Dave Hause,2026-11-27,,LIVE NATION MUSIC,61081.71,114963.8,0.0,0,0,5,52,0,25,Club
Dope Ass Sneakers,2026-11-27,,FRANK PRODUCTIONS,0.0,0.0,0.0,0,0,0,1,0,0,Club
Trivium,2026-11-27,,LIVE NATION MUSIC,398903.12,0.0,378436.41,0,3,22,57,0,1,Arena
Remi,2026-11-27,,LIVE NATION MUSIC,0.0,0.0,0.0,0,0,0,9,0,0,Theater
Bleood,2026-11-27,,LIVE NATION MUSIC,0.0,0.0,0.0,0,0,0,1,0,0,Theater
The Dickies,2026-11-27,,LIVE NATION MUSIC,1620.0,2220.0,3395.0,0,0,0,12,0,0,Club
"Tres Clásicos del Rock - Tributo a The Doors, The Beatles &amp; Toncho Pilatos",2026-11-27,,LIVE NATION MUSIC,0.0,0.0,13766.52,0,0,1,0,0,0,Arena
Trivium,2026-11-27,,LIVE NATION MUSIC,398903.12,0.0,378436.41,0,3,22,57,0,1,Arena
R&amp;B Vibes Live,2026-11-27,,LIVE NATION MUSIC,0.0,0.0,0.0,0,0,0,2,0,0,Club
Wild Child,2026-11-27,,LIVE NATION MUSIC,0.0,66160.7,45598.0,0,0,1,96,0,1,Club
Broadway,2026-11-27,,LIVE NATION MUSIC,0.0,0.0,0.0,0,0,0,2,0,0,Club
Celebration,2026-11-27,,FRANK PRODUCTIONS,0.0,0.0,0.0,0,0,0,1,0,0,Theater
Nicole Atkins,2026-11-27,,LIVE NATION MUSIC,0.0,2495.0,0.0,0,0,4,37,0,3,Club
"Tres Clásicos del Rock - Tributo a The Doors, The Beatles &amp; Toncho Pilatos",2026-11-27,,LIVE NATION MUSIC,0.0,0.0,13766.52,0,0,1,0,0,0,Theater
M,2026-11-27,,LIVE NATION MUSIC,0.0,0.0,286459.73,0,0,2,0,0,0,Theater
The Residents,2026-11-27,,LIVE NATION MUSIC,0.0,0.0,7124.0,0,0,4,32,0,1,Theater
The Brook &amp; The Bluff,2026-11-27,,LIVE NATION MUSIC,0.0,54224.59,250521.71,0,0,7,35,0,1,Club
R&amp;B Vibes Live,2026-11-27,,LIVE NATION MUSIC,0.0,0.0,0.0,0,0,0,2,0,0,Club
Crankdat,2026-11-27,,LIVE NATION MUSIC,812116.3200000001,156729.33000000002,33893.95,1,0,4,14,0,0,Club
A Killer's Confession,2026-11-27,,HOUSE OF BLUES CONCERTS (HOB),4000.0,4245.0,0.0,0,0,0,5,0,0,Club
AVELLO,2026-11-27,,LIVE NATION MUSIC,0.0,0.0,0.0,0,0,0,2,0,0,Club
San Holo,2026-11-27,,LIVE NATION MUSIC,286586.5,58302.0,420309.0,1,1,6,35,0,0,Club
Friday,2026-11-27,,FRANK PRODUCTIONS,0.0,0.0,0.0,0,0,0,1,0,0,Club
Slaughter To Prevail,2026-11-27,,LIVE NATION MUSIC,157166.6,0.0,248864.27,0,4,13,22,0,1,Club
Whitechapel,2026-11-28,,LIVE NATION MUSIC,378503.41,16256.84,0.0,1,0,3,80,0,4,Theater
Whitechapel,2026-11-28,,LIVE NATION MUSIC,378503.41,16256.84,0.0,1,0,3,80,0,4,Theater
The Voices,2026-11-27,,LIVE NATION MUSIC,6545.0,10741.0,0.0,0,0,0,4,0,0,Club
Eagles,2026-11-28,,LIVE NATION MUSIC,113579924.21,168150846.73,118468239.25,8,365,2,0,28,5,Arena
Trans-Siberian Orchestra,2026-11-29,,LIVE NATION MUSIC,60413990.78,69204633.87,42632080.53,0,911,47,1,0,15,Arena
John Summit,2026-11-28,,LIVE NATION MUSIC,1618895.52,6378033.54,2121909.0,1,6,4,6,1,1,Arena
Trans-Siberian Orchestra,2026-11-28,,LIVE NATION MUSIC,60413990.78,69204633.87,42632080.53,0,911,47,1,0,15,Arena
Trans-Siberian Orchestra,2026-11-28,,LIVE NATION MUSIC,60413990.78,69204633.87,42632080.53,0,911,47,1,0,15,Arena
Strings &amp; Heart,2026-11-28,,FRANK PRODUCTIONS,3285.0,0.0,0.0,0,0,1,15,0,0,Theater
Pentatonix,2026-11-28,,LIVE NATION MUSIC,10014000.83,20747784.25,16735657.71,59,174,94,50,3,9,Arena
Underoath,2026-11-29,,LIVE NATION MUSIC,0.0,418700.1,308406.2,0,2,22,75,0,4,Theater
Eliza,2026-11-28,,LIVE NATION MUSIC,0.0,0.0,3339.85,0,0,0,1,0,0,Arena
Steve Lacy,2026-11-28,,LIVE NATION MUSIC,0.0,0.0,48400.0,1,2,2,7,0,0,Theater
"The A, B, C &amp; D Of Boogie Woogie",2026-11-28,,LIVE NATION MUSIC,0.0,0.0,0.0,0,0,0,1,0,0,Club
King Crimson,2026-11-28,,LIVE NATION MUSIC,0.0,0.0,0.0,9,5,42,4,1,3,Theater
Dexter and The Moonrocks,2026-11-28,,LIVE NATION MUSIC,112239.0,104565.0,62966.5,0,0,5,26,0,1,Club
Straight No Chaser,2026-11-28,,LIVE NATION MUSIC,2200395.42,4207526.41,4491645.23,15,31,598,29,0,23,Theater
Blue October,2026-11-28,,LIVE NATION MUSIC,380805.29,725828.84,1268376.38,4,2,79,177,1,3,Amphitheatre
Blue October,2026-11-28,,LIVE NATION MUSIC,380805.29,725828.84,1268376.38,4,2,79,177,1,3,Amphitheatre
The Altons,2026-11-28,,LIVE NATION MUSIC,58807.0,0.0,5756.0,0,0,7,10,0,2,Club
Imminence,2026-11-28,,LIVE NATION MUSIC,470438.32,155312.11,0.0,0,0,3,36,0,15,Club
Big Head Todd &amp; The Monsters,2026-11-28,,LIVE NATION MUSIC,1435883.0,3341487.26,3663794.64,39,1,52,108,1,11,Theater
Beartooth,2026-11-29,,LIVE NATION MUSIC,0.0,1116351.8,389208.25,1,4,15,41,1,2,Club
Dark Star Orchestra,2026-11-28,,LIVE NATION MUSIC,1248384.22,5590344.75,2726147.02,65,2,252,354,11,32,Club
Jonas Brothers,2026-11-28,,LIVE NATION MUSIC,49501788.39,30144554.31,109403725.33,75,195,28,1,28,5,Arena
"Dragonforce, Amaranthe",2026-11-28,,LIVE NATION MUSIC,0.0,247413.25,0.0,0,0,2,1,0,0,Theater
Trivium,2026-11-28,,LIVE NATION MUSIC,398903.12,0.0,378436.41,0,3,22,57,0,1,Arena
Cynthia,2026-11-28,,LIVE NATION MUSIC,0.0,0.0,0.0,0,1,1,0,0,0,Theater
Sabaton,2026-11-29,,LIVE NATION MUSIC,11860820.15,0.0,3200841.5700000003,0,29,15,31,0,0,Club
Story of the Year,2026-11-28,,LIVE NATION MUSIC,0.0,543140.6,46795.0,0,0,10,17,0,2,Club
Chase Matthew,2026-11-28,,LIVE NATION MUSIC,188935.7,233874.39,222390.0,1,1,7,28,0,8,Theater
"Senses Fail, Saves The Day",2026-11-28,,LIVE NATION MUSIC,0.0,78419.0,0.0,0,0,0,1,0,0,Theater
10 Years,2026-11-28,,LIVE NATION MUSIC,17283.0,47010.25,6775.0,0,0,11,89,0,3,Club
Bear,2026-11-28,,LIVE NATION MUSIC,0.0,0.0,0.0,0,0,0,1,0,0,Club
Upgrade,2026-11-28,,LIVE NATION MUSIC,0.0,0.0,0.0,0,0,0,1,0,1,Club
Jonas Brothers,2026-11-28,,LIVE NATION MUSIC,49501788.39,30144554.31,109403725.33,75,195,28,1,28,5,Arena
America,2026-11-28,,LIVE NATION MUSIC,3837882.2,4477164.55,1750231.2,5,8,175,41,0,14,Theater
Tom Petty &amp; The Heartbreakers,2026-11-28,,LIVE NATION MUSIC,0.0,0.0,0.0,31,71,1,1,3,1,Arena
Dweezil Zappa,2026-11-28,,LIVE NATION MUSIC,1060154.55,1718199.74,0.0,0,0,69,53,0,3,Theater
Once &amp; Future Band,2026-11-28,,LIVE NATION MUSIC,0.0,0.0,0.0,0,0,0,1,0,0,Club
Twiddle,2026-11-28,,LIVE NATION MUSIC,0.0,0.0,308141.9,1,0,25,144,2,2,Theater
Bret Michaels,2026-11-28,,LIVE NATION MUSIC,929706.53,1985269.87,4004033.12,26,12,49,42,0,24,Arena
Deerock,2026-11-28,,LIVE NATION MUSIC,0.0,20705.0,4680.0,0,0,0,8,0,0,Club
Bone Thugs-N-Harmony,2026-11-28,,LIVE NATION MUSIC,64169.0,494120.43,110487.0,2,8,44,112,1,9,Club
Tempo,2026-11-28,,LIVE NATION MUSIC,0.0,0.0,0.0,0,1,0,0,0,0,Arena
Remi,2026-11-28,,LIVE NATION MUSIC,0.0,0.0,0.0,0,0,0,9,0,0,Theater
Allman Betts Family Revival,2026-11-28,,LIVE NATION MUSIC,1401926.49,1446679.28,0.0,1,0,39,2,0,0,Theater
Forever,2026-11-28,,LIVE NATION MUSIC,70329.51,0.0,0.0,0,1,0,0,0,0,Theater
Trippie Redd,2026-11-28,,LIVE NATION MUSIC,0.0,171012.5,592049.0,4,4,6,7,0,1,Club
The Midnight,2026-11-28,,LIVE NATION MUSIC,211693.69,301290.25,609328.26,1,0,22,50,0,2,Arena
Agent Orange,2026-11-28,,LIVE NATION MUSIC,0.0,6845.0,9848.0,1,0,2,52,0,2,Club
Aly &amp; AJ,2026-11-28,,LIVE NATION MUSIC,244569.79,0.0,453585.5,1,0,14,20,0,0,Club
Whitechapel,2026-11-29,,LIVE NATION MUSIC,378503.41,16256.84,0.0,1,0,3,80,0,4,Club
Baby Smoove,2026-11-28,,LIVE NATION MUSIC,0.0,0.0,29610.0,0,0,0,1,0,0,Club
Ray Volpe,2026-11-28,,LIVE NATION MUSIC,80831.85,46085.11,54152.78,0,0,2,8,0,0,Arena
Xperience,2026-11-28,,LIVE NATION MUSIC,0.0,0.0,0.0,0,0,0,2,0,0,Club
Charlton Singleton,2026-11-28,,FRANK PRODUCTIONS,0.0,0.0,0.0,0,0,2,0,0,0,Theater
"""Southern Soul, Boots, Brunch &amp; Line Dance Party""",2026-11-29,,HOUSE OF BLUES CONCERTS (HOB),0.0,0.0,0.0,0,0,0,1,0,0,Club
Flex,2026-11-28,,HOUSE OF BLUES CONCERTS (HOB),682751.05,0.0,0.0,0,1,0,0,0,0,Arena
The Pineapple Thief,2026-11-28,,HOUSE OF BLUES CONCERTS (HOB),16406.77,77036.26,0.0,0,0,2,13,0,0,Club
"David Clark, Bill Connors",2026-11-28,,LIVE NATION MUSIC,0.0,0.0,0.0,0,0,1,0,0,0,Theater
Royal Bliss,2026-11-28,,LIVE NATION MUSIC,0.0,7200.0,26058.5,0,0,4,13,0,3,Club
Jackie Greene,2026-11-28,,LIVE NATION MUSIC,60318.5,73034.5,27873.0,1,0,7,97,0,1,Club
Hunxho,2026-11-28,,LIVE NATION MUSIC,0.0,70430.0,0.0,0,0,0,1,0,0,Club
"""Rock, Reggae &amp; Relief""",2026-11-28,,HOUSE OF BLUES CONCERTS (HOB),0.0,0.0,137000.0,0,0,0,0,0,1,Other
Jason Bonham,2026-11-28,,LIVE NATION MUSIC,0.0,163048.0,39752.0,0,0,3,1,0,0,Theater
Story of the Year,2026-11-29,,LIVE NATION MUSIC,0.0,543140.6,46795.0,0,0,10,17,0,2,Club
"Me, Grimlock!",2026-11-28,,LIVE NATION MUSIC,198.0,0.0,0.0,0,0,0,1,0,0,Theater
Men Without Hats,2026-11-28,,HOUSE OF BLUES CONCERTS (HOB),0.0,0.0,5705.0,0,0,1,4,0,0,Club
Guaco,2026-11-28,,LIVE NATION MUSIC,120840.44,0.0,0.0,0,0,2,0,0,0,Theater
Hurricane Wisdom,2026-11-28,,LIVE NATION MUSIC,11250.0,0.0,0.0,0,0,0,1,0,0,Club
"Suicide Silence, Chelsea Grin",2026-11-29,,LIVE NATION MUSIC,0.0,0.0,20000.0,0,0,0,1,0,0,Theater
Dillon Francis,2026-11-28,,LIVE NATION MUSIC,93623.0,104232.5,172399.5,1,0,14,61,0,4,Club
Sean Canan's Voodoo Players,2026-11-28,,LIVE NATION MUSIC,2225.0,4385.0,0.0,0,0,2,3,0,0,Theater
Decade,2026-11-28,,FRANK PRODUCTIONS,11838.0,0.0,0.0,0,0,0,1,0,0,Theater
Token,2026-11-28,,LIVE NATION MUSIC,0.0,0.0,42053.64,0,0,1,17,0,1,Theater
Alicia Villarreal,2026-11-28,,LIVE NATION MUSIC,647045.73,1374508.36,306780.57999999996,1,4,28,3,0,1,Theater
"Joey Fatone, AJ McLean",2026-11-28,,LIVE NATION MUSIC,0.0,1007339.51,0.0,1,0,6,2,0,0,Theater
Ought,2026-11-28,,LIVE NATION MUSIC,0.0,0.0,0.0,0,0,0,11,0,0,Club
"Allen Stone, Ripe",2026-11-28,,LIVE NATION MUSIC,29263.0,0.0,0.0,0,0,0,1,0,0,Club
Rage Against the Machine,2026-11-28,,LIVE NATION MUSIC,0.0,0.0,0.0,0,6,0,0,1,0,Arena
"Dominic Sen, Noia",2026-11-28,,LIVE NATION MUSIC,0.0,0.0,0.0,0,0,0,1,0,0,Theater
"""Past, Present, Future: A Dance Gala""",2026-11-28,,FRANK PRODUCTIONS,0.0,0.0,0.0,0,0,1,0,0,0,Theater
Beartooth,2026-11-28,,LIVE NATION MUSIC,0.0,1116351.8,389208.25,1,4,15,41,1,2,Club
"Tres Clásicos del Rock - Tributo a The Doors, The Beatles &amp; Toncho Pilatos",2026-11-28,,LIVE NATION MUSIC,0.0,0.0,13766.52,0,0,1,0,0,0,Theater
Rival Sons,2026-11-28,,LIVE NATION MUSIC,153941.61,116553.8,395290.35,0,2,29,81,0,1,Theater
Jerry &amp; Dawg Revisited,2026-11-29,,LIVE NATION MUSIC,0.0,0.0,0.0,0,0,0,1,0,0,Club
Jerry &amp; Dawg Revisited,2026-11-28,,LIVE NATION MUSIC,0.0,0.0,0.0,0,0,0,1,0,0,Club
Celebration,2026-11-28,,FRANK PRODUCTIONS,0.0,0.0,0.0,0,0,0,1,0,0,Club
Dawns,2026-11-28,,LIVE NATION MUSIC,0.0,0.0,0.0,0,0,0,1,0,0,Club
Celebration,2026-11-28,,FRANK PRODUCTIONS,0.0,0.0,0.0,0,0,0,1,0,0,Club
Bo Napoleon,2026-11-28,,LIVE NATION MUSIC,0.0,6085.0,4560.0,0,0,0,3,0,0,Club
"Distant, Left To Suffer",2026-11-28,,LIVE NATION MUSIC,0.0,0.0,3610.0,0,0,0,1,0,0,Club
Triumph,2026-11-28,,LIVE NATION MUSIC,0.0,0.0,0.0,0,7,1,1,0,0,Arena
Cletus &amp; Lori,2026-11-28,,LIVE NATION MUSIC,0.0,0.0,0.0,0,0,0,1,0,0,Club
OZ,2026-11-28,,LIVE NATION MUSIC,0.0,0.0,0.0,0,0,1,5,0,5,Theater
Project Pat,2026-11-28,,HOUSE OF BLUES CONCERTS (HOB),0.0,0.0,57365.0,0,0,0,3,0,0,Club
Rival Sons,2026-11-28,,LIVE NATION MUSIC,153941.61,116553.8,395290.35,0,2,29,81,0,1,Theater
J &amp; The Causeways,2026-11-28,,LIVE NATION MUSIC,2003.0,0.0,0.0,0,0,0,2,0,0,Club
Fireside Collective,2026-11-28,,LIVE NATION MUSIC,1658.0,3324.0,0.0,0,0,2,5,0,0,Club
Fireside Collective,2026-11-28,,LIVE NATION MUSIC,1658.0,3324.0,0.0,0,0,2,5,0,0,Club
Celebration,2026-11-28,,LIVE NATION MUSIC,0.0,0.0,0.0,0,0,0,1,0,0,Club
Trans-Siberian Orchestra,2026-11-29,,LIVE NATION MUSIC,60413990.78,69204633.87,42632080.53,0,911,47,1,0,15,Arena
John Summit,2026-11-29,,LIVE NATION MUSIC,1618895.52,6378033.54,2121909.0,1,6,4,6,1,1,Arena
Doja Cat,2026-11-29,,LIVE NATION MUSIC,7384674.46,7298161.81,31988065.4,0,39,0,9,0,0,Arena
Pentatonix,2026-11-29,,LIVE NATION MUSIC,10014000.83,20747784.25,16735657.71,59,174,94,50,3,9,Arena
"The A, B, C &amp; D Of Boogie Woogie",2026-11-29,,LIVE NATION MUSIC,0.0,0.0,0.0,0,0,0,1,0,0,Club
Kirk Franklin,2026-11-29,,LIVE NATION MUSIC,0.0,7418069.73,10997635.59,1,40,37,3,0,2,Arena
Trivium,2026-11-29,,LIVE NATION MUSIC,398903.12,0.0,378436.41,0,3,22,57,0,1,Club
Alicia Villarreal,2026-11-29,,LIVE NATION MUSIC,647045.73,1374508.36,306780.57999999996,1,4,28,3,0,1,Theater
Hunxho,2026-11-29,,LIVE NATION MUSIC,0.0,70430.0,0.0,0,0,0,1,0,0,Club
Guaco,2026-11-29,,LIVE NATION MUSIC,120840.44,0.0,0.0,0,0,2,0,0,0,Theater
"Joey Fatone, AJ McLean",2026-11-29,,HOUSE OF BLUES CONCERTS (HOB),0.0,1007339.51,0.0,1,0,6,2,0,0,Theater
Aitana,2026-11-29,,LIVE NATION MUSIC,10022719.03,1046744.51,9033891.4,8,27,6,0,22,8,Theater
Twiddle,2026-11-29,,LIVE NATION MUSIC,0.0,0.0,308141.9,1,0,25,144,2,2,Theater
Men Without Hats,2026-11-29,,LIVE NATION MUSIC,0.0,0.0,5705.0,0,0,1,4,0,0,Theater
Bear,2026-11-29,,LIVE NATION MUSIC,0.0,0.0,0.0,0,0,0,1,0,0,Club
Yaelokre,2026-11-29,,LIVE NATION MUSIC,62152.0,0.0,0.0,0,0,1,3,0,0,Club
Upgrade,2026-11-29,,LIVE NATION MUSIC,0.0,0.0,0.0,0,0,0,1,0,1,Club
Allman Betts Family Revival,2026-11-29,,LIVE NATION MUSIC,1401926.49,1446679.28,0.0,1,0,39,2,0,0,Arena
"""Laughs, Music, &amp; Vibes""",2026-11-29,,LIVE NATION MUSIC,0.0,0.0,0.0,0,0,0,1,0,0,Club
K. Michelle,2026-11-29,,HOUSE OF BLUES CONCERTS (HOB),228547.0,59597.6,54315.0,2,2,18,12,0,1,Theater
Louie TheSinger,2026-11-29,,LIVE NATION MUSIC,0.0,0.0,0.0,0,0,0,1,0,0,Club
Forever,2026-11-29,,LIVE NATION MUSIC,70329.51,0.0,0.0,0,1,0,0,0,0,Arena
1300SAINT,2026-11-29,,LIVE NATION MUSIC,7140.0,0.0,0.0,0,0,0,2,0,0,Club
"Dragonforce, Amaranthe",2026-11-29,,LIVE NATION MUSIC,0.0,247413.25,0.0,0,0,2,1,0,0,Theater
Montell Fish,2026-11-29,,LIVE NATION MUSIC,726844.46,98486.05,0.0,0,0,3,5,0,0,Theater
The Pineapple Thief,2026-11-29,,LIVE NATION MUSIC,16406.77,77036.26,0.0,0,0,2,13,0,0,Theater
The Stray Cats,2026-11-29,,LIVE NATION MUSIC,0.0,370279.0,0.0,2,0,3,6,0,0,Club
Vacuum,2026-11-29,,LIVE NATION MUSIC,0.0,0.0,0.0,0,0,0,1,0,0,Club
The Neighbourhood,2026-11-30,,LIVE NATION MUSIC,0.0,0.0,0.0,1,16,28,68,1,0,Arena
Jonas Brothers,2026-11-30,,LIVE NATION MUSIC,49501788.39,30144554.31,109403725.33,75,195,28,1,28,5,Arena
Underoath,2026-12-01,,LIVE NATION MUSIC,0.0,418700.1,308406.2,0,2,22,75,0,4,Club
Jason Bonham,2026-11-30,,LIVE NATION MUSIC,0.0,163048.0,39752.0,0,0,3,1,0,0,Theater
Beartooth,2026-12-01,,LIVE NATION MUSIC,0.0,1116351.8,389208.25,1,4,15,41,1,2,Club
Story of the Year,2026-12-01,,LIVE NATION MUSIC,0.0,543140.6,46795.0,0,0,10,17,0,2,Club
"""Laughs, Music, &amp; Vibes""",2026-11-30,,LIVE NATION MUSIC,0.0,0.0,0.0,0,0,0,1,0,0,Club
"Joey Fatone, AJ McLean",2026-11-30,,LIVE NATION MUSIC,0.0,1007339.51,0.0,1,0,6,2,0,0,Theater
Triumph,2026-11-30,,LIVE NATION MUSIC,0.0,0.0,0.0,0,7,1,1,0,0,Arena
"Senses Fail, Saves The Day",2026-11-30,,LIVE NATION MUSIC,0.0,78419.0,0.0,0,0,0,1,0,0,Theater
Catch Your Breath,2026-11-30,,LIVE NATION MUSIC,10444.0,0.0,0.0,0,0,0,6,0,0,Club
Trippie Redd,2026-11-30,,LIVE NATION MUSIC,0.0,171012.5,592049.0,4,4,6,7,0,1,Club
Kingdom Of Giants,2026-12-01,,LIVE NATION MUSIC,0.0,0.0,1908.49,0,0,0,3,0,0,Theater
Babe Haven,2026-11-30,,LIVE NATION MUSIC,11467.51,0.0,0.0,0,0,1,10,0,0,Club
Allman Betts Family Revival,2026-11-30,,LIVE NATION MUSIC,1401926.49,1446679.28,0.0,1,0,39,2,0,0,Theater
Allman Betts Family Revival,2026-11-30,,LIVE NATION MUSIC,1401926.49,1446679.28,0.0,1,0,39,2,0,0,Theater
Victor &amp; Leo,2026-11-30,,LIVE NATION MUSIC,0.0,0.0,0.0,0,0,24,1,0,0,Theater
"Mic Crenshaw, Special Guests",2026-11-30,,LIVE NATION MUSIC,0.0,0.0,0.0,0,0,0,1,0,0,Club
Die Spitz,2026-11-30,,LIVE NATION MUSIC,19774.52,3750.0,0.0,0,0,0,10,0,1,Club
Doja Cat,2026-12-01,,LIVE NATION MUSIC,7384674.46,7298161.81,31988065.4,0,39,0,9,0,0,Arena
Trans-Siberian Orchestra,2026-12-02,,LIVE NATION MUSIC,60413990.78,69204633.87,42632080.53,0,911,47,1,0,15,Arena
Charlie &amp; Lucy,2026-12-01,,LIVE NATION MUSIC,0.0,0.0,0.0,0,0,0,1,0,0,Theater
Lindsey Stirling,2026-12-01,,LIVE NATION MUSIC,4394676.7,19515458.61,11167790.81,62,75,205,81,2,17,Theater
Rush,2026-12-01,,LIVE NATION MUSIC,0.0,0.0,0.0,40,118,1,0,2,8,Arena
Sabaton,2026-12-01,,LIVE NATION MUSIC,11860820.15,0.0,3200841.5700000003,0,29,15,31,0,0,Club
Turnover,2026-12-02,,LIVE NATION MUSIC,1343969.0,34201.28,13530.0,2,1,5,35,0,2,Club
Aly &amp; AJ,2026-12-01,,LIVE NATION MUSIC,244569.79,0.0,453585.5,1,0,14,20,0,0,Arena
Bear,2026-12-01,,LIVE NATION MUSIC,0.0,0.0,0.0,0,0,0,1,0,0,Club
Upgrade,2026-12-01,,LIVE NATION MUSIC,0.0,0.0,0.0,0,0,0,1,0,1,Club
Straight No Chaser,2026-12-01,,LIVE NATION MUSIC,2200395.42,4207526.41,4491645.23,15,31,598,29,0,23,Theater
Forever,2026-12-01,,LIVE NATION MUSIC,70329.51,0.0,0.0,0,1,0,0,0,0,Arena
Ashley McBryde,2026-12-01,,LIVE NATION MUSIC,370311.6,589292.53,278363.78,0,0,23,16,0,1,Theater
Trippie Redd,2026-12-01,,LIVE NATION MUSIC,0.0,171012.5,592049.0,4,4,6,7,0,1,Arena
Triumph,2026-12-01,,LIVE NATION MUSIC,0.0,0.0,0.0,0,7,1,1,0,0,Arena
"Senses Fail, Saves The Day",2026-12-01,,LIVE NATION MUSIC,0.0,78419.0,0.0,0,0,0,1,0,0,Theater
10 Years,2026-12-01,,LIVE NATION MUSIC,17283.0,47010.25,6775.0,0,0,11,89,0,3,Club
"Suicide Silence, Chelsea Grin",2026-12-01,,LIVE NATION MUSIC,0.0,0.0,20000.0,0,0,0,1,0,0,Club
The Suicide Machines,2026-12-02,,HOUSE OF BLUES CONCERTS (HOB),0.0,9952.0,0.0,0,0,0,4,0,0,Club
Static Dress,2026-12-02,,LIVE NATION MUSIC,0.0,0.0,0.0,0,0,0,1,0,0,Club
Imminence,2026-12-01,,LIVE NATION MUSIC,470438.32,155312.11,0.0,0,0,3,36,0,15,Club
Tiny Habits,2026-12-01,,LIVE NATION MUSIC,0.0,97332.67,7488.3,0,0,4,7,0,0,Theater
Montell Fish,2026-12-01,,LIVE NATION MUSIC,726844.46,98486.05,0.0,0,0,3,5,0,0,Club
Nate Smith,2026-12-01,,LIVE NATION MUSIC,309028.45999999996,407629.0,114637.89,0,1,10,27,0,2,Club
The Silos,2026-12-02,,LIVE NATION MUSIC,0.0,1200.0,1613.0,0,0,0,4,0,0,Club
Josiah and The Bonnevilles,2026-12-01,,FRANK PRODUCTIONS,0.0,42216.0,0.0,0,0,0,7,0,1,Club
We Are Scientists,2026-12-01,,LIVE NATION MUSIC,60641.93,12551.7,47793.04,0,0,3,55,0,3,Club
Wishy,2026-12-01,,LIVE NATION MUSIC,0.0,5540.0,0.0,0,0,0,1,0,0,Club
the olllam,2026-12-01,,LIVE NATION MUSIC,0.0,0.0,0.0,0,0,1,2,0,0,Club
KING,2026-12-01,,LIVE NATION MUSIC,0.0,26627.38,0.0,0,0,2,12,0,0,Club
"Love, Fraser",2026-12-01,,LIVE NATION MUSIC,0.0,0.0,0.0,0,0,0,1,0,0,Theater
Pouya,2026-12-01,,LIVE NATION MUSIC,186350.95,0.0,296648.0,0,0,20,62,0,4,Theater
Trans-Siberian Orchestra,2026-12-02,,LIVE NATION MUSIC,60413990.78,69204633.87,42632080.53,0,911,47,1,0,15,Arena
Trans-Siberian Orchestra,2026-12-02,,LIVE NATION MUSIC,60413990.78,69204633.87,42632080.53,0,911,47,1,0,15,Arena
Gracie Abrams,2026-12-02,,LIVE NATION MUSIC,35049232.76,5296821.61,857658.6,5,27,12,17,0,1,Arena
Jonas Brothers,2026-12-02,,LIVE NATION MUSIC,49501788.39,30144554.31,109403725.33,75,195,28,1,28,5,Arena
King Crimson,2026-12-02,,LIVE NATION MUSIC,0.0,0.0,0.0,9,5,42,4,1,3,Theater
Trivium,2026-12-02,,LIVE NATION MUSIC,398903.12,0.0,378436.41,0,3,22,57,0,1,Theater
Sabaton,2026-12-02,,LIVE NATION MUSIC,11860820.15,0.0,3200841.5700000003,0,29,15,31,0,0,Club
Marcus King,2026-12-02,,LIVE NATION MUSIC,501614.66,1069822.26,1348177.77,4,4,80,152,3,12,Club
"Senses Fail, Saves The Day",2026-12-02,,HOUSE OF BLUES CONCERTS (HOB),0.0,78419.0,0.0,0,0,0,1,0,0,Club
Straight No Chaser,2026-12-02,,LIVE NATION MUSIC,2200395.42,4207526.41,4491645.23,15,31,598,29,0,23,Theater
Forever,2026-12-02,,LIVE NATION MUSIC,70329.51,0.0,0.0,0,1,0,0,0,0,Arena
Hunxho,2026-12-02,,LIVE NATION MUSIC,0.0,70430.0,0.0,0,0,0,1,0,0,Club
Eloise,2026-12-02,,LIVE NATION MUSIC,0.0,0.0,54833.34,0,0,2,7,0,0,Club
Tha Dogg Pound,2026-12-02,,LIVE NATION MUSIC,0.0,14725.0,0.0,0,0,0,1,0,0,Theater
"""Laughs, Music, &amp; Vibes""",2026-12-02,,LIVE NATION MUSIC,0.0,0.0,0.0,0,0,0,1,0,0,Club
Temples,2026-12-02,,LIVE NATION MUSIC,0.0,9700.0,38369.19,0,0,5,43,0,0,Club
Stephen Wilson Jr.,2026-12-02,,LIVE NATION MUSIC,786854.57,66436.31,0.0,2,0,10,13,0,1,Club
Frost Children,2026-12-02,,LIVE NATION MUSIC,34742.79,0.0,0.0,0,0,0,8,0,0,Club
"Leslie, Ghost Kitchen",2026-12-02,,LIVE NATION MUSIC,0.0,0.0,298.0,0,0,0,1,0,0,Theater
"""NYC Winter Jazzfest"", Genevieve Artadi",2026-12-02,,LIVE NATION MUSIC,0.0,5000.0,0.0,0,0,0,1,0,0,Theater
Jackyl,2026-12-02,,LIVE NATION MUSIC,69168.0,37039.47,25998.0,0,0,8,35,0,2,Club
Aly &amp; AJ,2026-12-02,,LIVE NATION MUSIC,244569.79,0.0,453585.5,1,0,14,20,0,0,Club
"Ruth Moody, Anthony da Costa",2026-12-02,,LIVE NATION TENNESSEE,0.0,0.0,0.0,0,0,0,1,0,0,Club
"Tres Clásicos del Rock - Tributo a The Doors, The Beatles &amp; Toncho Pilatos",2026-12-02,,LIVE NATION MUSIC,0.0,0.0,13766.52,0,0,1,0,0,0,Theater
Scarlet Demore,2026-12-02,,LIVE NATION MUSIC,0.0,0.0,1255.0,0,0,0,1,0,0,Club
"""Past, Present, Future: A Dance Gala""",2026-12-02,,LIVE NATION MUSIC,0.0,0.0,0.0,0,0,1,0,0,0,Theater
Peppermint,2026-12-02,,LIVE NATION MUSIC,0.0,0.0,0.0,0,0,0,3,0,0,Club
"Tres Clásicos del Rock - Tributo a The Doors, The Beatles &amp; Toncho Pilatos",2026-12-02,,LIVE NATION MUSIC,0.0,0.0,13766.52,0,0,1,0,0,0,Theater
The Gringos,2026-12-02,,FRANK PRODUCTIONS,0.0,0.0,0.0,0,0,0,1,0,0,Theater
Aly &amp; AJ,2026-12-02,,LIVE NATION MUSIC,244569.79,0.0,453585.5,1,0,14,20,0,0,Club
Forever,2026-12-02,,LIVE NATION MUSIC,70329.51,0.0,0.0,0,1,0,0,0,0,Theater
Forever,2026-12-02,,LIVE NATION MUSIC,70329.51,0.0,0.0,0,1,0,0,0,0,Theater
Victor &amp; Leo,2026-12-02,,LIVE NATION MUSIC,0.0,0.0,0.0,0,0,24,1,0,0,Theater
Victor &amp; Leo,2026-12-02,,LIVE NATION MUSIC,0.0,0.0,0.0,0,0,24,1,0,0,Theater
"Chris Brown, Usher",2026-12-03,,LIVE NATION MUSIC,0.0,0.0,0.0,0,0,0,0,18,0,Stadium
Gracie Abrams,2026-12-03,,LIVE NATION MUSIC,35049232.76,5296821.61,857658.6,5,27,12,17,0,1,Arena
Trans-Siberian Orchestra,2026-12-03,,LIVE NATION MUSIC,60413990.78,69204633.87,42632080.53,0,911,47,1,0,15,Arena
Trans-Siberian Orchestra,2026-12-04,,LIVE NATION MUSIC,60413990.78,69204633.87,42632080.53,0,911,47,1,0,15,Arena
Trans-Siberian Orchestra,2026-12-03,,LIVE NATION MUSIC,60413990.78,69204633.87,42632080.53,0,911,47,1,0,15,Arena
Pentatonix,2026-12-03,,LIVE NATION MUSIC,10014000.83,20747784.25,16735657.71,59,174,94,50,3,9,Arena
Rawayana,2026-12-03,,LIVE NATION MUSIC,0.0,1859072.56,268722.57,0,16,8,9,1,1,Arena
Rush,2026-12-03,,LIVE NATION MUSIC,0.0,0.0,0.0,40,118,1,0,2,8,Arena
Stephen Wilson Jr.,2026-12-03,,LIVE NATION MUSIC,786854.57,66436.31,0.0,2,0,10,13,0,1,Arena
Reel Big Fish,2026-12-03,,LIVE NATION MUSIC,0.0,0.0,0.0,2,0,18,100,0,2,Club
Randall King,2026-12-03,,LIVE NATION MUSIC,940411.33,1097338.8,1008108.13,11,1,37,235,1,19,Club
10 Years,2026-12-03,,LIVE NATION MUSIC,17283.0,47010.25,6775.0,0,0,11,89,0,3,Club
Beartooth,2026-12-04,,LIVE NATION MUSIC,0.0,1116351.8,389208.25,1,4,15,41,1,2,Amphitheatre
Daily Bread,2026-12-03,,LIVE NATION MUSIC,1282747.24,566802.2,17130.0,3,0,0,10,0,0,Club
Imminence,2026-12-03,,LIVE NATION MUSIC,470438.32,155312.11,0.0,0,0,3,36,0,15,Theater
Destruction,2026-12-04,,LIVE NATION MUSIC,0.0,0.0,0.0,0,0,1,8,0,0,Club
Montell Fish,2026-12-03,,LIVE NATION MUSIC,726844.46,98486.05,0.0,0,0,3,5,0,0,Club
Meta &amp; The Cornerstones,2026-12-03,,LIVE NATION MUSIC,0.0,3014.0,0.0,0,0,0,3,0,0,Theater
Jason Bonham,2026-12-03,,LIVE NATION MUSIC,0.0,163048.0,39752.0,0,0,3,1,0,0,Theater
Fetty Wap,2026-12-03,,LIVE NATION MUSIC,0.0,0.0,0.0,0,2,6,13,0,0,Club
America,2026-12-03,,LIVE NATION MUSIC,3837882.2,4477164.55,1750231.2,5,8,175,41,0,14,Theater
King Crimson,2026-12-03,,LIVE NATION MUSIC,0.0,0.0,0.0,9,5,42,4,1,3,Theater
Bear,2026-12-03,,LIVE NATION MUSIC,0.0,0.0,0.0,0,0,0,1,0,0,Club
Alter Bridge,2026-12-03,,LIVE NATION MUSIC,0.0,0.0,1508123.42,1,40,41,59,1,6,Club
State Champs,2026-12-03,,LIVE NATION MUSIC,202412.59,75375.0,0.0,0,0,9,29,0,0,Club
Venna,2026-12-03,,LIVE NATION MUSIC,11964.17,8371.72,0.0,0,0,0,7,0,0,Club
Upgrade,2026-12-03,,LIVE NATION MUSIC,0.0,0.0,0.0,0,0,0,1,0,1,Club
Hanson,2026-12-03,,LIVE NATION MUSIC,203057.0,0.0,0.0,3,1,69,106,1,9,Arena
"Senses Fail, Saves The Day",2026-12-04,,LIVE NATION MUSIC,0.0,78419.0,0.0,0,0,0,1,0,0,Club
"Allen, Mack, Myers, Moore",2026-12-03,,LIVE NATION MUSIC,0.0,0.0,0.0,0,0,0,1,0,0,Club
Trivium,2026-12-03,,LIVE NATION MUSIC,398903.12,0.0,378436.41,0,3,22,57,0,1,Theater
The Pineapple Thief,2026-12-03,,LIVE NATION MUSIC,16406.77,77036.26,0.0,0,0,2,13,0,0,Theater
Allman Betts Family Revival,2026-12-03,,LIVE NATION MUSIC,1401926.49,1446679.28,0.0,1,0,39,2,0,0,Theater
Tommy Emmanuel,2026-12-03,,FRANK PRODUCTIONS,381234.37,414263.54,630168.4299999999,0,1,267,67,0,20,Theater
Caspian,2026-12-04,,LIVE NATION MUSIC,0.0,10752.0,0.0,0,0,0,18,0,0,Club
Hunxho,2026-12-04,,LIVE NATION MUSIC,0.0,70430.0,0.0,0,0,0,1,0,0,Club
Forever,2026-12-03,,LIVE NATION MUSIC,70329.51,0.0,0.0,0,1,0,0,0,0,Theater
Lil Tracy,2026-12-03,,LIVE NATION MUSIC,234715.25,42922.5,41942.0,0,0,0,13,0,0,Club
Scotty McCreery,2026-12-03,,LIVE NATION MUSIC,93855.0,382318.19,1415836.53,4,7,74,12,1,13,Theater
Whitechapel,2026-12-03,,LIVE NATION MUSIC,378503.41,16256.84,0.0,1,0,3,80,0,4,Club
"The A, B, C &amp; D Of Boogie Woogie",2026-12-03,,LIVE NATION MUSIC,0.0,0.0,0.0,0,0,0,1,0,0,Club
Autumn!,2026-12-03,,LIVE NATION MUSIC,0.0,0.0,0.0,0,0,3,3,0,0,Club
Three Dog Night,2026-12-03,,LIVE NATION MUSIC,1488941.69,1897466.3,1809550.27,11,10,138,35,0,11,Theater
Alicia Villarreal,2026-12-03,,LIVE NATION MUSIC,647045.73,1374508.36,306780.57999999996,1,4,28,3,0,1,Theater
Dark Star Orchestra,2026-12-03,,LIVE NATION MUSIC,1248384.22,5590344.75,2726147.02,65,2,252,354,11,32,Theater
"Tres Clásicos del Rock - Tributo a The Doors, The Beatles &amp; Toncho Pilatos",2026-12-03,,LIVE NATION MUSIC,0.0,0.0,13766.52,0,0,1,0,0,0,Theater
Dark Star Orchestra,2026-12-03,,LIVE NATION MUSIC,1248384.22,5590344.75,2726147.02,65,2,252,354,11,32,Theater
R&amp;B Vibes Live,2026-12-03,,LIVE NATION MUSIC,0.0,0.0,0.0,0,0,0,2,0,0,Theater
Eddie 9V,2026-12-03,,LIVE NATION MUSIC,79494.23,73638.02,49374.0,0,0,5,61,0,1,Theater
"Elita, Sunday Cruise",2026-12-03,,LIVE NATION MUSIC,0.0,0.0,0.0,0,0,0,1,0,0,Club
Takuya Nakamura,2026-12-03,,LIVE NATION MUSIC,2588.0,0.0,0.0,0,0,0,1,0,0,Club
Beartooth,2026-12-04,,LIVE NATION MUSIC,0.0,1116351.8,389208.25,1,4,15,41,1,2,Amphitheatre
Sabaton,2026-12-03,,LIVE NATION MUSIC,11860820.15,0.0,3200841.5700000003,0,29,15,31,0,0,Club
Daisy Grenade,2026-12-03,,FRANK PRODUCTIONS,0.0,0.0,0.0,0,0,0,1,0,0,Club
Eloise,2026-12-03,,LIVE NATION MUSIC,0.0,0.0,54833.34,0,0,2,7,0,0,Club
James Hunter Six,2026-12-03,,LIVE NATION MUSIC,0.0,0.0,0.0,0,1,6,26,0,1,Club
KING,2026-12-03,,LIVE NATION MUSIC,0.0,26627.38,0.0,0,0,2,12,0,0,Club
Eagles,2026-12-04,,LIVE NATION MUSIC,113579924.21,168150846.73,118468239.25,8,365,2,0,28,5,Arena
The Neighbourhood,2026-12-04,,LIVE NATION MUSIC,0.0,0.0,0.0,1,16,28,68,1,0,Club
Trans-Siberian Orchestra,2026-12-05,,LIVE NATION MUSIC,60413990.78,69204633.87,42632080.53,0,911,47,1,0,15,Arena
Trans-Siberian Orchestra,2026-12-04,,LIVE NATION MUSIC,60413990.78,69204633.87,42632080.53,0,911,47,1,0,15,Arena
John Summit,2026-12-04,,LIVE NATION MUSIC,1618895.52,6378033.54,2121909.0,1,6,4,6,1,1,Arena
Trans-Siberian Orchestra,2026-12-04,,LIVE NATION MUSIC,60413990.78,69204633.87,42632080.53,0,911,47,1,0,15,Arena
Trans-Siberian Orchestra,2026-12-04,,LIVE NATION MUSIC,60413990.78,69204633.87,42632080.53,0,911,47,1,0,15,Arena
Lil Wayne,2026-12-04,,LIVE NATION MUSIC,8883942.56,7295726.66,6308307.5,10,90,7,4,0,2,Arena
Underoath,2026-12-05,,LIVE NATION MUSIC,0.0,418700.1,308406.2,0,2,22,75,0,4,Arena
Trivium,2026-12-04,,LIVE NATION MUSIC,398903.12,0.0,378436.41,0,3,22,57,0,1,Theater
Dierks Bentley,2026-12-04,,LIVE NATION MUSIC,18384874.45,5144701.87,10487202.74,151,90,21,11,2,8,Amphitheatre
ZULAN,2026-12-04,,LIVE NATION MUSIC,133795.0,0.0,0.0,0,0,0,6,0,0,Club
Fetty Wap,2026-12-04,,LIVE NATION MUSIC,0.0,0.0,0.0,0,2,6,13,0,0,Theater
Brett Eldredge,2026-12-04,,LIVE NATION MUSIC,1974280.17,2272843.56,1768405.49,5,5,39,13,0,0,Arena
Angine de Poitrine,2026-12-04,,LIVE NATION MUSIC,0.0,0.0,0.0,0,0,1,1,0,0,Club
Pedro Fernández,2026-12-04,,LIVE NATION MUSIC,1459820.78,1070035.34,992662.55,2,12,10,0,0,0,Theater
Story of the Year,2026-12-04,,LIVE NATION MUSIC,0.0,543140.6,46795.0,0,0,10,17,0,2,Club
Dexter and The Moonrocks,2026-12-04,,LIVE NATION MUSIC,112239.0,104565.0,62966.5,0,0,5,26,0,1,Club
"Tres Clásicos del Rock - Tributo a The Doors, The Beatles &amp; Toncho Pilatos",2026-12-04,,LIVE NATION MUSIC,0.0,0.0,13766.52,0,0,1,0,0,0,Theater
Trey Songz,2026-12-04,,LIVE NATION MUSIC,0.0,760437.12,738288.35,0,9,37,12,0,0,Arena
Paul Anka,2026-12-04,,LIVE NATION MUSIC,1081980.03,1742187.49,1467619.8,1,13,135,8,0,2,Arena
Hudson Westbrook,2026-12-04,,LIVE NATION MUSIC,525662.0,16045.0,0.0,1,1,1,7,0,0,Theater
Meta &amp; The Cornerstones,2026-12-04,,LIVE NATION MUSIC,0.0,3014.0,0.0,0,0,0,3,0,0,Theater
Meta &amp; The Cornerstones,2026-12-04,,LIVE NATION MUSIC,0.0,3014.0,0.0,0,0,0,3,0,0,Theater
Allman Betts Family Revival,2026-12-04,,LIVE NATION MUSIC,1401926.49,1446679.28,0.0,1,0,39,2,0,0,Theater
State Champs,2026-12-04,,LIVE NATION MUSIC,202412.59,75375.0,0.0,0,0,9,29,0,0,Club
The Stray Cats,2026-12-04,,LIVE NATION MUSIC,0.0,370279.0,0.0,2,0,3,6,0,0,Arena
Shakey Graves,2026-12-04,,LIVE NATION MUSIC,387884.0,401599.02,1244604.5,18,0,46,154,2,15,Club
Bleood,2026-12-04,,LIVE NATION MUSIC,0.0,0.0,0.0,0,0,0,1,0,0,Club
Aly &amp; AJ,2026-12-04,,FRANK PRODUCTIONS,244569.79,0.0,453585.5,1,0,14,20,0,0,Club
Dogs in a Pile,2026-12-04,,LIVE NATION MUSIC,348245.66,180530.5,5966.0,2,0,11,92,1,1,Club
Waterparks,2026-12-04,,LIVE NATION MUSIC,117382.5,400433.43,506216.67,0,0,9,35,0,1,Club
Blue October,2026-12-04,,LIVE NATION MUSIC,380805.29,725828.84,1268376.38,4,2,79,177,1,3,Club
Big Daddy Kane,2026-12-04,,LIVE NATION MUSIC,72524.0,321132.8,0.0,1,1,2,18,0,1,Theater
Yo La Tengo,2026-12-04,,LIVE NATION MUSIC,96030.59,110201.0,455309.1,0,0,28,74,0,1,Club
Matteo Bocelli,2026-12-04,,FRANK PRODUCTIONS,684789.47,1884744.89,710092.01,0,2,37,6,0,0,Theater
Spike and the Gimme Gimmes,2026-12-04,,LIVE NATION MUSIC,33672.42,168116.91,44925.22,1,0,0,27,0,0,Club
Cross Canadian Ragweed,2026-12-04,,LIVE NATION MUSIC,0.0,0.0,0.0,2,0,3,4,0,1,Club
That Arena Rock Show,2026-12-04,,LIVE NATION MUSIC,242024.25,184812.5,100286.25,5,1,19,7,0,2,Theater
Hanson,2026-12-04,,LIVE NATION MUSIC,203057.0,0.0,0.0,3,1,69,106,1,9,Club
GWAR,2026-12-05,,HOUSE OF BLUES CONCERTS (HOB),232622.19,250475.13,96717.0,0,3,30,172,0,3,Club
Santa,2026-12-04,,LIVE NATION MUSIC,324513.2,0.0,0.0,0,3,0,0,0,0,Arena
Triple Charm,2026-12-05,,LIVE NATION MUSIC,8361.24,0.0,0.0,0,0,0,2,0,0,Club
"Suicide Silence, Chelsea Grin",2026-12-04,,LIVE NATION MUSIC,0.0,0.0,20000.0,0,0,0,1,0,0,Theater
Pouya,2026-12-05,,LIVE NATION MUSIC,186350.95,0.0,296648.0,0,0,20,62,0,4,Club
Mac McAnally,2026-12-04,,LIVE NATION MUSIC,467631.5,2220994.96,126008.0,2,0,38,58,0,7,Arena
State Champs,2026-12-05,,LIVE NATION MUSIC,202412.59,75375.0,0.0,0,0,9,29,0,0,Club
Eric Prydz,2026-12-04,,LIVE NATION MUSIC,191090.0,4317463.3,3496749.66,0,10,3,14,0,1,Club
Postmodern Jukebox,2026-12-04,,LIVE NATION MUSIC,3008960.1,2913423.2,3309873.83,0,9,402,106,0,34,Theater
Rhye,2026-12-04,,LIVE NATION MUSIC,0.0,0.0,0.0,0,1,7,31,0,0,Theater
"Allen Stone, Ripe",2026-12-04,,LIVE NATION MUSIC,29263.0,0.0,0.0,0,0,0,1,0,0,Theater
Winter,2026-12-05,,LIVE NATION MUSIC,0.0,0.0,0.0,0,0,0,1,0,0,Club
Circle Jerks,2026-12-04,,LIVE NATION MUSIC,38644.6,0.0,72543.0,0,0,3,20,0,0,Theater
nimino,2026-12-04,,LIVE NATION MUSIC,16454.15,15630.52,0.0,0,0,2,5,0,0,Theater
Grayscale,2026-12-04,,LIVE NATION MUSIC,9717.15,0.0,8537.0,0,0,1,9,0,0,Club
Pearl Jam,2026-12-04,,HOUSE OF BLUES CONCERTS (HOB),23156565.0,121388609.61,20469249.0,5,96,1,0,26,2,Arena
Sin Bandera,2026-12-04,,LIVE NATION MUSIC,0.0,429183.87,5207476.83,2,28,22,2,2,1,Theater
Juice,2026-12-04,,LIVE NATION MUSIC,0.0,28340.0,1830.0,0,0,1,5,0,0,Club
David Archuleta,2026-12-04,,LIVE NATION MUSIC,86193.8,36584.0,0.0,0,0,24,24,0,0,Club
Dark Star Orchestra,2026-12-04,,LIVE NATION MUSIC,1248384.22,5590344.75,2726147.02,65,2,252,354,11,32,Theater
"The A, B, C &amp; D Of Boogie Woogie",2026-12-04,,LIVE NATION MUSIC,0.0,0.0,0.0,0,0,0,1,0,0,Club
Boney James,2026-12-04,,LIVE NATION MUSIC,448798.35,809105.63,728952.0,8,0,83,34,0,0,Theater
Thee Sinseers,2026-12-04,,LIVE NATION MUSIC,30027.5,63265.0,6350.0,1,0,0,12,0,0,Theater
"""Laughs, Music, &amp; Vibes""",2026-12-04,,LIVE NATION MUSIC,0.0,0.0,0.0,0,0,0,1,0,0,Club
Dark Star Orchestra,2026-12-04,,LIVE NATION MUSIC,1248384.22,5590344.75,2726147.02,65,2,252,354,11,32,Theater
"Elita, Sunday Cruise",2026-12-04,,LIVE NATION MUSIC,0.0,0.0,0.0,0,0,0,1,0,0,Club
Couch Dog,2026-12-04,,LIVE NATION MUSIC,8965.46,0.0,0.0,1,0,0,6,0,0,Club
Earlybirds Club,2026-12-05,,LIVE NATION MUSIC,0.0,0.0,0.0,0,0,1,14,0,0,Club
Anthony Gomes,2026-12-04,,LIVE NATION MUSIC,10620.0,3435.0,0.0,0,0,7,20,0,2,Theater
Steely Dan,2026-12-04,,FRANK PRODUCTIONS,0.0,0.0,0.0,70,18,86,9,0,7,Theater
Landon Conrath,2026-12-04,,LIVE NATION TENNESSEE,9788.31,16590.0,1375.0,0,0,0,17,0,0,Club
Kip Moore,2026-12-04,,LIVE NATION MUSIC,919450.56,881524.0,2477186.23,14,25,90,90,1,9,Club
Noise Pollution,2026-12-04,,LIVE NATION MUSIC,0.0,12999.16,0.0,0,0,1,1,0,1,Club
Beartooth,2026-12-05,,LIVE NATION MUSIC,0.0,1116351.8,389208.25,1,4,15,41,1,2,Theater
Oliver Hazard,2026-12-04,,LIVE NATION MUSIC,48157.71,69634.41,0.0,1,0,1,21,0,1,Club
"In, Flew Ants",2026-12-04,,FRANK PRODUCTIONS,0.0,0.0,0.0,0,0,0,2,0,0,Club
Citizen Zero,2026-12-04,,LIVE NATION MUSIC,0.0,0.0,0.0,0,0,0,1,0,0,Club
Varsity,2026-12-04,,FRANK PRODUCTIONS,0.0,0.0,0.0,0,1,0,5,0,0,Club
"Steve Martin, Martin Short",2026-12-04,,LIVE NATION MUSIC,4517635.83,5056126.6,4691814.43,27,10,123,3,0,2,Arena
David Archuleta,2026-12-04,,LIVE NATION MUSIC,86193.8,36584.0,0.0,0,0,24,24,0,0,Club
Khan,2026-12-04,,LIVE NATION MUSIC,6080.72,0.0,0.0,0,0,0,1,0,0,Club
Soccer Mommy,2026-12-04,,LIVE NATION MUSIC,257014.8,4765.9,92616.97,0,0,7,45,0,1,Theater
Foster &amp; Allen,2026-12-04,,LIVE NATION MUSIC,0.0,0.0,0.0,0,1,38,15,0,38,Theater
Jeff The Brotherhood,2026-12-04,,LIVE NATION MUSIC,0.0,0.0,0.0,0,0,0,28,0,0,Club
Autumn!,2026-12-04,,LIVE NATION MUSIC,0.0,0.0,0.0,0,0,3,3,0,0,Club
Hanson,2026-12-04,,LIVE NATION MUSIC,203057.0,0.0,0.0,3,1,69,106,1,9,Club
"Dragonforce, Amaranthe",2026-12-04,,LIVE NATION MUSIC,0.0,247413.25,0.0,0,0,2,1,0,0,Theater
Beartooth,2026-12-05,,LIVE NATION MUSIC,0.0,1116351.8,389208.25,1,4,15,41,1,2,Theater
Riot Ten,2026-12-04,,LIVE NATION MUSIC,22250.0,12761.13,13835.0,1,0,1,23,0,1,Club
Riot Ten,2026-12-04,,LIVE NATION MUSIC,22250.0,12761.13,13835.0,1,0,1,23,0,1,Club
"Dragonforce, Amaranthe",2026-12-04,,LIVE NATION MUSIC,0.0,247413.25,0.0,0,0,2,1,0,0,Theater
Eagles,2026-12-05,,LIVE NATION MUSIC,113579924.21,168150846.73,118468239.25,8,365,2,0,28,5,Arena
"Chris Brown, Usher",2026-12-05,,LIVE NATION MUSIC,0.0,0.0,0.0,0,0,0,0,18,0,Stadium
Trans-Siberian Orchestra,2026-12-06,,LIVE NATION MUSIC,60413990.78,69204633.87,42632080.53,0,911,47,1,0,15,Arena
The Neighbourhood,2026-12-05,,LIVE NATION MUSIC,0.0,0.0,0.0,1,16,28,68,1,0,Club
Trans-Siberian Orchestra,2026-12-05,,LIVE NATION MUSIC,60413990.78,69204633.87,42632080.53,0,911,47,1,0,15,Arena
Trans-Siberian Orchestra,2026-12-06,,LIVE NATION MUSIC,60413990.78,69204633.87,42632080.53,0,911,47,1,0,15,Arena
Rawayana,2026-12-05,,LIVE NATION MUSIC,0.0,1859072.56,268722.57,0,16,8,9,1,1,Arena
Jonas Brothers,2026-12-05,,LIVE NATION MUSIC,49501788.39,30144554.31,109403725.33,75,195,28,1,28,5,Arena
John Summit,2026-12-05,,LIVE NATION MUSIC,1618895.52,6378033.54,2121909.0,1,6,4,6,1,1,Arena
Pentatonix,2026-12-05,,LIVE NATION MUSIC,10014000.83,20747784.25,16735657.71,59,174,94,50,3,9,Arena
Pentatonix,2026-12-06,,LIVE NATION MUSIC,10014000.83,20747784.25,16735657.71,59,174,94,50,3,9,Arena
Triumph,2026-12-05,,LIVE NATION MUSIC,0.0,0.0,0.0,0,7,1,1,0,0,Arena
Allman Betts Family Revival,2026-12-05,,LIVE NATION MUSIC,1401926.49,1446679.28,0.0,1,0,39,2,0,0,Theater
Dierks Bentley,2026-12-05,,LIVE NATION MUSIC,18384874.45,5144701.87,10487202.74,151,90,21,11,2,8,Amphitheatre
Brett Eldredge,2026-12-05,,LIVE NATION MUSIC,1974280.17,2272843.56,1768405.49,5,5,39,13,0,0,Arena
Bonobo,2026-12-05,,LIVE NATION MUSIC,562170.98,308843.21,344813.57,1,5,22,126,2,4,Club
Alicia Villarreal,2026-12-05,,LIVE NATION MUSIC,647045.73,1374508.36,306780.57999999996,1,4,28,3,0,1,Theater
Angine de Poitrine,2026-12-05,,LIVE NATION MUSIC,0.0,0.0,0.0,0,0,1,1,0,0,Club
Victor &amp; Leo,2026-12-05,,LIVE NATION MUSIC,0.0,0.0,0.0,0,0,24,1,0,0,Theater
Thundercat,2026-12-05,,LIVE NATION MUSIC,166095.0,81082.15,903432.94,2,0,14,40,0,2,Club
Rick Springfield,2026-12-05,,LIVE NATION MUSIC,230300.5,910660.35,1841833.11,21,5,90,39,0,10,Theater
Underoath,2026-12-06,,LIVE NATION MUSIC,0.0,418700.1,308406.2,0,2,22,75,0,4,Club
Spike and the Gimme Gimmes,2026-12-05,,LIVE NATION MUSIC,33672.42,168116.91,44925.22,1,0,0,27,0,0,Club
Darius Rucker,2026-12-05,,LIVE NATION MUSIC,2211140.11,304151.56,3499067.7,92,38,54,10,0,12,Theater
Sara Bareilles,2026-12-05,,EMPORIUM PRESENTS,0.0,0.0,0.0,12,6,27,45,0,1,Arena
Bear,2026-12-05,,LIVE NATION MUSIC,0.0,0.0,0.0,0,0,0,1,0,0,Club
Upgrade,2026-12-05,,LIVE NATION MUSIC,0.0,0.0,0.0,0,0,0,1,0,1,Club
Billy Joel,2026-12-05,,LIVE NATION MUSIC,3491813.0,75703106.41,44904542.17,2,122,6,0,59,1,Arena
Trivium,2026-12-05,,LIVE NATION MUSIC,398903.12,0.0,378436.41,0,3,22,57,0,1,Club
Meta &amp; The Cornerstones,2026-12-05,,LIVE NATION MUSIC,0.0,3014.0,0.0,0,0,0,3,0,0,Theater
"Senses Fail, Saves The Day",2026-12-05,,LIVE NATION MUSIC,0.0,78419.0,0.0,0,0,0,1,0,0,Theater
Gilberto Santa Rosa,2026-12-05,,LIVE NATION MUSIC,2647487.35,5258703.0,2490623.87,3,15,74,8,0,0,Theater
Yung Gravy,2026-12-05,,LIVE NATION MUSIC,206906.93,574274.31,71100.12,0,1,7,36,0,1,Theater
Clay Walker,2026-12-05,,LIVE NATION MUSIC,199579.6,184717.55,192286.46,3,1,22,5,0,2,Theater
"The A, B, C &amp; D Of Boogie Woogie",2026-12-05,,LIVE NATION MUSIC,0.0,0.0,0.0,0,0,0,1,0,0,Club
Stars,2026-12-06,,LIVE NATION MUSIC,0.0,35980.0,29820.25,0,0,21,84,0,0,Theater
State Champs,2026-12-06,,HOUSE OF BLUES CONCERTS (HOB),202412.59,75375.0,0.0,0,0,9,29,0,0,Club
Dogs in a Pile,2026-12-05,,LIVE NATION MUSIC,348245.66,180530.5,5966.0,2,0,11,92,1,1,Club
Lord Huron,2026-12-06,,LIVE NATION MUSIC,7888965.15,1783437.4,653823.52,34,6,43,92,2,12,Club
Turnover,2026-12-06,,LIVE NATION MUSIC,1343969.0,34201.28,13530.0,2,1,5,35,0,2,Club
"""SummerStage"", Two Door Cinema Club, Friends",2026-12-05,,LIVE NATION MUSIC,0.0,0.0,0.0,1,0,0,0,0,0,Amphitheatre
"The A, B, C &amp; D Of Boogie Woogie",2026-12-05,,LIVE NATION MUSIC,0.0,0.0,0.0,0,0,0,1,0,0,Arena
Engelbert Humperdinck,2026-12-05,,LIVE NATION MUSIC,248914.92,1641074.5,1001430.14,0,3,125,20,0,6,Theater
Yo La Tengo,2026-12-05,,LIVE NATION MUSIC,96030.59,110201.0,455309.1,0,0,28,74,0,1,Club
Sister Hazel,2026-12-06,,LIVE NATION MUSIC,44301.4,8950.0,22455.0,2,1,31,49,0,2,Club
Sister Hazel,2026-12-05,,LIVE NATION MUSIC,44301.4,8950.0,22455.0,2,1,31,49,0,2,Club
Montell Fish,2026-12-05,,HOUSE OF BLUES CONCERTS (HOB),726844.46,98486.05,0.0,0,0,3,5,0,0,Club
Sister Hazel,2026-12-05,,LIVE NATION MUSIC,44301.4,8950.0,22455.0,2,1,31,49,0,2,Club
Randall King,2026-12-05,,LIVE NATION MUSIC,940411.33,1097338.8,1008108.13,11,1,37,235,1,19,Club
Dweezil Zappa,2026-12-05,,HOUSE OF BLUES CONCERTS (HOB),1060154.55,1718199.74,0.0,0,0,69,53,0,3,Theater
Chase Petra,2026-12-05,,LIVE NATION MUSIC,11741.0,0.0,2512.09,0,0,0,3,0,0,Club
Two Friends,2026-12-05,,LIVE NATION MUSIC,1519122.6,2266046.77,601149.51,3,2,7,26,0,1,Club
GWAR,2026-12-06,,LIVE NATION MUSIC,232622.19,250475.13,96717.0,0,3,30,172,0,3,Theater
"Dragonforce, Amaranthe",2026-12-06,,LIVE NATION MUSIC,0.0,247413.25,0.0,0,0,2,1,0,0,Theater
"""Past, Present, Future: A Dance Gala""",2026-12-05,,LIVE NATION MUSIC,0.0,0.0,0.0,0,0,1,0,0,0,Club
"Natalie Grant, Danny Gokey",2026-12-06,,LIVE NATION MUSIC,45912.13,301294.16000000003,0.0,0,0,19,0,0,3,Arena
Yacht Lobsters,2026-12-05,,LIVE NATION MUSIC,0.0,8267.5,7345.0,0,0,0,7,0,0,Theater
Matt Hansen,2026-12-05,,LIVE NATION MUSIC,167808.59,12300.0,0.0,0,0,0,11,0,3,Club
BRESH,2026-12-05,,LIVE NATION MUSIC,341843.9,156161.44,55249.81,0,1,4,12,0,1,Theater
Grayscale,2026-12-05,,LIVE NATION MUSIC,9717.15,0.0,8537.0,0,0,1,9,0,0,Theater
Lucy Bedroque,2026-12-05,,LIVE NATION MUSIC,0.0,0.0,0.0,0,0,1,2,0,0,Theater
Willy Chirino,2026-12-05,,LIVE NATION MUSIC,0.0,0.0,627643.92,0,0,10,2,0,0,Club
Imminence,2026-12-05,,LIVE NATION MUSIC,470438.32,155312.11,0.0,0,0,3,36,0,15,Club
Bodysnatcher,2026-12-06,,LIVE NATION MUSIC,21465.27,42335.0,211619.0,0,0,9,53,0,1,Theater
Nghtmre,2026-12-05,,LIVE NATION MUSIC,22110.0,75320.0,123110.5,0,0,8,29,0,0,Club
Dark Star Orchestra,2026-12-05,,LIVE NATION MUSIC,1248384.22,5590344.75,2726147.02,65,2,252,354,11,32,Amphitheatre
Matisyahu,2026-12-05,,LIVE NATION MUSIC,114974.72,155193.0,176217.44,4,1,46,147,0,2,Theater
Fireworks,2026-12-05,,LIVE NATION MUSIC,0.0,0.0,0.0,0,0,1,7,0,0,Club
Sind,2026-12-05,,LIVE NATION MUSIC,0.0,10768.04,0.0,0,0,0,5,0,0,Club
Pedro Fernández,2026-12-05,,LIVE NATION MUSIC,1459820.78,1070035.34,992662.55,2,12,10,0,0,0,Theater
Kip Moore,2026-12-05,,LIVE NATION MUSIC,919450.56,881524.0,2477186.23,14,25,90,90,1,9,Club
The Holidays,2026-12-05,,LIVE NATION MUSIC,0.0,0.0,0.0,0,0,0,2,0,0,Theater
R&amp;B Vibes Live,2026-12-05,,LIVE NATION MUSIC,0.0,0.0,0.0,0,0,0,2,0,0,Club
Sabaton,2026-12-05,,LIVE NATION MUSIC,11860820.15,0.0,3200841.5700000003,0,29,15,31,0,0,Club
Insomnium,2026-12-05,,LIVE NATION MUSIC,64768.380000000005,39199.35,15069.36,0,0,0,11,0,1,Theater
Meredith Marks,2026-12-05,,LIVE NATION MUSIC,0.0,0.0,0.0,0,0,0,1,0,0,Club
Destruction,2026-12-05,,LIVE NATION MUSIC,0.0,0.0,0.0,0,0,1,8,0,0,Club
ear,2026-12-05,,HOUSE OF BLUES CONCERTS (HOB),0.0,0.0,3000.0,0,0,0,0,0,1,Other
Chrissy Chlapecka,2026-12-05,,LIVE NATION MUSIC,0.0,0.0,0.0,0,0,0,2,0,0,Club
AZ,2026-12-05,,LIVE NATION MUSIC,75395.0,0.0,0.0,0,0,0,6,0,0,Club
Sisters,2026-12-05,,LIVE NATION MUSIC,0.0,0.0,0.0,0,0,0,1,0,0,Club
"Steve Martin, Martin Short",2026-12-05,,LIVE NATION MUSIC,4517635.83,5056126.6,4691814.43,27,10,123,3,0,2,Theater
Trans-Siberian Orchestra,2026-12-06,,LIVE NATION MUSIC,60413990.78,69204633.87,42632080.53,0,911,47,1,0,15,Arena
"Chris Brown, Usher",2026-12-06,,LIVE NATION MUSIC,0.0,0.0,0.0,0,0,0,0,18,0,Stadium
Trans-Siberian Orchestra,2026-12-06,,LIVE NATION MUSIC,60413990.78,69204633.87,42632080.53,0,911,47,1,0,15,Arena
Rawayana,2026-12-06,,LIVE NATION MUSIC,0.0,1859072.56,268722.57,0,16,8,9,1,1,Arena
Gracie Abrams,2026-12-06,,LIVE NATION MUSIC,35049232.76,5296821.61,857658.6,5,27,12,17,0,1,Arena
Forever,2026-12-06,,LIVE NATION MUSIC,70329.51,0.0,0.0,0,1,0,0,0,0,Arena
Triumph,2026-12-06,,LIVE NATION MUSIC,0.0,0.0,0.0,0,7,1,1,0,0,Theater
"The A, B, C &amp; D Of Boogie Woogie",2026-12-06,,LIVE NATION MUSIC,0.0,0.0,0.0,0,0,0,1,0,0,Club
Sabaton,2026-12-06,,LIVE NATION MUSIC,11860820.15,0.0,3200841.5700000003,0,29,15,31,0,0,Theater
The Holidays,2026-12-06,,LIVE NATION MUSIC,0.0,0.0,0.0,0,0,0,2,0,0,Theater
Fetty Wap,2026-12-06,,LIVE NATION MUSIC,0.0,0.0,0.0,0,2,6,13,0,0,Theater
Allman Betts Family Revival,2026-12-06,,LIVE NATION MUSIC,1401926.49,1446679.28,0.0,1,0,39,2,0,0,Theater
Shakey Graves,2026-12-06,,LIVE NATION MUSIC,387884.0,401599.02,1244604.5,18,0,46,154,2,15,Club
Alicia Villarreal,2026-12-06,,LIVE NATION MUSIC,647045.73,1374508.36,306780.57999999996,1,4,28,3,0,1,Theater
Boney James,2026-12-06,,HOUSE OF BLUES CONCERTS (HOB),448798.35,809105.63,728952.0,8,0,83,34,0,0,Theater
"Senses Fail, Saves The Day",2026-12-06,,LIVE NATION MUSIC,0.0,78419.0,0.0,0,0,0,1,0,0,Club
Bear,2026-12-06,,LIVE NATION MUSIC,0.0,0.0,0.0,0,0,0,1,0,0,Club
Upgrade,2026-12-06,,LIVE NATION MUSIC,0.0,0.0,0.0,0,0,0,1,0,1,Club
Waterparks,2026-12-06,,LIVE NATION MUSIC,117382.5,400433.43,506216.67,0,0,9,35,0,1,Club
Trippie Redd,2026-12-06,,LIVE NATION MUSIC,0.0,171012.5,592049.0,4,4,6,7,0,1,Theater
Yo La Tengo,2026-12-06,,LIVE NATION MUSIC,96030.59,110201.0,455309.1,0,0,28,74,0,1,Club
Smith &amp; Liddle,2026-12-06,,LIVE NATION MUSIC,0.0,0.0,0.0,0,0,0,1,0,0,Club
Amanda Perez,2026-12-06,,LIVE NATION MUSIC,0.0,0.0,0.0,0,0,0,1,0,0,Club
The Pineapple Thief,2026-12-06,,LIVE NATION MUSIC,16406.77,77036.26,0.0,0,0,2,13,0,0,Club
Sin Bandera,2026-12-06,,LIVE NATION MUSIC,0.0,429183.87,5207476.83,2,28,22,2,2,1,Arena
Imminence,2026-12-07,,LIVE NATION MUSIC,470438.32,155312.11,0.0,0,0,3,36,0,15,Club
Forever,2026-12-06,,LIVE NATION MUSIC,70329.51,0.0,0.0,0,1,0,0,0,0,Theater
Yung Gravy,2026-12-06,,LIVE NATION MUSIC,206906.93,574274.31,71100.12,0,1,7,36,0,1,Theater
Elías Medina,2026-12-06,,LIVE NATION MUSIC,263705.83,12287.0,87825.96,0,0,6,1,0,0,Theater
Night Lovell,2026-12-06,,HOUSE OF BLUES CONCERTS (HOB),250188.22,142802.5,0.0,0,0,6,15,0,1,Club
Victor &amp; Leo,2026-12-06,,LIVE NATION MUSIC,0.0,0.0,0.0,0,0,24,1,0,0,Theater
Imminence,2026-12-06,,LIVE NATION MUSIC,470438.32,155312.11,0.0,0,0,3,36,0,15,Theater
Hunxho,2026-12-06,,LIVE NATION MUSIC,0.0,70430.0,0.0,0,0,0,1,0,0,Club
R&amp;B Vibes Live,2026-12-06,,LIVE NATION MUSIC,0.0,0.0,0.0,0,0,0,2,0,0,Club
The Underachievers,2026-12-06,,LIVE NATION MUSIC,0.0,0.0,0.0,0,0,2,21,0,0,Theater
Bleood,2026-12-06,,LIVE NATION MUSIC,0.0,0.0,0.0,0,0,0,1,0,0,Theater
Eloise,2026-12-06,,LIVE NATION MUSIC,0.0,0.0,54833.34,0,0,2,7,0,0,Club
Jason Bonham,2026-12-06,,LIVE NATION MUSIC,0.0,163048.0,39752.0,0,0,3,1,0,0,Theater
Beartooth,2026-12-07,,LIVE NATION MUSIC,0.0,1116351.8,389208.25,1,4,15,41,1,2,Club
R&amp;B Vibes Live,2026-12-06,,HOUSE OF BLUES CONCERTS (HOB),0.0,0.0,0.0,0,0,0,2,0,0,Club
"""Festival International de Jazz De Montreal"", Elijah Fox",2026-12-06,,LIVE NATION MUSIC,5649.83,0.0,0.0,0,0,1,0,0,0,Theater
Worship,2026-12-06,,LIVE NATION MUSIC,0.0,66050.0,0.0,0,0,0,1,0,0,Club
Exhumed,2026-12-06,,LIVE NATION MUSIC,0.0,0.0,0.0,0,0,0,13,0,3,Club
Chrissy Chlapecka,2026-12-06,,LIVE NATION MUSIC,0.0,0.0,0.0,0,0,0,2,0,0,Club
Anthony Gomes,2026-12-06,,FRANK PRODUCTIONS,10620.0,3435.0,0.0,0,0,7,20,0,2,Club
Sisters,2026-12-06,,LIVE NATION MUSIC,0.0,0.0,0.0,0,0,0,1,0,0,Club
Tommy Emmanuel,2026-12-06,,LIVE NATION MUSIC,381234.37,414263.54,630168.4299999999,0,1,267,67,0,20,Theater
Tommy Emmanuel,2026-12-06,,LIVE NATION MUSIC,381234.37,414263.54,630168.4299999999,0,1,267,67,0,20,Theater
Olivia Rodrigo,2026-12-07,,LIVE NATION MUSIC,23420107.2,169307085.8,0.0,0,68,10,2,5,1,Arena
Gracie Abrams,2026-12-07,,LIVE NATION MUSIC,35049232.76,5296821.61,857658.6,5,27,12,17,0,1,Arena
Pentatonix,2026-12-07,,LIVE NATION MUSIC,10014000.83,20747784.25,16735657.71,59,174,94,50,3,9,Arena
Underoath,2026-12-08,,LIVE NATION MUSIC,0.0,418700.1,308406.2,0,2,22,75,0,4,Club
10 Years,2026-12-07,,LIVE NATION MUSIC,17283.0,47010.25,6775.0,0,0,11,89,0,3,Club
Trippie Redd,2026-12-07,,LIVE NATION MUSIC,0.0,171012.5,592049.0,4,4,6,7,0,1,Theater
Jonas Brothers,2026-12-07,,LIVE NATION MUSIC,49501788.39,30144554.31,109403725.33,75,195,28,1,28,5,Arena
Yung Gravy,2026-12-07,,HOUSE OF BLUES CONCERTS (HOB),206906.93,574274.31,71100.12,0,1,7,36,0,1,Club
Smith &amp; Liddle,2026-12-08,,LIVE NATION MUSIC,0.0,0.0,0.0,0,0,0,1,0,0,Club
Jonas Brothers,2026-12-07,,LIVE NATION MUSIC,49501788.39,30144554.31,109403725.33,75,195,28,1,28,5,Arena
Waterparks,2026-12-07,,LIVE NATION MUSIC,117382.5,400433.43,506216.67,0,0,9,35,0,1,Club
Yo La Tengo,2026-12-07,,LIVE NATION MUSIC,96030.59,110201.0,455309.1,0,0,28,74,0,1,Club
Bit Brigade,2026-12-08,,LIVE NATION MUSIC,16847.5,64634.0,22460.0,0,0,1,37,0,0,Theater
"XOXO, Cody",2026-12-08,,LIVE NATION MUSIC,0.0,32585.0,0.0,0,0,0,1,0,0,Club
Bodysnatcher,2026-12-08,,LIVE NATION MUSIC,21465.27,42335.0,211619.0,0,0,9,53,0,1,Theater
Jason Bonham,2026-12-07,,LIVE NATION MUSIC,0.0,163048.0,39752.0,0,0,3,1,0,0,Theater
Gabriel &amp; Dresden,2026-12-07,,LIVE NATION MUSIC,5318.75,0.0,8655.0,0,0,0,3,0,0,Club
Tommy Emmanuel,2026-12-07,,LIVE NATION MUSIC,381234.37,414263.54,630168.4299999999,0,1,267,67,0,20,Theater
Olivia Rodrigo,2026-12-08,,LIVE NATION MUSIC,23420107.2,169307085.8,0.0,0,68,10,2,5,1,Arena
Stevie Wonder,2026-12-08,,LIVE NATION MUSIC,5077947.359999999,8495068.84,0.0,1,43,5,1,1,0,Theater
Triumph,2026-12-08,,LIVE NATION MUSIC,0.0,0.0,0.0,0,7,1,1,0,0,Arena
Victor &amp; Leo,2026-12-08,,LIVE NATION MUSIC,0.0,0.0,0.0,0,0,24,1,0,0,Theater
Sabaton,2026-12-08,,LIVE NATION MUSIC,11860820.15,0.0,3200841.5700000003,0,29,15,31,0,0,Club
Whitechapel,2026-12-08,,LIVE NATION MUSIC,378503.41,16256.84,0.0,1,0,3,80,0,4,Club
"Dragonforce, Amaranthe",2026-12-08,,LIVE NATION MUSIC,0.0,247413.25,0.0,0,0,2,1,0,0,Theater
"Senses Fail, Saves The Day",2026-12-08,,LIVE NATION MUSIC,0.0,78419.0,0.0,0,0,0,1,0,0,Club
Matt Hansen,2026-12-08,,LIVE NATION MUSIC,167808.59,12300.0,0.0,0,0,0,11,0,3,Club
"Senses Fail, Saves The Day",2026-12-09,,LIVE NATION MUSIC,0.0,78419.0,0.0,0,0,0,1,0,0,Club
Weir,2026-12-08,,LIVE NATION MUSIC,0.0,0.0,0.0,0,0,0,1,0,0,Club
Turnover,2026-12-08,,LIVE NATION MUSIC,1343969.0,34201.28,13530.0,2,1,5,35,0,2,Theater
Yo La Tengo,2026-12-08,,LIVE NATION MUSIC,96030.59,110201.0,455309.1,0,0,28,74,0,1,Club
Forever,2026-12-08,,LIVE NATION MUSIC,70329.51,0.0,0.0,0,1,0,0,0,0,Arena
Eloise,2026-12-08,,LIVE NATION MUSIC,0.0,0.0,54833.34,0,0,2,7,0,0,Club
Gabriella,2026-12-09,,LIVE NATION MUSIC,0.0,6582.18,0.0,0,0,5,4,0,5,Theater
"The A, B, C &amp; D Of Boogie Woogie",2026-12-08,,LIVE NATION MUSIC,0.0,0.0,0.0,0,0,0,1,0,0,Theater
"Jay Park, LNGSHOT, BIBI, Milli, AI, Kvi Baba",2026-12-08,,LIVE NATION MUSIC,0.0,0.0,0.0,0,0,0,0,0,1,Other
KEEP,2026-12-08,,LIVE NATION MUSIC,0.0,0.0,0.0,0,0,0,1,0,0,Club
"""NYC Winter Jazzfest"", Genevieve Artadi",2026-12-08,,LIVE NATION MUSIC,0.0,5000.0,0.0,0,0,0,1,0,0,Club
The Underachievers,2026-12-08,,LIVE NATION MUSIC,0.0,0.0,0.0,0,0,2,21,0,0,Club
Worship,2026-12-08,,LIVE NATION MUSIC,0.0,66050.0,0.0,0,0,0,1,0,0,Club
Trans-Siberian Orchestra,2026-12-09,,LIVE NATION MUSIC,60413990.78,69204633.87,42632080.53,0,911,47,1,0,15,Arena
Pentatonix,2026-12-09,,LIVE NATION MUSIC,10014000.83,20747784.25,16735657.71,59,174,94,50,3,9,Arena
Trans-Siberian Orchestra,2026-12-09,,LIVE NATION MUSIC,60413990.78,69204633.87,42632080.53,0,911,47,1,0,15,Arena
Jonas Brothers,2026-12-09,,LIVE NATION MUSIC,49501788.39,30144554.31,109403725.33,75,195,28,1,28,5,Arena
Stevie Wonder,2026-12-09,,LIVE NATION MUSIC,5077947.359999999,8495068.84,0.0,1,43,5,1,1,0,Theater
Gracie Abrams,2026-12-09,,LIVE NATION MUSIC,35049232.76,5296821.61,857658.6,5,27,12,17,0,1,Arena
The Dresden Dolls,2026-12-09,,LIVE NATION MUSIC,0.0,84600.0,47582.0,1,0,3,8,0,0,Club
Stephen Wilson Jr.,2026-12-09,,LIVE NATION MUSIC,786854.57,66436.31,0.0,2,0,10,13,0,1,Club
Jason Bonham,2026-12-09,,LIVE NATION MUSIC,0.0,163048.0,39752.0,0,0,3,1,0,0,Theater
"The A, B, C &amp; D Of Boogie Woogie",2026-12-09,,LIVE NATION MUSIC,0.0,0.0,0.0,0,0,0,1,0,0,Amphitheatre
The String Cheese Incident,2026-12-09,,LIVE NATION MUSIC,1786812.0,1997311.65,1388387.48,31,7,38,22,0,3,Theater
David Bisbal,2026-12-09,,LIVE NATION MUSIC,5555385.52,6134250.71,10430917.14,5,31,58,9,25,15,Theater
Dexter and The Moonrocks,2026-12-09,,LIVE NATION MUSIC,112239.0,104565.0,62966.5,0,0,5,26,0,1,Club
Jamey Johnson,2026-12-09,,LIVE NATION MUSIC,968702.9,754442.41,316104.0,26,7,63,46,0,29,Theater
Victor &amp; Leo,2026-12-09,,LIVE NATION MUSIC,0.0,0.0,0.0,0,0,24,1,0,0,Theater
Whitechapel,2026-12-09,,LIVE NATION MUSIC,378503.41,16256.84,0.0,1,0,3,80,0,4,Club
10 Years,2026-12-09,,LIVE NATION MUSIC,17283.0,47010.25,6775.0,0,0,11,89,0,3,Club
Yung Gravy,2026-12-09,,LIVE NATION MUSIC,206906.93,574274.31,71100.12,0,1,7,36,0,1,Theater
Yo La Tengo,2026-12-09,,LIVE NATION MUSIC,96030.59,110201.0,455309.1,0,0,28,74,0,1,Club
Imminence,2026-12-09,,FRANK PRODUCTIONS,470438.32,155312.11,0.0,0,0,3,36,0,15,Club
The Jayhawks,2026-12-09,,LIVE NATION MUSIC,15795.0,90651.0,83559.5,2,0,31,65,0,0,Theater
"""Past, Present, Future: A Dance Gala""",2026-12-09,,LIVE NATION MUSIC,0.0,0.0,0.0,0,0,1,0,0,0,Theater
Turnover,2026-12-09,,LIVE NATION MUSIC,1343969.0,34201.28,13530.0,2,1,5,35,0,2,Club
Eloise,2026-12-09,,LIVE NATION MUSIC,0.0,0.0,54833.34,0,0,2,7,0,0,Club
Jon B,2026-12-09,,LIVE NATION MUSIC,149874.51,211838.95,181255.45,0,0,2,37,0,0,Theater
"Dragonforce, Amaranthe",2026-12-09,,LIVE NATION MUSIC,0.0,247413.25,0.0,0,0,2,1,0,0,Theater
Downtown,2026-12-09,,FRANK PRODUCTIONS,0.0,0.0,0.0,0,0,0,2,0,0,Club
Secondhand Serenade,2026-12-09,,LIVE NATION MUSIC,16018.5,0.0,0.0,1,0,1,34,0,0,Club
the olllam,2026-12-09,,LIVE NATION MUSIC,0.0,0.0,0.0,0,0,1,2,0,0,Club
Gallant,2026-12-09,,LIVE NATION MUSIC,27355.0,0.0,0.0,0,0,1,13,0,1,Theater
"Tres Clásicos del Rock - Tributo a The Doors, The Beatles &amp; Toncho Pilatos",2026-12-09,,LIVE NATION MUSIC,0.0,0.0,13766.52,0,0,1,0,0,0,Arena
Anna,2026-12-09,,LIVE NATION MUSIC,7768357.97,1602600.58,133801.17,0,7,8,7,2,12,Other
Blue,2026-12-09,,FRANK PRODUCTIONS,0.0,1858561.33,0.0,0,10,37,12,0,3,Theater
"Tres Clásicos del Rock - Tributo a The Doors, The Beatles &amp; Toncho Pilatos",2026-12-09,,LIVE NATION MUSIC,0.0,0.0,13766.52,0,0,1,0,0,0,Arena
Beartooth,2026-12-09,,LIVE NATION MUSIC,0.0,1116351.8,389208.25,1,4,15,41,1,2,Theater
Sabaton,2026-12-09,,LIVE NATION MUSIC,11860820.15,0.0,3200841.5700000003,0,29,15,31,0,0,Club
Runner,2026-12-09,,LIVE NATION MUSIC,0.0,0.0,1027.36,0,0,0,0,0,1,Other
The Pineapple Thief,2026-12-09,,LIVE NATION MUSIC,16406.77,77036.26,0.0,0,0,2,13,0,0,Theater
"""idobi Radio Summer School"", Honey Revenge",2026-12-09,,LIVE NATION MUSIC,0.0,0.0,0.0,0,0,0,1,0,0,Club
"""idobi Radio Summer School"", Honey Revenge",2026-12-09,,LIVE NATION MUSIC,0.0,0.0,0.0,0,0,0,1,0,0,Club
Beartooth,2026-12-09,,LIVE NATION MUSIC,0.0,1116351.8,389208.25,1,4,15,41,1,2,Theater
Ben Chapman,2026-12-09,,LIVE NATION TENNESSEE,958.0,606.0,1562.0,0,0,0,5,0,0,Club
Chris &amp; Rich Robinson,2026-12-09,,LIVE NATION MUSIC,0.0,0.0,0.0,0,0,0,2,0,0,Arena
Lady A,2026-12-10,,LIVE NATION MUSIC,1095003.77,182525.0,2177571.5300000003,76,123,61,9,0,14,Arena
Pentatonix,2026-12-10,,LIVE NATION MUSIC,10014000.83,20747784.25,16735657.71,59,174,94,50,3,9,Arena
Trans-Siberian Orchestra,2026-12-10,,LIVE NATION MUSIC,60413990.78,69204633.87,42632080.53,0,911,47,1,0,15,Arena
Triumph,2026-12-10,,LIVE NATION MUSIC,0.0,0.0,0.0,0,7,1,1,0,0,Arena
Trans-Siberian Orchestra,2026-12-10,,LIVE NATION MUSIC,60413990.78,69204633.87,42632080.53,0,911,47,1,0,15,Arena
Trans-Siberian Orchestra,2026-12-11,,LIVE NATION MUSIC,60413990.78,69204633.87,42632080.53,0,911,47,1,0,15,Arena
Trans-Siberian Orchestra,2026-12-11,,LIVE NATION MUSIC,60413990.78,69204633.87,42632080.53,0,911,47,1,0,15,Arena
Gracie Abrams,2026-12-10,,LIVE NATION MUSIC,35049232.76,5296821.61,857658.6,5,27,12,17,0,1,Arena
Brett Eldredge,2026-12-10,,LIVE NATION MUSIC,1974280.17,2272843.56,1768405.49,5,5,39,13,0,0,Theater
"The A, B, C &amp; D Of Boogie Woogie",2026-12-10,,LIVE NATION MUSIC,0.0,0.0,0.0,0,0,0,1,0,0,Theater
Jason Bonham,2026-12-10,,LIVE NATION MUSIC,0.0,163048.0,39752.0,0,0,3,1,0,0,Theater
The String Cheese Incident,2026-12-10,,LIVE NATION MUSIC,1786812.0,1997311.65,1388387.48,31,7,38,22,0,3,Theater
Jonas Brothers,2026-12-10,,LIVE NATION MUSIC,49501788.39,30144554.31,109403725.33,75,195,28,1,28,5,Arena
Underoath,2026-12-11,,LIVE NATION MUSIC,0.0,418700.1,308406.2,0,2,22,75,0,4,Club
Yung Gravy,2026-12-10,,LIVE NATION MUSIC,206906.93,574274.31,71100.12,0,1,7,36,0,1,Club
Beartooth,2026-12-10,,LIVE NATION MUSIC,0.0,1116351.8,389208.25,1,4,15,41,1,2,Club
"Senses Fail, Saves The Day",2026-12-11,,LIVE NATION MUSIC,0.0,78419.0,0.0,0,0,0,1,0,0,Theater
Jamey Johnson,2026-12-10,,LIVE NATION MUSIC,968702.9,754442.41,316104.0,26,7,63,46,0,29,Club
Bleood,2026-12-10,,LIVE NATION MUSIC,0.0,0.0,0.0,0,0,0,1,0,0,Club
Wyatt Flores,2026-12-10,,LIVE NATION MUSIC,221710.27,925820.77,33065.0,0,0,10,20,0,3,Club
Yo La Tengo,2026-12-10,,LIVE NATION MUSIC,96030.59,110201.0,455309.1,0,0,28,74,0,1,Club
Strawberry Guy,2026-12-10,,LIVE NATION MUSIC,0.0,17830.48,7000.0,0,0,0,4,0,0,Club
They Are Gutting A Body Of Water,2026-12-10,,LIVE NATION MUSIC,0.0,0.0,3293.0,0,0,1,1,0,0,Club
"Suicide Silence, Chelsea Grin",2026-12-10,,LIVE NATION MUSIC,0.0,0.0,20000.0,0,0,0,1,0,0,Club
Tall Heights,2026-12-11,,LIVE NATION MUSIC,0.0,2830.0,0.0,0,0,0,23,0,0,Club
Joe Jordan,2026-12-10,,LIVE NATION MUSIC,5540.0,0.0,0.0,0,0,0,4,0,0,Club
Atreyu,2026-12-10,,LIVE NATION MUSIC,312007.86,0.0,169450.65,0,2,10,51,0,0,Club
King Buffalo,2026-12-10,,LIVE NATION MUSIC,6070.0,13717.0,5145.0,0,0,0,21,0,1,Theater
David Bisbal,2026-12-10,,LIVE NATION MUSIC,5555385.52,6134250.71,10430917.14,5,31,58,9,25,15,Theater
"The A, B, C &amp; D Of Boogie Woogie",2026-12-10,,LIVE NATION MUSIC,0.0,0.0,0.0,0,0,0,1,0,0,Club
Bodysnatcher,2026-12-11,,LIVE NATION MUSIC,21465.27,42335.0,211619.0,0,0,9,53,0,1,Club
Crystal Gayle,2026-12-10,,LIVE NATION MUSIC,0.0,0.0,38717.5,0,0,9,1,0,1,Arena
SWIM,2026-12-10,,LIVE NATION MUSIC,0.0,0.0,901379.46,0,0,2,2,0,0,Club
Temples,2026-12-10,,FRANK PRODUCTIONS,0.0,9700.0,38369.19,0,0,5,43,0,0,Club
Forever,2026-12-10,,LIVE NATION MUSIC,70329.51,0.0,0.0,0,1,0,0,0,0,Arena
Forever,2026-12-10,,LIVE NATION MUSIC,70329.51,0.0,0.0,0,1,0,0,0,0,Arena
Trev,2026-12-10,,LIVE NATION MUSIC,0.0,0.0,0.0,0,0,0,1,0,0,Club
Chris Mitchell,2026-12-10,,HOUSE OF BLUES CONCERTS (HOB),0.0,0.0,0.0,0,0,0,1,0,0,Club
Turnover,2026-12-10,,LIVE NATION MUSIC,1343969.0,34201.28,13530.0,2,1,5,35,0,2,Club
Glass,2026-12-10,,LIVE NATION MUSIC,0.0,0.0,0.0,0,0,1,0,0,0,Theater
Daisy Grenade,2026-12-10,,LIVE NATION MUSIC,0.0,0.0,0.0,0,0,0,1,0,0,Club
Venna,2026-12-10,,LIVE NATION MUSIC,11964.17,8371.72,0.0,0,0,0,7,0,0,Club
Jon B,2026-12-10,,LIVE NATION MUSIC,149874.51,211838.95,181255.45,0,0,2,37,0,0,Club
Jon B,2026-12-10,,LIVE NATION MUSIC,149874.51,211838.95,181255.45,0,0,2,37,0,0,Club
Imminence,2026-12-10,,LIVE NATION MUSIC,470438.32,155312.11,0.0,0,0,3,36,0,15,Theater
Bear,2026-12-10,,LIVE NATION MUSIC,0.0,0.0,0.0,0,0,0,1,0,0,Theater
Renee Christine,2026-12-10,,LIVE NATION MUSIC,0.0,0.0,0.0,0,0,0,1,0,0,Club
Imminence,2026-12-10,,LIVE NATION MUSIC,470438.32,155312.11,0.0,0,0,3,36,0,15,Theater
Turnover,2026-12-10,,LIVE NATION MUSIC,1343969.0,34201.28,13530.0,2,1,5,35,0,2,Club
Bear,2026-12-10,,LIVE NATION MUSIC,0.0,0.0,0.0,0,0,0,1,0,0,Theater
Upgrade,2026-12-10,,LIVE NATION MUSIC,0.0,0.0,0.0,0,0,0,1,0,1,Theater
Eddie 9V,2026-12-10,,LIVE NATION TENNESSEE,79494.23,73638.02,49374.0,0,0,5,61,0,1,Club
Eagles,2026-12-11,,LIVE NATION MUSIC,113579924.21,168150846.73,118468239.25,8,365,2,0,28,5,Arena
Jason Aldean,2026-12-11,,LIVE NATION MUSIC,3362752.0,1628067.5,40640365.7,239,233,4,1,15,6,Stadium
"Chris Brown, Usher",2026-12-11,,LIVE NATION MUSIC,0.0,0.0,0.0,0,0,0,0,18,0,Stadium
Trans-Siberian Orchestra,2026-12-12,,LIVE NATION MUSIC,60413990.78,69204633.87,42632080.53,0,911,47,1,0,15,Arena
Olivia Rodrigo,2026-12-11,,LIVE NATION MUSIC,23420107.2,169307085.8,0.0,0,68,10,2,5,1,Arena
Trans-Siberian Orchestra,2026-12-11,,LIVE NATION MUSIC,60413990.78,69204633.87,42632080.53,0,911,47,1,0,15,Arena
Trans-Siberian Orchestra,2026-12-11,,LIVE NATION MUSIC,60413990.78,69204633.87,42632080.53,0,911,47,1,0,15,Arena
Creed,2026-12-11,,LIVE NATION MUSIC,25007041.04,63346616.86,0.0,50,36,18,2,3,0,Amphitheatre
"The A, B, C &amp; D Of Boogie Woogie",2026-12-11,,LIVE NATION MUSIC,0.0,0.0,0.0,0,0,0,1,0,0,Arena
Brett Eldredge,2026-12-11,,LIVE NATION MUSIC,1974280.17,2272843.56,1768405.49,5,5,39,13,0,0,Theater
Tinlicker,2026-12-11,,LIVE NATION MUSIC,0.0,288077.94,226265.83,0,1,4,11,0,1,Club
Sam Barber,2026-12-11,,LIVE NATION MUSIC,490863.37,461944.33,0.0,7,2,2,15,0,1,Theater
Marisela,2026-12-11,,LIVE NATION MUSIC,1351098.95,3546468.3,4123649.99,0,14,56,4,1,7,Theater
Kip Moore,2026-12-11,,LIVE NATION MUSIC,919450.56,881524.0,2477186.23,14,25,90,90,1,9,Arena
"Earth, Wind &amp; Fire",2026-12-11,,LIVE NATION MUSIC,11282927.15,1131593.0,1437255.0,68,42,129,11,3,20,Theater
Virtual Riot,2026-12-11,,LIVE NATION MUSIC,22313.22,18175.0,0.0,0,0,0,7,0,0,Club
Randy Rogers Band,2026-12-11,,LIVE NATION MUSIC,107755.0,343845.5,88505.0,32,0,15,67,0,8,Theater
Yacht,2026-12-11,,LIVE NATION MUSIC,0.0,0.0,0.0,0,0,1,36,0,0,Club
GWAR,2026-12-11,,LIVE NATION MUSIC,232622.19,250475.13,96717.0,0,3,30,172,0,3,Club
Sabaton,2026-12-11,,LIVE NATION MUSIC,11860820.15,0.0,3200841.5700000003,0,29,15,31,0,0,Club
The Waterboys,2026-12-11,,LIVE NATION MUSIC,2648428.14,646041.61,1495434.26,4,5,135,35,0,6,Theater
Underoath,2026-12-12,,LIVE NATION MUSIC,0.0,418700.1,308406.2,0,2,22,75,0,4,Club
Avery Anna,2026-12-11,,LIVE NATION MUSIC,64422.0,18000.0,11491.0,0,0,3,10,0,0,Club
Jesse Malin,2026-12-11,,LIVE NATION MUSIC,0.0,0.0,7123.38,0,0,1,26,0,0,Club
Turnpike Troubadours,2026-12-11,,LIVE NATION MUSIC,2057615.5,4318554.92,3521142.51,29,12,42,108,4,11,Club
Yo La Tengo,2026-12-11,,LIVE NATION MUSIC,96030.59,110201.0,455309.1,0,0,28,74,0,1,Club
Jason Bonham,2026-12-11,,HOUSE OF BLUES CONCERTS (HOB),0.0,163048.0,39752.0,0,0,3,1,0,0,Theater
Whitechapel,2026-12-11,,LIVE NATION MUSIC,378503.41,16256.84,0.0,1,0,3,80,0,4,Theater
The Strike,2026-12-11,,LIVE NATION MUSIC,0.0,21920.0,0.0,0,0,0,6,0,0,Club
Strawberry Guy,2026-12-11,,LIVE NATION MUSIC,0.0,17830.48,7000.0,0,0,0,4,0,0,Club
Spafford,2026-12-11,,LIVE NATION MUSIC,285990.5,260718.0,104096.5,0,0,12,139,0,8,Theater
Jorma Kaukonen,2026-12-11,,LIVE NATION MUSIC,84257.0,120840.7,69473.0,1,0,11,37,3,4,Club
Aria,2026-12-11,,LIVE NATION MUSIC,0.0,0.0,0.0,0,0,1,2,0,0,Arena
Alicia Villarreal,2026-12-11,,HOUSE OF BLUES CONCERTS (HOB),647045.73,1374508.36,306780.57999999996,1,4,28,3,0,1,Theater
Chris Janson,2026-12-11,,LIVE NATION MUSIC,301639.1,367085.3,419483.4,3,7,27,13,1,8,Theater
"Dragonforce, Amaranthe",2026-12-11,,LIVE NATION MUSIC,0.0,247413.25,0.0,0,0,2,1,0,0,Theater
The Suicide Machines,2026-12-12,,LIVE NATION MUSIC,0.0,9952.0,0.0,0,0,0,4,0,0,Club
10 Years,2026-12-11,,LIVE NATION MUSIC,17283.0,47010.25,6775.0,0,0,11,89,0,3,Club
Linkin Park,2026-12-11,,LIVE NATION MUSIC,137471097.39000002,27568154.22,0.0,2,85,2,2,33,0,Arena
Yung Gravy,2026-12-11,,LIVE NATION MUSIC,206906.93,574274.31,71100.12,0,1,7,36,0,1,Club
Stephen Wilson Jr.,2026-12-11,,LIVE NATION MUSIC,786854.57,66436.31,0.0,2,0,10,13,0,1,Club
Thievery Corporation,2026-12-11,,LIVE NATION MUSIC,948212.68,862273.24,500615.5,15,0,21,79,0,2,Club
Motherfolk,2026-12-12,,LIVE NATION MUSIC,15445.25,0.0,1755.0,0,0,1,14,0,0,Club
The Taylor Party: The TS Dance Party,2026-12-11,,LIVE NATION MUSIC,0.0,14181.0,0.0,0,0,0,1,0,0,Theater
Forever,2026-12-11,,LIVE NATION MUSIC,70329.51,0.0,0.0,0,1,0,0,0,0,Theater
American Football,2026-12-11,,LIVE NATION MUSIC,80724.0,101715.0,28705.0,0,0,5,20,0,0,Club
Harbour,2026-12-11,,LIVE NATION MUSIC,55592.03,0.0,104133.0,0,0,2,44,0,0,Club
The Mavericks,2026-12-11,,LIVE NATION MUSIC,401893.0,1182887.57,2625453.41,8,1,166,62,0,13,Theater
"Tres Clásicos del Rock - Tributo a The Doors, The Beatles &amp; Toncho Pilatos",2026-12-11,,LIVE NATION MUSIC,0.0,0.0,13766.52,0,0,1,0,0,0,Theater
SWIM,2026-12-11,,LIVE NATION MUSIC,0.0,0.0,901379.46,0,0,2,2,0,0,Club
Big B,2026-12-11,,LIVE NATION MUSIC,0.0,0.0,0.0,0,0,0,4,0,0,Club
Sicard Hollow,2026-12-11,,LIVE NATION TENNESSEE,3925.0,2820.0,5025.0,0,0,0,7,0,0,Club
Jeremy McComb,2026-12-11,,LIVE NATION MUSIC,0.0,0.0,0.0,0,0,1,1,0,0,Club
Meredith Marks,2026-12-11,,LIVE NATION MUSIC,0.0,0.0,0.0,0,0,0,1,0,0,Theater
William Clark Green,2026-12-11,,FRANK PRODUCTIONS,2448.05,2210.0,6010.0,4,0,7,35,0,1,Club
"Tres Clásicos del Rock - Tributo a The Doors, The Beatles &amp; Toncho Pilatos",2026-12-11,,LIVE NATION MUSIC,0.0,0.0,13766.52,0,0,1,0,0,0,Theater
Futurebirds,2026-12-11,,LIVE NATION MUSIC,115808.0,200201.0,139862.02000000002,0,0,9,88,0,1,Club
Futurebirds,2026-12-11,,LIVE NATION MUSIC,115808.0,200201.0,139862.02000000002,0,0,9,88,0,1,Club
Ellie Holcomb,2026-12-11,,LIVE NATION MUSIC,0.0,0.0,32603.5,0,1,3,1,0,0,Theater
Joshua Ray Walker,2026-12-11,,LIVE NATION MUSIC,0.0,0.0,5901.14,0,0,0,7,0,1,Club
Trev,2026-12-11,,LIVE NATION MUSIC,0.0,0.0,0.0,0,0,0,1,0,0,Club
Palmer Squares,2026-12-11,,LIVE NATION MUSIC,0.0,511.0,0.0,0,0,0,2,0,2,Club
Eagles,2026-12-12,,LIVE NATION MUSIC,113579924.21,168150846.73,118468239.25,8,365,2,0,28,5,Arena
Trans-Siberian Orchestra,2026-12-13,,LIVE NATION MUSIC,60413990.78,69204633.87,42632080.53,0,911,47,1,0,15,Arena
"Chris Brown, Usher",2026-12-12,,LIVE NATION MUSIC,0.0,0.0,0.0,0,0,0,0,18,0,Stadium
Trans-Siberian Orchestra,2026-12-12,,LIVE NATION MUSIC,60413990.78,69204633.87,42632080.53,0,911,47,1,0,15,Arena
Olivia Rodrigo,2026-12-12,,LIVE NATION MUSIC,23420107.2,169307085.8,0.0,0,68,10,2,5,1,Arena
John Summit,2026-12-12,,LIVE NATION MUSIC,1618895.52,6378033.54,2121909.0,1,6,4,6,1,1,Arena
Creed,2026-12-12,,LIVE NATION MUSIC,25007041.04,63346616.86,0.0,50,36,18,2,3,0,Amphitheatre
Pentatonix,2026-12-12,,LIVE NATION MUSIC,10014000.83,20747784.25,16735657.71,59,174,94,50,3,9,Arena
Lord Huron,2026-12-12,,LIVE NATION MUSIC,7888965.15,1783437.4,653823.52,34,6,43,92,2,12,Club
Jonas Brothers,2026-12-12,,LIVE NATION MUSIC,49501788.39,30144554.31,109403725.33,75,195,28,1,28,5,Arena
Eliza,2026-12-12,,LIVE NATION MUSIC,0.0,0.0,3339.85,0,0,0,1,0,0,Theater
Underoath,2026-12-13,,LIVE NATION MUSIC,0.0,418700.1,308406.2,0,2,22,75,0,4,Club
"Earth, Wind &amp; Fire",2026-12-12,,LIVE NATION MUSIC,11282927.15,1131593.0,1437255.0,68,42,129,11,3,20,Theater
"West, Bruce Jr. &amp; Laing",2026-12-13,,LIVE NATION MUSIC,0.0,0.0,0.0,0,0,3,0,0,0,Theater
Beartooth,2026-12-12,,LIVE NATION MUSIC,0.0,1116351.8,389208.25,1,4,15,41,1,2,Theater
Story of the Year,2026-12-13,,LIVE NATION MUSIC,0.0,543140.6,46795.0,0,0,10,17,0,2,Club
Triumph,2026-12-12,,LIVE NATION MUSIC,0.0,0.0,0.0,0,7,1,1,0,0,Arena
David Rawlings,2026-12-12,,LIVE NATION MUSIC,0.0,0.0,0.0,0,0,9,6,0,0,Theater
Parker,2026-12-13,,LIVE NATION MUSIC,0.0,0.0,920.0,0,0,0,1,0,0,Theater
Chris &amp; Rich Robinson,2026-12-12,,LIVE NATION MUSIC,0.0,0.0,0.0,0,0,0,2,0,0,Club
Virtual Riot,2026-12-12,,LIVE NATION MUSIC,22313.22,18175.0,0.0,0,0,0,7,0,0,Club
nimino,2026-12-12,,LIVE NATION MUSIC,16454.15,15630.52,0.0,0,0,2,5,0,0,Club
Yung Gravy,2026-12-12,,LIVE NATION MUSIC,206906.93,574274.31,71100.12,0,1,7,36,0,1,Club
Thievery Corporation,2026-12-12,,LIVE NATION MUSIC,948212.68,862273.24,500615.5,15,0,21,79,0,2,Club
"Jagged Edge, Dru Hill",2026-12-12,,LIVE NATION MUSIC,0.0,0.0,0.0,0,1,0,0,0,0,Arena
Wild Pink,2026-12-12,,LIVE NATION MUSIC,14894.87,9220.0,0.0,0,0,0,17,0,3,Club
Story of the Year,2026-12-12,,LIVE NATION MUSIC,0.0,543140.6,46795.0,0,0,10,17,0,2,Club
KING,2026-12-12,,LIVE NATION MUSIC,0.0,26627.38,0.0,0,0,2,12,0,0,Club
Spike and the Gimme Gimmes,2026-12-12,,LIVE NATION MUSIC,33672.42,168116.91,44925.22,1,0,0,27,0,0,Club
"Drop Dead, Gorgeous",2026-12-12,,LIVE NATION MUSIC,0.0,0.0,0.0,0,0,0,9,0,0,Club
Jorma Kaukonen,2026-12-12,,LIVE NATION MUSIC,84257.0,120840.7,69473.0,1,0,11,37,3,4,Club
Winyah,2026-12-12,,LIVE NATION MUSIC,12400.0,0.0,0.0,0,0,1,4,0,0,Club
Voyage - Celebrating the Music of Journey,2026-12-12,,HOUSE OF BLUES CONCERTS (HOB),236864.54,406040.6,465475.15,1,0,26,47,0,3,Club
Stephen Wilson Jr.,2026-12-12,,LIVE NATION MUSIC,786854.57,66436.31,0.0,2,0,10,13,0,1,Club
"""Southern Soul, Boots, Brunch &amp; Line Dance Party""",2026-12-13,,HOUSE OF BLUES CONCERTS (HOB),0.0,0.0,0.0,0,0,0,1,0,0,Club
The Last Bison,2026-12-13,,LIVE NATION MUSIC,0.0,0.0,0.0,0,0,2,12,1,0,Club
Juice,2026-12-12,,LIVE NATION MUSIC,0.0,28340.0,1830.0,0,0,1,5,0,0,Club
Kip Moore,2026-12-12,,FRANK PRODUCTIONS,919450.56,881524.0,2477186.23,14,25,90,90,1,9,Theater
Bear,2026-12-12,,HOUSE OF BLUES CONCERTS (HOB),0.0,0.0,0.0,0,0,0,1,0,0,Club
Upgrade,2026-12-12,,LIVE NATION MUSIC,0.0,0.0,0.0,0,0,0,1,0,1,Club
Tamar Braxton,2026-12-13,,LIVE NATION MUSIC,0.0,79409.4,0.0,0,0,7,6,0,0,Theater
Donnie Iris &amp; The Cruisers,2026-12-12,,LIVE NATION MUSIC,24053.0,34475.0,0.0,0,0,3,4,0,0,Arena
Timmy Trumpet,2026-12-12,,LIVE NATION MUSIC,447446.01,138470.0,42979.5,1,2,1,9,2,1,Club
Octave Cat,2026-12-12,,LIVE NATION MUSIC,2590.0,0.0,6572.0,0,0,0,9,0,0,Club
Zebra,2026-12-12,,LIVE NATION MUSIC,11838.0,83347.25,77559.75,0,0,8,11,0,0,Club
Brett Eldredge,2026-12-12,,LIVE NATION MUSIC,1974280.17,2272843.56,1768405.49,5,5,39,13,0,0,Theater
"Tres Clásicos del Rock - Tributo a The Doors, The Beatles &amp; Toncho Pilatos",2026-12-12,,LIVE NATION MUSIC,0.0,0.0,13766.52,0,0,1,0,0,0,Theater
Croce Plays Croce,2026-12-12,,LIVE NATION MUSIC,0.0,0.0,0.0,0,0,2,0,0,0,Theater
Brett Eldredge,2026-12-12,,LIVE NATION MUSIC,1974280.17,2272843.56,1768405.49,5,5,39,13,0,0,Theater
Couch Dog,2026-12-12,,LIVE NATION MUSIC,8965.46,0.0,0.0,1,0,0,6,0,0,Club
America,2026-12-12,,LIVE NATION MUSIC,3837882.2,4477164.55,1750231.2,5,8,175,41,0,14,Theater
Night Lovell,2026-12-12,,LIVE NATION MUSIC,250188.22,142802.5,0.0,0,0,6,15,0,1,Theater
Blue October,2026-12-12,,LIVE NATION MUSIC,380805.29,725828.84,1268376.38,4,2,79,177,1,3,Arena
Colour Revolt,2026-12-12,,LIVE NATION TENNESSEE,0.0,0.0,0.0,0,0,0,7,0,1,Club
Xperience,2026-12-12,,LIVE NATION MUSIC,0.0,0.0,0.0,0,0,0,2,0,0,Club
Dave Simonett,2026-12-12,,LIVE NATION MUSIC,0.0,0.0,0.0,0,0,1,7,0,0,Club
Dizgo,2026-12-12,,LIVE NATION MUSIC,28128.0,33570.74,0.0,0,0,0,15,0,4,Club
Futurebirds,2026-12-12,,LIVE NATION MUSIC,115808.0,200201.0,139862.02000000002,0,0,9,88,0,1,Club
"Tres Clásicos del Rock - Tributo a The Doors, The Beatles &amp; Toncho Pilatos",2026-12-12,,LIVE NATION MUSIC,0.0,0.0,13766.52,0,0,1,0,0,0,Theater
Armstrong,2026-12-12,,LIVE NATION MUSIC,0.0,0.0,0.0,0,0,0,1,0,0,Club
Naethan Apollo,2026-12-12,,LIVE NATION MUSIC,0.0,0.0,0.0,0,0,0,2,0,1,Club
Seven Circle Sunrise,2026-12-12,,LIVE NATION MUSIC,0.0,0.0,0.0,0,0,0,1,0,0,Theater
"Dragonforce, Amaranthe",2026-12-12,,LIVE NATION MUSIC,0.0,247413.25,0.0,0,0,2,1,0,0,Theater
"Dragonforce, Amaranthe",2026-12-12,,LIVE NATION MUSIC,0.0,247413.25,0.0,0,0,2,1,0,0,Theater
LeAnn Rimes,2026-12-12,,LIVE NATION MUSIC,406766.66,745040.8300000001,824319.23,3,3,75,11,0,13,Theater
Sabaton,2026-12-12,,LIVE NATION MUSIC,11860820.15,0.0,3200841.5700000003,0,29,15,31,0,0,Theater
Sabaton,2026-12-12,,LIVE NATION MUSIC,11860820.15,0.0,3200841.5700000003,0,29,15,31,0,0,Theater
Whitechapel,2026-12-12,,LIVE NATION MUSIC,378503.41,16256.84,0.0,1,0,3,80,0,4,Club
Whitechapel,2026-12-12,,LIVE NATION MUSIC,378503.41,16256.84,0.0,1,0,3,80,0,4,Club
"Dragonforce, Amaranthe",2026-12-12,,LIVE NATION MUSIC,0.0,247413.25,0.0,0,0,2,1,0,0,Theater
Eddie 9V,2026-12-12,,LIVE NATION MUSIC,79494.23,73638.02,49374.0,0,0,5,61,0,1,Club
"Prof, Yelawolf, That Mexican Ot",2026-12-12,,FRANK PRODUCTIONS,0.0,0.0,0.0,0,0,0,1,0,0,Theater
Trans-Siberian Orchestra,2026-12-13,,LIVE NATION MUSIC,60413990.78,69204633.87,42632080.53,0,911,47,1,0,15,Arena
Lord Huron,2026-12-13,,LIVE NATION MUSIC,7888965.15,1783437.4,653823.52,34,6,43,92,2,12,Club
Pink Martini,2026-12-13,,LIVE NATION MUSIC,1172458.71,1049813.93,659213.3099999999,23,1,164,18,1,9,Theater
Grupo Duelo,2026-12-13,,LIVE NATION MUSIC,0.0,49134.0,0.0,0,3,1,0,0,0,Theater
David Bisbal,2026-12-13,,LIVE NATION MUSIC,5555385.52,6134250.71,10430917.14,5,31,58,9,25,15,Club
"Dragonforce, Amaranthe",2026-12-13,,LIVE NATION MUSIC,0.0,247413.25,0.0,0,0,2,1,0,0,Theater
Dexter and The Moonrocks,2026-12-13,,LIVE NATION MUSIC,112239.0,104565.0,62966.5,0,0,5,26,0,1,Club
David Rawlings,2026-12-13,,LIVE NATION MUSIC,0.0,0.0,0.0,0,0,9,6,0,0,Theater
Chris Mitchell,2026-12-13,,LIVE NATION MUSIC,0.0,0.0,0.0,0,0,0,1,0,0,Club
Violent Femmes,2026-12-13,,LIVE NATION MUSIC,708366.74,903420.48,678257.21,3,0,27,42,0,1,Club
Bear,2026-12-13,,LIVE NATION MUSIC,0.0,0.0,0.0,0,0,0,1,0,0,Club
Upgrade,2026-12-13,,LIVE NATION MUSIC,0.0,0.0,0.0,0,0,0,1,0,1,Club
Whitechapel,2026-12-13,,HOUSE OF BLUES CONCERTS (HOB),378503.41,16256.84,0.0,1,0,3,80,0,4,Club
Smith &amp; Liddle,2026-12-13,,LIVE NATION MUSIC,0.0,0.0,0.0,0,0,0,1,0,0,Theater
Born of Osiris,2026-12-13,,LIVE NATION MUSIC,36454.0,0.0,12944.0,0,0,6,48,0,0,Club
Jorma Kaukonen,2026-12-13,,LIVE NATION MUSIC,84257.0,120840.7,69473.0,1,0,11,37,3,4,Club
Hunxho,2026-12-13,,LIVE NATION MUSIC,0.0,70430.0,0.0,0,0,0,1,0,0,Club
Forever,2026-12-13,,LIVE NATION MUSIC,70329.51,0.0,0.0,0,1,0,0,0,0,Theater
Beartooth,2026-12-13,,LIVE NATION MUSIC,0.0,1116351.8,389208.25,1,4,15,41,1,2,Club
Mack Keane,2026-12-13,,LIVE NATION MUSIC,0.0,0.0,0.0,1,0,0,6,0,0,Club
Kapo,2026-12-13,,LIVE NATION MUSIC,231335.0,0.0,0.0,0,5,3,0,1,0,Arena
Alicia Villarreal,2026-12-13,,LIVE NATION MUSIC,647045.73,1374508.36,306780.57999999996,1,4,28,3,0,1,Theater
"The A, B, C &amp; D Of Boogie Woogie",2026-12-13,,LIVE NATION MUSIC,0.0,0.0,0.0,0,0,0,1,0,0,Club
Croce Plays Croce,2026-12-13,,LIVE NATION MUSIC,0.0,0.0,0.0,0,0,2,0,0,0,Theater
SPEED,2026-12-13,,LIVE NATION MUSIC,30152.31,0.0,0.0,0,0,0,1,0,0,Theater
Tamar Braxton,2026-12-13,,LIVE NATION MUSIC,0.0,79409.4,0.0,0,0,7,6,0,0,Theater
Mark O'Connor,2026-12-13,,LIVE NATION MUSIC,91905.5,266481.0,420587.5,1,1,51,6,0,3,Arena
"Tres Clásicos del Rock - Tributo a The Doors, The Beatles &amp; Toncho Pilatos",2026-12-13,,LIVE NATION MUSIC,0.0,0.0,13766.52,0,0,1,0,0,0,Theater
Chris Farren,2026-12-13,,LIVE NATION MUSIC,0.0,0.0,0.0,0,0,0,2,0,0,Club
Girl Named Tom,2026-12-13,,LIVE NATION MUSIC,55308.0,232396.41,351223.79,1,1,22,18,0,0,Theater
"Tres Clásicos del Rock - Tributo a The Doors, The Beatles &amp; Toncho Pilatos",2026-12-13,,LIVE NATION MUSIC,0.0,0.0,13766.52,0,0,1,0,0,0,Theater
Venna,2026-12-13,,HOUSE OF BLUES CONCERTS (HOB),11964.17,8371.72,0.0,0,0,0,7,0,0,Club
Mannheim Steamroller,2026-12-13,,LIVE NATION MUSIC,9970694.32,10547142.94,10769263.45,3,175,866,9,0,25,Arena
Mannheim Steamroller,2026-12-13,,LIVE NATION MUSIC,9970694.32,10547142.94,10769263.45,3,175,866,9,0,25,Arena
John R. Miller,2026-12-13,,LIVE NATION TENNESSEE,0.0,6705.0,3559.0,0,0,0,9,0,1,Club
Gracie Abrams,2026-12-14,,LIVE NATION MUSIC,35049232.76,5296821.61,857658.6,5,27,12,17,0,1,Arena
"Love, Fraser",2026-12-14,,LIVE NATION MUSIC,0.0,0.0,0.0,0,0,0,1,0,0,Theater
One Night Only,2026-12-14,,LIVE NATION MUSIC,0.0,0.0,0.0,0,0,1,6,0,1,Theater
"The A, B, C &amp; D Of Boogie Woogie",2026-12-14,,LIVE NATION MUSIC,0.0,0.0,0.0,0,0,0,1,0,0,Theater
Victor &amp; Leo,2026-12-14,,LIVE NATION MUSIC,0.0,0.0,0.0,0,0,24,1,0,0,Theater
"Senses Fail, Saves The Day",2026-12-15,,LIVE NATION MUSIC,0.0,78419.0,0.0,0,0,0,1,0,0,Club
Whitechapel,2026-12-14,,HOUSE OF BLUES CONCERTS (HOB),378503.41,16256.84,0.0,1,0,3,80,0,4,Club
"""Past, Present, Future: A Dance Gala""",2026-12-14,,LIVE NATION MUSIC,0.0,0.0,0.0,0,0,1,0,0,0,Theater
Bryan Andrews,2026-12-14,,LIVE NATION MUSIC,0.0,453.0,0.0,0,0,0,1,0,0,Club
Hunxho,2026-12-14,,LIVE NATION MUSIC,0.0,70430.0,0.0,0,0,0,1,0,0,Theater
Pentatonix,2026-12-15,,LIVE NATION MUSIC,10014000.83,20747784.25,16735657.71,59,174,94,50,3,9,Arena
Olivia Rodrigo,2026-12-15,,LIVE NATION MUSIC,23420107.2,169307085.8,0.0,0,68,10,2,5,1,Arena
Jonas Brothers,2026-12-15,,LIVE NATION MUSIC,49501788.39,30144554.31,109403725.33,75,195,28,1,28,5,Arena
CeCe Winans,2026-12-15,,LIVE NATION MUSIC,6013416.11,4129990.1,2849626.35,1,5,125,0,0,5,Theater
Trippie Redd,2026-12-15,,LIVE NATION MUSIC,0.0,171012.5,592049.0,4,4,6,7,0,1,Club
Brandi Carlile,2026-12-15,,LIVE NATION MUSIC,327413.58,3024414.0,4196113.21,54,11,118,71,2,10,Theater
"The A, B, C &amp; D Of Boogie Woogie",2026-12-15,,LIVE NATION MUSIC,0.0,0.0,0.0,0,0,0,1,0,0,Arena
Lucy Bedroque,2026-12-15,,LIVE NATION MUSIC,0.0,0.0,0.0,0,0,1,2,0,0,Club
Smith &amp; Liddle,2026-12-15,,LIVE NATION MUSIC,0.0,0.0,0.0,0,0,0,1,0,0,Arena
Yung Gravy,2026-12-15,,LIVE NATION MUSIC,206906.93,574274.31,71100.12,0,1,7,36,0,1,Club
Haley Heynderickx,2026-12-15,,LIVE NATION MUSIC,0.0,63136.5,14578.0,0,0,2,12,0,0,Club
David Bisbal,2026-12-15,,HOUSE OF BLUES CONCERTS (HOB),5555385.52,6134250.71,10430917.14,5,31,58,9,25,15,Theater
Chris Isaak,2026-12-15,,LIVE NATION MUSIC,1011365.7,532352.62,1343994.51,22,5,120,68,1,7,Arena
Underoath,2026-12-15,,LIVE NATION MUSIC,0.0,418700.1,308406.2,0,2,22,75,0,4,Theater
Night Lovell,2026-12-15,,LIVE NATION MUSIC,250188.22,142802.5,0.0,0,0,6,15,0,1,Theater
Underoath,2026-12-15,,LIVE NATION MUSIC,0.0,418700.1,308406.2,0,2,22,75,0,4,Theater
Born of Osiris,2026-12-15,,FRANK PRODUCTIONS,36454.0,0.0,12944.0,0,0,6,48,0,0,Club
Beartooth,2026-12-15,,LIVE NATION MUSIC,0.0,1116351.8,389208.25,1,4,15,41,1,2,Arena
"Allen Stone, Ripe",2026-12-15,,LIVE NATION MUSIC,29263.0,0.0,0.0,0,0,0,1,0,0,Club
"Drive-By Truckers, Deer Tick",2026-12-15,,FRANK PRODUCTIONS,117192.0,0.0,0.0,0,0,1,1,0,0,Club
Forever,2026-12-15,,LIVE NATION MUSIC,70329.51,0.0,0.0,0,1,0,0,0,0,Theater
Forever,2026-12-15,,LIVE NATION MUSIC,70329.51,0.0,0.0,0,1,0,0,0,0,Theater
Beartooth,2026-12-15,,LIVE NATION MUSIC,0.0,1116351.8,389208.25,1,4,15,41,1,2,Arena
Upgrade,2026-12-15,,LIVE NATION MUSIC,0.0,0.0,0.0,0,0,0,1,0,1,Theater
Trans-Siberian Orchestra,2026-12-16,,LIVE NATION MUSIC,60413990.78,69204633.87,42632080.53,0,911,47,1,0,15,Arena
Olivia Rodrigo,2026-12-16,,LIVE NATION MUSIC,23420107.2,169307085.8,0.0,0,68,10,2,5,1,Arena
Trans-Siberian Orchestra,2026-12-16,,LIVE NATION MUSIC,60413990.78,69204633.87,42632080.53,0,911,47,1,0,15,Arena
Chris Tomlin,2026-12-16,,LIVE NATION MUSIC,2990046.08,8538502.05,4355523.7,41,202,187,1,1,29,Arena
"The A, B, C &amp; D Of Boogie Woogie",2026-12-16,,LIVE NATION MUSIC,0.0,0.0,0.0,0,0,0,1,0,0,Theater
Lindsey Stirling,2026-12-16,,LIVE NATION MUSIC,4394676.7,19515458.61,11167790.81,62,75,205,81,2,17,Theater
Beartooth,2026-12-16,,LIVE NATION MUSIC,0.0,1116351.8,389208.25,1,4,15,41,1,2,Theater
Bear,2026-12-16,,LIVE NATION MUSIC,0.0,0.0,0.0,0,0,0,1,0,0,Club
Underoath,2026-12-16,,LIVE NATION MUSIC,0.0,418700.1,308406.2,0,2,22,75,0,4,Arena
Upgrade,2026-12-16,,LIVE NATION MUSIC,0.0,0.0,0.0,0,0,0,1,0,1,Club
American Football,2026-12-16,,LIVE NATION MUSIC,80724.0,101715.0,28705.0,0,0,5,20,0,0,Club
Brandi Carlile,2026-12-16,,LIVE NATION MUSIC,327413.58,3024414.0,4196113.21,54,11,118,71,2,10,Theater
Yung Gravy,2026-12-16,,LIVE NATION MUSIC,206906.93,574274.31,71100.12,0,1,7,36,0,1,Club
"Senses Fail, Saves The Day",2026-12-16,,LIVE NATION MUSIC,0.0,78419.0,0.0,0,0,0,1,0,0,Theater
Trivium,2026-12-16,,LIVE NATION MUSIC,398903.12,0.0,378436.41,0,3,22,57,0,1,Club
Aaron Lewis &amp; The Stateliners,2026-12-16,,LIVE NATION MUSIC,1103582.79,0.0,0.0,0,1,14,4,0,3,Arena
"""Past, Present, Future: A Dance Gala""",2026-12-16,,HOUSE OF BLUES CONCERTS (HOB),0.0,0.0,0.0,0,0,1,0,0,0,Theater
Forever,2026-12-16,,LIVE NATION MUSIC,70329.51,0.0,0.0,0,1,0,0,0,0,Theater
Motown &amp; More: A Tribute To Motown &amp; Soul Legends,2026-12-16,,LIVE NATION MUSIC,52460.0,0.0,0.0,0,0,1,0,0,0,Theater
Brett Eldredge,2026-12-16,,LIVE NATION MUSIC,1974280.17,2272843.56,1768405.49,5,5,39,13,0,0,Theater
Night Lovell,2026-12-16,,LIVE NATION MUSIC,250188.22,142802.5,0.0,0,0,6,15,0,1,Club
Victor &amp; Leo,2026-12-16,,LIVE NATION MUSIC,0.0,0.0,0.0,0,0,24,1,0,0,Theater
Edward &amp; Graham,2026-12-16,,LIVE NATION MUSIC,0.0,0.0,0.0,0,0,0,1,0,0,Club
Peppermint,2026-12-16,,LIVE NATION MUSIC,0.0,0.0,0.0,0,0,0,3,0,0,Club
feeble little horse,2026-12-16,,LIVE NATION MUSIC,21240.08,0.0,0.0,0,0,0,3,0,0,Club
Shade,2026-12-16,,FRANK PRODUCTIONS,0.0,0.0,0.0,0,0,0,2,0,0,Club
feeble little horse,2026-12-16,,LIVE NATION MUSIC,21240.08,0.0,0.0,0,0,0,3,0,0,Club
Daily Bread,2026-12-16,,LIVE NATION MUSIC,1282747.24,566802.2,17130.0,3,0,0,10,0,0,Club
Daily Bread,2026-12-16,,LIVE NATION MUSIC,1282747.24,566802.2,17130.0,3,0,0,10,0,0,Club
Lady A,2026-12-17,,LIVE NATION MUSIC,1095003.77,182525.0,2177571.5300000003,76,123,61,9,0,14,Theater
Trans-Siberian Orchestra,2026-12-18,,LIVE NATION MUSIC,60413990.78,69204633.87,42632080.53,0,911,47,1,0,15,Arena
Trans-Siberian Orchestra,2026-12-17,,LIVE NATION MUSIC,60413990.78,69204633.87,42632080.53,0,911,47,1,0,15,Arena
Underoath,2026-12-18,,LIVE NATION MUSIC,0.0,418700.1,308406.2,0,2,22,75,0,4,Arena
Brandi Carlile,2026-12-17,,LIVE NATION MUSIC,327413.58,3024414.0,4196113.21,54,11,118,71,2,10,Theater
Midland,2026-12-17,,LIVE NATION MUSIC,705141.0,1223148.0,621092.74,11,3,19,16,0,4,Arena
"Senses Fail, Saves The Day",2026-12-18,,LIVE NATION MUSIC,0.0,78419.0,0.0,0,0,0,1,0,0,Club
Into It. Over It.,2026-12-18,,LIVE NATION MUSIC,0.0,0.0,3995.0,0,0,0,18,0,2,Club
Matisyahu,2026-12-17,,HOUSE OF BLUES CONCERTS (HOB),114974.72,155193.0,176217.44,4,1,46,147,0,2,Club
Josiah and The Bonnevilles,2026-12-17,,LIVE NATION MUSIC,0.0,42216.0,0.0,0,0,0,7,0,1,Club
Hunxho,2026-12-17,,LIVE NATION MUSIC,0.0,70430.0,0.0,0,0,0,1,0,0,Club
Thee Sinseers,2026-12-17,,LIVE NATION MUSIC,30027.5,63265.0,6350.0,1,0,0,12,0,0,Club
Street Dogs,2026-12-18,,LIVE NATION MUSIC,30614.0,0.0,0.0,0,0,0,24,0,0,Club
112,2026-12-17,,LIVE NATION MUSIC,333803.75,54692.0,0.0,1,1,11,3,0,1,Theater
Set Your Goals,2026-12-17,,LIVE NATION MUSIC,0.0,0.0,0.0,0,0,0,9,0,0,Theater
Patrice Roberts,2026-12-17,,LIVE NATION MUSIC,21585.0,33270.0,0.0,0,0,0,2,0,0,Club
Trivium,2026-12-18,,LIVE NATION MUSIC,398903.12,0.0,378436.41,0,3,22,57,0,1,Club
Blue October,2026-12-17,,LIVE NATION MUSIC,380805.29,725828.84,1268376.38,4,2,79,177,1,3,Theater
Mondo Cozmo,2026-12-17,,LIVE NATION MUSIC,0.0,4629.0,0.0,0,0,0,9,0,0,Club
Edward &amp; Graham,2026-12-17,,LIVE NATION MUSIC,0.0,0.0,0.0,0,0,0,1,0,0,Club
Will Downing,2026-12-17,,LIVE NATION MUSIC,158979.74,407438.95,229434.0,6,0,34,31,0,0,Theater
Eyes Set To Kill,2026-12-17,,HOUSE OF BLUES CONCERTS (HOB),0.0,28036.0,626.93,0,0,0,19,0,0,Club
Trans-Siberian Orchestra,2026-12-19,,LIVE NATION MUSIC,60413990.78,69204633.87,42632080.53,0,911,47,1,0,15,Arena
Trans-Siberian Orchestra,2026-12-19,,LIVE NATION MUSIC,60413990.78,69204633.87,42632080.53,0,911,47,1,0,15,Arena
Gracie Abrams,2026-12-18,,LIVE NATION MUSIC,35049232.76,5296821.61,857658.6,5,27,12,17,0,1,Arena
Trans-Siberian Orchestra,2026-12-18,,LIVE NATION MUSIC,60413990.78,69204633.87,42632080.53,0,911,47,1,0,15,Arena
Trans-Siberian Orchestra,2026-12-18,,LIVE NATION MUSIC,60413990.78,69204633.87,42632080.53,0,911,47,1,0,15,Arena
Trans-Siberian Orchestra,2026-12-18,,LIVE NATION MUSIC,60413990.78,69204633.87,42632080.53,0,911,47,1,0,15,Arena
Straight No Chaser,2026-12-19,,LIVE NATION MUSIC,2200395.42,4207526.41,4491645.23,15,31,598,29,0,23,Arena
Straight No Chaser,2026-12-18,,LIVE NATION MUSIC,2200395.42,4207526.41,4491645.23,15,31,598,29,0,23,Arena
Brett Eldredge,2026-12-18,,LIVE NATION MUSIC,1974280.17,2272843.56,1768405.49,5,5,39,13,0,0,Theater
Lindsey Stirling,2026-12-18,,LIVE NATION MUSIC,4394676.7,19515458.61,11167790.81,62,75,205,81,2,17,Theater
Blue October,2026-12-18,,LIVE NATION MUSIC,380805.29,725828.84,1268376.38,4,2,79,177,1,3,Theater
Beartooth,2026-12-18,,LIVE NATION MUSIC,0.0,1116351.8,389208.25,1,4,15,41,1,2,Club
Trivium,2026-12-19,,LIVE NATION MUSIC,398903.12,0.0,378436.41,0,3,22,57,0,1,Club
The Starting Line,2026-12-18,,LIVE NATION MUSIC,0.0,0.0,0.0,0,0,1,6,0,0,Club
"Tanguero, Inc",2026-12-18,,LIVE NATION MUSIC,0.0,0.0,0.0,0,0,1,0,0,0,Theater
David Bisbal,2026-12-18,,LIVE NATION MUSIC,5555385.52,6134250.71,10430917.14,5,31,58,9,25,15,Theater
David Rawlings,2026-12-18,,LIVE NATION MUSIC,0.0,0.0,0.0,0,0,9,6,0,0,Theater
Electron,2026-12-18,,LIVE NATION MUSIC,0.0,0.0,0.0,0,0,0,11,0,0,Theater
Tab Benoit,2026-12-18,,LIVE NATION MUSIC,1582818.01,983585.58,1424527.01,5,0,207,215,2,8,Club
AJ Ghent,2026-12-18,,LIVE NATION MUSIC,100063.0,61143.26,0.0,0,0,1,25,0,0,Club
Will Downing,2026-12-18,,HOUSE OF BLUES CONCERTS (HOB),158979.74,407438.95,229434.0,6,0,34,31,0,0,Theater
Trippie Redd,2026-12-18,,LIVE NATION MUSIC,0.0,171012.5,592049.0,4,4,6,7,0,1,Club
Insomnium,2026-12-19,,LIVE NATION MUSIC,64768.380000000005,39199.35,15069.36,0,0,0,11,0,1,Club
"Senses Fail, Saves The Day",2026-12-19,,LIVE NATION MUSIC,0.0,78419.0,0.0,0,0,0,1,0,0,Club
112,2026-12-18,,LIVE NATION MUSIC,333803.75,54692.0,0.0,1,1,11,3,0,1,Arena
Lil Kim,2026-12-18,,LIVE NATION MUSIC,0.0,0.0,0.0,0,2,3,4,0,0,Theater
Set Your Goals,2026-12-18,,LIVE NATION MUSIC,0.0,0.0,0.0,0,0,0,9,0,0,Club
Daily Bread,2026-12-18,,LIVE NATION MUSIC,1282747.24,566802.2,17130.0,3,0,0,10,0,0,Club
Matthew West,2026-12-18,,LIVE NATION MUSIC,367142.75,1472660.0,1620545.0,2,22,202,0,0,35,Theater
"DJ Moma, Showcase, Flygerian",2026-12-19,,LIVE NATION MUSIC,0.0,0.0,0.0,0,0,0,1,0,0,Club
Death Angel,2026-12-18,,LIVE NATION MUSIC,132615.0,0.0,0.0,0,0,1,13,0,2,Theater
Emancipator,2026-12-18,,LIVE NATION MUSIC,0.0,28350.0,131285.0,1,0,8,102,0,10,Club
Allman Betts Family Revival,2026-12-18,,LIVE NATION MUSIC,1401926.49,1446679.28,0.0,1,0,39,2,0,0,Theater
Bruce &amp; Wij,2026-12-18,,HOUSE OF BLUES CONCERTS (HOB),0.0,0.0,103055.96,0,0,12,3,0,11,Theater
Jake &amp; Papa,2026-12-18,,LIVE NATION MUSIC,0.0,0.0,0.0,0,0,0,1,0,0,Club
Richard Marx,2026-12-18,,LIVE NATION MUSIC,0.0,299398.92000000004,1079196.6,3,3,69,36,0,6,Theater
Miniature Tigers,2026-12-18,,LIVE NATION MUSIC,0.0,0.0,0.0,0,0,0,12,0,0,Club
Metallica,2026-12-18,,HOUSE OF BLUES CONCERTS (HOB),137107458.47,179373637.38,146435306.85,0,95,4,4,135,10,Stadium
Island,2026-12-18,,LIVE NATION MUSIC,0.0,0.0,0.0,0,0,0,5,0,0,Club
Ben Rector,2026-12-18,,LIVE NATION MUSIC,1029795.0,250398.75,573059.7,5,2,64,55,0,5,Theater
Ben Rector,2026-12-19,,LIVE NATION MUSIC,1029795.0,250398.75,573059.7,5,2,64,55,0,5,Theater
Eddie 9V,2026-12-18,,LIVE NATION MUSIC,79494.23,73638.02,49374.0,0,0,5,61,0,1,Club
"""British Rock Royalty - Celebrating The Music Of Pink Floyd, Queen, The Who &amp; Led Zeppelin""",2026-12-18,,HOUSE OF BLUES CONCERTS (HOB),0.0,0.0,0.0,1,0,2,0,0,0,Theater
"Or, The Whale",2026-12-18,,LIVE NATION MUSIC,0.0,0.0,0.0,0,0,0,3,0,0,Club
Ben Rector,2026-12-18,,LIVE NATION MUSIC,1029795.0,250398.75,573059.7,5,2,64,55,0,5,Theater
Ben Rector,2026-12-19,,LIVE NATION MUSIC,1029795.0,250398.75,573059.7,5,2,64,55,0,5,Theater
Smith &amp; Liddle,2026-12-18,,LIVE NATION MUSIC,0.0,0.0,0.0,0,0,0,1,0,0,Theater
Smith &amp; Liddle,2026-12-18,,LIVE NATION MUSIC,0.0,0.0,0.0,0,0,0,1,0,0,Theater
Trans-Siberian Orchestra,2026-12-20,,LIVE NATION MUSIC,60413990.78,69204633.87,42632080.53,0,911,47,1,0,15,Arena
Trans-Siberian Orchestra,2026-12-20,,LIVE NATION MUSIC,60413990.78,69204633.87,42632080.53,0,911,47,1,0,15,Arena
Trans-Siberian Orchestra,2026-12-19,,LIVE NATION MUSIC,60413990.78,69204633.87,42632080.53,0,911,47,1,0,15,Arena
Trans-Siberian Orchestra,2026-12-19,,LIVE NATION MUSIC,60413990.78,69204633.87,42632080.53,0,911,47,1,0,15,Arena
Gracie Abrams,2026-12-19,,LIVE NATION MUSIC,35049232.76,5296821.61,857658.6,5,27,12,17,0,1,Arena
Wet,2026-12-19,,LIVE NATION MUSIC,9380.0,0.0,0.0,0,0,0,33,0,0,Arena
Jonas Brothers,2026-12-19,,LIVE NATION MUSIC,49501788.39,30144554.31,109403725.33,75,195,28,1,28,5,Arena
Stevie Wonder,2026-12-19,,LIVE NATION MUSIC,5077947.359999999,8495068.84,0.0,1,43,5,1,1,0,Arena
Pentatonix,2026-12-19,,LIVE NATION MUSIC,10014000.83,20747784.25,16735657.71,59,174,94,50,3,9,Arena
Straight No Chaser,2026-12-20,,LIVE NATION MUSIC,2200395.42,4207526.41,4491645.23,15,31,598,29,0,23,Arena
Straight No Chaser,2026-12-19,,LIVE NATION MUSIC,2200395.42,4207526.41,4491645.23,15,31,598,29,0,23,Arena
Brett Eldredge,2026-12-19,,LIVE NATION MUSIC,1974280.17,2272843.56,1768405.49,5,5,39,13,0,0,Theater
Lindsey Stirling,2026-12-19,,LIVE NATION MUSIC,4394676.7,19515458.61,11167790.81,62,75,205,81,2,17,Theater
Mike Sherm,2026-12-19,,LIVE NATION MUSIC,45930.0,51415.0,0.0,0,0,0,9,0,0,Theater
Blue October,2026-12-19,,LIVE NATION MUSIC,380805.29,725828.84,1268376.38,4,2,79,177,1,3,Theater
Yacht Rock Revue,2026-12-19,,LIVE NATION MUSIC,1393793.02,924667.35,2361704.07,27,0,58,133,0,11,Theater
Earl Sweatshirt,2026-12-19,,LIVE NATION MUSIC,145905.72999999998,0.0,304502.67,0,0,7,36,0,0,Club
Forever,2026-12-19,,LIVE NATION MUSIC,70329.51,0.0,0.0,0,1,0,0,0,0,Theater
Olivia Rodrigo,2026-12-19,,LIVE NATION MUSIC,23420107.2,169307085.8,0.0,0,68,10,2,5,1,Arena
Tech N9ne,2026-12-19,,LIVE NATION MUSIC,123074.0,0.0,47331.0,8,24,170,444,0,32,Theater
"The A, B, C &amp; D Of Boogie Woogie",2026-12-19,,LIVE NATION MUSIC,0.0,0.0,0.0,0,0,0,1,0,0,Club
Herman's Hermits starring Peter Noone,2026-12-19,,LIVE NATION MUSIC,460302.79,200831.5,183793.65,1,1,62,41,0,4,Theater
Get The Led Out,2026-12-19,,LIVE NATION MUSIC,2629275.45,4311871.59,3899697.73,70,8,475,138,2,33,Theater
Miniature Tigers,2026-12-19,,LIVE NATION MUSIC,0.0,0.0,0.0,0,0,0,12,0,0,Club
Penelope Road,2026-12-19,,LIVE NATION MUSIC,24134.5,0.0,0.0,0,0,0,5,0,0,Club
Goldfish,2026-12-20,,LIVE NATION MUSIC,14927.0,0.0,0.0,0,0,1,28,0,0,Club
Allman Betts Family Revival,2026-12-19,,LIVE NATION MUSIC,1401926.49,1446679.28,0.0,1,0,39,2,0,0,Theater
"""Past, Present, Future: A Dance Gala""",2026-12-19,,LIVE NATION MUSIC,0.0,0.0,0.0,0,0,1,0,0,0,Theater
Jupiter Coyote,2026-12-19,,LIVE NATION MUSIC,0.0,0.0,0.0,0,0,1,1,0,0,Theater
Beartooth,2026-12-19,,LIVE NATION MUSIC,0.0,1116351.8,389208.25,1,4,15,41,1,2,Club
Set Your Goals,2026-12-19,,LIVE NATION MUSIC,0.0,0.0,0.0,0,0,0,9,0,0,Club
Baby Smoove,2026-12-20,,LIVE NATION MUSIC,0.0,0.0,29610.0,0,0,0,1,0,0,Club
Breathe Carolina,2026-12-19,,LIVE NATION MUSIC,0.0,0.0,0.0,0,0,1,19,0,1,Theater
Bruce &amp; Wij,2026-12-19,,LIVE NATION MUSIC,0.0,0.0,103055.96,0,0,12,3,0,11,Theater
Lyfe Jennings,2026-12-19,,HOUSE OF BLUES CONCERTS (HOB),169695.55,470747.78,225833.0,1,0,10,52,0,0,Club
Grahame Lesh,2026-12-19,,LIVE NATION MUSIC,0.0,6920.0,0.0,0,0,0,1,0,0,Club
Said The Sky,2026-12-19,,LIVE NATION MUSIC,0.0,0.0,0.0,0,0,2,12,0,0,Club
Guns N' Roses,2026-12-19,,HOUSE OF BLUES CONCERTS (HOB),129172927.51,0.0,110479876.13,7,135,11,22,196,18,Stadium
Meredith Marks,2026-12-19,,LIVE NATION MUSIC,0.0,0.0,0.0,0,0,0,1,0,0,Theater
Drag The River,2026-12-19,,LIVE NATION MUSIC,0.0,0.0,0.0,0,0,0,1,0,0,Club
System of a Clown,2026-12-19,,LIVE NATION MUSIC,580.0,0.0,0.0,0,0,0,2,0,0,Theater
Yaelokre,2026-12-19,,LIVE NATION MUSIC,62152.0,0.0,0.0,0,0,1,3,0,0,Theater
Ben Rector,2026-12-19,,LIVE NATION MUSIC,1029795.0,250398.75,573059.7,5,2,64,55,0,5,Theater
Taylor &amp; The Wild Now,2026-12-20,,FRANK PRODUCTIONS,0.0,0.0,0.0,0,0,0,3,0,0,Club
"""Past, Present, Future: A Dance Gala""",2026-12-19,,LIVE NATION MUSIC,0.0,0.0,0.0,0,0,1,0,0,0,Theater
Postmodern Jukebox,2026-12-19,,LIVE NATION MUSIC,3008960.1,2913423.2,3309873.83,0,9,402,106,0,34,Theater
Hunxho,2026-12-19,,HOUSE OF BLUES CONCERTS (HOB),0.0,70430.0,0.0,0,0,0,1,0,0,Club
Ben Rector,2026-12-19,,LIVE NATION MUSIC,1029795.0,250398.75,573059.7,5,2,64,55,0,5,Theater
Wheelhouse,2026-12-20,,FRANK PRODUCTIONS,0.0,4260.0,0.0,0,0,0,1,0,0,Club
Emancipator,2026-12-19,,LIVE NATION MUSIC,0.0,28350.0,131285.0,1,0,8,102,0,10,Club
Emancipator,2026-12-19,,LIVE NATION MUSIC,0.0,28350.0,131285.0,1,0,8,102,0,10,Club
"Prof, Yelawolf, That Mexican Ot",2026-12-19,,LIVE NATION MUSIC,0.0,0.0,0.0,0,0,0,1,0,0,Club
Trans-Siberian Orchestra,2026-12-20,,LIVE NATION MUSIC,60413990.78,69204633.87,42632080.53,0,911,47,1,0,15,Arena
Trans-Siberian Orchestra,2026-12-20,,LIVE NATION MUSIC,60413990.78,69204633.87,42632080.53,0,911,47,1,0,15,Arena
Gracie Abrams,2026-12-20,,LIVE NATION MUSIC,35049232.76,5296821.61,857658.6,5,27,12,17,0,1,Arena
Pentatonix,2026-12-20,,LIVE NATION MUSIC,10014000.83,20747784.25,16735657.71,59,174,94,50,3,9,Arena
Patrice Roberts,2026-12-20,,LIVE NATION MUSIC,21585.0,33270.0,0.0,0,0,0,2,0,0,Club
Blue October,2026-12-20,,LIVE NATION MUSIC,380805.29,725828.84,1268376.38,4,2,79,177,1,3,Theater
Shaun Cassidy,2026-12-20,,LIVE NATION MUSIC,220470.73,55190.0,104061.5,0,0,7,14,0,0,Club
Olivia Rodrigo,2026-12-20,,LIVE NATION MUSIC,23420107.2,169307085.8,0.0,0,68,10,2,5,1,Arena
Dead Poet Society,2026-12-20,,LIVE NATION MUSIC,0.0,95493.81,8199.75,0,0,0,18,0,1,Club
Forever,2026-12-20,,LIVE NATION MUSIC,70329.51,0.0,0.0,0,1,0,0,0,0,Theater
Richard Marx,2026-12-20,,LIVE NATION MUSIC,0.0,299398.92000000004,1079196.6,3,3,69,36,0,6,Theater
Allman Betts Family Revival,2026-12-20,,LIVE NATION MUSIC,1401926.49,1446679.28,0.0,1,0,39,2,0,0,Theater
"Senses Fail, Saves The Day",2026-12-20,,LIVE NATION MUSIC,0.0,78419.0,0.0,0,0,0,1,0,0,Theater
Postmodern Jukebox,2026-12-20,,LIVE NATION MUSIC,3008960.1,2913423.2,3309873.83,0,9,402,106,0,34,Theater
Samantha Fish,2026-12-20,,LIVE NATION MUSIC,204152.93,340430.78,88562.14,2,0,30,76,0,1,Club
"Prof, Yelawolf, That Mexican Ot",2026-12-20,,LIVE NATION MUSIC,0.0,0.0,0.0,0,0,0,1,0,0,Club
Trans-Siberian Orchestra,2026-12-22,,LIVE NATION MUSIC,60413990.78,69204633.87,42632080.53,0,911,47,1,0,15,Arena
Jonas Brothers,2026-12-21,,LIVE NATION MUSIC,49501788.39,30144554.31,109403725.33,75,195,28,1,28,5,Arena
Trans-Siberian Orchestra,2026-12-22,,LIVE NATION MUSIC,60413990.78,69204633.87,42632080.53,0,911,47,1,0,15,Arena
Trans-Siberian Orchestra,2026-12-22,,LIVE NATION MUSIC,60413990.78,69204633.87,42632080.53,0,911,47,1,0,15,Arena
Lindsey Stirling,2026-12-21,,LIVE NATION MUSIC,4394676.7,19515458.61,11167790.81,62,75,205,81,2,17,Theater
Trans-Siberian Orchestra,2026-12-23,,LIVE NATION MUSIC,60413990.78,69204633.87,42632080.53,0,911,47,1,0,15,Arena
Pentatonix,2026-12-22,,LIVE NATION MUSIC,10014000.83,20747784.25,16735657.71,59,174,94,50,3,9,Arena
Trans-Siberian Orchestra,2026-12-23,,LIVE NATION MUSIC,60413990.78,69204633.87,42632080.53,0,911,47,1,0,15,Arena
Trans-Siberian Orchestra,2026-12-22,,LIVE NATION MUSIC,60413990.78,69204633.87,42632080.53,0,911,47,1,0,15,Arena
Jonas Brothers,2026-12-22,,LIVE NATION MUSIC,49501788.39,30144554.31,109403725.33,75,195,28,1,28,5,Arena
Trans-Siberian Orchestra,2026-12-22,,LIVE NATION MUSIC,60413990.78,69204633.87,42632080.53,0,911,47,1,0,15,Arena
Trans-Siberian Orchestra,2026-12-22,,LIVE NATION MUSIC,60413990.78,69204633.87,42632080.53,0,911,47,1,0,15,Arena
Trippie Redd,2026-12-22,,LIVE NATION MUSIC,0.0,171012.5,592049.0,4,4,6,7,0,1,Theater
Ellie Holcomb,2026-12-22,,LIVE NATION MUSIC,0.0,0.0,32603.5,0,1,3,1,0,0,Theater
Hunxho,2026-12-22,,HOUSE OF BLUES CONCERTS (HOB),0.0,70430.0,0.0,0,0,0,1,0,0,Club
The Boys,2026-12-23,,HOUSE OF BLUES CONCERTS (HOB),0.0,0.0,0.0,0,0,1,0,0,0,Theater
Chris &amp; Rich Robinson,2026-12-22,,HOUSE OF BLUES CONCERTS (HOB),0.0,0.0,0.0,0,0,0,2,0,0,Club
Trans-Siberian Orchestra,2026-12-23,,LIVE NATION MUSIC,60413990.78,69204633.87,42632080.53,0,911,47,1,0,15,Arena
Trans-Siberian Orchestra,2026-12-23,,LIVE NATION MUSIC,60413990.78,69204633.87,42632080.53,0,911,47,1,0,15,Arena
Straight No Chaser,2026-12-23,,LIVE NATION MUSIC,2200395.42,4207526.41,4491645.23,15,31,598,29,0,23,Theater
Lindsey Stirling,2026-12-23,,LIVE NATION MUSIC,4394676.7,19515458.61,11167790.81,62,75,205,81,2,17,Theater
Hunxho,2026-12-23,,HOUSE OF BLUES CONCERTS (HOB),0.0,70430.0,0.0,0,0,0,1,0,0,Club
Lindsey Stirling,2026-12-23,,LIVE NATION MUSIC,4394676.7,19515458.61,11167790.81,62,75,205,81,2,17,Theater
Jeff &amp; Sheri Easter,2026-12-23,,LIVE NATION MUSIC,0.0,17572.3,0.0,0,0,2,0,0,0,Theater
NU,2026-12-24,,LIVE NATION MUSIC,0.0,0.0,0.0,0,0,0,1,0,0,Club
Trans-Siberian Orchestra,2026-12-26,,FRANK PRODUCTIONS,60413990.78,69204633.87,42632080.53,0,911,47,1,0,15,Arena
Mannheim Steamroller,2026-12-26,,LIVE NATION MUSIC,9970694.32,10547142.94,10769263.45,3,175,866,9,0,25,Theater
Backstreet Boys,2026-12-26,,LIVE NATION MUSIC,55876666.93,0.0,42749575.69,70,242,48,2,11,10,Arena
Trans-Siberian Orchestra,2026-12-27,,LIVE NATION MUSIC,60413990.78,69204633.87,42632080.53,0,911,47,1,0,15,Arena
Trans-Siberian Orchestra,2026-12-26,,FRANK PRODUCTIONS,60413990.78,69204633.87,42632080.53,0,911,47,1,0,15,Arena
Trans-Siberian Orchestra,2026-12-27,,LIVE NATION MUSIC,60413990.78,69204633.87,42632080.53,0,911,47,1,0,15,Arena
Get The Led Out,2026-12-26,,LIVE NATION MUSIC,2629275.45,4311871.59,3899697.73,70,8,475,138,2,33,Theater
Stars,2026-12-27,,LIVE NATION MUSIC,0.0,35980.0,29820.25,0,0,21,84,0,0,Club
"""Southern Soul, Boots, Brunch &amp; Line Dance Party""",2026-12-27,,LIVE NATION MUSIC,0.0,0.0,0.0,0,0,0,1,0,0,Club
"""Southern Soul, Boots, Brunch &amp; Line Dance Party""",2026-12-27,,LIVE NATION MUSIC,0.0,0.0,0.0,0,0,0,1,0,0,Club
"""Southern Soul, Boots, Brunch &amp; Line Dance Party""",2026-12-27,,HOUSE OF BLUES CONCERTS (HOB),0.0,0.0,0.0,0,0,0,1,0,0,Club
Steve Aoki,2026-12-26,,LIVE NATION MUSIC,366446.0,331427.0,851696.9,2,22,85,200,5,144,Club
Backstreet Boys,2026-12-27,,LIVE NATION MUSIC,55876666.93,0.0,42749575.69,70,242,48,2,11,10,Arena
Trans-Siberian Orchestra,2026-12-27,,LIVE NATION MUSIC,60413990.78,69204633.87,42632080.53,0,911,47,1,0,15,Arena
Trans-Siberian Orchestra,2026-12-27,,LIVE NATION MUSIC,60413990.78,69204633.87,42632080.53,0,911,47,1,0,15,Arena
Get The Led Out,2026-12-27,,LIVE NATION MUSIC,2629275.45,4311871.59,3899697.73,70,8,475,138,2,33,Theater
Billy Joel,2026-12-27,,HOUSE OF BLUES CONCERTS (HOB),3491813.0,75703106.41,44904542.17,2,122,6,0,59,1,Arena
Stars,2026-12-27,,LIVE NATION MUSIC,0.0,35980.0,29820.25,0,0,21,84,0,0,Club
Trans-Siberian Orchestra,2026-12-29,,LIVE NATION MUSIC,60413990.78,69204633.87,42632080.53,0,911,47,1,0,15,Arena
Toadies,2026-12-28,,HOUSE OF BLUES CONCERTS (HOB),25040.0,0.0,0.0,2,0,9,53,0,1,Club
Gov't Mule,2026-12-28,,LIVE NATION MUSIC,654821.23,500126.15,1343458.73,33,0,120,95,1,16,Theater
Trans-Siberian Orchestra,2026-12-30,,LIVE NATION MUSIC,60413990.78,69204633.87,42632080.53,0,911,47,1,0,15,Arena
Trans-Siberian Orchestra,2026-12-29,,LIVE NATION MUSIC,60413990.78,69204633.87,42632080.53,0,911,47,1,0,15,Arena
Gov't Mule,2026-12-29,,LIVE NATION MUSIC,654821.23,500126.15,1343458.73,33,0,120,95,1,16,Theater
Toadies,2026-12-29,,LIVE NATION MUSIC,25040.0,0.0,0.0,2,0,9,53,0,1,Theater
Marc Rebillet,2026-12-29,,LIVE NATION MUSIC,256237.07,1027143.47,813561.4,2,1,12,24,0,4,Club
Blue Dogs,2026-12-29,,FRANK PRODUCTIONS,0.0,0.0,0.0,0,0,2,3,0,0,Theater
Pandora's Box - The Ultimate Aerosmith Tribute,2026-12-29,,HOUSE OF BLUES CONCERTS (HOB),25838.9,0.0,12381.08,0,0,2,8,0,0,Club
Trans-Siberian Orchestra,2026-12-30,,LIVE NATION MUSIC,60413990.78,69204633.87,42632080.53,0,911,47,1,0,15,Arena
Stars,2026-12-30,,LIVE NATION MUSIC,0.0,35980.0,29820.25,0,0,21,84,0,0,Arena
Widespread Panic,2026-12-30,,LIVE NATION MUSIC,8935689.5,2825134.0,6328087.49,96,32,157,17,4,8,Arena
Widespread Panic,2026-12-30,,LIVE NATION MUSIC,8935689.5,2825134.0,6328087.49,96,32,157,17,4,8,Arena
Spoon,2026-12-30,,LIVE NATION MUSIC,0.0,77161.58,230859.88,2,0,31,52,0,3,Theater
Jin,2026-12-30,,LIVE NATION MUSIC,46010679.65,0.0,0.0,0,6,0,0,2,1,Arena
Marc Rebillet,2026-12-30,,LIVE NATION MUSIC,256237.07,1027143.47,813561.4,2,1,12,24,0,4,Club
Pigeons Playing Ping Pong,2026-12-30,,LIVE NATION MUSIC,446438.84,1120502.27,597257.17,4,0,20,142,2,3,Theater
Pigeons Playing Ping Pong,2026-12-30,,LIVE NATION MUSIC,446438.84,1120502.27,597257.17,4,0,20,142,2,3,Theater
TopHouse,2026-12-30,,LIVE NATION MUSIC,443008.3,239769.0,35292.0,1,0,7,38,1,3,Club
Backstreet Boys,2026-12-31,,LIVE NATION MUSIC,55876666.93,0.0,42749575.69,70,242,48,2,11,10,Arena
Flatland Cavalry,2026-12-31,,EMPORIUM PRESENTS,822696.0,1784450.86,247872.0,10,1,14,38,0,5,Arena
Gov't Mule,2026-12-31,,LIVE NATION MUSIC,654821.23,500126.15,1343458.73,33,0,120,95,1,16,Theater
The Avett Brothers,2026-12-31,,LIVE NATION MUSIC,3901804.63,7207733.859999999,3925516.5,138,101,133,31,1,24,Arena
DJ Cassidy,2026-12-31,,LIVE NATION MUSIC,0.0,664466.75,895139.5,0,1,3,0,0,0,Theater
The Polish Ambassador,2026-12-31,,LIVE NATION MUSIC,282906.0,80535.0,32049.0,6,0,11,76,0,4,Theater
Dark Star Orchestra,2026-12-31,,LIVE NATION MUSIC,1248384.22,5590344.75,2726147.02,65,2,252,354,11,32,Theater
Pigeons Playing Ping Pong,2026-12-31,,LIVE NATION MUSIC,446438.84,1120502.27,597257.17,4,0,20,142,2,3,Club
Kenny &amp; Dolly,2026-12-31,,LIVE NATION MUSIC,15909.5,0.0,0.0,0,0,1,0,0,0,Theater
Widespread Panic,2026-12-31,,LIVE NATION MUSIC,8935689.5,2825134.0,6328087.49,96,32,157,17,4,8,Arena
Sevendust,2026-12-31,,HOUSE OF BLUES CONCERTS (HOB),170093.58000000002,0.0,0.0,0,2,20,79,0,6,Club
Futurebirds,2026-12-31,,FRANK PRODUCTIONS,115808.0,200201.0,139862.02000000002,0,0,9,88,0,1,Theater
Marc Rebillet,2026-12-31,,LIVE NATION MUSIC,256237.07,1027143.47,813561.4,2,1,12,24,0,4,Club
Red Wanting Blue,2026-12-31,,HOUSE OF BLUES CONCERTS (HOB),23414.8,29452.58,10430.0,0,0,8,64,0,4,Club
The Meters,2026-12-31,,LIVE NATION MUSIC,0.0,0.0,0.0,0,0,2,0,0,0,Theater
Trish Toledo,2026-12-31,,LIVE NATION MUSIC,0.0,29875.0,7090.0,0,0,0,3,0,0,Theater
The Hooten Hallers,2026-12-31,,FRANK PRODUCTIONS,3258.0,7376.0,2828.5,0,0,0,13,0,3,Club
TopHouse,2026-12-31,,LIVE NATION MUSIC,443008.3,239769.0,35292.0,1,0,7,38,1,3,Club
Magoo,2026-12-31,,LIVE NATION MUSIC,25551.04,3015.0,0.0,0,0,2,27,0,2,Club
Cro,2026-12-31,,LIVE NATION MUSIC,108083.75,3936706.68,1670698.03,4,18,0,3,2,7,Arena
Whethan,2026-12-31,,LIVE NATION MUSIC,0.0,14505.0,0.0,0,0,2,31,0,1,Club
Whethan,2026-12-31,,LIVE NATION MUSIC,0.0,14505.0,0.0,0,0,2,31,0,1,Club
"Shrimpnose, Joe Nora, Somni",2026-12-31,,LIVE NATION MUSIC,0.0,0.0,0.0,0,0,0,1,0,0,Arena
Backstreet Boys,2027-01-01,,LIVE NATION MUSIC,55876666.93,0.0,42749575.69,70,242,48,2,11,10,Arena
DJ Cassidy,2027-01-01,,LIVE NATION MUSIC,0.0,664466.75,895139.5,0,1,3,0,0,0,Theater
Dark Star Orchestra,2027-01-01,,LIVE NATION MUSIC,1248384.22,5590344.75,2726147.02,65,2,252,354,11,32,Theater
"Shrimpnose, Joe Nora, Somni",2027-01-01,,LIVE NATION MUSIC,0.0,0.0,0.0,0,0,0,1,0,0,Arena
Backstreet Boys,2027-01-02,,LIVE NATION MUSIC,55876666.93,0.0,42749575.69,70,242,48,2,11,10,Arena
Neurosis,2027-01-02,,LIVE NATION MUSIC,0.0,0.0,0.0,0,0,1,22,0,0,Club
Dark Star Orchestra,2027-01-02,,LIVE NATION MUSIC,1248384.22,5590344.75,2726147.02,65,2,252,354,11,32,Theater
Gin &amp; Tillyanna,2027-01-02,,LIVE NATION MUSIC,0.0,0.0,0.0,0,0,0,1,0,0,Theater
3BallMTY,2027-01-02,,LIVE NATION MUSIC,42432.0,0.0,0.0,0,0,0,3,0,0,Club
3BallMTY,2027-01-02,,LIVE NATION MUSIC,42432.0,0.0,0.0,0,0,0,3,0,0,Club
Left &amp; Right,2027-01-07,,LIVE NATION MUSIC,0.0,0.0,0.0,0,0,0,1,0,0,Theater
Yacht Rock Revue,2027-01-08,,LIVE NATION MUSIC,1393793.02,924667.35,2361704.07,27,0,58,133,0,11,Club
Fleetwood Mac,2027-01-08,,LIVE NATION MUSIC,0.0,35419.68,0.0,4,206,1,0,3,1,Arena
"""Past, Present, Future: A Dance Gala""",2027-01-08,,FRANK PRODUCTIONS,0.0,0.0,0.0,0,0,1,0,0,0,Theater
"""Past, Present, Future: A Dance Gala""",2027-01-08,,FRANK PRODUCTIONS,0.0,0.0,0.0,0,0,1,0,0,0,Theater
Led Zeppelin 2,2027-01-08,,LIVE NATION MUSIC,0.0,37262.0,2836.0,0,0,3,42,0,0,Club
Led Zeppelin 2,2027-01-08,,LIVE NATION MUSIC,0.0,37262.0,2836.0,0,0,3,42,0,0,Club
Taylor &amp; The Wild Now,2027-01-08,,LIVE NATION MUSIC,0.0,0.0,0.0,0,0,0,3,0,0,Club
Hairball,2027-01-08,,LIVE NATION MUSIC,214776.9,887207.0,732949.13,7,38,62,34,1,12,Arena
Black Jacket Symphony,2027-01-08,,EMPORIUM PRESENTS,669067.4,782504.15,627644.4,0,0,133,38,0,1,Arena
Xperience,2027-01-08,,FRANK PRODUCTIONS,0.0,0.0,0.0,0,0,0,2,0,0,Theater
"Joey Fatone, AJ McLean",2027-01-08,,LIVE NATION MUSIC,0.0,1007339.51,0.0,1,0,6,2,0,0,Theater
"Tres Clásicos del Rock - Tributo a The Doors, The Beatles &amp; Toncho Pilatos",2027-01-08,,LIVE NATION MUSIC,0.0,0.0,13766.52,0,0,1,0,0,0,Theater
"Tres Clásicos del Rock - Tributo a The Doors, The Beatles &amp; Toncho Pilatos",2027-01-08,,LIVE NATION MUSIC,0.0,0.0,13766.52,0,0,1,0,0,0,Theater
CID,2027-01-09,,LIVE NATION MUSIC,6900.0,0.0,310.0,0,0,0,5,0,0,Club
Yacht Rock Revue,2027-01-09,,LIVE NATION MUSIC,1393793.02,924667.35,2361704.07,27,0,58,133,0,11,Club
STELLA LEFTY,2027-01-09,,LIVE NATION MUSIC,0.0,0.0,0.0,0,0,0,1,0,0,Club
"""Past, Present, Future: A Dance Gala""",2027-01-09,,FRANK PRODUCTIONS,0.0,0.0,0.0,0,0,1,0,0,0,Theater
Black Jacket Symphony,2027-01-09,,EMPORIUM PRESENTS,669067.4,782504.15,627644.4,0,0,133,38,0,1,Arena
Ninajirachi,2027-01-09,,LIVE NATION MUSIC,31299.82,0.0,713.04,0,0,4,4,0,0,Club
Led Zeppelin 2,2027-01-09,,LIVE NATION MUSIC,0.0,37262.0,2836.0,0,0,3,42,0,0,Club
Fleetwood Mac,2027-01-09,,FRANK PRODUCTIONS,0.0,35419.68,0.0,4,206,1,0,3,1,Theater
Meredith Marks,2027-01-09,,LIVE NATION MUSIC,0.0,0.0,0.0,0,0,0,1,0,0,Club
Fleetwood Mac,2027-01-09,,LIVE NATION MUSIC,0.0,35419.68,0.0,4,206,1,0,3,1,Theater
R&amp;B Vibes Live,2027-01-09,,LIVE NATION MUSIC,0.0,0.0,0.0,0,0,0,2,0,0,Theater
Deep Cuts,2027-01-09,,FRANK PRODUCTIONS,0.0,0.0,0.0,0,0,0,3,0,0,Theater
R&amp;B Vibes Live,2027-01-09,,LIVE NATION MUSIC,0.0,0.0,0.0,0,0,0,2,0,0,Theater
Bright Eyes,2027-01-11,,LIVE NATION MUSIC,1121653.45,0.0,334447.0,9,0,29,34,2,6,Club
Lord Huron,2027-01-10,,LIVE NATION MUSIC,7888965.15,1783437.4,653823.52,34,6,43,92,2,12,Club
Yacht Rock Revue,2027-01-10,,LIVE NATION MUSIC,1393793.02,924667.35,2361704.07,27,0,58,133,0,11,Club
Bright Eyes,2027-01-12,,LIVE NATION MUSIC,1121653.45,0.0,334447.0,9,0,29,34,2,6,Club
Lord Huron,2027-01-11,,LIVE NATION MUSIC,7888965.15,1783437.4,653823.52,34,6,43,92,2,12,Club
Olivia Rodrigo,2027-01-12,,LIVE NATION MUSIC,23420107.2,169307085.8,0.0,0,68,10,2,5,1,Arena
Lord Huron,2027-01-12,,LIVE NATION MUSIC,7888965.15,1783437.4,653823.52,34,6,43,92,2,12,Club
Olivia Rodrigo,2027-01-13,,LIVE NATION MUSIC,23420107.2,169307085.8,0.0,0,68,10,2,5,1,Arena
Bright Eyes,2027-01-14,,LIVE NATION MUSIC,1121653.45,0.0,334447.0,9,0,29,34,2,6,Club
Once &amp; Future Band,2027-01-14,,LIVE NATION MUSIC,0.0,0.0,0.0,0,0,0,1,0,0,Club
Rob Thomas,2027-01-14,,LIVE NATION MUSIC,3929496.49,1905526.25,571162.5,9,10,65,18,3,8,Theater
Es Show,2027-01-14,,LIVE NATION MUSIC,0.0,0.0,16897.46,0,0,1,0,0,0,Theater
"Mic Crenshaw, Special Guests",2027-01-14,,LIVE NATION MUSIC,0.0,0.0,0.0,0,0,0,1,0,0,Club
Jesse Cook,2027-01-14,,LIVE NATION MUSIC,90288.01,289718.41,497600.25,2,0,150,57,0,4,Theater
Jesse Cook,2027-01-14,,LIVE NATION MUSIC,90288.01,289718.41,497600.25,2,0,150,57,0,4,Theater
Jesse Cook,2027-01-14,,LIVE NATION MUSIC,90288.01,289718.41,497600.25,2,0,150,57,0,4,Theater
Eagles,2027-01-15,,LIVE NATION MUSIC,113579924.21,168150846.73,118468239.25,8,365,2,0,28,5,Arena
Elvis &amp; Friends by Hector Ortiz,2027-01-15,,LIVE NATION MUSIC,0.0,51323.01,0.0,0,1,1,1,0,0,Arena
Ninajirachi,2027-01-15,,LIVE NATION MUSIC,31299.82,0.0,713.04,0,0,4,4,0,0,Club
Rob Thomas,2027-01-15,,LIVE NATION MUSIC,3929496.49,1905526.25,571162.5,9,10,65,18,3,8,Arena
Black Jacket Symphony,2027-01-15,,EMPORIUM PRESENTS,669067.4,782504.15,627644.4,0,0,133,38,0,1,Theater
Atmosphere,2027-01-15,,FRANK PRODUCTIONS,146775.74,892702.91,342711.76,10,7,35,156,0,7,Club
"Me, Grimlock!",2027-01-15,,LIVE NATION MUSIC,198.0,0.0,0.0,0,0,0,1,0,0,Club
Once &amp; Future Band,2027-01-15,,LIVE NATION MUSIC,0.0,0.0,0.0,0,0,0,1,0,0,Arena
Ra,2027-01-15,,LIVE NATION MUSIC,910.56,0.0,0.0,0,0,0,2,0,0,Club
"""British Rock Royalty - Celebrating The Music Of Pink Floyd, Queen, The Who &amp; Led Zeppelin""",2027-01-15,,LIVE NATION MUSIC,0.0,0.0,0.0,1,0,2,0,0,0,Theater
Amani Burnham,2027-01-16,,LIVE NATION MUSIC,0.0,0.0,0.0,0,0,0,0,0,1,Other
Jesse Cook,2027-01-15,,LIVE NATION MUSIC,90288.01,289718.41,497600.25,2,0,150,57,0,4,Theater
Jesse Cook,2027-01-15,,LIVE NATION MUSIC,90288.01,289718.41,497600.25,2,0,150,57,0,4,Theater
John Cameron Mitchell,2027-01-15,,LIVE NATION MUSIC,0.0,0.0,41390.0,0,0,3,8,0,0,Theater
Eagles,2027-01-16,,LIVE NATION MUSIC,113579924.21,168150846.73,118468239.25,8,365,2,0,28,5,Arena
Olivia Rodrigo,2027-01-16,,LIVE NATION MUSIC,23420107.2,169307085.8,0.0,0,68,10,2,5,1,Arena
Ra,2027-01-16,,LIVE NATION MUSIC,910.56,0.0,0.0,0,0,0,2,0,0,Arena
Rob Thomas,2027-01-16,,LIVE NATION MUSIC,3929496.49,1905526.25,571162.5,9,10,65,18,3,8,Theater
Black Jacket Symphony,2027-01-16,,FRANK PRODUCTIONS,669067.4,782504.15,627644.4,0,0,133,38,0,1,Theater
Zeppelin USA,2027-01-16,,LIVE NATION MUSIC,18890.0,20398.0,108379.5,0,0,6,8,0,0,Club
The Phil Collins Experience,2027-01-16,,LIVE NATION MUSIC,163970.34,130198.6,19667.0,1,0,12,2,0,1,Theater
Rav,2027-01-16,,LIVE NATION MUSIC,0.0,0.0,7775.0,0,0,0,4,0,0,Club
Pink Floyd Laser Spectacular,2027-01-16,,LIVE NATION MUSIC,194055.0,268761.9,309460.05,6,7,75,33,0,11,Theater
Eli,2027-01-16,,LIVE NATION MUSIC,0.0,0.0,0.0,0,0,0,1,0,0,Theater
ALL,2027-01-16,,LIVE NATION MUSIC,0.0,0.0,0.0,0,0,0,2,0,0,Theater
SL,2027-01-16,,LIVE NATION MUSIC,3100.02,0.0,104470.61,0,0,4,5,0,1,Club
Olivia Rodrigo,2027-01-17,,LIVE NATION MUSIC,23420107.2,169307085.8,0.0,0,68,10,2,5,1,Arena
STELLA LEFTY,2027-01-17,,LIVE NATION MUSIC,0.0,0.0,0.0,0,0,0,1,0,0,Theater
"The A, B, C &amp; D Of Boogie Woogie",2027-01-17,,LIVE NATION MUSIC,0.0,0.0,0.0,0,0,0,1,0,0,Theater
Sons,2027-01-17,,FRANK PRODUCTIONS,6417.28,0.0,0.0,0,0,0,4,0,0,Theater
Jesse Cook,2027-01-17,,LIVE NATION MUSIC,90288.01,289718.41,497600.25,2,0,150,57,0,4,Theater
Missio,2027-01-17,,HOUSE OF BLUES CONCERTS (HOB),0.0,21443.08,0.0,0,0,2,28,0,2,Club
STELLA LEFTY,2027-01-19,,LIVE NATION MUSIC,0.0,0.0,0.0,0,0,0,1,0,0,Club
Olivia Rodrigo,2027-01-20,,LIVE NATION MUSIC,23420107.2,169307085.8,0.0,0,68,10,2,5,1,Arena
STELLA LEFTY,2027-01-20,,LIVE NATION MUSIC,0.0,0.0,0.0,0,0,0,1,0,0,Club
Santana,2027-01-20,,HOUSE OF BLUES CONCERTS (HOB),10372269.62,0.0,3349278.95,59,103,47,16,7,8,Arena
"Julian Lage, Leo Kottke",2027-01-20,,FRANK PRODUCTIONS,19367.92,0.0,0.0,0,0,1,0,0,0,Theater
Yacht Rock Revue,2027-01-20,,LIVE NATION MUSIC,1393793.02,924667.35,2361704.07,27,0,58,133,0,11,Amphitheatre
Yacht Rock Revue,2027-01-20,,LIVE NATION MUSIC,1393793.02,924667.35,2361704.07,27,0,58,133,0,11,Amphitheatre
Jesse Cook,2027-01-20,,LIVE NATION MUSIC,90288.01,289718.41,497600.25,2,0,150,57,0,4,Theater
julie,2027-01-21,,LIVE NATION MUSIC,96153.31,69155.0,11485.740000000002,0,0,4,9,0,0,Theater
Olivia Rodrigo,2027-01-21,,LIVE NATION MUSIC,23420107.2,169307085.8,0.0,0,68,10,2,5,1,Arena
Santana,2027-01-21,,HOUSE OF BLUES CONCERTS (HOB),10372269.62,0.0,3349278.95,59,103,47,16,7,8,Arena
Dylan Scott,2027-01-21,,LIVE NATION MUSIC,1081569.85,344692.27,235879.0,2,6,6,28,0,6,Club
Jesse Cook,2027-01-21,,LIVE NATION MUSIC,90288.01,289718.41,497600.25,2,0,150,57,0,4,Club
Eagles,2027-01-22,,LIVE NATION MUSIC,113579924.21,168150846.73,118468239.25,8,365,2,0,28,5,Arena
STELLA LEFTY,2027-01-22,,LIVE NATION MUSIC,0.0,0.0,0.0,0,0,0,1,0,0,Club
"""AMA Music Festival"", Alan Walker",2027-01-22,,LIVE NATION MUSIC,0.0,0.0,0.0,0,0,0,0,0,1,Amphitheatre
julie,2027-01-22,,LIVE NATION MUSIC,96153.31,69155.0,11485.740000000002,0,0,4,9,0,0,Theater
Ra,2027-01-22,,HOUSE OF BLUES CONCERTS (HOB),910.56,0.0,0.0,0,0,0,2,0,0,Club
Dylan Scott,2027-01-22,,LIVE NATION MUSIC,1081569.85,344692.27,235879.0,2,6,6,28,0,6,Club
Meredith Marks,2027-01-22,,LIVE NATION MUSIC,0.0,0.0,0.0,0,0,0,1,0,0,Theater
Taylor Simon King,2027-01-22,,FRANK PRODUCTIONS,17751.0,39932.7,0.0,0,0,1,1,0,0,Theater
Rav,2027-01-22,,LIVE NATION MUSIC,0.0,0.0,7775.0,0,0,0,4,0,0,Club
Iron Maiden,2027-01-22,,LIVE NATION MUSIC,101820128.39,66715059.9,43129700.35,63,249,3,2,90,7,Theater
Madds Buckley,2027-01-22,,LIVE NATION MUSIC,0.0,3020.0,0.0,0,0,1,0,0,0,Theater
Boys Of Fall,2027-01-23,,LIVE NATION MUSIC,0.0,0.0,3022.0,0,0,0,1,0,0,Club
Boy Golden,2027-01-22,,LIVE NATION MUSIC,0.0,25737.07,428.0,0,0,2,0,0,1,Theater
Boy Golden,2027-01-22,,LIVE NATION MUSIC,0.0,25737.07,428.0,0,0,2,0,0,1,Theater
Eagles,2027-01-23,,LIVE NATION MUSIC,113579924.21,168150846.73,118468239.25,8,365,2,0,28,5,Arena
Joyce Manor,2027-01-23,,LIVE NATION MUSIC,33600.0,29212.5,32432.0,0,0,5,53,0,1,Club
STELLA LEFTY,2027-01-23,,LIVE NATION MUSIC,0.0,0.0,0.0,0,0,0,1,0,0,Club
Santana,2027-01-23,,HOUSE OF BLUES CONCERTS (HOB),10372269.62,0.0,3349278.95,59,103,47,16,7,8,Arena
"""AMA Music Festival"", Alan Walker",2027-01-23,,LIVE NATION MUSIC,0.0,0.0,0.0,0,0,0,0,0,1,Theater
"Mic Crenshaw, Special Guests",2027-01-23,,LIVE NATION MUSIC,0.0,0.0,0.0,0,0,0,1,0,0,Arena
The 8-Bit Big Band,2027-01-23,,LIVE NATION MUSIC,30550.0,0.0,0.0,0,0,0,1,0,0,Club
Corey Kent,2027-01-23,,HOUSE OF BLUES CONCERTS (HOB),66233.03,33691.0,44166.0,0,0,4,14,0,1,Club
Rare Earth,2027-01-23,,LIVE NATION MUSIC,0.0,0.0,0.0,0,0,0,4,0,0,Arena
Dylan Scott,2027-01-23,,LIVE NATION MUSIC,1081569.85,344692.27,235879.0,2,6,6,28,0,6,Theater
The Last Gang,2027-01-23,,LIVE NATION MUSIC,0.0,0.0,362.36,0,0,0,1,0,1,Club
Tom Petty &amp; The Heartbreakers,2027-01-23,,LIVE NATION MUSIC,0.0,0.0,0.0,31,71,1,1,3,1,Arena
Atmosphere,2027-01-23,,LIVE NATION MUSIC,146775.74,892702.91,342711.76,10,7,35,156,0,7,Club
AIR,2027-01-23,,LIVE NATION MUSIC,975555.74,5729457.01,0.0,4,2,25,15,1,1,Theater
AIR,2027-01-23,,LIVE NATION MUSIC,975555.74,5729457.01,0.0,4,2,25,15,1,1,Theater
Olivia Rodrigo,2027-01-24,,LIVE NATION MUSIC,23420107.2,169307085.8,0.0,0,68,10,2,5,1,Arena
Santana,2027-01-24,,HOUSE OF BLUES CONCERTS (HOB),10372269.62,0.0,3349278.95,59,103,47,16,7,8,Arena
Tommy Emmanuel,2027-01-24,,FRANK PRODUCTIONS,381234.37,414263.54,630168.4299999999,0,1,267,67,0,20,Theater
Olivia Rodrigo,2027-01-25,,LIVE NATION MUSIC,23420107.2,169307085.8,0.0,0,68,10,2,5,1,Arena
STELLA LEFTY,2027-01-25,,LIVE NATION MUSIC,0.0,0.0,0.0,0,0,0,1,0,0,Club
Gracie Abrams,2027-01-26,,LIVE NATION MUSIC,35049232.76,5296821.61,857658.6,5,27,12,17,0,1,Arena
STELLA LEFTY,2027-01-26,,LIVE NATION MUSIC,0.0,0.0,0.0,0,0,0,1,0,0,Club
Smith &amp; Liddle,2027-01-26,,HOUSE OF BLUES CONCERTS (HOB),0.0,0.0,0.0,0,0,0,1,0,0,Club
Seb Lowe,2027-01-26,,LIVE NATION MUSIC,8901.57,18909.11,5668.59,0,0,1,7,0,0,Theater
Yacht Rock Revue,2027-01-26,,LIVE NATION MUSIC,1393793.02,924667.35,2361704.07,27,0,58,133,0,11,Theater
Celebration,2027-01-26,,LIVE NATION MUSIC,0.0,0.0,0.0,0,0,0,1,0,0,Theater
Gracie Abrams,2027-01-27,,LIVE NATION MUSIC,35049232.76,5296821.61,857658.6,5,27,12,17,0,1,Arena
Santana,2027-01-27,,HOUSE OF BLUES CONCERTS (HOB),10372269.62,0.0,3349278.95,59,103,47,16,7,8,Arena
,2027-01-27,,LIVE NATION MUSIC,0.0,0.0,0.0,0,0,0,0,0,0,Other
Ibeyi,2027-01-27,,LIVE NATION MUSIC,0.0,0.0,67870.0,1,0,4,32,0,0,Theater
Yacht Rock Revue,2027-01-27,,LIVE NATION MUSIC,1393793.02,924667.35,2361704.07,27,0,58,133,0,11,Arena
Low,2027-01-27,,LIVE NATION MUSIC,0.0,0.0,0.0,0,0,4,33,0,1,Club
Peace,2027-01-27,,LIVE NATION MUSIC,0.0,0.0,11034.52,0,0,1,17,0,0,Club
Yacht Rock Revue,2027-01-27,,LIVE NATION MUSIC,1393793.02,924667.35,2361704.07,27,0,58,133,0,11,Arena
Metallica,2027-01-28,,LIVE NATION MUSIC,137107458.47,179373637.38,146435306.85,0,95,4,4,135,10,Stadium
Metallica,2027-01-28,,LIVE NATION MUSIC,137107458.47,179373637.38,146435306.85,0,95,4,4,135,10,Stadium
Olivia Rodrigo,2027-01-28,,LIVE NATION MUSIC,23420107.2,169307085.8,0.0,0,68,10,2,5,1,Arena
Santana,2027-01-28,,HOUSE OF BLUES CONCERTS (HOB),10372269.62,0.0,3349278.95,59,103,47,16,7,8,Arena
STELLA LEFTY,2027-01-28,,LIVE NATION MUSIC,0.0,0.0,0.0,0,0,0,1,0,0,Club
"The A, B, C &amp; D Of Boogie Woogie",2027-01-28,,LIVE NATION MUSIC,0.0,0.0,0.0,0,0,0,1,0,0,Theater
The California Honeydrops,2027-01-28,,LIVE NATION MUSIC,196173.0,360738.34,203241.5,4,0,12,81,0,1,Theater
The California Honeydrops,2027-01-28,,LIVE NATION MUSIC,196173.0,360738.34,203241.5,4,0,12,81,0,1,Theater
Ibeyi,2027-01-28,,LIVE NATION MUSIC,0.0,0.0,67870.0,1,0,4,32,0,0,Club
Tommy Emmanuel,2027-01-28,,LIVE NATION MUSIC,381234.37,414263.54,630168.4299999999,0,1,267,67,0,20,Theater
Jesse Cook,2027-01-28,,LIVE NATION MUSIC,90288.01,289718.41,497600.25,2,0,150,57,0,4,Theater
Braxton Keith,2027-01-28,,LIVE NATION MUSIC,976729.78,461719.5,69209.91,1,1,10,65,0,3,Club
"""Past, Present, Future: A Dance Gala""",2027-01-29,,LIVE NATION MUSIC,0.0,0.0,0.0,0,0,1,0,0,0,Theater
"""Past, Present, Future: A Dance Gala""",2027-01-29,,LIVE NATION MUSIC,0.0,0.0,0.0,0,0,1,0,0,0,Theater
Gracie Abrams,2027-01-29,,LIVE NATION MUSIC,35049232.76,5296821.61,857658.6,5,27,12,17,0,1,Arena
Olivia Rodrigo,2027-01-29,,LIVE NATION MUSIC,23420107.2,169307085.8,0.0,0,68,10,2,5,1,Arena
"Chicago, Styx",2027-01-29,,LIVE NATION MUSIC,0.0,0.0,0.0,0,0,1,0,0,0,Theater
Sin Bandera,2027-01-29,,LIVE NATION MUSIC,0.0,429183.87,5207476.83,2,28,22,2,2,1,Arena
Smith &amp; Liddle,2027-01-29,,LIVE NATION MUSIC,0.0,0.0,0.0,0,0,0,1,0,0,Club
Meredith Marks,2027-01-29,,LIVE NATION MUSIC,0.0,0.0,0.0,0,0,0,1,0,0,Club
"""AMA Music Festival"", Alan Walker",2027-01-30,,LIVE NATION MUSIC,0.0,0.0,0.0,0,0,0,0,0,1,Other
Sons,2027-01-29,,HOUSE OF BLUES CONCERTS (HOB),6417.28,0.0,0.0,0,0,0,4,0,0,Club
Black Jacket Symphony,2027-01-30,,EMPORIUM PRESENTS,669067.4,782504.15,627644.4,0,0,133,38,0,1,Theater
"The A, B, C &amp; D Of Boogie Woogie",2027-01-29,,LIVE NATION MUSIC,0.0,0.0,0.0,0,0,0,1,0,0,Theater
Rav,2027-01-29,,LIVE NATION MUSIC,0.0,0.0,7775.0,0,0,0,4,0,0,Club
The California Honeydrops,2027-01-29,,LIVE NATION MUSIC,196173.0,360738.34,203241.5,4,0,12,81,0,1,Theater
Dan &amp; Al,2027-01-29,,LIVE NATION MUSIC,5119.0,6185.05,0.0,0,0,0,6,0,0,Club
GL,2027-01-29,,LIVE NATION MUSIC,0.0,0.0,0.0,0,0,0,2,0,0,Arena
Vansire,2027-01-29,,LIVE NATION MUSIC,33557.01,13750.0,0.0,0,0,0,8,0,0,Theater
"Our House - A Tribute To The Music of Crosby, Stills, Nash, and Young",2027-01-29,,FRANK PRODUCTIONS,25561.0,0.0,0.0,0,0,1,0,0,0,Theater
Jesse Cook,2027-01-29,,LIVE NATION MUSIC,90288.01,289718.41,497600.25,2,0,150,57,0,4,Theater
"""Past, Present, Future: A Dance Gala""",2027-01-30,,LIVE NATION MUSIC,0.0,0.0,0.0,0,0,1,0,0,0,Theater
Jesse Cook,2027-01-29,,LIVE NATION MUSIC,90288.01,289718.41,497600.25,2,0,150,57,0,4,Arena
"""Past, Present, Future: A Dance Gala""",2027-01-30,,LIVE NATION MUSIC,0.0,0.0,0.0,0,0,1,0,0,0,Theater
Ibeyi,2027-01-29,,LIVE NATION MUSIC,0.0,0.0,67870.0,1,0,4,32,0,0,Club
Metallica,2027-01-30,,LIVE NATION MUSIC,137107458.47,179373637.38,146435306.85,0,95,4,4,135,10,Stadium
Christine D'Clario,2027-01-30,,LIVE NATION MUSIC,0.0,368239.0,0.0,0,8,4,0,0,5,Theater
Santana,2027-01-30,,HOUSE OF BLUES CONCERTS (HOB),10372269.62,0.0,3349278.95,59,103,47,16,7,8,Arena
"Chicago, Styx",2027-01-30,,LIVE NATION MUSIC,0.0,0.0,0.0,0,0,1,0,0,0,Theater
STELLA LEFTY,2027-01-30,,HOUSE OF BLUES CONCERTS (HOB),0.0,0.0,0.0,0,0,0,1,0,0,Club
Once &amp; Future Band,2027-01-30,,LIVE NATION MUSIC,0.0,0.0,0.0,0,0,0,1,0,0,Theater
Black Jacket Symphony,2027-01-30,,EMPORIUM PRESENTS,669067.4,782504.15,627644.4,0,0,133,38,0,1,Theater
Meredith Marks,2027-01-30,,LIVE NATION MUSIC,0.0,0.0,0.0,0,0,0,1,0,0,Club
"Jagged Edge, Dru Hill",2027-01-30,,LIVE NATION MUSIC,0.0,0.0,0.0,0,1,0,0,0,0,Arena
M,2027-01-30,,LIVE NATION MUSIC,0.0,0.0,286459.73,0,0,2,0,0,0,Theater
The California Honeydrops,2027-01-30,,LIVE NATION MUSIC,196173.0,360738.34,203241.5,4,0,12,81,0,1,Theater
Atmosphere,2027-01-30,,LIVE NATION MUSIC,146775.74,892702.91,342711.76,10,7,35,156,0,7,Club
Ra,2027-01-30,,LIVE NATION MUSIC,910.56,0.0,0.0,0,0,0,2,0,0,Club
Nonpoint,2027-01-30,,LIVE NATION MUSIC,196402.25,7615.0,0.0,0,0,13,65,0,1,Theater
Sons,2027-01-30,,LIVE NATION MUSIC,6417.28,0.0,0.0,0,0,0,4,0,0,Theater
Jupiter Coyote,2027-01-30,,FRANK PRODUCTIONS,0.0,0.0,0.0,0,0,1,1,0,0,Club
Ye,2027-01-30,,LIVE NATION MUSIC,0.0,4414246.96,0.0,2,63,1,0,6,2,Arena
Marty Stuart,2027-01-30,,LIVE NATION MUSIC,117192.0,0.0,251568.5,1,1,79,41,0,12,Theater
Gracie Abrams,2027-01-31,,LIVE NATION MUSIC,35049232.76,5296821.61,857658.6,5,27,12,17,0,1,Arena
julie,2027-01-31,,LIVE NATION MUSIC,96153.31,69155.0,11485.740000000002,0,0,4,9,0,0,Theater
Santana,2027-01-31,,HOUSE OF BLUES CONCERTS (HOB),10372269.62,0.0,3349278.95,59,103,47,16,7,8,Arena
"""AMA Music Festival"", Alan Walker",2027-01-31,,FRANK PRODUCTIONS,0.0,0.0,0.0,0,0,0,0,0,1,Theater
Twilight,2027-01-31,,LIVE NATION MUSIC,0.0,160837.65000000002,0.0,0,0,2,0,0,0,Theater
Smith &amp; Liddle,2027-01-31,,LIVE NATION MUSIC,0.0,0.0,0.0,0,0,0,1,0,0,Club
STELLA LEFTY,2027-01-31,,LIVE NATION MUSIC,0.0,0.0,0.0,0,0,0,1,0,0,Theater
STELLA LEFTY,2027-01-31,,LIVE NATION MUSIC,0.0,0.0,0.0,0,0,0,1,0,0,Theater
Gracie Abrams,2027-02-01,,LIVE NATION MUSIC,35049232.76,5296821.61,857658.6,5,27,12,17,0,1,Arena
Christine D'Clario,2027-02-02,,LIVE NATION MUSIC,0.0,368239.0,0.0,0,8,4,0,0,5,Theater
Christine D'Clario,2027-02-02,,LIVE NATION MUSIC,0.0,368239.0,0.0,0,8,4,0,0,5,Theater
Christine D'Clario,2027-02-02,,LIVE NATION MUSIC,0.0,368239.0,0.0,0,8,4,0,0,5,Arena
Celebration,2027-02-02,,LIVE NATION MUSIC,0.0,0.0,0.0,0,0,0,1,0,0,Theater
"""Past, Present, Future: A Dance Gala""",2027-02-02,,LIVE NATION MUSIC,0.0,0.0,0.0,0,0,1,0,0,0,Theater
La Roux,2027-02-02,,LIVE NATION MUSIC,0.0,0.0,0.0,1,2,16,29,0,0,Club
Nemzzz,2027-02-02,,LIVE NATION MUSIC,5228.55,58225.88,0.0,0,0,0,3,0,1,Club
"Chicago, Styx",2027-02-03,,LIVE NATION MUSIC,0.0,0.0,0.0,0,0,1,0,0,0,Theater
Jesse Cook,2027-02-03,,EMPORIUM PRESENTS,90288.01,289718.41,497600.25,2,0,150,57,0,4,Theater
Blue October,2027-02-03,,LIVE NATION MUSIC,380805.29,725828.84,1268376.38,4,2,79,177,1,3,Theater
"The A, B, C &amp; D Of Boogie Woogie",2027-02-03,,LIVE NATION MUSIC,0.0,0.0,0.0,0,0,0,1,0,0,Theater
Rayland Baxter,2027-02-03,,FRANK PRODUCTIONS,149279.27,94808.0,65497.0,0,0,7,63,1,2,Theater
"The A, B, C &amp; D Of Boogie Woogie",2027-02-03,,LIVE NATION MUSIC,0.0,0.0,0.0,0,0,0,1,0,0,Theater
Bo Staloch,2027-02-03,,LIVE NATION TENNESSEE,32815.0,2370.0,0.0,0,0,0,10,0,0,Club
Metallica,2027-02-04,,LIVE NATION MUSIC,137107458.47,179373637.38,146435306.85,0,95,4,4,135,10,Stadium
Metallica,2027-02-04,,LIVE NATION MUSIC,137107458.47,179373637.38,146435306.85,0,95,4,4,135,10,Stadium
Yuridia,2027-02-04,,LIVE NATION MUSIC,3643074.04,11045017.92,1351399.31,0,24,43,2,8,1,Theater
As I Lay Dying,2027-02-04,,LIVE NATION MUSIC,7966.32,122103.5,0.0,0,2,12,56,0,1,Arena
Dylan Scott,2027-02-04,,LIVE NATION MUSIC,1081569.85,344692.27,235879.0,2,6,6,28,0,6,Club
Celebration,2027-02-04,,LIVE NATION MUSIC,0.0,0.0,0.0,0,0,0,1,0,0,Club
Braxton Keith,2027-02-05,,LIVE NATION MUSIC,976729.78,461719.5,69209.91,1,1,10,65,0,3,Club
Twilight,2027-02-04,,LIVE NATION MUSIC,0.0,160837.65000000002,0.0,0,0,2,0,0,0,Theater
Death From Above 1979,2027-02-04,,LIVE NATION MUSIC,149301.86000000002,114819.82,16545.0,0,2,7,52,0,3,Club
Black Jacket Symphony,2027-02-04,,EMPORIUM PRESENTS,669067.4,782504.15,627644.4,0,0,133,38,0,1,Theater
Blue October,2027-02-04,,LIVE NATION MUSIC,380805.29,725828.84,1268376.38,4,2,79,177,1,3,Arena
Marian Hill,2027-02-04,,LIVE NATION MUSIC,0.0,0.0,0.0,0,0,4,51,0,1,Club
Blue October,2027-02-04,,LIVE NATION MUSIC,380805.29,725828.84,1268376.38,4,2,79,177,1,3,Arena
Wasteland,2027-02-05,,LIVE NATION MUSIC,0.0,0.0,0.0,0,0,3,0,0,0,Theater
"Chicago, Styx",2027-02-05,,LIVE NATION MUSIC,0.0,0.0,0.0,0,0,1,0,0,0,Theater
Polyphia,2027-02-05,,LIVE NATION MUSIC,0.0,121407.0,744654.76,0,0,3,49,0,1,Theater
Blue October,2027-02-05,,LIVE NATION MUSIC,380805.29,725828.84,1268376.38,4,2,79,177,1,3,Club
Dylan Scott,2027-02-05,,LIVE NATION MUSIC,1081569.85,344692.27,235879.0,2,6,6,28,0,6,Theater
Black Jacket Symphony,2027-02-05,,EMPORIUM PRESENTS,669067.4,782504.15,627644.4,0,0,133,38,0,1,Theater
Black Jacket Symphony,2027-02-06,,EMPORIUM PRESENTS,669067.4,782504.15,627644.4,0,0,133,38,0,1,Theater
Death From Above 1979,2027-02-05,,LIVE NATION MUSIC,149301.86000000002,114819.82,16545.0,0,2,7,52,0,3,Club
Ra,2027-02-05,,LIVE NATION MUSIC,910.56,0.0,0.0,0,0,0,2,0,0,Theater
Corey Kent,2027-02-05,,LIVE NATION MUSIC,66233.03,33691.0,44166.0,0,0,4,14,0,1,Theater
Once &amp; Future Band,2027-02-05,,LIVE NATION MUSIC,0.0,0.0,0.0,0,0,0,1,0,0,Theater
The Hur,2027-02-05,,LIVE NATION MUSIC,0.0,0.0,0.0,0,0,0,1,0,0,Club
Rayland Baxter,2027-02-05,,LIVE NATION TENNESSEE,149279.27,94808.0,65497.0,0,0,7,63,1,2,Club
Big Richard,2027-02-05,,LIVE NATION MUSIC,85871.0,50698.0,26474.0,1,0,2,28,0,1,Club
Wasteland,2027-02-06,,LIVE NATION MUSIC,0.0,0.0,0.0,0,0,3,0,0,0,Theater
Romare,2027-02-05,,LIVE NATION MUSIC,0.0,4763.15,0.0,0,0,0,2,0,0,Club
Metallica,2027-02-06,,LIVE NATION MUSIC,137107458.47,179373637.38,146435306.85,0,95,4,4,135,10,Stadium
Dylan Scott,2027-02-06,,LIVE NATION MUSIC,1081569.85,344692.27,235879.0,2,6,6,28,0,6,Club
"Chicago, Styx",2027-02-06,,LIVE NATION MUSIC,0.0,0.0,0.0,0,0,1,0,0,0,Theater
Once &amp; Future Band,2027-02-06,,LIVE NATION MUSIC,0.0,0.0,0.0,0,0,0,1,0,0,Arena
Yuridia,2027-02-06,,LIVE NATION MUSIC,3643074.04,11045017.92,1351399.31,0,24,43,2,8,1,Theater
Blue October,2027-02-06,,LIVE NATION MUSIC,380805.29,725828.84,1268376.38,4,2,79,177,1,3,Club
Black Jacket Symphony,2027-02-06,,EMPORIUM PRESENTS,669067.4,782504.15,627644.4,0,0,133,38,0,1,Theater
Death From Above 1979,2027-02-06,,LIVE NATION MUSIC,149301.86000000002,114819.82,16545.0,0,2,7,52,0,3,Club
Polyphia,2027-02-06,,HOUSE OF BLUES CONCERTS (HOB),0.0,121407.0,744654.76,0,0,3,49,0,1,Club
"The A, B, C &amp; D Of Boogie Woogie",2027-02-06,,EMPORIUM PRESENTS,0.0,0.0,0.0,0,0,0,1,0,0,Theater
"My Brother, My Brother And Me",2027-02-06,,LIVE NATION MUSIC,186713.0,434102.0,50994.5,0,0,27,6,0,0,Arena
Ibeyi,2027-02-06,,LIVE NATION MUSIC,0.0,0.0,67870.0,1,0,4,32,0,0,Club
Odezenne,2027-02-06,,LIVE NATION MUSIC,31575.29,0.0,0.0,0,0,1,1,0,1,Club
TopHouse,2027-02-06,,FRANK PRODUCTIONS,443008.3,239769.0,35292.0,1,0,7,38,1,3,Club
Big Richard,2027-02-06,,LIVE NATION MUSIC,85871.0,50698.0,26474.0,1,0,2,28,0,1,Club
Kingdom,2027-02-06,,HOUSE OF BLUES CONCERTS (HOB),7887.49,8506.01,0.0,0,0,2,2,0,0,Club
Yuridia,2027-02-07,,LIVE NATION MUSIC,3643074.04,11045017.92,1351399.31,0,24,43,2,8,1,Arena
Blue October,2027-02-07,,LIVE NATION MUSIC,380805.29,725828.84,1268376.38,4,2,79,177,1,3,Club
Madds Buckley,2027-02-07,,LIVE NATION MUSIC,0.0,3020.0,0.0,0,0,1,0,0,0,Club
Bo Staloch,2027-02-08,,LIVE NATION MUSIC,32815.0,2370.0,0.0,0,0,0,10,0,0,Club
Polyphia,2027-02-09,,LIVE NATION MUSIC,0.0,121407.0,744654.76,0,0,3,49,0,1,Club
"""AMA Music Festival"", Alan Walker",2027-02-09,,LIVE NATION MUSIC,0.0,0.0,0.0,0,0,0,0,0,1,Other
Tou,2027-02-09,,LIVE NATION MUSIC,0.0,348354.82999999996,0.0,0,0,0,1,0,1,Club
"The A, B, C &amp; D Of Boogie Woogie",2027-02-09,,LIVE NATION MUSIC,0.0,0.0,0.0,0,0,0,1,0,0,Club
STELLA LEFTY,2027-02-09,,LIVE NATION MUSIC,0.0,0.0,0.0,0,0,0,1,0,0,Club
Celebration,2027-02-09,,LIVE NATION MUSIC,0.0,0.0,0.0,0,0,0,1,0,0,Club
Rhiannon Giddens,2027-02-09,,LIVE NATION MUSIC,401888.0,282213.42,222354.33,0,0,48,24,0,2,Theater
Bo Staloch,2027-02-09,,LIVE NATION MUSIC,32815.0,2370.0,0.0,0,0,0,10,0,0,Club
Ibeyi,2027-02-09,,LIVE NATION MUSIC,0.0,0.0,67870.0,1,0,4,32,0,0,Theater
"""AMA Music Festival"", Alan Walker",2027-02-10,,LIVE NATION MUSIC,0.0,0.0,0.0,0,0,0,0,0,1,Theater
Collective Soul,2027-02-10,,LIVE NATION MUSIC,363658.5,151598.9,483005.2,15,3,53,43,0,13,Theater
James Marriott,2027-02-11,,LIVE NATION MUSIC,169222.41,343075.58,70095.52,0,0,7,9,0,0,Club
Death From Above 1979,2027-02-10,,LIVE NATION MUSIC,149301.86000000002,114819.82,16545.0,0,2,7,52,0,3,Club
Ibeyi,2027-02-10,,LIVE NATION MUSIC,0.0,0.0,67870.0,1,0,4,32,0,0,Club
"The A, B, C &amp; D Of Boogie Woogie",2027-02-10,,LIVE NATION MUSIC,0.0,0.0,0.0,0,0,0,1,0,0,Club
The Lemonheads,2027-02-10,,LIVE NATION MUSIC,345662.51,44522.0,41482.0,0,0,18,78,0,1,Theater
The Hur,2027-02-10,,LIVE NATION MUSIC,0.0,0.0,0.0,0,0,0,1,0,0,Club
Polyphia,2027-02-10,,LIVE NATION MUSIC,0.0,121407.0,744654.76,0,0,3,49,0,1,Club
Olivia Rodrigo,2027-02-11,,LIVE NATION MUSIC,23420107.2,169307085.8,0.0,0,68,10,2,5,1,Arena
Gracie Abrams,2027-02-11,,LIVE NATION MUSIC,35049232.76,5296821.61,857658.6,5,27,12,17,0,1,Arena
Yuridia,2027-02-11,,LIVE NATION MUSIC,3643074.04,11045017.92,1351399.31,0,24,43,2,8,1,Arena
Polyphia,2027-02-11,,LIVE NATION MUSIC,0.0,121407.0,744654.76,0,0,3,49,0,1,Club
The Bouncing Souls,2027-02-11,,LIVE NATION MUSIC,28005.0,0.0,40794.0,0,0,7,32,0,2,Club
Three Dog Night,2027-02-11,,LIVE NATION MUSIC,1488941.69,1897466.3,1809550.27,11,10,138,35,0,11,Arena
"""Past, Present, Future: A Dance Gala""",2027-02-11,,FRANK PRODUCTIONS,0.0,0.0,0.0,0,0,1,0,0,0,Theater
Death From Above 1979,2027-02-11,,LIVE NATION MUSIC,149301.86000000002,114819.82,16545.0,0,2,7,52,0,3,Theater
Olivia Rodrigo,2027-02-12,,LIVE NATION MUSIC,23420107.2,169307085.8,0.0,0,68,10,2,5,1,Arena
Gracie Abrams,2027-02-12,,LIVE NATION MUSIC,35049232.76,5296821.61,857658.6,5,27,12,17,0,1,Arena
Marc Anthony,2027-02-12,,LIVE NATION MUSIC,1824500.65,27755458.7,22295734.14,5,213,30,0,14,9,Arena
Collective Soul,2027-02-12,,LIVE NATION MUSIC,363658.5,151598.9,483005.2,15,3,53,43,0,13,Theater
Black Jacket Symphony,2027-02-12,,EMPORIUM PRESENTS,669067.4,782504.15,627644.4,0,0,133,38,0,1,Theater
Celebration,2027-02-12,,LIVE NATION MUSIC,0.0,0.0,0.0,0,0,0,1,0,0,Theater
STELLA LEFTY,2027-02-12,,LIVE NATION MUSIC,0.0,0.0,0.0,0,0,0,1,0,0,Club
The Suicide Machines,2027-02-12,,LIVE NATION MUSIC,0.0,9952.0,0.0,0,0,0,4,0,0,Club
"The A, B, C &amp; D Of Boogie Woogie",2027-02-12,,EMPORIUM PRESENTS,0.0,0.0,0.0,0,0,0,1,0,0,Club
Danny Nova,2027-02-12,,LIVE NATION MUSIC,0.0,0.0,0.0,0,0,1,0,0,0,Theater
James Marriott,2027-02-13,,LIVE NATION MUSIC,169222.41,343075.58,70095.52,0,0,7,9,0,0,Club
TopHouse,2027-02-12,,LIVE NATION MUSIC,443008.3,239769.0,35292.0,1,0,7,38,1,3,Club
James Marriott,2027-02-12,,LIVE NATION MUSIC,169222.41,343075.58,70095.52,0,0,7,9,0,0,Theater
Bo Staloch,2027-02-12,,LIVE NATION MUSIC,32815.0,2370.0,0.0,0,0,0,10,0,0,Theater
Aleks Syntek,2027-02-12,,LIVE NATION MUSIC,296371.53,0.0,350417.96,0,1,9,0,0,0,Theater
Yuridia,2027-02-13,,LIVE NATION MUSIC,3643074.04,11045017.92,1351399.31,0,24,43,2,8,1,Theater
Marc Anthony,2027-02-13,,LIVE NATION MUSIC,1824500.65,27755458.7,22295734.14,5,213,30,0,14,9,Arena
"Or, The Whale",2027-02-13,,LIVE NATION MUSIC,0.0,0.0,0.0,0,0,0,3,0,0,Amphitheatre
STELLA LEFTY,2027-02-13,,LIVE NATION MUSIC,0.0,0.0,0.0,0,0,0,1,0,0,Theater
Rhiannon Giddens,2027-02-13,,LIVE NATION MUSIC,401888.0,282213.42,222354.33,0,0,48,24,0,2,Theater
Collective Soul,2027-02-13,,LIVE NATION MUSIC,363658.5,151598.9,483005.2,15,3,53,43,0,13,Theater
Black Jacket Symphony,2027-02-13,,EMPORIUM PRESENTS,669067.4,782504.15,627644.4,0,0,133,38,0,1,Theater
Blue October,2027-02-13,,LIVE NATION MUSIC,380805.29,725828.84,1268376.38,4,2,79,177,1,3,Club
Celebration,2027-02-13,,HOUSE OF BLUES CONCERTS (HOB),0.0,0.0,0.0,0,0,0,1,0,0,Club
The Bouncing Souls,2027-02-13,,LIVE NATION MUSIC,28005.0,0.0,40794.0,0,0,7,32,0,2,Club
Tom Petty &amp; The Heartbreakers,2027-02-13,,LIVE NATION MUSIC,0.0,0.0,0.0,31,71,1,1,3,1,Theater
La Roux,2027-02-13,,LIVE NATION MUSIC,0.0,0.0,0.0,1,2,16,29,0,0,Club
Pink Martini,2027-02-13,,LIVE NATION MUSIC,1172458.71,1049813.93,659213.3099999999,23,1,164,18,1,9,Theater
Pink Martini,2027-02-14,,LIVE NATION MUSIC,1172458.71,1049813.93,659213.3099999999,23,1,164,18,1,9,Theater
Missio,2027-02-13,,LIVE NATION MUSIC,0.0,21443.08,0.0,0,0,2,28,0,2,Club
"The A, B, C &amp; D Of Boogie Woogie",2027-02-13,,EMPORIUM PRESENTS,0.0,0.0,0.0,0,0,0,1,0,0,Theater
Rey Ruiz,2027-02-13,,LIVE NATION,204935.67,171179.08000000002,0.0,0,1,2,0,0,0,Theater
Gracie Abrams,2027-02-14,,LIVE NATION MUSIC,35049232.76,5296821.61,857658.6,5,27,12,17,0,1,Arena
Polyphia,2027-02-14,,LIVE NATION MUSIC,0.0,121407.0,744654.76,0,0,3,49,0,1,Club
Olivia Rodrigo,2027-02-15,,LIVE NATION MUSIC,23420107.2,169307085.8,0.0,0,68,10,2,5,1,Arena
Gracie Abrams,2027-02-15,,LIVE NATION MUSIC,35049232.76,5296821.61,857658.6,5,27,12,17,0,1,Arena
Joe Bonamassa,2027-02-15,,LIVE NATION MUSIC,6868337.29,7908499.3,6889717.78,22,61,247,15,0,3,Arena
The Suicide Machines,2027-02-15,,HOUSE OF BLUES CONCERTS (HOB),0.0,9952.0,0.0,0,0,0,4,0,0,Club
Nemzzz,2027-02-15,,LIVE NATION MUSIC,5228.55,58225.88,0.0,0,0,0,3,0,1,Club
Hot Freaks,2027-02-15,,HOUSE OF BLUES CONCERTS (HOB),0.0,12814.0,0.0,0,0,0,6,0,0,Club
"The A, B, C &amp; D Of Boogie Woogie",2027-02-15,,LIVE NATION MUSIC,0.0,0.0,0.0,0,0,0,1,0,0,Theater
"The A, B, C &amp; D Of Boogie Woogie",2027-02-15,,LIVE NATION MUSIC,0.0,0.0,0.0,0,0,0,1,0,0,Theater
Olivia Rodrigo,2027-02-16,,LIVE NATION MUSIC,23420107.2,169307085.8,0.0,0,68,10,2,5,1,Arena
"Band Of Horses, Dinosaur Jr.",2027-02-16,,LIVE NATION MUSIC,0.0,0.0,0.0,1,0,0,0,0,0,Amphitheatre
The Suicide Machines,2027-02-16,,LIVE NATION MUSIC,0.0,9952.0,0.0,0,0,0,4,0,0,Club
Pink Martini,2027-02-16,,FRANK PRODUCTIONS,1172458.71,1049813.93,659213.3099999999,23,1,164,18,1,9,Theater
Celebration,2027-02-16,,LIVE NATION MUSIC,0.0,0.0,0.0,0,0,0,1,0,0,Theater
"The A, B, C &amp; D Of Boogie Woogie",2027-02-16,,LIVE NATION MUSIC,0.0,0.0,0.0,0,0,0,1,0,0,Theater
Hot Freaks,2027-02-16,,HOUSE OF BLUES CONCERTS (HOB),0.0,12814.0,0.0,0,0,0,6,0,0,Club
"The A, B, C &amp; D Of Boogie Woogie",2027-02-16,,LIVE NATION MUSIC,0.0,0.0,0.0,0,0,0,1,0,0,Theater
Polyphia,2027-02-17,,LIVE NATION MUSIC,0.0,121407.0,744654.76,0,0,3,49,0,1,Theater
Marc Anthony,2027-02-17,,LIVE NATION MUSIC,1824500.65,27755458.7,22295734.14,5,213,30,0,14,9,Arena
Joe Bonamassa,2027-02-17,,LIVE NATION MUSIC,6868337.29,7908499.3,6889717.78,22,61,247,15,0,3,Theater
The Get Down,2027-02-17,,LIVE NATION MUSIC,0.0,0.0,0.0,0,0,1,1,0,0,Club
"The A, B, C &amp; D Of Boogie Woogie",2027-02-17,,LIVE NATION MUSIC,0.0,0.0,0.0,0,0,0,1,0,0,Theater
Shovels &amp; Rope,2027-02-17,,LIVE NATION MUSIC,0.0,52116.0,13760.0,2,0,42,99,0,1,Theater
julie,2027-02-17,,LIVE NATION MUSIC,96153.31,69155.0,11485.740000000002,0,0,4,9,0,0,Club
STELLA LEFTY,2027-02-17,,LIVE NATION MUSIC,0.0,0.0,0.0,0,0,0,1,0,0,Theater
STELLA LEFTY,2027-02-17,,LIVE NATION MUSIC,0.0,0.0,0.0,0,0,0,1,0,0,Theater
Marian Hill,2027-02-17,,LIVE NATION TENNESSEE,0.0,0.0,0.0,0,0,4,51,0,1,Club
Metallica,2027-02-18,,LIVE NATION MUSIC,137107458.47,179373637.38,146435306.85,0,95,4,4,135,10,Stadium
Metallica,2027-02-18,,LIVE NATION MUSIC,137107458.47,179373637.38,146435306.85,0,95,4,4,135,10,Stadium
julie,2027-02-18,,LIVE NATION MUSIC,96153.31,69155.0,11485.740000000002,0,0,4,9,0,0,Arena
Tou,2027-02-18,,LIVE NATION MUSIC,0.0,348354.82999999996,0.0,0,0,0,1,0,1,Theater
Needtobreathe,2027-02-18,,LIVE NATION MUSIC,879929.75,2194921.19,2849791.53,96,33,192,109,3,8,Theater
Corey Kent,2027-02-18,,LIVE NATION MUSIC,66233.03,33691.0,44166.0,0,0,4,14,0,1,Theater
Ellie Holcomb,2027-02-18,,LIVE NATION MUSIC,0.0,0.0,32603.5,0,1,3,1,0,0,Theater
"""Laughs, Music, &amp; Vibes""",2027-02-18,,LIVE NATION MUSIC,0.0,0.0,0.0,0,0,0,1,0,0,Theater
Three Dog Night,2027-02-18,,LIVE NATION MUSIC,1488941.69,1897466.3,1809550.27,11,10,138,35,0,11,Theater
"The A, B, C &amp; D Of Boogie Woogie",2027-02-18,,LIVE NATION MUSIC,0.0,0.0,0.0,0,0,0,1,0,0,Theater
Three Dog Night,2027-02-18,,LIVE NATION MUSIC,1488941.69,1897466.3,1809550.27,11,10,138,35,0,11,Theater
The Sergio Mendes Band,2027-02-18,,LIVE NATION MUSIC,0.0,0.0,0.0,0,0,1,1,0,0,Theater
Ashley Cooke,2027-02-18,,LIVE NATION MUSIC,27885.0,19297.0,26529.0,0,0,0,9,0,1,Club
STELLA LEFTY,2027-02-18,,LIVE NATION MUSIC,0.0,0.0,0.0,0,0,0,1,0,0,Theater
STELLA LEFTY,2027-02-18,,LIVE NATION MUSIC,0.0,0.0,0.0,0,0,0,1,0,0,Theater
"Me, Grimlock!",2027-02-19,,LIVE NATION MUSIC,198.0,0.0,0.0,0,0,0,1,0,0,Club
Olivia Rodrigo,2027-02-19,,LIVE NATION MUSIC,23420107.2,169307085.8,0.0,0,68,10,2,5,1,Arena
All Time Low,2027-02-19,,LIVE NATION MUSIC,2258547.48,1578885.2,2972114.28,8,24,53,115,0,15,Theater
Marc Anthony,2027-02-19,,LIVE NATION MUSIC,1824500.65,27755458.7,22295734.14,5,213,30,0,14,9,Arena
Celebration,2027-02-19,,LIVE NATION MUSIC,0.0,0.0,0.0,0,0,0,1,0,0,Club
Three Dog Night,2027-02-19,,FRANK PRODUCTIONS,1488941.69,1897466.3,1809550.27,11,10,138,35,0,11,Theater
Pink Floyd Laser Spectacular,2027-02-19,,HOUSE OF BLUES CONCERTS (HOB),194055.0,268761.9,309460.05,6,7,75,33,0,11,Theater
Needtobreathe,2027-02-19,,LIVE NATION MUSIC,879929.75,2194921.19,2849791.53,96,33,192,109,3,8,Theater
La Roux,2027-02-19,,LIVE NATION MUSIC,0.0,0.0,0.0,1,2,16,29,0,0,Club
Dylan Scott,2027-02-19,,LIVE NATION MUSIC,1081569.85,344692.27,235879.0,2,6,6,28,0,6,Theater
Polyphia,2027-02-19,,LIVE NATION MUSIC,0.0,121407.0,744654.76,0,0,3,49,0,1,Club
Polyphia,2027-02-19,,LIVE NATION MUSIC,0.0,121407.0,744654.76,0,0,3,49,0,1,Club
Pete Yorn,2027-02-19,,FRANK PRODUCTIONS,44687.5,68702.5,0.0,0,0,10,61,0,2,Theater
Jack Kays,2027-02-19,,LIVE NATION MUSIC,71591.25,6807.0,9000.0,0,0,1,9,0,0,Theater
Eluveitie,2027-02-19,,LIVE NATION MUSIC,47737.07,0.0,22640.0,0,0,9,24,0,2,Theater
Ashley Cooke,2027-02-19,,LIVE NATION MUSIC,27885.0,19297.0,26529.0,0,0,0,9,0,1,Theater
Origin,2027-02-19,,FRANK PRODUCTIONS,0.0,0.0,0.0,0,0,0,9,0,2,Club
"Me, Grimlock!",2027-02-20,,LIVE NATION MUSIC,198.0,0.0,0.0,0,0,0,1,0,0,Club
Metallica,2027-02-20,,LIVE NATION MUSIC,137107458.47,179373637.38,146435306.85,0,95,4,4,135,10,Stadium
Olivia Rodrigo,2027-02-20,,LIVE NATION MUSIC,23420107.2,169307085.8,0.0,0,68,10,2,5,1,Arena
Yuridia,2027-02-20,,LIVE NATION MUSIC,3643074.04,11045017.92,1351399.31,0,24,43,2,8,1,Theater
Marc Anthony,2027-02-20,,LIVE NATION MUSIC,1824500.65,27755458.7,22295734.14,5,213,30,0,14,9,Arena
STELLA LEFTY,2027-02-20,,LIVE NATION MUSIC,0.0,0.0,0.0,0,0,0,1,0,0,Club
Tou,2027-02-20,,LIVE NATION MUSIC,0.0,348354.82999999996,0.0,0,0,0,1,0,1,Theater
Needtobreathe,2027-02-20,,LIVE NATION MUSIC,879929.75,2194921.19,2849791.53,96,33,192,109,3,8,Theater
Polyphia,2027-02-20,,LIVE NATION MUSIC,0.0,121407.0,744654.76,0,0,3,49,0,1,Theater
Black Jacket Symphony,2027-02-20,,EMPORIUM PRESENTS,669067.4,782504.15,627644.4,0,0,133,38,0,1,Theater
Celebration,2027-02-20,,LIVE NATION MUSIC,0.0,0.0,0.0,0,0,0,1,0,0,Club
Corey Kent,2027-02-20,,FRANK PRODUCTIONS,66233.03,33691.0,44166.0,0,0,4,14,0,1,Theater
strongboi,2027-02-20,,LIVE NATION MUSIC,0.0,4864.41,0.0,0,0,0,1,0,0,Club
Spin Doctors,2027-02-20,,HOUSE OF BLUES CONCERTS (HOB),21315.0,16525.0,78112.2,2,1,1,14,1,2,Club
"Frank Foster, Creed Fisher",2027-02-20,,LIVE NATION MUSIC,54277.95,0.0,0.0,0,0,2,0,0,0,Theater
Tai,2027-02-20,,LIVE NATION MUSIC,0.0,0.0,0.0,0,0,1,0,0,0,Theater
Jack Kays,2027-02-20,,LIVE NATION MUSIC,71591.25,6807.0,9000.0,0,0,1,9,0,0,Club
Marian Hill,2027-02-20,,LIVE NATION MUSIC,0.0,0.0,0.0,0,0,4,51,0,1,Club
As I Lay Dying,2027-02-20,,LIVE NATION MUSIC,7966.32,122103.5,0.0,0,2,12,56,0,1,Club
As I Lay Dying,2027-02-20,,LIVE NATION MUSIC,7966.32,122103.5,0.0,0,2,12,56,0,1,Club
Elijah Scott,2027-02-20,,LIVE NATION MUSIC,0.0,0.0,0.0,0,0,0,2,0,0,Club
"Me, Grimlock!",2027-02-21,,LIVE NATION MUSIC,198.0,0.0,0.0,0,0,0,1,0,0,Club
Yuridia,2027-02-21,,LIVE NATION MUSIC,3643074.04,11045017.92,1351399.31,0,24,43,2,8,1,Theater
Twilight,2027-02-21,,LIVE NATION MUSIC,0.0,160837.65000000002,0.0,0,0,2,0,0,0,Theater
Public,2027-02-21,,LIVE NATION MUSIC,0.0,0.0,0.0,0,0,0,4,0,0,Theater
James Marriott,2027-02-21,,LIVE NATION MUSIC,169222.41,343075.58,70095.52,0,0,7,9,0,0,Theater
Celebration,2027-02-21,,LIVE NATION MUSIC,0.0,0.0,0.0,0,0,0,1,0,0,Club
Brooke Alexx,2027-02-21,,LIVE NATION MUSIC,0.0,0.0,0.0,0,0,0,1,0,0,Club
Bo Staloch,2027-02-21,,FRANK PRODUCTIONS,32815.0,2370.0,0.0,0,0,0,10,0,0,Club
Black Jacket Symphony,2027-02-22,,LIVE NATION MUSIC,669067.4,782504.15,627644.4,0,0,133,38,0,1,Theater
Celebration,2027-02-22,,LIVE NATION MUSIC,0.0,0.0,0.0,0,0,0,1,0,0,Club
Vansire,2027-02-22,,LIVE NATION MUSIC,33557.01,13750.0,0.0,0,0,0,8,0,0,Club
Hot Freaks,2027-02-22,,LIVE NATION MUSIC,0.0,12814.0,0.0,0,0,0,6,0,0,Club
Olivia Rodrigo,2027-02-23,,LIVE NATION MUSIC,23420107.2,169307085.8,0.0,0,68,10,2,5,1,Arena
Gracie Abrams,2027-02-23,,LIVE NATION MUSIC,35049232.76,5296821.61,857658.6,5,27,12,17,0,1,Arena
Polyphia,2027-02-23,,LIVE NATION MUSIC,0.0,121407.0,744654.76,0,0,3,49,0,1,Theater
Name,2027-02-23,,LIVE NATION MUSIC,0.0,0.0,0.0,0,0,0,1,0,0,Club
Olivia Rodrigo,2027-02-24,,LIVE NATION MUSIC,23420107.2,169307085.8,0.0,0,68,10,2,5,1,Arena
Gracie Abrams,2027-02-24,,LIVE NATION MUSIC,35049232.76,5296821.61,857658.6,5,27,12,17,0,1,Arena
Thao,2027-02-24,,LIVE NATION MUSIC,0.0,0.0,0.0,0,0,0,1,0,0,Club
Black Jacket Symphony,2027-02-24,,LIVE NATION MUSIC,669067.4,782504.15,627644.4,0,0,133,38,0,1,Theater
As I Lay Dying,2027-02-24,,LIVE NATION MUSIC,7966.32,122103.5,0.0,0,2,12,56,0,1,Club
Public,2027-02-24,,LIVE NATION MUSIC,0.0,0.0,0.0,0,0,0,4,0,0,Theater
Little Feat,2027-02-24,,LIVE NATION MUSIC,636649.5,521235.88,959870.26,5,0,91,51,0,4,Theater
Polyphia,2027-02-24,,LIVE NATION MUSIC,0.0,121407.0,744654.76,0,0,3,49,0,1,Club
Metallica,2027-02-25,,LIVE NATION MUSIC,137107458.47,179373637.38,146435306.85,0,95,4,4,135,10,Stadium
Metallica,2027-02-25,,LIVE NATION MUSIC,137107458.47,179373637.38,146435306.85,0,95,4,4,135,10,Stadium
"""AMA Music Festival"", Alan Walker",2027-02-25,,LIVE NATION MUSIC,0.0,0.0,0.0,0,0,0,0,0,1,Arena
Polyphia,2027-02-25,,LIVE NATION MUSIC,0.0,121407.0,744654.76,0,0,3,49,0,1,Club
Yuridia,2027-02-25,,LIVE NATION MUSIC,3643074.04,11045017.92,1351399.31,0,24,43,2,8,1,Arena
Needtobreathe,2027-02-25,,FRANK PRODUCTIONS,879929.75,2194921.19,2849791.53,96,33,192,109,3,8,Club
Wheeler Walker Jr.,2027-02-25,,LIVE NATION MUSIC,0.0,131246.5,289839.0,0,0,4,27,0,0,Club
Needtobreathe,2027-02-26,,LIVE NATION MUSIC,879929.75,2194921.19,2849791.53,96,33,192,109,3,8,Theater
Michelle Branch,2027-02-25,,FRANK PRODUCTIONS,0.0,0.0,0.0,0,0,2,13,0,0,Theater
Three Dog Night,2027-02-25,,FRANK PRODUCTIONS,1488941.69,1897466.3,1809550.27,11,10,138,35,0,11,Theater
Spin Doctors,2027-02-25,,LIVE NATION MUSIC,21315.0,16525.0,78112.2,2,1,1,14,1,2,Club
"""Show &amp; Dance Gala""",2027-02-25,,LIVE NATION MUSIC,0.0,0.0,0.0,0,0,1,0,0,0,Club
Jack Kays,2027-02-25,,LIVE NATION MUSIC,71591.25,6807.0,9000.0,0,0,1,9,0,0,Theater
Stayin' Alive: One Night of the Bee Gees,2027-02-25,,LIVE NATION MUSIC,378531.16,252820.95,192930.21,0,0,20,6,0,0,Arena
strongboi,2027-02-25,,LIVE NATION MUSIC,0.0,4864.41,0.0,0,0,0,1,0,0,Club
Stayin' Alive: One Night of the Bee Gees,2027-02-25,,LIVE NATION MUSIC,378531.16,252820.95,192930.21,0,0,20,6,0,0,Arena
Gracie Abrams,2027-02-26,,LIVE NATION MUSIC,35049232.76,5296821.61,857658.6,5,27,12,17,0,1,Arena
Lil Wayne,2027-02-26,,LIVE NATION MUSIC,8883942.56,7295726.66,6308307.5,10,90,7,4,0,2,Arena
Polyphia,2027-02-26,,LIVE NATION MUSIC,0.0,121407.0,744654.76,0,0,3,49,0,1,Arena
Twilight,2027-02-26,,LIVE NATION MUSIC,0.0,160837.65000000002,0.0,0,0,2,0,0,0,Arena
"""AMA Music Festival"", Alan Walker",2027-02-26,,LIVE NATION MUSIC,0.0,0.0,0.0,0,0,0,0,0,1,Other
Sylvan Esso,2027-02-26,,LIVE NATION MUSIC,0.0,0.0,2925511.35,17,0,29,64,0,8,Club
Blue October,2027-02-26,,LIVE NATION MUSIC,380805.29,725828.84,1268376.38,4,2,79,177,1,3,Theater
Polyphia,2027-02-27,,LIVE NATION MUSIC,0.0,121407.0,744654.76,0,0,3,49,0,1,Club
Michelle Branch,2027-02-26,,LIVE NATION MUSIC,0.0,0.0,0.0,0,0,2,13,0,0,Club
"Band Of Horses, Dinosaur Jr.",2027-02-26,,LIVE NATION MUSIC,0.0,0.0,0.0,1,0,0,0,0,0,Amphitheatre
"Rust Belt Lights, Maker, Still Rings True",2027-02-26,,LIVE NATION MUSIC,0.0,0.0,0.0,0,0,0,3,0,1,Club
Metallica,2027-02-27,,LIVE NATION MUSIC,137107458.47,179373637.38,146435306.85,0,95,4,4,135,10,Stadium
Olivia Rodrigo,2027-02-27,,LIVE NATION MUSIC,23420107.2,169307085.8,0.0,0,68,10,2,5,1,Arena
Gracie Abrams,2027-02-27,,LIVE NATION MUSIC,35049232.76,5296821.61,857658.6,5,27,12,17,0,1,Arena
Yuridia,2027-02-27,,LIVE NATION MUSIC,3643074.04,11045017.92,1351399.31,0,24,43,2,8,1,Theater
Voyage,2027-02-27,,LIVE NATION MUSIC,71725.25,0.0,0.0,0,0,1,0,0,0,Theater
Van Halen,2027-02-27,,FRANK PRODUCTIONS,0.0,0.0,0.0,5,27,0,0,0,1,Theater
Sylvan Esso,2027-02-27,,LIVE NATION MUSIC,0.0,0.0,2925511.35,17,0,29,64,0,8,Club
"Band Of Horses, Dinosaur Jr.",2027-02-27,,LIVE NATION MUSIC,0.0,0.0,0.0,1,0,0,0,0,0,Amphitheatre
Wheeler Walker Jr.,2027-02-27,,LIVE NATION MUSIC,0.0,131246.5,289839.0,0,0,4,27,0,0,Theater
Chris Mitchell,2027-02-27,,LIVE NATION MUSIC,0.0,0.0,0.0,0,0,0,1,0,0,Club
Joe,2027-02-27,,LIVE NATION MUSIC,951190.25,129123.0,118794.0,3,3,9,2,0,2,Theater
Romare,2027-02-27,,LIVE NATION MUSIC,0.0,4763.15,0.0,0,0,0,2,0,0,Theater
TopHouse,2027-02-27,,LIVE NATION MUSIC,443008.3,239769.0,35292.0,1,0,7,38,1,3,Club
Olivia Rodrigo,2027-02-28,,LIVE NATION MUSIC,23420107.2,169307085.8,0.0,0,68,10,2,5,1,Arena
Twilight,2027-02-28,,LIVE NATION MUSIC,0.0,160837.65000000002,0.0,0,0,2,0,0,0,Theater
Yuridia,2027-02-28,,LIVE NATION MUSIC,3643074.04,11045017.92,1351399.31,0,24,43,2,8,1,Arena
40 Fingers,2027-02-28,,LIVE NATION MUSIC,47718.649999999994,0.0,70824.0,0,1,8,13,0,4,Club
Van Halen,2027-02-28,,LIVE NATION MUSIC,0.0,0.0,0.0,5,27,0,0,0,1,Theater
Blondshell,2027-02-28,,LIVE NATION MUSIC,62539.14,21093.51,13640.92,0,0,1,10,0,0,Club
James Marriott,2027-02-28,,LIVE NATION MUSIC,169222.41,343075.58,70095.52,0,0,7,9,0,0,Theater
Gracie Abrams,2027-03-01,,LIVE NATION MUSIC,35049232.76,5296821.61,857658.6,5,27,12,17,0,1,Arena
Adrian Vandenberg,2027-03-01,,LIVE NATION TENNESSEE,8738.0,21750.0,0.0,0,0,1,2,0,0,Club
Gracie Abrams,2027-03-02,,LIVE NATION MUSIC,35049232.76,5296821.61,857658.6,5,27,12,17,0,1,Arena
Blondshell,2027-03-02,,LIVE NATION MUSIC,62539.14,21093.51,13640.92,0,0,1,10,0,0,Club
Sylvan Esso,2027-03-02,,LIVE NATION MUSIC,0.0,0.0,2925511.35,17,0,29,64,0,8,Club
Eluveitie,2027-03-02,,LIVE NATION MUSIC,47737.07,0.0,22640.0,0,0,9,24,0,2,Club
Rayland Baxter,2027-03-02,,LIVE NATION MUSIC,149279.27,94808.0,65497.0,0,0,7,63,1,2,Club
Lukas Graham,2027-03-02,,LIVE NATION MUSIC,0.0,130586.66,0.0,0,1,12,24,0,0,Theater
EGGY,2027-03-02,,LIVE NATION TENNESSEE,50061.0,55240.5,35212.9,0,0,1,20,0,0,Club
Needtobreathe,2027-03-04,,LIVE NATION MUSIC,879929.75,2194921.19,2849791.53,96,33,192,109,3,8,Theater
Once &amp; Future Band,2027-03-03,,LIVE NATION MUSIC,0.0,0.0,0.0,0,0,0,1,0,0,Club
Death From Above 1979,2027-03-03,,LIVE NATION MUSIC,149301.86000000002,114819.82,16545.0,0,2,7,52,0,3,Theater
Braxton Keith,2027-03-03,,LIVE NATION MUSIC,976729.78,461719.5,69209.91,1,1,10,65,0,3,Club
Coroner,2027-03-03,,LIVE NATION TENNESSEE,0.0,0.0,0.0,0,0,0,1,0,0,Club
Metallica,2027-03-04,,LIVE NATION MUSIC,137107458.47,179373637.38,146435306.85,0,95,4,4,135,10,Stadium
Metallica,2027-03-04,,LIVE NATION MUSIC,137107458.47,179373637.38,146435306.85,0,95,4,4,135,10,Stadium
Gracie Abrams,2027-03-04,,LIVE NATION MUSIC,35049232.76,5296821.61,857658.6,5,27,12,17,0,1,Arena
Brit Floyd,2027-03-04,,LIVE NATION MUSIC,4801025.88,3935393.5,2580115.85,22,89,371,28,0,9,Theater
Braxton Keith,2027-03-04,,LIVE NATION MUSIC,976729.78,461719.5,69209.91,1,1,10,65,0,3,Club
Lukas Graham,2027-03-04,,LIVE NATION MUSIC,0.0,130586.66,0.0,0,1,12,24,0,0,Theater
The Mary Wallopers,2027-03-04,,LIVE NATION MUSIC,1839541.23,533118.83,208594.0,0,4,10,30,1,1,Theater
Lukas Graham,2027-03-05,,LIVE NATION MUSIC,0.0,130586.66,0.0,0,1,12,24,0,0,Club
The Revolution,2027-03-04,,LIVE NATION MUSIC,0.0,0.0,0.0,0,0,5,9,0,0,Club
Gracie Abrams,2027-03-05,,LIVE NATION MUSIC,35049232.76,5296821.61,857658.6,5,27,12,17,0,1,Arena
Needtobreathe,2027-03-05,,LIVE NATION MUSIC,879929.75,2194921.19,2849791.53,96,33,192,109,3,8,Club
Elevation Worship,2027-03-05,,LIVE NATION MUSIC,10595129.56,12014252.72,10021351.75,6,93,26,9,0,10,Arena
Polyphia,2027-03-06,,LIVE NATION MUSIC,0.0,121407.0,744654.76,0,0,3,49,0,1,Club
Polyphia,2027-03-05,,LIVE NATION MUSIC,0.0,121407.0,744654.76,0,0,3,49,0,1,Club
Yacht Rock Revue,2027-03-05,,LIVE NATION MUSIC,1393793.02,924667.35,2361704.07,27,0,58,133,0,11,Theater
Spin Doctors,2027-03-05,,LIVE NATION MUSIC,21315.0,16525.0,78112.2,2,1,1,14,1,2,Club
Death From Above 1979,2027-03-05,,LIVE NATION MUSIC,149301.86000000002,114819.82,16545.0,0,2,7,52,0,3,Club
Valley,2027-03-05,,LIVE NATION MUSIC,3907.06,45202.45,72551.74,0,0,2,8,0,0,Club
The Mary Wallopers,2027-03-05,,LIVE NATION MUSIC,1839541.23,533118.83,208594.0,0,4,10,30,1,1,Club
Eluveitie,2027-03-05,,LIVE NATION MUSIC,47737.07,0.0,22640.0,0,0,9,24,0,2,Theater
The Revolution,2027-03-05,,LIVE NATION MUSIC,0.0,0.0,0.0,0,0,5,9,0,0,Arena
Pinky &amp; the Floyd,2027-03-05,,LIVE NATION MUSIC,119570.0,0.0,0.0,0,0,0,3,0,0,Club
Metallica,2027-03-06,,LIVE NATION MUSIC,137107458.47,179373637.38,146435306.85,0,95,4,4,135,10,Stadium
The Get Down,2027-03-06,,LIVE NATION MUSIC,0.0,0.0,0.0,0,0,1,1,0,0,Arena
Brit Floyd,2027-03-06,,LIVE NATION MUSIC,4801025.88,3935393.5,2580115.85,22,89,371,28,0,9,Theater
Yacht Rock Revue,2027-03-06,,LIVE NATION MUSIC,1393793.02,924667.35,2361704.07,27,0,58,133,0,11,Arena
The Mary Wallopers,2027-03-06,,LIVE NATION MUSIC,1839541.23,533118.83,208594.0,0,4,10,30,1,1,Club
Wheeler Walker Jr.,2027-03-06,,HOUSE OF BLUES CONCERTS (HOB),0.0,131246.5,289839.0,0,0,4,27,0,0,Club
Michelle Branch,2027-03-06,,HOUSE OF BLUES CONCERTS (HOB),0.0,0.0,0.0,0,0,2,13,0,0,Club
Braxton Keith,2027-03-06,,LIVE NATION MUSIC,976729.78,461719.5,69209.91,1,1,10,65,0,3,Club
"""AMA Music Festival"", Alan Walker",2027-03-06,,LIVE NATION MUSIC,0.0,0.0,0.0,0,0,0,0,0,1,Arena
As I Lay Dying,2027-03-06,,LIVE NATION MUSIC,7966.32,122103.5,0.0,0,2,12,56,0,1,Theater
Death From Above 1979,2027-03-06,,LIVE NATION MUSIC,149301.86000000002,114819.82,16545.0,0,2,7,52,0,3,Club
James Marriott,2027-03-06,,LIVE NATION MUSIC,169222.41,343075.58,70095.52,0,0,7,9,0,0,Theater
Games We Play,2027-03-06,,LIVE NATION MUSIC,10257.75,32407.03,3020.3,0,0,1,7,0,0,Club
Pinky &amp; the Floyd,2027-03-06,,LIVE NATION MUSIC,119570.0,0.0,0.0,0,0,0,3,0,0,Club
The Revolution,2027-03-06,,LIVE NATION MUSIC,0.0,0.0,0.0,0,0,5,9,0,0,Club
Polyphia,2027-03-07,,LIVE NATION MUSIC,0.0,121407.0,744654.76,0,0,3,49,0,1,Theater
Judy Collins,2027-03-07,,LIVE NATION MUSIC,254068.65,193428.5,289300.68,1,0,84,71,0,5,Arena
Lukas Graham,2027-03-07,,LIVE NATION MUSIC,0.0,130586.66,0.0,0,1,12,24,0,0,Club
Michelle Branch,2027-03-07,,HOUSE OF BLUES CONCERTS (HOB),0.0,0.0,0.0,0,0,2,13,0,0,Club
As I Lay Dying,2027-03-07,,LIVE NATION MUSIC,7966.32,122103.5,0.0,0,2,12,56,0,1,Club
The Revolution,2027-03-07,,LIVE NATION MUSIC,0.0,0.0,0.0,0,0,5,9,0,0,Club
Brit Floyd,2027-03-07,,LIVE NATION MUSIC,4801025.88,3935393.5,2580115.85,22,89,371,28,0,9,Theater
Brit Floyd,2027-03-07,,LIVE NATION MUSIC,4801025.88,3935393.5,2580115.85,22,89,371,28,0,9,Theater
Needtobreathe,2027-03-07,,LIVE NATION MUSIC,879929.75,2194921.19,2849791.53,96,33,192,109,3,8,Theater
The Lemonheads,2027-03-07,,LIVE NATION MUSIC,345662.51,44522.0,41482.0,0,0,18,78,0,1,Theater
Public,2027-03-08,,LIVE NATION MUSIC,0.0,0.0,0.0,0,0,0,4,0,0,Club
Needtobreathe,2027-03-09,,FRANK PRODUCTIONS,879929.75,2194921.19,2849791.53,96,33,192,109,3,8,Theater
Brit Floyd,2027-03-09,,LIVE NATION MUSIC,4801025.88,3935393.5,2580115.85,22,89,371,28,0,9,Theater
Lukas Graham,2027-03-09,,LIVE NATION MUSIC,0.0,130586.66,0.0,0,1,12,24,0,0,Club
Polyphia,2027-03-09,,LIVE NATION MUSIC,0.0,121407.0,744654.76,0,0,3,49,0,1,Club
Polyphia,2027-03-10,,LIVE NATION MUSIC,0.0,121407.0,744654.76,0,0,3,49,0,1,Club
Polyphia,2027-03-10,,LIVE NATION MUSIC,0.0,121407.0,744654.76,0,0,3,49,0,1,Club
Sylvan Esso,2027-03-09,,HOUSE OF BLUES CONCERTS (HOB),0.0,0.0,2925511.35,17,0,29,64,0,8,Club
Valley,2027-03-09,,LIVE NATION MUSIC,3907.06,45202.45,72551.74,0,0,2,8,0,0,Theater
The Get Down,2027-03-09,,LIVE NATION MUSIC,0.0,0.0,0.0,0,0,1,1,0,0,Theater
The Revolution,2027-03-09,,LIVE NATION MUSIC,0.0,0.0,0.0,0,0,5,9,0,0,Theater
Bears In Trees,2027-03-09,,LIVE NATION TENNESSEE,0.0,16615.260000000002,0.0,0,0,0,6,0,0,Club
Brit Floyd,2027-03-10,,LIVE NATION MUSIC,4801025.88,3935393.5,2580115.85,22,89,371,28,0,9,Theater
Rod Stewart,2027-03-10,,LIVE NATION MUSIC,42201882.63,27452763.79,34856940.56,50,182,55,3,46,5,Arena
Lukas Graham,2027-03-10,,LIVE NATION MUSIC,0.0,130586.66,0.0,0,1,12,24,0,0,Club
Valley,2027-03-10,,LIVE NATION MUSIC,3907.06,45202.45,72551.74,0,0,2,8,0,0,Club
"""Show &amp; Dance Gala""",2027-03-10,,FRANK PRODUCTIONS,0.0,0.0,0.0,0,0,1,0,0,0,Theater
Public,2027-03-10,,LIVE NATION MUSIC,0.0,0.0,0.0,0,0,0,4,0,0,Club
Bachman-Turner Overdrive,2027-03-10,,LIVE NATION MUSIC,1300026.7,778791.38,65623.3,0,6,7,4,0,0,Theater
The Revolution,2027-03-10,,LIVE NATION MUSIC,0.0,0.0,0.0,0,0,5,9,0,0,Club
Metallica,2027-03-11,,LIVE NATION MUSIC,137107458.47,179373637.38,146435306.85,0,95,4,4,135,10,Stadium
Metallica,2027-03-11,,LIVE NATION MUSIC,137107458.47,179373637.38,146435306.85,0,95,4,4,135,10,Stadium
Needtobreathe,2027-03-11,,LIVE NATION MUSIC,879929.75,2194921.19,2849791.53,96,33,192,109,3,8,Arena
Jesse Cook,2027-03-11,,LIVE NATION MUSIC,90288.01,289718.41,497600.25,2,0,150,57,0,4,Theater
Yuridia,2027-03-11,,LIVE NATION MUSIC,3643074.04,11045017.92,1351399.31,0,24,43,2,8,1,Arena
Jack Kays,2027-03-12,,LIVE NATION MUSIC,71591.25,6807.0,9000.0,0,0,1,9,0,0,Theater
The Revolution,2027-03-11,,LIVE NATION MUSIC,0.0,0.0,0.0,0,0,5,9,0,0,Theater
Blondshell,2027-03-11,,LIVE NATION MUSIC,62539.14,21093.51,13640.92,0,0,1,10,0,0,Theater
Death Cab For Cutie,2027-03-11,,LIVE NATION MUSIC,2718946.78,0.0,1048636.74,41,12,92,45,3,12,Theater
The Get Down,2027-03-11,,LIVE NATION MUSIC,0.0,0.0,0.0,0,0,1,1,0,0,Theater
The Get Down,2027-03-11,,LIVE NATION MUSIC,0.0,0.0,0.0,0,0,1,1,0,0,Theater
James Marriott,2027-03-11,,LIVE NATION TENNESSEE,169222.41,343075.58,70095.52,0,0,7,9,0,0,Club
Gracie Abrams,2027-03-12,,LIVE NATION MUSIC,35049232.76,5296821.61,857658.6,5,27,12,17,0,1,Arena
Michelle Branch,2027-03-12,,LIVE NATION MUSIC,0.0,0.0,0.0,0,0,2,13,0,0,Club
Yuridia,2027-03-12,,LIVE NATION MUSIC,3643074.04,11045017.92,1351399.31,0,24,43,2,8,1,Amphitheatre
Brit Floyd,2027-03-12,,LIVE NATION MUSIC,4801025.88,3935393.5,2580115.85,22,89,371,28,0,9,Arena
Boyz II Men,2027-03-12,,LIVE NATION MUSIC,4685044.05,5424182.24,2546429.2,10,11,74,35,0,7,Theater
Polyphia,2027-03-12,,LIVE NATION MUSIC,0.0,121407.0,744654.76,0,0,3,49,0,1,Club
Corey Kent,2027-03-12,,LIVE NATION MUSIC,66233.03,33691.0,44166.0,0,0,4,14,0,1,Club
Yacht Rock Revue,2027-03-12,,LIVE NATION MUSIC,1393793.02,924667.35,2361704.07,27,0,58,133,0,11,Theater
Games We Play,2027-03-12,,LIVE NATION MUSIC,10257.75,32407.03,3020.3,0,0,1,7,0,0,Club
Sylvan Esso,2027-03-12,,LIVE NATION MUSIC,0.0,0.0,2925511.35,17,0,29,64,0,8,Club
The Revolution,2027-03-12,,LIVE NATION MUSIC,0.0,0.0,0.0,0,0,5,9,0,0,Club
Metallica,2027-03-13,,LIVE NATION MUSIC,137107458.47,179373637.38,146435306.85,0,95,4,4,135,10,Stadium
Gracie Abrams,2027-03-13,,LIVE NATION MUSIC,35049232.76,5296821.61,857658.6,5,27,12,17,0,1,Arena
Michelle Branch,2027-03-13,,LIVE NATION MUSIC,0.0,0.0,0.0,0,0,2,13,0,0,Club
Needtobreathe,2027-03-14,,LIVE NATION MUSIC,879929.75,2194921.19,2849791.53,96,33,192,109,3,8,Theater
Blue October,2027-03-13,,LIVE NATION MUSIC,380805.29,725828.84,1268376.38,4,2,79,177,1,3,Club
Polyphia,2027-03-13,,LIVE NATION MUSIC,0.0,121407.0,744654.76,0,0,3,49,0,1,Club
Brit Floyd,2027-03-13,,LIVE NATION MUSIC,4801025.88,3935393.5,2580115.85,22,89,371,28,0,9,Arena
Boyz II Men,2027-03-13,,LIVE NATION MUSIC,4685044.05,5424182.24,2546429.2,10,11,74,35,0,7,Theater
Corey Kent,2027-03-13,,LIVE NATION MUSIC,66233.03,33691.0,44166.0,0,0,4,14,0,1,Club
"Band Of Horses, Dinosaur Jr.",2027-03-13,,LIVE NATION MUSIC,0.0,0.0,0.0,1,0,0,0,0,0,Amphitheatre
Valley,2027-03-13,,LIVE NATION MUSIC,3907.06,45202.45,72551.74,0,0,2,8,0,0,Club
Needtobreathe,2027-03-13,,FRANK PRODUCTIONS,879929.75,2194921.19,2849791.53,96,33,192,109,3,8,Theater
Sylvan Esso,2027-03-13,,LIVE NATION MUSIC,0.0,0.0,2925511.35,17,0,29,64,0,8,Club
The Mary Wallopers,2027-03-14,,HOUSE OF BLUES CONCERTS (HOB),1839541.23,533118.83,208594.0,0,4,10,30,1,1,Club
Black Jacket Symphony,2027-03-14,,LIVE NATION MUSIC,669067.4,782504.15,627644.4,0,0,133,38,0,1,Theater
Yacht Rock Revue,2027-03-13,,LIVE NATION MUSIC,1393793.02,924667.35,2361704.07,27,0,58,133,0,11,Club
Polyphia,2027-03-14,,LIVE NATION MUSIC,0.0,121407.0,744654.76,0,0,3,49,0,1,Club
Games We Play,2027-03-13,,LIVE NATION MUSIC,10257.75,32407.03,3020.3,0,0,1,7,0,0,Club
The Revolution,2027-03-13,,LIVE NATION MUSIC,0.0,0.0,0.0,0,0,5,9,0,0,Club
X Tour,2027-03-13,,LIVE NATION MUSIC,0.0,0.0,0.0,0,0,0,1,0,0,Theater
Yuridia,2027-03-14,,LIVE NATION MUSIC,3643074.04,11045017.92,1351399.31,0,24,43,2,8,1,Arena
Public,2027-03-14,,LIVE NATION MUSIC,0.0,0.0,0.0,0,0,0,4,0,0,Club
The Get Down,2027-03-14,,HOUSE OF BLUES CONCERTS (HOB),0.0,0.0,0.0,0,0,1,1,0,0,Club
Brooke Alexx,2027-03-14,,LIVE NATION TENNESSEE,0.0,0.0,0.0,0,0,0,1,0,0,Club
julie,2027-03-16,,LIVE NATION MUSIC,96153.31,69155.0,11485.740000000002,0,0,4,9,0,0,Club
Polyphia,2027-03-16,,LIVE NATION MUSIC,0.0,121407.0,744654.76,0,0,3,49,0,1,Club
The Mary Wallopers,2027-03-16,,LIVE NATION MUSIC,1839541.23,533118.83,208594.0,0,4,10,30,1,1,Club
The Revolution,2027-03-16,,LIVE NATION MUSIC,0.0,0.0,0.0,0,0,5,9,0,0,Theater
Games We Play,2027-03-16,,LIVE NATION MUSIC,10257.75,32407.03,3020.3,0,0,1,7,0,0,Theater
Gracie Abrams,2027-03-16,,LIVE NATION MUSIC,35049232.76,5296821.61,857658.6,5,27,12,17,0,1,Arena
The Mary Wallopers,2027-03-17,,LIVE NATION MUSIC,1839541.23,533118.83,208594.0,0,4,10,30,1,1,Club
Jack Kays,2027-03-17,,LIVE NATION MUSIC,71591.25,6807.0,9000.0,0,0,1,9,0,0,Club
Valley,2027-03-16,,LIVE NATION MUSIC,3907.06,45202.45,72551.74,0,0,2,8,0,0,Club
Needtobreathe,2027-03-17,,LIVE NATION MUSIC,879929.75,2194921.19,2849791.53,96,33,192,109,3,8,Theater
Public,2027-03-16,,LIVE NATION MUSIC,0.0,0.0,0.0,0,0,0,4,0,0,Club
Gracie Abrams,2027-03-17,,LIVE NATION MUSIC,35049232.76,5296821.61,857658.6,5,27,12,17,0,1,Arena
Blondshell,2027-03-18,,LIVE NATION MUSIC,62539.14,21093.51,13640.92,0,0,1,10,0,0,Club
Black Jacket Symphony,2027-03-17,,LIVE NATION MUSIC,669067.4,782504.15,627644.4,0,0,133,38,0,1,Theater
Valley,2027-03-18,,LIVE NATION MUSIC,3907.06,45202.45,72551.74,0,0,2,8,0,0,Club
HER,2027-03-18,,LIVE NATION MUSIC,0.0,0.0,0.0,0,0,0,1,0,0,Club
"Rust Belt Lights, Maker, Still Rings True",2027-03-18,,LIVE NATION MUSIC,0.0,0.0,0.0,0,0,0,3,0,1,Club
Jack Kays,2027-03-18,,LIVE NATION MUSIC,71591.25,6807.0,9000.0,0,0,1,9,0,0,Club
Needtobreathe,2027-03-18,,LIVE NATION MUSIC,879929.75,2194921.19,2849791.53,96,33,192,109,3,8,Theater
The Revolution,2027-03-17,,LIVE NATION MUSIC,0.0,0.0,0.0,0,0,5,9,0,0,Club
Corey Kent,2027-03-18,,LIVE NATION MUSIC,66233.03,33691.0,44166.0,0,0,4,14,0,1,Club
Corey Kent,2027-03-18,,LIVE NATION MUSIC,66233.03,33691.0,44166.0,0,0,4,14,0,1,Club
Niall Horan,2027-03-19,,LIVE NATION MUSIC,0.0,68141223.9,0.0,58,69,28,3,1,4,Arena
julie,2027-03-19,,LIVE NATION MUSIC,96153.31,69155.0,11485.740000000002,0,0,4,9,0,0,Arena
Polvo,2027-03-18,,LIVE NATION MUSIC,0.0,0.0,0.0,0,0,0,2,0,0,Club
Brit Floyd,2027-03-18,,LIVE NATION MUSIC,4801025.88,3935393.5,2580115.85,22,89,371,28,0,9,Theater
Death Cab For Cutie,2027-03-18,,LIVE NATION MUSIC,2718946.78,0.0,1048636.74,41,12,92,45,3,12,Theater
Yuridia,2027-03-18,,LIVE NATION MUSIC,3643074.04,11045017.92,1351399.31,0,24,43,2,8,1,Arena
Twilight,2027-03-18,,LIVE NATION MUSIC,0.0,160837.65000000002,0.0,0,0,2,0,0,0,Arena
Needtobreathe,2027-03-19,,LIVE NATION MUSIC,879929.75,2194921.19,2849791.53,96,33,192,109,3,8,Theater
julie,2027-03-18,,LIVE NATION MUSIC,96153.31,69155.0,11485.740000000002,0,0,4,9,0,0,Theater
Polyphia,2027-03-18,,LIVE NATION MUSIC,0.0,121407.0,744654.76,0,0,3,49,0,1,Club
VNV Nation,2027-03-18,,LIVE NATION MUSIC,0.0,29482.12,98062.06,0,0,3,46,1,1,Theater
VNV Nation,2027-03-18,,LIVE NATION MUSIC,0.0,29482.12,98062.06,0,0,3,46,1,1,Theater
Gracie Abrams,2027-03-19,,LIVE NATION MUSIC,35049232.76,5296821.61,857658.6,5,27,12,17,0,1,Arena
Niall Horan,2027-03-20,,LIVE NATION MUSIC,0.0,68141223.9,0.0,58,69,28,3,1,4,Arena
Michelle Branch,2027-03-19,,LIVE NATION MUSIC,0.0,0.0,0.0,0,0,2,13,0,0,Club
Boyz II Men,2027-03-19,,LIVE NATION MUSIC,4685044.05,5424182.24,2546429.2,10,11,74,35,0,7,Theater
Corey Kent,2027-03-20,,LIVE NATION MUSIC,66233.03,33691.0,44166.0,0,0,4,14,0,1,Club
Jack Kays,2027-03-20,,LIVE NATION MUSIC,71591.25,6807.0,9000.0,0,0,1,9,0,0,Club
"The Floozies, Too Many Zooz",2027-03-19,,LIVE NATION MUSIC,0.0,0.0,0.0,0,0,0,5,0,0,Theater
Yuridia,2027-03-19,,LIVE NATION MUSIC,3643074.04,11045017.92,1351399.31,0,24,43,2,8,1,Arena
Coroner,2027-03-19,,LIVE NATION MUSIC,0.0,0.0,0.0,0,0,0,1,0,0,Club
Paul Anka,2027-03-19,,LIVE NATION MUSIC,1081980.03,1742187.49,1467619.8,1,13,135,8,0,2,Theater
Yuridia,2027-03-19,,LIVE NATION MUSIC,3643074.04,11045017.92,1351399.31,0,24,43,2,8,1,Arena
Spin Doctors,2027-03-20,,LIVE NATION MUSIC,21315.0,16525.0,78112.2,2,1,1,14,1,2,Club
VNV Nation,2027-03-19,,LIVE NATION MUSIC,0.0,29482.12,98062.06,0,0,3,46,1,1,Club
The Lemonheads,2027-03-19,,FRANK PRODUCTIONS,345662.51,44522.0,41482.0,0,0,18,78,0,1,Club
Corey Kent,2027-03-19,,LIVE NATION MUSIC,66233.03,33691.0,44166.0,0,0,4,14,0,1,Club
Gracie Abrams,2027-03-20,,LIVE NATION MUSIC,35049232.76,5296821.61,857658.6,5,27,12,17,0,1,Arena
Needtobreathe,2027-03-20,,LIVE NATION MUSIC,879929.75,2194921.19,2849791.53,96,33,192,109,3,8,Theater
Brit Floyd,2027-03-20,,LIVE NATION MUSIC,4801025.88,3935393.5,2580115.85,22,89,371,28,0,9,Theater
Twilight,2027-03-21,,LIVE NATION MUSIC,0.0,160837.65000000002,0.0,0,0,2,0,0,0,Theater
Polyphia,2027-03-20,,LIVE NATION MUSIC,0.0,121407.0,744654.76,0,0,3,49,0,1,Club
Boyz II Men,2027-03-20,,LIVE NATION MUSIC,4685044.05,5424182.24,2546429.2,10,11,74,35,0,7,Theater
VNV Nation,2027-03-20,,LIVE NATION MUSIC,0.0,29482.12,98062.06,0,0,3,46,1,1,Club
Black Jacket Symphony,2027-03-20,,EMPORIUM PRESENTS,669067.4,782504.15,627644.4,0,0,133,38,0,1,Theater
Public,2027-03-21,,LIVE NATION MUSIC,0.0,0.0,0.0,0,0,0,4,0,0,Club
The Revolution,2027-03-20,,LIVE NATION MUSIC,0.0,0.0,0.0,0,0,5,9,0,0,Theater
Twilight,2027-03-21,,LIVE NATION MUSIC,0.0,160837.65000000002,0.0,0,0,2,0,0,0,Theater
Coroner,2027-03-21,,LIVE NATION MUSIC,0.0,0.0,0.0,0,0,0,1,0,0,Club
VNV Nation,2027-03-21,,LIVE NATION MUSIC,0.0,29482.12,98062.06,0,0,3,46,1,1,Theater
Wheeler Walker Jr.,2027-03-21,,LIVE NATION MUSIC,0.0,131246.5,289839.0,0,0,4,27,0,0,Theater
Death Cab For Cutie,2027-03-22,,LIVE NATION MUSIC,2718946.78,0.0,1048636.74,41,12,92,45,3,12,Club
The Interrupters,2027-03-23,,HOUSE OF BLUES CONCERTS (HOB),0.0,95240.35,131504.91,1,0,8,19,0,0,Club
The Revolution,2027-03-22,,LIVE NATION MUSIC,0.0,0.0,0.0,0,0,5,9,0,0,Club
Niall Horan,2027-03-23,,LIVE NATION MUSIC,0.0,68141223.9,0.0,58,69,28,3,1,4,Arena
Mora,2027-03-24,,LIVE NATION MUSIC,10408445.95,0.0,11841095.3,1,15,6,2,2,4,Arena
The Interrupters,2027-03-24,,HOUSE OF BLUES CONCERTS (HOB),0.0,95240.35,131504.91,1,0,8,19,0,0,Club
The Revolution,2027-03-23,,FRANK PRODUCTIONS,0.0,0.0,0.0,0,0,5,9,0,0,Club
Games We Play,2027-03-23,,LIVE NATION MUSIC,10257.75,32407.03,3020.3,0,0,1,7,0,0,Club
Games We Play,2027-03-23,,LIVE NATION MUSIC,10257.75,32407.03,3020.3,0,0,1,7,0,0,Club
The Psychedelic Furs,2027-03-24,,LIVE NATION MUSIC,348704.78,128136.68,135991.5,2,0,55,123,0,4,Theater
VNV Nation,2027-03-24,,LIVE NATION MUSIC,0.0,29482.12,98062.06,0,0,3,46,1,1,Theater
The Lemonheads,2027-03-25,,LIVE NATION MUSIC,345662.51,44522.0,41482.0,0,0,18,78,0,1,Theater
The Simon &amp; Garfunkel Story,2027-03-24,,LIVE NATION MUSIC,2199064.31,2141433.65,1076226.67,0,8,134,12,0,3,Theater
Kenny Wayne Shepherd,2027-03-25,,LIVE NATION MUSIC,512523.77,1084321.07,3587479.38,9,0,139,67,0,17,Theater
Caiola,2027-03-24,,LIVE NATION MUSIC,0.0,0.0,1500.0,0,0,0,2,0,0,Club
The Revolution,2027-03-24,,LIVE NATION MUSIC,0.0,0.0,0.0,0,0,5,9,0,0,Club
Niall Horan,2027-03-26,,LIVE NATION MUSIC,0.0,68141223.9,0.0,58,69,28,3,1,4,Arena
Michelle Branch,2027-03-25,,LIVE NATION MUSIC,0.0,0.0,0.0,0,0,2,13,0,0,Theater
The Interrupters,2027-03-26,,LIVE NATION MUSIC,0.0,95240.35,131504.91,1,0,8,19,0,0,Club
Bo Staloch,2027-03-26,,LIVE NATION MUSIC,32815.0,2370.0,0.0,0,0,0,10,0,0,Club
Kid Francescoli,2027-03-25,,LIVE NATION MUSIC,27287.25,51864.68,28235.56,0,0,1,12,0,2,Theater
Beyond,2027-03-26,,LIVE NATION MUSIC,0.0,0.0,0.0,0,0,1,0,0,0,Arena
Michelle Branch,2027-03-26,,LIVE NATION MUSIC,0.0,0.0,0.0,0,0,2,13,0,0,Club
"""Festival International de Jazz De Montreal"", Saint Levant",2027-03-27,,LIVE NATION MUSIC,0.0,0.0,0.0,0,0,0,1,0,0,Club
The Interrupters,2027-03-27,,LIVE NATION MUSIC,0.0,95240.35,131504.91,1,0,8,19,0,0,Club
The Revolution,2027-03-26,,HOUSE OF BLUES CONCERTS (HOB),0.0,0.0,0.0,0,0,5,9,0,0,Club
Beyond,2027-03-27,,LIVE NATION MUSIC,0.0,0.0,0.0,0,0,1,0,0,0,Arena
VNV Nation,2027-03-26,,LIVE NATION MUSIC,0.0,29482.12,98062.06,0,0,3,46,1,1,Club
VNV Nation,2027-03-26,,LIVE NATION MUSIC,0.0,29482.12,98062.06,0,0,3,46,1,1,Club
Niall Horan,2027-03-27,,LIVE NATION MUSIC,0.0,68141223.9,0.0,58,69,28,3,1,4,Arena
The Psychedelic Furs,2027-03-27,,HOUSE OF BLUES CONCERTS (HOB),348704.78,128136.68,135991.5,2,0,55,123,0,4,Club
The Psychedelic Furs,2027-03-28,,HOUSE OF BLUES CONCERTS (HOB),348704.78,128136.68,135991.5,2,0,55,123,0,4,Club
Calema,2027-03-28,,LIVE NATION MUSIC,626563.89,1107136.06,0.0,0,4,0,1,0,0,Arena
The Interrupters,2027-03-28,,HOUSE OF BLUES CONCERTS (HOB),0.0,95240.35,131504.91,1,0,8,19,0,0,Club
Yuridia,2027-03-27,,LIVE NATION MUSIC,3643074.04,11045017.92,1351399.31,0,24,43,2,8,1,Theater
Yuridia,2027-03-27,,LIVE NATION MUSIC,3643074.04,11045017.92,1351399.31,0,24,43,2,8,1,Theater
The Revolution,2027-03-27,,LIVE NATION MUSIC,0.0,0.0,0.0,0,0,5,9,0,0,Theater
Yuridia,2027-03-28,,LIVE NATION MUSIC,3643074.04,11045017.92,1351399.31,0,24,43,2,8,1,Theater
"""Festival International de Jazz De Montreal"", Saint Levant",2027-03-28,,LIVE NATION MUSIC,0.0,0.0,0.0,0,0,0,1,0,0,Theater
The Revolution,2027-03-28,,LIVE NATION MUSIC,0.0,0.0,0.0,0,0,5,9,0,0,Club
Arthur Hill,2027-03-30,,LIVE NATION MUSIC,74093.26000000001,27759.52,0.0,0,1,1,5,0,0,Club
SPEED,2027-03-30,,HOUSE OF BLUES CONCERTS (HOB),30152.31,0.0,0.0,0,0,0,1,0,0,Club
"""Festival International de Jazz De Montreal"", Saint Levant",2027-03-30,,LIVE NATION MUSIC,0.0,0.0,0.0,0,0,0,1,0,0,Club
"""Festival International de Jazz De Montreal"", Saint Levant",2027-03-31,,LIVE NATION MUSIC,0.0,0.0,0.0,0,0,0,1,0,0,Club
The Psychedelic Furs,2027-03-30,,LIVE NATION MUSIC,348704.78,128136.68,135991.5,2,0,55,123,0,4,Club
Arthur Hill,2027-03-31,,LIVE NATION MUSIC,74093.26000000001,27759.52,0.0,0,1,1,5,0,0,Theater
Death Cab For Cutie,2027-03-30,,LIVE NATION MUSIC,2718946.78,0.0,1048636.74,41,12,92,45,3,12,Theater
Nothing But Thieves,2027-03-31,,LIVE NATION MUSIC,606164.47,4488559.03,3193861.94,0,12,35,74,0,8,Theater
"""Festival International de Jazz De Montreal"", Saint Levant",2027-04-01,,LIVE NATION MUSIC,0.0,0.0,0.0,0,0,0,1,0,0,Club
Brit Floyd,2027-04-01,,LIVE NATION MUSIC,4801025.88,3935393.5,2580115.85,22,89,371,28,0,9,Club
The Revolution,2027-03-31,,LIVE NATION MUSIC,0.0,0.0,0.0,0,0,5,9,0,0,Theater
The Interrupters,2027-04-02,,LIVE NATION MUSIC,0.0,95240.35,131504.91,1,0,8,19,0,0,Club
Lukas Graham,2027-04-02,,LIVE NATION MUSIC,0.0,130586.66,0.0,0,1,12,24,0,0,Club
Crush,2027-04-02,,HOUSE OF BLUES CONCERTS (HOB),0.0,7569.67,0.0,0,0,2,4,0,0,Club
Riley Green,2027-04-01,,LIVE NATION MUSIC,16044323.77,11336207.41,4129193.53,48,55,33,29,2,11,Arena
Even,2027-04-02,,LIVE NATION MUSIC,0.0,0.0,0.0,0,0,0,2,0,0,Theater
Nothing But Thieves,2027-04-01,,LIVE NATION MUSIC,606164.47,4488559.03,3193861.94,0,12,35,74,0,8,Club
Graham Barham,2027-04-01,,LIVE NATION MUSIC,6420.0,0.0,0.0,0,0,1,0,0,0,Theater
The Mary Wallopers,2027-04-01,,LIVE NATION MUSIC,1839541.23,533118.83,208594.0,0,4,10,30,1,1,Theater
The Revolution,2027-04-01,,LIVE NATION TENNESSEE,0.0,0.0,0.0,0,0,5,9,0,0,Club
Chasing Abbey,2027-04-01,,LIVE NATION MUSIC,0.0,53043.38,0.0,0,0,4,8,0,1,Club
Oprah Winfrey,2027-04-02,,LIVE NATION MUSIC,3073006.18,0.0,0.0,0,13,2,0,0,1,Arena
Harry Styles,2027-04-02,,LIVE NATION MUSIC,0.0,0.0,252490036.3,1,117,15,2,33,5,Arena
Riley Green,2027-04-02,,LIVE NATION MUSIC,16044323.77,11336207.41,4129193.53,48,55,33,29,2,11,Arena
Cantina,2027-04-02,,LIVE NATION MUSIC,0.0,0.0,0.0,0,0,0,1,0,0,Club
VNV Nation,2027-04-03,,HOUSE OF BLUES CONCERTS (HOB),0.0,29482.12,98062.06,0,0,3,46,1,1,Club
The Psychedelic Furs,2027-04-02,,LIVE NATION MUSIC,348704.78,128136.68,135991.5,2,0,55,123,0,4,Theater
Coroner,2027-04-03,,LIVE NATION MUSIC,0.0,0.0,0.0,0,0,0,1,0,0,Theater
The Psychedelic Furs,2027-04-02,,LIVE NATION MUSIC,348704.78,128136.68,135991.5,2,0,55,123,0,4,Theater
The Mary Wallopers,2027-04-02,,LIVE NATION MUSIC,1839541.23,533118.83,208594.0,0,4,10,30,1,1,Club
The Revolution,2027-04-02,,LIVE NATION MUSIC,0.0,0.0,0.0,0,0,5,9,0,0,Club
Graham Barham,2027-04-02,,LIVE NATION MUSIC,6420.0,0.0,0.0,0,0,1,0,0,0,Theater
Oprah Winfrey,2027-04-03,,LIVE NATION MUSIC,3073006.18,0.0,0.0,0,13,2,0,0,1,Arena
Oprah Winfrey,2027-04-04,,LIVE NATION MUSIC,3073006.18,0.0,0.0,0,13,2,0,0,1,Arena
Niall Horan,2027-04-04,,LIVE NATION MUSIC,0.0,68141223.9,0.0,58,69,28,3,1,4,Arena
Harry Styles,2027-04-03,,LIVE NATION MUSIC,0.0,0.0,252490036.3,1,117,15,2,33,5,Arena
"Asim Azhar, AUR",2027-04-04,,LIVE NATION MUSIC,43904.0,0.0,0.0,0,0,0,2,0,0,Theater
The Interrupters,2027-04-04,,LIVE NATION MUSIC,0.0,95240.35,131504.91,1,0,8,19,0,0,Club
"""Festival International de Jazz De Montreal"", Saint Levant",2027-04-03,,LIVE NATION MUSIC,0.0,0.0,0.0,0,0,0,1,0,0,Club
Riley Green,2027-04-03,,LIVE NATION GLOBAL TOURING,16044323.77,11336207.41,4129193.53,48,55,33,29,2,11,Arena
"""Festival International de Jazz De Montreal"", Saint Levant",2027-04-03,,LIVE NATION MUSIC,0.0,0.0,0.0,0,0,0,1,0,0,Club
"""Festival International de Jazz De Montreal"", Saint Levant",2027-04-03,,LIVE NATION MUSIC,0.0,0.0,0.0,0,0,0,1,0,0,Club
Lukas Graham,2027-04-03,,LIVE NATION MUSIC,0.0,130586.66,0.0,0,1,12,24,0,0,Theater
The Revolution,2027-04-03,,LIVE NATION MUSIC,0.0,0.0,0.0,0,0,5,9,0,0,Theater
"Anarbor, Valencia",2027-04-03,,LIVE NATION MUSIC,0.0,0.0,0.0,0,0,0,1,0,0,Club
Brandy Clark,2027-04-03,,FRANK PRODUCTIONS,21221.75,98619.85,116164.0,0,0,6,38,0,0,Club
Oprah Winfrey,2027-04-04,,LIVE NATION MUSIC,3073006.18,0.0,0.0,0,13,2,0,0,1,Arena
Nothing But Thieves,2027-04-04,,LIVE NATION MUSIC,606164.47,4488559.03,3193861.94,0,12,35,74,0,8,Club
The Psychedelic Furs,2027-04-04,,LIVE NATION MUSIC,348704.78,128136.68,135991.5,2,0,55,123,0,4,Club
Brandy Clark,2027-04-04,,LIVE NATION MUSIC,21221.75,98619.85,116164.0,0,0,6,38,0,0,Theater
The Revolution,2027-04-04,,LIVE NATION MUSIC,0.0,0.0,0.0,0,0,5,9,0,0,Club
"""Festival International de Jazz De Montreal"", Saint Levant",2027-04-06,,LIVE NATION MUSIC,0.0,0.0,0.0,0,0,0,1,0,0,Club
SPEED,2027-04-05,,LIVE NATION MUSIC,30152.31,0.0,0.0,0,0,0,1,0,0,Club
Aiden,2027-04-05,,LIVE NATION MUSIC,0.0,0.0,0.0,0,0,0,9,0,0,Club
The Interrupters,2027-04-07,,LIVE NATION MUSIC,0.0,95240.35,131504.91,1,0,8,19,0,0,Club
"""Festival International de Jazz De Montreal"", Saint Levant",2027-04-07,,LIVE NATION MUSIC,0.0,0.0,0.0,0,0,0,1,0,0,Club
The Rock Orchestra,2027-04-06,,LIVE NATION MUSIC,14025278.03,748084.85,131796.0,0,12,144,9,1,10,Arena
Calema,2027-04-06,,HOUSE OF BLUES CONCERTS (HOB),626563.89,1107136.06,0.0,0,4,0,1,0,0,Arena
Lukas Graham,2027-04-07,,LIVE NATION MUSIC,0.0,130586.66,0.0,0,1,12,24,0,0,Theater
The Revolution,2027-04-07,,LIVE NATION MUSIC,0.0,0.0,0.0,0,0,5,9,0,0,Club
Niall Horan,2027-04-08,,LIVE NATION MUSIC,0.0,68141223.9,0.0,58,69,28,3,1,4,Arena
Death Cab For Cutie,2027-04-07,,LIVE NATION MUSIC,2718946.78,0.0,1048636.74,41,12,92,45,3,12,Theater
Lukas Graham,2027-04-08,,LIVE NATION MUSIC,0.0,130586.66,0.0,0,1,12,24,0,0,Arena
Nothing But Thieves,2027-04-07,,LIVE NATION MUSIC,606164.47,4488559.03,3193861.94,0,12,35,74,0,8,Club
Kenny Wayne Shepherd,2027-04-07,,LIVE NATION MUSIC,512523.77,1084321.07,3587479.38,9,0,139,67,0,17,Theater
40 Fingers,2027-04-07,,FRANK PRODUCTIONS,47718.649999999994,0.0,70824.0,0,1,8,13,0,4,Theater
VNV Nation,2027-04-07,,LIVE NATION MUSIC,0.0,29482.12,98062.06,0,0,3,46,1,1,Club
Calema,2027-04-07,,HOUSE OF BLUES CONCERTS (HOB),626563.89,1107136.06,0.0,0,4,0,1,0,0,Arena
Foy Vance,2027-04-07,,LIVE NATION MUSIC,0.0,67882.0,243802.99,0,0,20,42,0,6,Club
John Mayer,2027-04-08,,LIVE NATION MUSIC,0.0,12314225.74,62668434.55,92,222,4,0,7,3,Arena
Death Cab For Cutie,2027-04-08,,LIVE NATION MUSIC,2718946.78,0.0,1048636.74,41,12,92,45,3,12,Theater
The Revolution,2027-04-08,,LIVE NATION MUSIC,0.0,0.0,0.0,0,0,5,9,0,0,Arena
Braxton Keith,2027-04-09,,LIVE NATION MUSIC,976729.78,461719.5,69209.91,1,1,10,65,0,3,Club
VNV Nation,2027-04-09,,LIVE NATION MUSIC,0.0,29482.12,98062.06,0,0,3,46,1,1,Club
Chasing Abbey,2027-04-08,,LIVE NATION MUSIC,0.0,53043.38,0.0,0,0,4,8,0,1,Theater
"""Show &amp; Dance Gala""",2027-04-08,,LIVE NATION MUSIC,0.0,0.0,0.0,0,0,1,0,0,0,Theater
"""Show &amp; Dance Gala""",2027-04-08,,LIVE NATION MUSIC,0.0,0.0,0.0,0,0,1,0,0,0,Theater
Harry Styles,2027-04-09,,LIVE NATION MUSIC,0.0,0.0,252490036.3,1,117,15,2,33,5,Arena
"""Festival International de Jazz De Montreal"", Saint Levant",2027-04-09,,LIVE NATION MUSIC,0.0,0.0,0.0,0,0,0,1,0,0,Club
"Crowder, Zach Williams",2027-04-10,,LIVE NATION MUSIC,2091798.0,0.0,0.0,0,9,2,0,0,1,Amphitheatre
The Revolution,2027-04-09,,FRANK PRODUCTIONS,0.0,0.0,0.0,0,0,5,9,0,0,Theater
Ryan McMullan,2027-04-09,,LIVE NATION TENNESSEE,152266.37,17090.489999999998,57069.18,0,0,9,25,0,9,Club
Aiden,2027-04-09,,HOUSE OF BLUES CONCERTS (HOB),0.0,0.0,0.0,0,0,0,9,0,0,Club
40 Fingers,2027-04-09,,LIVE NATION MUSIC,47718.649999999994,0.0,70824.0,0,1,8,13,0,4,Theater
40 Fingers,2027-04-09,,LIVE NATION MUSIC,47718.649999999994,0.0,70824.0,0,1,8,13,0,4,Theater
John Mayer,2027-04-10,,LIVE NATION MUSIC,0.0,12314225.74,62668434.55,92,222,4,0,7,3,Arena
Harry Styles,2027-04-10,,LIVE NATION MUSIC,0.0,0.0,252490036.3,1,117,15,2,33,5,Arena
"""Festival International de Jazz De Montreal"", Saint Levant",2027-04-10,,LIVE NATION MUSIC,0.0,0.0,0.0,0,0,0,1,0,0,Club
The Psychedelic Furs,2027-04-10,,LIVE NATION MUSIC,348704.78,128136.68,135991.5,2,0,55,123,0,4,Theater
Nothing But Thieves,2027-04-11,,LIVE NATION MUSIC,606164.47,4488559.03,3193861.94,0,12,35,74,0,8,Club
Lukas Graham,2027-04-11,,LIVE NATION MUSIC,0.0,130586.66,0.0,0,1,12,24,0,0,Club
Tommy James &amp; The Shondells,2027-04-10,,LIVE NATION MUSIC,322948.1,239479.95,196002.0,0,0,20,2,0,0,Theater
Lukas Graham,2027-04-10,,LIVE NATION MUSIC,0.0,130586.66,0.0,0,1,12,24,0,0,Theater
Armored Saint,2027-04-10,,HOUSE OF BLUES CONCERTS (HOB),0.0,0.0,0.0,0,0,0,3,0,0,Club
The Revolution,2027-04-10,,LIVE NATION MUSIC,0.0,0.0,0.0,0,0,5,9,0,0,Theater
Graham Barham,2027-04-10,,FRANK PRODUCTIONS,6420.0,0.0,0.0,0,0,1,0,0,0,Theater
John Mayer,2027-04-11,,LIVE NATION MUSIC,0.0,12314225.74,62668434.55,92,222,4,0,7,3,Arena
Niall Horan,2027-04-12,,LIVE NATION MUSIC,0.0,68141223.9,0.0,58,69,28,3,1,4,Arena
Iceage,2027-04-12,,LIVE NATION MUSIC,0.0,0.0,0.0,0,0,0,18,0,3,Club
SPEED,2027-04-12,,LIVE NATION MUSIC,30152.31,0.0,0.0,0,0,0,1,0,0,Club
Nothing But Thieves,2027-04-12,,LIVE NATION MUSIC,606164.47,4488559.03,3193861.94,0,12,35,74,0,8,Club
Niall Horan,2027-04-13,,LIVE NATION MUSIC,0.0,68141223.9,0.0,58,69,28,3,1,4,Arena
Nothing But Thieves,2027-04-13,,LIVE NATION MUSIC,606164.47,4488559.03,3193861.94,0,12,35,74,0,8,Club
Niall Horan,2027-04-13,,LIVE NATION MUSIC,0.0,68141223.9,0.0,58,69,28,3,1,4,Arena
The Interrupters,2027-04-13,,HOUSE OF BLUES CONCERTS (HOB),0.0,95240.35,131504.91,1,0,8,19,0,0,Club
SPEED,2027-04-14,,LIVE NATION MUSIC,30152.31,0.0,0.0,0,0,0,1,0,0,Club
The Interrupters,2027-04-14,,LIVE NATION MUSIC,0.0,95240.35,131504.91,1,0,8,19,0,0,Theater
"""Festival International de Jazz De Montreal"", Saint Levant",2027-04-13,,LIVE NATION MUSIC,0.0,0.0,0.0,0,0,0,1,0,0,Club
Aiden,2027-04-13,,LIVE NATION TENNESSEE,0.0,0.0,0.0,0,0,0,9,0,0,Club
Niall Horan,2027-04-15,,LIVE NATION MUSIC,0.0,68141223.9,0.0,58,69,28,3,1,4,Arena
Harry Styles,2027-04-14,,LIVE NATION MUSIC,0.0,0.0,252490036.3,1,117,15,2,33,5,Arena
Nothing But Thieves,2027-04-15,,LIVE NATION MUSIC,606164.47,4488559.03,3193861.94,0,12,35,74,0,8,Theater
Iceage,2027-04-14,,LIVE NATION MUSIC,0.0,0.0,0.0,0,0,0,18,0,3,Club
"Mic Crenshaw, Special Guests",2027-04-15,,LIVE NATION MUSIC,0.0,0.0,0.0,0,0,0,1,0,0,Amphitheatre
The Revolution,2027-04-14,,LIVE NATION MUSIC,0.0,0.0,0.0,0,0,5,9,0,0,Theater
John Mayer,2027-04-15,,LIVE NATION MUSIC,0.0,12314225.74,62668434.55,92,222,4,0,7,3,Arena
The Interrupters,2027-04-16,,LIVE NATION MUSIC,0.0,95240.35,131504.91,1,0,8,19,0,0,Club
The Revolution,2027-04-15,,LIVE NATION MUSIC,0.0,0.0,0.0,0,0,5,9,0,0,Arena
Niall Horan,2027-04-17,,LIVE NATION MUSIC,0.0,68141223.9,0.0,58,69,28,3,1,4,Arena
Harry Styles,2027-04-16,,LIVE NATION MUSIC,0.0,0.0,252490036.3,1,117,15,2,33,5,Arena
Nothing But Thieves,2027-04-17,,LIVE NATION MUSIC,606164.47,4488559.03,3193861.94,0,12,35,74,0,8,Club
Nothing But Thieves,2027-04-16,,LIVE NATION MUSIC,606164.47,4488559.03,3193861.94,0,12,35,74,0,8,Club
The Psychedelic Furs,2027-04-16,,LIVE NATION MUSIC,348704.78,128136.68,135991.5,2,0,55,123,0,4,Club
"""Past, Present, Future: A Dance Gala""",2027-04-17,,LIVE NATION MUSIC,0.0,0.0,0.0,0,0,1,0,0,0,Theater
The Interrupters,2027-04-17,,LIVE NATION MUSIC,0.0,95240.35,131504.91,1,0,8,19,0,0,Club
Death Cab For Cutie,2027-04-16,,LIVE NATION MUSIC,2718946.78,0.0,1048636.74,41,12,92,45,3,12,Arena
"""Festival International de Jazz De Montreal"", Saint Levant",2027-04-16,,LIVE NATION MUSIC,0.0,0.0,0.0,0,0,0,1,0,0,Theater
The Revolution,2027-04-16,,LIVE NATION MUSIC,0.0,0.0,0.0,0,0,5,9,0,0,Club
John Mayer,2027-04-17,,LIVE NATION MUSIC,0.0,12314225.74,62668434.55,92,222,4,0,7,3,Arena
Harry Styles,2027-04-17,,LIVE NATION MUSIC,0.0,0.0,252490036.3,1,117,15,2,33,5,Arena
The Warning,2027-04-17,,LIVE NATION MUSIC,1836729.79,256474.85,812677.2999999999,0,1,15,17,0,2,Theater
"""Past, Present, Future: A Dance Gala""",2027-04-18,,LIVE NATION MUSIC,0.0,0.0,0.0,0,0,1,0,0,0,Theater
The Revolution,2027-04-17,,LIVE NATION MUSIC,0.0,0.0,0.0,0,0,5,9,0,0,Club
John Mayer,2027-04-18,,LIVE NATION MUSIC,0.0,12314225.74,62668434.55,92,222,4,0,7,3,Arena
Nothing But Thieves,2027-04-19,,LIVE NATION MUSIC,606164.47,4488559.03,3193861.94,0,12,35,74,0,8,Club
The Warning,2027-04-18,,LIVE NATION MUSIC,1836729.79,256474.85,812677.2999999999,0,1,15,17,0,2,Club
The Interrupters,2027-04-18,,LIVE NATION MUSIC,0.0,95240.35,131504.91,1,0,8,19,0,0,Club
"""Festival International de Jazz De Montreal"", Saint Levant",2027-04-18,,LIVE NATION MUSIC,0.0,0.0,0.0,0,0,0,1,0,0,Theater
Aiden,2027-04-18,,LIVE NATION MUSIC,0.0,0.0,0.0,0,0,0,9,0,0,Club
The Simon &amp; Garfunkel Story,2027-04-18,,LIVE NATION MUSIC,2199064.31,2141433.65,1076226.67,0,8,134,12,0,3,Theater
The Revolution,2027-04-18,,LIVE NATION MUSIC,0.0,0.0,0.0,0,0,5,9,0,0,Arena
Angèle,2027-04-21,,LIVE NATION MUSIC,0.0,0.0,1167009.33,0,7,0,1,0,0,Arena
The Interrupters,2027-04-21,,LIVE NATION MUSIC,0.0,95240.35,131504.91,1,0,8,19,0,0,Club
"""Festival International de Jazz De Montreal"", Saint Levant",2027-04-20,,LIVE NATION MUSIC,0.0,0.0,0.0,0,0,0,1,0,0,Amphitheatre
"""Festival International de Jazz De Montreal"", Saint Levant",2027-04-21,,LIVE NATION MUSIC,0.0,0.0,0.0,0,0,0,1,0,0,Arena
The Revolution,2027-04-21,,LIVE NATION MUSIC,0.0,0.0,0.0,0,0,5,9,0,0,Club
Ha*Ash,2027-04-22,,LIVE NATION MUSIC,7294255.04,2716520.84,9867932.36,5,35,71,8,9,8,Arena
"""Festival International de Jazz De Montreal"", Saint Levant",2027-04-22,,LIVE NATION MUSIC,0.0,0.0,0.0,0,0,0,1,0,0,Club
Aiden,2027-04-23,,LIVE NATION MUSIC,0.0,0.0,0.0,0,0,0,9,0,0,Club
Chasing Abbey,2027-04-23,,LIVE NATION MUSIC,0.0,53043.38,0.0,0,0,4,8,0,1,Club
Aiden,2027-04-22,,LIVE NATION MUSIC,0.0,0.0,0.0,0,0,0,9,0,0,Club
The Revolution,2027-04-22,,LIVE NATION MUSIC,0.0,0.0,0.0,0,0,5,9,0,0,Theater
Harry Styles,2027-04-23,,LIVE NATION MUSIC,0.0,0.0,252490036.3,1,117,15,2,33,5,Arena
Ha*Ash,2027-04-23,,LIVE NATION MUSIC,7294255.04,2716520.84,9867932.36,5,35,71,8,9,8,Theater
"Colorado Symphony Orchestra, Nathaniel Rateliff",2027-04-24,,LIVE NATION MUSIC,0.0,0.0,0.0,1,0,0,0,0,0,Amphitheatre
Blond,2027-04-24,,LIVE NATION MUSIC,148689.98,5401.19,41037.98,0,1,0,4,0,0,Club
cbdb,2027-04-23,,LIVE NATION MUSIC,0.0,0.0,0.0,0,0,0,7,0,2,Club
The Revolution,2027-04-23,,LIVE NATION MUSIC,0.0,0.0,0.0,0,0,5,9,0,0,Theater
Harry Styles,2027-04-24,,LIVE NATION MUSIC,0.0,0.0,252490036.3,1,117,15,2,33,5,Arena
Angèle,2027-04-24,,LIVE NATION MUSIC,0.0,0.0,1167009.33,0,7,0,1,0,0,Arena
The Psychedelic Furs,2027-04-24,,LIVE NATION MUSIC,348704.78,128136.68,135991.5,2,0,55,123,0,4,Arena
The Interrupters,2027-04-24,,LIVE NATION MUSIC,0.0,95240.35,131504.91,1,0,8,19,0,0,Club
The Revolution,2027-04-24,,LIVE NATION MUSIC,0.0,0.0,0.0,0,0,5,9,0,0,Club
Ha*Ash,2027-04-25,,LIVE NATION MUSIC,7294255.04,2716520.84,9867932.36,5,35,71,8,9,8,Theater
"""Festival International de Jazz De Montreal"", Saint Levant",2027-04-25,,LIVE NATION MUSIC,0.0,0.0,0.0,0,0,0,1,0,0,Theater
Niall Horan,2027-04-28,,LIVE NATION MUSIC,0.0,68141223.9,0.0,58,69,28,3,1,4,Arena
Foreigner,2027-04-27,,LIVE NATION MUSIC,4596449.8100000005,11875665.37,25312945.81,108,79,178,18,2,34,Theater
Paloma Morphy,2027-04-27,,LIVE NATION MUSIC,42344.81,0.0,0.0,0,0,0,1,0,0,Club
The Revolution,2027-04-27,,LIVE NATION MUSIC,0.0,0.0,0.0,0,0,5,9,0,0,Arena
Ha*Ash,2027-04-28,,LIVE NATION MUSIC,7294255.04,2716520.84,9867932.36,5,35,71,8,9,8,Theater
The Psychedelic Furs,2027-04-28,,LIVE NATION MUSIC,348704.78,128136.68,135991.5,2,0,55,123,0,4,Club
Mass Of The Fermenting Dregs,2027-04-28,,LIVE NATION MUSIC,22795.97,61190.17,0.0,0,0,1,5,0,0,Club
The Warning,2027-04-28,,LIVE NATION MUSIC,1836729.79,256474.85,812677.2999999999,0,1,15,17,0,2,Theater
Riley Green,2027-04-29,,LIVE NATION MUSIC,16044323.77,11336207.41,4129193.53,48,55,33,29,2,11,Amphitheatre
The Revolution,2027-04-28,,LIVE NATION MUSIC,0.0,0.0,0.0,0,0,5,9,0,0,Club
Niall Horan,2027-04-29,,LIVE NATION MUSIC,0.0,68141223.9,0.0,58,69,28,3,1,4,Arena
Riley Green,2027-04-30,,LIVE NATION MUSIC,16044323.77,11336207.41,4129193.53,48,55,33,29,2,11,Arena
"""Festival International de Jazz De Montreal"", Saint Levant",2027-04-29,,LIVE NATION MUSIC,0.0,0.0,0.0,0,0,0,1,0,0,Club
Stayin' Alive: One Night of the Bee Gees,2027-04-29,,EMPORIUM PRESENTS,378531.16,252820.95,192930.21,0,0,20,6,0,0,Theater
Ha*Ash,2027-04-29,,LIVE NATION MUSIC,7294255.04,2716520.84,9867932.36,5,35,71,8,9,8,Theater
Ha*Ash,2027-04-29,,LIVE NATION MUSIC,7294255.04,2716520.84,9867932.36,5,35,71,8,9,8,Theater
Graham Barham,2027-04-29,,FRANK PRODUCTIONS,6420.0,0.0,0.0,0,0,1,0,0,0,Theater
Harry Styles,2027-04-30,,LIVE NATION MUSIC,0.0,0.0,252490036.3,1,117,15,2,33,5,Arena
Foreigner,2027-04-30,,LIVE NATION MUSIC,4596449.8100000005,11875665.37,25312945.81,108,79,178,18,2,34,Theater
Riley Green,2027-05-01,,LIVE NATION MUSIC,16044323.77,11336207.41,4129193.53,48,55,33,29,2,11,Arena
"""SummerStage"", Two Door Cinema Club, Friends",2027-05-01,,LIVE NATION MUSIC,0.0,0.0,0.0,1,0,0,0,0,0,Amphitheatre
The Interrupters,2027-04-30,,LIVE NATION MUSIC,0.0,95240.35,131504.91,1,0,8,19,0,0,Club
Josiah Queen,2027-04-30,,LIVE NATION MUSIC,1064499.5,433700.0,0.0,1,1,36,27,0,1,Arena
Mass Of The Fermenting Dregs,2027-04-30,,LIVE NATION MUSIC,22795.97,61190.17,0.0,0,0,1,5,0,0,Club
"Four By Four - Tribute to The Beach Boys, Beatles, Bee Gees &amp; Motown",2027-05-01,,LIVE NATION MUSIC,0.0,36110.45,63630.0,0,0,3,1,0,0,Theater
The Psychedelic Furs,2027-05-01,,LIVE NATION MUSIC,348704.78,128136.68,135991.5,2,0,55,123,0,4,Arena
Michael Monroe,2027-05-01,,LIVE NATION MUSIC,0.0,0.0,0.0,0,0,0,1,0,0,Theater
Stayin' Alive: One Night of the Bee Gees,2027-04-30,,EMPORIUM PRESENTS,378531.16,252820.95,192930.21,0,0,20,6,0,0,Theater
The Warning,2027-04-30,,LIVE NATION MUSIC,1836729.79,256474.85,812677.2999999999,0,1,15,17,0,2,Arena
Terrian,2027-04-30,,LIVE NATION MUSIC,1945.0,0.0,0.0,0,0,0,1,0,0,Club
The Revolution,2027-04-30,,LIVE NATION MUSIC,0.0,0.0,0.0,0,0,5,9,0,0,Theater
The Warning,2027-04-30,,LIVE NATION MUSIC,1836729.79,256474.85,812677.2999999999,0,1,15,17,0,2,Arena
Harry Styles,2027-05-01,,LIVE NATION MUSIC,0.0,0.0,252490036.3,1,117,15,2,33,5,Arena
Lizzy McAlpine,2027-05-01,,LIVE NATION MUSIC,0.0,3921272.26,471429.5,1,2,11,12,0,1,Theater
Niall Horan,2027-05-01,,LIVE NATION MUSIC,0.0,68141223.9,0.0,58,69,28,3,1,4,Arena
Niall Horan,2027-05-01,,LIVE NATION MUSIC,0.0,68141223.9,0.0,58,69,28,3,1,4,Arena
The Revolution,2027-05-01,,HOUSE OF BLUES CONCERTS (HOB),0.0,0.0,0.0,0,0,5,9,0,0,Club
Niall Horan,2027-05-02,,LIVE NATION MUSIC,0.0,68141223.9,0.0,58,69,28,3,1,4,Arena
Ha*Ash,2027-05-02,,LIVE NATION MUSIC,7294255.04,2716520.84,9867932.36,5,35,71,8,9,8,Theater
Foreigner,2027-05-02,,LIVE NATION MUSIC,4596449.8100000005,11875665.37,25312945.81,108,79,178,18,2,34,Theater
"""Festival International de Jazz De Montreal"", Saint Levant",2027-05-02,,LIVE NATION MUSIC,0.0,0.0,0.0,0,0,0,1,0,0,Club
The Interrupters,2027-05-02,,LIVE NATION MUSIC,0.0,95240.35,131504.91,1,0,8,19,0,0,Club
The Warning,2027-05-02,,LIVE NATION MUSIC,1836729.79,256474.85,812677.2999999999,0,1,15,17,0,2,Arena
Mass Of The Fermenting Dregs,2027-05-02,,LIVE NATION MUSIC,22795.97,61190.17,0.0,0,0,1,5,0,0,Theater
"""Festival International de Jazz De Montreal"", Saint Levant",2027-05-03,,LIVE NATION MUSIC,0.0,0.0,0.0,0,0,0,1,0,0,Club
"""Festival International de Jazz De Montreal"", Saint Levant",2027-05-04,,LIVE NATION MUSIC,0.0,0.0,0.0,0,0,0,1,0,0,Club
"""SummerStage"", Two Door Cinema Club, Friends",2027-05-05,,FRANK PRODUCTIONS,0.0,0.0,0.0,1,0,0,0,0,0,Theater
The Warning,2027-05-06,,LIVE NATION MUSIC,1836729.79,256474.85,812677.2999999999,0,1,15,17,0,2,Club
"""SummerStage"", Two Door Cinema Club, Friends",2027-05-06,,FRANK PRODUCTIONS,0.0,0.0,0.0,1,0,0,0,0,0,Theater
French 79,2027-05-05,,LIVE NATION MUSIC,0.0,92369.72,62875.06,0,0,1,9,0,1,Club
Riley Green,2027-05-06,,LIVE NATION MUSIC,16044323.77,11336207.41,4129193.53,48,55,33,29,2,11,Arena
Ha*Ash,2027-05-06,,LIVE NATION MUSIC,7294255.04,2716520.84,9867932.36,5,35,71,8,9,8,Theater
Paloma Morphy,2027-05-07,,LIVE NATION MUSIC,42344.81,0.0,0.0,0,0,0,1,0,0,Club
French 79,2027-05-06,,LIVE NATION MUSIC,0.0,92369.72,62875.06,0,0,1,9,0,1,Club
Paloma Morphy,2027-05-07,,LIVE NATION MUSIC,42344.81,0.0,0.0,0,0,0,1,0,0,Club
The Revolution,2027-05-06,,LIVE NATION MUSIC,0.0,0.0,0.0,0,0,5,9,0,0,Club
"The Floozies, Too Many Zooz",2027-05-06,,LIVE NATION MUSIC,0.0,0.0,0.0,0,0,0,5,0,0,Club
"The Floozies, Too Many Zooz",2027-05-06,,LIVE NATION MUSIC,0.0,0.0,0.0,0,0,0,5,0,0,Club
"""Festival International de Jazz De Montreal"", Saint Levant",2027-05-07,,LIVE NATION MUSIC,0.0,0.0,0.0,0,0,0,1,0,0,Club
Riley Green,2027-05-07,,LIVE NATION MUSIC,16044323.77,11336207.41,4129193.53,48,55,33,29,2,11,Arena
French 79,2027-05-07,,LIVE NATION MUSIC,0.0,92369.72,62875.06,0,0,1,9,0,1,Theater
The Revolution,2027-05-07,,LIVE NATION MUSIC,0.0,0.0,0.0,0,0,5,9,0,0,Theater
Ha*Ash,2027-05-08,,LIVE NATION MUSIC,7294255.04,2716520.84,9867932.36,5,35,71,8,9,8,Theater
Chris Mitchell,2027-05-08,,LIVE NATION MUSIC,0.0,0.0,0.0,0,0,0,1,0,0,Arena
Terrian,2027-05-08,,LIVE NATION MUSIC,1945.0,0.0,0.0,0,0,0,1,0,0,Club
Chris Mitchell,2027-05-09,,LIVE NATION MUSIC,0.0,0.0,0.0,0,0,0,1,0,0,Club
The Revolution,2027-05-08,,LIVE NATION MUSIC,0.0,0.0,0.0,0,0,5,9,0,0,Club
Ha*Ash,2027-05-09,,LIVE NATION MUSIC,7294255.04,2716520.84,9867932.36,5,35,71,8,9,8,Theater
"""Festival International de Jazz De Montreal"", Saint Levant",2027-05-09,,LIVE NATION MUSIC,0.0,0.0,0.0,0,0,0,1,0,0,Club
"""Festival International de Jazz De Montreal"", Saint Levant",2027-05-10,,LIVE NATION MUSIC,0.0,0.0,0.0,0,0,0,1,0,0,Theater
"""SummerStage"", Two Door Cinema Club, Friends",2027-05-10,,LIVE NATION MUSIC,0.0,0.0,0.0,1,0,0,0,0,0,Arena
The Revolution,2027-05-11,,LIVE NATION MUSIC,0.0,0.0,0.0,0,0,5,9,0,0,Theater
Santana,2027-05-12,,HOUSE OF BLUES CONCERTS (HOB),10372269.62,0.0,3349278.95,59,103,47,16,7,8,Arena
Ha*Ash,2027-05-12,,LIVE NATION MUSIC,7294255.04,2716520.84,9867932.36,5,35,71,8,9,8,Arena
Metallica,2027-05-13,,LIVE NATION MUSIC,137107458.47,179373637.38,146435306.85,0,95,4,4,135,10,Stadium
Santana,2027-05-13,,HOUSE OF BLUES CONCERTS (HOB),10372269.62,0.0,3349278.95,59,103,47,16,7,8,Arena
Valery Meladze,2027-05-13,,HOUSE OF BLUES CONCERTS (HOB),158721.0,0.0,0.0,0,1,1,0,0,0,Arena
Niall Horan,2027-05-14,,LIVE NATION MUSIC,0.0,68141223.9,0.0,58,69,28,3,1,4,Arena
Ha*Ash,2027-05-14,,LIVE NATION MUSIC,7294255.04,2716520.84,9867932.36,5,35,71,8,9,8,Amphitheatre
Two Friends,2027-05-15,,LIVE NATION MUSIC,1519122.6,2266046.77,601149.51,3,2,7,26,0,1,Amphitheatre
The Revolution,2027-05-14,,LIVE NATION MUSIC,0.0,0.0,0.0,0,0,5,9,0,0,Club
Santana,2027-05-15,,HOUSE OF BLUES CONCERTS (HOB),10372269.62,0.0,3349278.95,59,103,47,16,7,8,Arena
Mass Of The Fermenting Dregs,2027-05-15,,LIVE NATION MUSIC,22795.97,61190.17,0.0,0,0,1,5,0,0,Club
Ha*Ash,2027-05-15,,LIVE NATION MUSIC,7294255.04,2716520.84,9867932.36,5,35,71,8,9,8,Arena
The Warning,2027-05-15,,LIVE NATION MUSIC,1836729.79,256474.85,812677.2999999999,0,1,15,17,0,2,Club
The Revolution,2027-05-15,,LIVE NATION MUSIC,0.0,0.0,0.0,0,0,5,9,0,0,Theater
Niall Horan,2027-05-16,,LIVE NATION MUSIC,0.0,68141223.9,0.0,58,69,28,3,1,4,Arena
Santana,2027-05-16,,HOUSE OF BLUES CONCERTS (HOB),10372269.62,0.0,3349278.95,59,103,47,16,7,8,Arena
Ha*Ash,2027-05-16,,LIVE NATION MUSIC,7294255.04,2716520.84,9867932.36,5,35,71,8,9,8,Theater
The Warning,2027-05-18,,LIVE NATION MUSIC,1836729.79,256474.85,812677.2999999999,0,1,15,17,0,2,Club
Metallica,2027-05-18,,LIVE NATION MUSIC,137107458.47,179373637.38,146435306.85,0,95,4,4,135,10,Stadium
Niall Horan,2027-05-18,,LIVE NATION MUSIC,0.0,68141223.9,0.0,58,69,28,3,1,4,Arena
The Airborne Toxic Event,2027-05-18,,LIVE NATION MUSIC,0.0,206894.08,118607.7,3,0,25,86,0,2,Club
Santana,2027-05-19,,HOUSE OF BLUES CONCERTS (HOB),10372269.62,0.0,3349278.95,59,103,47,16,7,8,Arena
Ha*Ash,2027-05-19,,LIVE NATION MUSIC,7294255.04,2716520.84,9867932.36,5,35,71,8,9,8,Theater
Harry Styles,2027-05-21,,LIVE NATION MUSIC,0.0,0.0,252490036.3,1,117,15,2,33,5,Arena
Niall Horan,2027-05-20,,LIVE NATION MUSIC,0.0,68141223.9,0.0,58,69,28,3,1,4,Arena
Riley Green,2027-05-20,,LIVE NATION MUSIC,16044323.77,11336207.41,4129193.53,48,55,33,29,2,11,Arena
Santana,2027-05-20,,HOUSE OF BLUES CONCERTS (HOB),10372269.62,0.0,3349278.95,59,103,47,16,7,8,Arena
The Airborne Toxic Event,2027-05-21,,LIVE NATION MUSIC,0.0,206894.08,118607.7,3,0,25,86,0,2,Club
Powerman 5000,2027-05-20,,LIVE NATION MUSIC,31590.0,13726.0,28273.24,0,0,1,37,0,0,Club
Metallica,2027-05-22,,LIVE NATION MUSIC,137107458.47,179373637.38,146435306.85,0,95,4,4,135,10,Stadium
Harry Styles,2027-05-22,,LIVE NATION MUSIC,0.0,0.0,252490036.3,1,117,15,2,33,5,Arena
Ha*Ash,2027-05-21,,LIVE NATION MUSIC,7294255.04,2716520.84,9867932.36,5,35,71,8,9,8,Theater
Riley Green,2027-05-21,,LIVE NATION MUSIC,16044323.77,11336207.41,4129193.53,48,55,33,29,2,11,Amphitheatre
Powerman 5000,2027-05-21,,LIVE NATION MUSIC,31590.0,13726.0,28273.24,0,0,1,37,0,0,Club
Billy Joel,2027-05-22,,LIVE NATION MUSIC,3491813.0,75703106.41,44904542.17,2,122,6,0,59,1,Amphitheatre
Niall Horan,2027-05-22,,LIVE NATION MUSIC,0.0,68141223.9,0.0,58,69,28,3,1,4,Arena
Santana,2027-05-22,,HOUSE OF BLUES CONCERTS (HOB),10372269.62,0.0,3349278.95,59,103,47,16,7,8,Arena
Riley Green,2027-05-22,,LIVE NATION MUSIC,16044323.77,11336207.41,4129193.53,48,55,33,29,2,11,Arena
"""SummerStage"", Two Door Cinema Club, Friends",2027-05-22,,LIVE NATION MUSIC,0.0,0.0,0.0,1,0,0,0,0,0,Amphitheatre
Ha*Ash,2027-05-22,,LIVE NATION MUSIC,7294255.04,2716520.84,9867932.36,5,35,71,8,9,8,Theater
The Airborne Toxic Event,2027-05-22,,LIVE NATION MUSIC,0.0,206894.08,118607.7,3,0,25,86,0,2,Theater
Chris Mitchell,2027-05-22,,HOUSE OF BLUES CONCERTS (HOB),0.0,0.0,0.0,0,0,0,1,0,0,Club
"Random Rab, SuperSillyus, Tor, Random Rab",2027-05-22,,LIVE NATION - NO LN CONCERTS BRANDING,0.0,0.0,0.0,0,0,0,1,0,0,Club
The Warning,2027-05-23,,LIVE NATION MUSIC,1836729.79,256474.85,812677.2999999999,0,1,15,17,0,2,Theater
Santana,2027-05-23,,HOUSE OF BLUES CONCERTS (HOB),10372269.62,0.0,3349278.95,59,103,47,16,7,8,Arena
The Airborne Toxic Event,2027-05-24,,HOUSE OF BLUES CONCERTS (HOB),0.0,206894.08,118607.7,3,0,25,86,0,2,Club
The Airborne Toxic Event,2027-05-25,,LIVE NATION MUSIC,0.0,206894.08,118607.7,3,0,25,86,0,2,Theater
Metallica,2027-05-26,,LIVE NATION MUSIC,137107458.47,179373637.38,146435306.85,0,95,4,4,135,10,Stadium
Niall Horan,2027-05-25,,LIVE NATION MUSIC,0.0,68141223.9,0.0,58,69,28,3,1,4,Arena
"""SummerStage"", Two Door Cinema Club, Friends",2027-05-26,,LIVE NATION MUSIC,0.0,0.0,0.0,1,0,0,0,0,0,Theater
Niall Horan,2027-05-27,,LIVE NATION MUSIC,0.0,68141223.9,0.0,58,69,28,3,1,4,Arena
Agnes Obel,2027-05-28,,LIVE NATION MUSIC,0.0,0.0,0.0,0,1,18,31,0,9,Club
The Airborne Toxic Event,2027-05-27,,LIVE NATION MUSIC,0.0,206894.08,118607.7,3,0,25,86,0,2,Theater
Metallica,2027-05-29,,LIVE NATION MUSIC,137107458.47,179373637.38,146435306.85,0,95,4,4,135,10,Stadium
Harry Styles,2027-05-28,,LIVE NATION MUSIC,0.0,0.0,252490036.3,1,117,15,2,33,5,Arena
"""SummerStage"", Two Door Cinema Club, Friends",2027-05-29,,LIVE NATION MUSIC,0.0,0.0,0.0,1,0,0,0,0,0,Theater
Odd Mob,2027-05-29,,LIVE NATION MUSIC,94725.0,9551.85,12639.25,0,0,1,5,0,0,Club
Harry Styles,2027-05-29,,LIVE NATION MUSIC,0.0,0.0,252490036.3,1,117,15,2,33,5,Arena
Harry Styles,2027-05-31,,LIVE NATION MUSIC,0.0,0.0,252490036.3,1,117,15,2,33,5,Arena
"Or, The Whale",2027-06-01,,LIVE NATION MUSIC,0.0,0.0,0.0,0,0,0,3,0,0,Arena
Metallica,2027-06-02,,LIVE NATION MUSIC,137107458.47,179373637.38,146435306.85,0,95,4,4,135,10,Stadium
Metallica,2027-06-02,,LIVE NATION MUSIC,137107458.47,179373637.38,146435306.85,0,95,4,4,135,10,Stadium
Tou,2027-06-01,,LIVE NATION MUSIC,0.0,348354.82999999996,0.0,0,0,0,1,0,1,Theater
Chase &amp; Status,2027-06-01,,LIVE NATION MUSIC,5812704.180000001,1281856.26,35822.04,3,14,7,12,1,1,Arena
Stick Figure,2027-06-03,,LIVE NATION MUSIC,6858928.33,8204918.15,5594889.79,31,0,13,88,3,8,Amphitheatre
Tou,2027-06-03,,LIVE NATION MUSIC,0.0,348354.82999999996,0.0,0,0,0,1,0,1,Club
Riley Green,2027-06-03,,LIVE NATION MUSIC,16044323.77,11336207.41,4129193.53,48,55,33,29,2,11,Amphitheatre
The Airborne Toxic Event,2027-06-03,,HOUSE OF BLUES CONCERTS (HOB),0.0,206894.08,118607.7,3,0,25,86,0,2,Club
Metallica,2027-06-05,,LIVE NATION MUSIC,137107458.47,179373637.38,146435306.85,0,95,4,4,135,10,Stadium
Harry Styles,2027-06-04,,LIVE NATION MUSIC,0.0,0.0,252490036.3,1,117,15,2,33,5,Arena
Tou,2027-06-04,,LIVE NATION MUSIC,0.0,348354.82999999996,0.0,0,0,0,1,0,1,Club
Harry Styles,2027-06-05,,LIVE NATION MUSIC,0.0,0.0,252490036.3,1,117,15,2,33,5,Arena
The Airborne Toxic Event,2027-06-06,,LIVE NATION MUSIC,0.0,206894.08,118607.7,3,0,25,86,0,2,Club
Metallica,2027-06-08,,LIVE NATION MUSIC,137107458.47,179373637.38,146435306.85,0,95,4,4,135,10,Stadium
Stick Figure,2027-06-09,,LIVE NATION MUSIC,6858928.33,8204918.15,5594889.79,31,0,13,88,3,8,Amphitheatre
Tou,2027-06-09,,LIVE NATION MUSIC,0.0,348354.82999999996,0.0,0,0,0,1,0,1,Club
The Airborne Toxic Event,2027-06-09,,LIVE NATION MUSIC,0.0,206894.08,118607.7,3,0,25,86,0,2,Club
Stick Figure,2027-06-11,,LIVE NATION MUSIC,6858928.33,8204918.15,5594889.79,31,0,13,88,3,8,Amphitheatre
Beyond,2027-06-11,,LIVE NATION MUSIC,0.0,0.0,0.0,0,0,1,0,0,0,Theater
Metallica,2027-06-12,,LIVE NATION MUSIC,137107458.47,179373637.38,146435306.85,0,95,4,4,135,10,Stadium
Metallica,2027-06-12,,LIVE NATION MUSIC,137107458.47,179373637.38,146435306.85,0,95,4,4,135,10,Stadium
Tou,2027-06-11,,LIVE NATION MUSIC,0.0,348354.82999999996,0.0,0,0,0,1,0,1,Arena
Beyond,2027-06-12,,LIVE NATION MUSIC,0.0,0.0,0.0,0,0,1,0,0,0,Theater
Beyond,2027-06-13,,LIVE NATION MUSIC,0.0,0.0,0.0,0,0,1,0,0,0,Theater
Metallica,2027-06-15,,LIVE NATION MUSIC,137107458.47,179373637.38,146435306.85,0,95,4,4,135,10,Stadium
Tou,2027-06-14,,LIVE NATION MUSIC,0.0,348354.82999999996,0.0,0,0,0,1,0,1,Club
The Airborne Toxic Event,2027-06-15,,LIVE NATION MUSIC,0.0,206894.08,118607.7,3,0,25,86,0,2,Club
The Airborne Toxic Event,2027-06-17,,LIVE NATION MUSIC,0.0,206894.08,118607.7,3,0,25,86,0,2,Club
Riley Green,2027-06-18,,LIVE NATION MUSIC,16044323.77,11336207.41,4129193.53,48,55,33,29,2,11,Amphitheatre
Stick Figure,2027-06-18,,LIVE NATION MUSIC,6858928.33,8204918.15,5594889.79,31,0,13,88,3,8,Amphitheatre
Metallica,2027-06-19,,LIVE NATION MUSIC,137107458.47,179373637.38,146435306.85,0,95,4,4,135,10,Stadium
Stick Figure,2027-06-20,,LIVE NATION MUSIC,6858928.33,8204918.15,5594889.79,31,0,13,88,3,8,Theater
Stick Figure,2027-06-22,,LIVE NATION MUSIC,6858928.33,8204918.15,5594889.79,31,0,13,88,3,8,Amphitheatre
Stick Figure,2027-06-24,,LIVE NATION MUSIC,6858928.33,8204918.15,5594889.79,31,0,13,88,3,8,Club
Riley Green,2027-06-25,,LIVE NATION MUSIC,16044323.77,11336207.41,4129193.53,48,55,33,29,2,11,Theater
Beyond,2027-06-25,,LIVE NATION 3PE EVENT,0.0,0.0,0.0,0,0,1,0,0,0,Amphitheatre
Stick Figure,2027-06-26,,LIVE NATION MUSIC,6858928.33,8204918.15,5594889.79,31,0,13,88,3,8,Amphitheatre
Two Feet,2027-06-26,,LIVE NATION MUSIC,0.0,253832.39,83523.8,0,0,3,35,0,1,Theater
The Bacon Brothers,2027-06-26,,LIVE NATION MUSIC,138140.0,65000.0,279441.7,0,0,33,44,0,2,Club
Stick Figure,2027-06-29,,LIVE NATION MUSIC,6858928.33,8204918.15,5594889.79,31,0,13,88,3,8,Amphitheatre
Stick Figure,2027-07-01,,LIVE NATION MUSIC,6858928.33,8204918.15,5594889.79,31,0,13,88,3,8,Amphitheatre
Stick Figure,2027-07-03,,LIVE NATION MUSIC,6858928.33,8204918.15,5594889.79,31,0,13,88,3,8,Amphitheatre
Stick Figure,2027-07-08,,LIVE NATION MUSIC,6858928.33,8204918.15,5594889.79,31,0,13,88,3,8,Amphitheatre
Stick Figure,2027-07-10,,LIVE NATION MUSIC,6858928.33,8204918.15,5594889.79,31,0,13,88,3,8,Amphitheatre
Stick Figure,2027-07-13,,LIVE NATION MUSIC,6858928.33,8204918.15,5594889.79,31,0,13,88,3,8,Amphitheatre
Riley Green,2027-07-15,,LIVE NATION MUSIC,16044323.77,11336207.41,4129193.53,48,55,33,29,2,11,Amphitheatre
Riley Green,2027-07-16,,LIVE NATION MUSIC,16044323.77,11336207.41,4129193.53,48,55,33,29,2,11,Arena
Slipknot,2027-07-16,,LIVE NATION MUSIC,6958061.32,21214363.69,0.0,35,77,1,1,3,1,Arena
Stick Figure,2027-07-15,,LIVE NATION MUSIC,6858928.33,8204918.15,5594889.79,31,0,13,88,3,8,Amphitheatre
"Jorge Medina, Josi Cuen",2027-07-16,,LIVE NATION MUSIC,10398880.51,2168649.66,0.0,0,5,7,0,1,0,Arena
Stick Figure,2027-07-17,,LIVE NATION MUSIC,6858928.33,8204918.15,5594889.79,31,0,13,88,3,8,Amphitheatre
Slipknot,2027-07-18,,LIVE NATION - NO LN CONCERTS BRANDING,6958061.32,21214363.69,0.0,35,77,1,1,3,1,Arena
Riley Green,2027-07-22,,LIVE NATION MUSIC,16044323.77,11336207.41,4129193.53,48,55,33,29,2,11,Amphitheatre
Riley Green,2027-07-23,,LIVE NATION MUSIC,16044323.77,11336207.41,4129193.53,48,55,33,29,2,11,Arena
Riley Green,2027-07-24,,LIVE NATION MUSIC,16044323.77,11336207.41,4129193.53,48,55,33,29,2,11,Arena
Slipknot,2027-07-25,,LIVE NATION MUSIC,6958061.32,21214363.69,0.0,35,77,1,1,3,1,Arena
Slipknot,2027-07-28,,LIVE NATION MUSIC,6958061.32,21214363.69,0.0,35,77,1,1,3,1,Stadium
Riley Green,2027-07-29,,LIVE NATION MUSIC,16044323.77,11336207.41,4129193.53,48,55,33,29,2,11,Arena
Slipknot,2027-07-31,,LIVE NATION MUSIC,6958061.32,21214363.69,0.0,35,77,1,1,3,1,Arena
Riley Green,2027-07-30,,LIVE NATION MUSIC,16044323.77,11336207.41,4129193.53,48,55,33,29,2,11,Amphitheatre
Riley Green,2027-07-31,,FRANK PRODUCTIONS,16044323.77,11336207.41,4129193.53,48,55,33,29,2,11,Amphitheatre
Slipknot,2027-08-06,,LIVE NATION MUSIC,6958061.32,21214363.69,0.0,35,77,1,1,3,1,Arena
"""British Rock Royalty - Celebrating The Music Of Pink Floyd, Queen, The Who &amp; Led Zeppelin""",2027-08-06,,LIVE NATION MUSIC,0.0,0.0,0.0,1,0,2,0,0,0,Arena
Oasis,2027-08-10,,LIVE NATION MUSIC,37158264.73,0.0,0.0,0,0,0,0,5,0,Stadium
Slipknot,2027-08-09,,LIVE NATION MUSIC,6958061.32,21214363.69,0.0,35,77,1,1,3,1,Arena
Oasis,2027-08-13,,LIVE NATION MUSIC,37158264.73,0.0,0.0,0,0,0,0,5,0,Stadium
Oasis,2027-08-14,,LIVE NATION MUSIC,37158264.73,0.0,0.0,0,0,0,0,5,0,Stadium
Slipknot,2027-08-13,,LIVE NATION MUSIC,6958061.32,21214363.69,0.0,35,77,1,1,3,1,Stadium
Eden Muñoz,2027-08-14,,LIVE NATION MUSIC,7302851.02,2436886.0,955284.02,0,11,17,0,2,3,Theater
Eden Muñoz,2027-08-14,,LIVE NATION MUSIC,7302851.02,2436886.0,955284.02,0,11,17,0,2,3,Theater
Slipknot,2027-08-18,,LIVE NATION MUSIC,6958061.32,21214363.69,0.0,35,77,1,1,3,1,Arena
Oasis,2027-08-20,,LIVE NATION MUSIC,37158264.73,0.0,0.0,0,0,0,0,5,0,Stadium
Oasis,2027-08-21,,LIVE NATION MUSIC,37158264.73,0.0,0.0,0,0,0,0,5,0,Stadium
Oasis,2027-08-24,,LIVE NATION MUSIC,37158264.73,0.0,0.0,0,0,0,0,5,0,Stadium
Trey Songz,2027-08-27,,LIVE NATION MUSIC,0.0,760437.12,738288.35,0,9,37,12,0,0,Theater
Trey Songz,2027-08-28,,LIVE NATION MUSIC,0.0,760437.12,738288.35,0,9,37,12,0,0,Arena
Rod Stewart,2027-09-02,,LIVE NATION MUSIC,42201882.63,27452763.79,34856940.56,50,182,55,3,46,5,Amphitheatre
Rod Stewart,2027-09-03,,LIVE NATION MUSIC,42201882.63,27452763.79,34856940.56,50,182,55,3,46,5,Amphitheatre
Wasteland,2027-09-03,,LIVE NATION MUSIC,0.0,0.0,0.0,0,0,3,0,0,0,Arena
Wasteland,2027-09-04,,LIVE NATION MUSIC,0.0,0.0,0.0,0,0,3,0,0,0,Arena
Aria,2027-09-07,,LIVE NATION MUSIC,0.0,0.0,0.0,0,0,1,2,0,0,Arena
Marc Anthony,2027-09-10,,LIVE NATION MUSIC,1824500.65,27755458.7,22295734.14,5,213,30,0,14,9,Arena
Marc Anthony,2027-09-11,,LIVE NATION MUSIC,1824500.65,27755458.7,22295734.14,5,213,30,0,14,9,Arena
La Adictiva,2027-09-15,,LIVE NATION MUSIC,289346.06,271689.0,124021.75,0,5,6,1,0,0,Theater
Marc Anthony,2027-09-17,,LIVE NATION MUSIC,1824500.65,27755458.7,22295734.14,5,213,30,0,14,9,Arena
Marc Anthony,2027-09-18,,LIVE NATION MUSIC,1824500.65,27755458.7,22295734.14,5,213,30,0,14,9,Arena
Marc Anthony,2027-09-19,,LIVE NATION MUSIC,1824500.65,27755458.7,22295734.14,5,213,30,0,14,9,Arena
Mary Chapin Carpenter,2027-09-27,,FRANK PRODUCTIONS,1362399.69,0.0,785438.9,29,0,131,23,1,7,Theater
Yusuf / Cat Stevens,2027-09-28,,LIVE NATION MUSIC,0.0,0.0,870067.8200000001,0,22,19,0,2,1,Theater
Yusuf / Cat Stevens,2027-09-28,,LIVE NATION MUSIC,0.0,0.0,870067.8200000001,0,22,19,0,2,1,Theater
Yusuf / Cat Stevens,2027-09-28,,LIVE NATION MUSIC,0.0,0.0,870067.8200000001,0,22,19,0,2,1,Arena
Yusuf / Cat Stevens,2027-09-28,,LIVE NATION MUSIC,0.0,0.0,870067.8200000001,0,22,19,0,2,1,Arena
Yusuf / Cat Stevens,2027-09-28,,LIVE NATION MUSIC,0.0,0.0,870067.8200000001,0,22,19,0,2,1,Theater
Yusuf / Cat Stevens,2027-09-28,,LIVE NATION MUSIC,0.0,0.0,870067.8200000001,0,22,19,0,2,1,Theater
Yusuf / Cat Stevens,2027-09-29,,LIVE NATION MUSIC,0.0,0.0,870067.8200000001,0,22,19,0,2,1,Theater
Hilary Duff,2027-10-01,,LIVE NATION MUSIC,0.0,0.0,0.0,22,2,1,0,0,0,Arena
Hilary Duff,2027-10-02,,LIVE NATION MUSIC,0.0,0.0,0.0,22,2,1,0,0,0,Arena
Hilary Duff,2027-10-04,,LIVE NATION MUSIC,0.0,0.0,0.0,22,2,1,0,0,0,Arena
Hilary Duff,2027-10-06,,LIVE NATION MUSIC,0.0,0.0,0.0,22,2,1,0,0,0,Arena
Hilary Duff,2027-10-09,,LIVE NATION MUSIC,0.0,0.0,0.0,22,2,1,0,0,0,Arena
Hilary Duff,2027-10-11,,LIVE NATION MUSIC,0.0,0.0,0.0,22,2,1,0,0,0,Arena
Hilary Duff,2027-10-13,,LIVE NATION MUSIC,0.0,0.0,0.0,22,2,1,0,0,0,Arena
Hilary Duff,2027-10-15,,LIVE NATION MUSIC,0.0,0.0,0.0,22,2,1,0,0,0,Arena
Hilary Duff,2027-10-16,,LIVE NATION MUSIC,0.0,0.0,0.0,22,2,1,0,0,0,Arena
Eros Ramazzotti,2027-10-16,,LIVE NATION MUSIC,3153421.38,0.0,24001652.4,3,142,27,1,22,4,Theater
Hilary Duff,2027-11-05,,LIVE NATION MUSIC,0.0,0.0,0.0,22,2,1,0,0,0,Arena
Hilary Duff,2027-11-06,,LIVE NATION MUSIC,0.0,0.0,0.0,22,2,1,0,0,0,Arena
Hilary Duff,2027-11-08,,LIVE NATION MUSIC,0.0,0.0,0.0,22,2,1,0,0,0,Arena
Hilary Duff,2027-11-10,,LIVE NATION MUSIC,0.0,0.0,0.0,22,2,1,0,0,0,Arena
Hilary Duff,2027-11-12,,FRANK PRODUCTIONS,0.0,0.0,0.0,22,2,1,0,0,0,Amphitheatre
Hilary Duff,2027-11-14,,LIVE NATION MUSIC,0.0,0.0,0.0,22,2,1,0,0,0,Arena
Hilary Duff,2027-11-15,,LIVE NATION MUSIC,0.0,0.0,0.0,22,2,1,0,0,0,Arena
Hilary Duff,2027-11-17,,LIVE NATION MUSIC,0.0,0.0,0.0,22,2,1,0,0,0,Arena
Hilary Duff,2027-11-20,,LIVE NATION MUSIC,0.0,0.0,0.0,22,2,1,0,0,0,Arena
"Mic Crenshaw, Special Guests",2027-11-20,,LIVE NATION MUSIC,0.0,0.0,0.0,0,0,0,1,0,0,Club
Jonas Brothers,2026-09-28,,LIVE NATION CANADA (LN),49501788.39,30144554.31,109403725.33,75,195,28,1,28,5,Amphitheatre
Warren Zeiders,2026-09-28,,LIVE NATION CANADA (LN),2621334.19,748458.81,989474.19,5,8,14,32,0,6,Club
Mastodon,2026-09-28,,LIVE NATION CANADA (LN),0.0,178040.83000000002,1899213.01,3,6,42,78,0,1,Club
Apes Of The State,2026-09-28,,LIVE NATION CANADA (LN),0.0,4485.0,5480.0,0,0,1,2,0,0,Club
Malcolm Todd,2026-09-28,,LIVE NATION CANADA (LN),158405.31,63535.0,0.0,0,0,4,8,0,0,Club
Lily Allen,2026-09-28,,LIVE NATION CANADA (LN),0.0,0.0,0.0,0,14,21,21,0,0,Theater
Change,2026-09-29,,LIVE NATION CANADA (LN),0.0,0.0,0.0,0,0,0,2,0,0,Club
Russian Circles,2026-09-29,,LIVE NATION CANADA (LN),18055.0,0.0,0.0,0,0,3,51,0,0,Club
Malcolm Todd,2026-09-29,,LIVE NATION CANADA (LN),158405.31,63535.0,0.0,0,0,4,8,0,0,Club
Ben &amp; Rose,2026-09-28,,LIVE NATION MUSIC,0.0,0.0,0.0,0,0,1,0,0,0,Theater
Naomi Sharon,2026-09-29,,LIVE NATION CANADA (LN),15000.0,4935.89,0.0,0,0,0,2,0,0,Theater
"In, Flew Ants",2026-09-29,,LIVE NATION CANADA (LN),0.0,0.0,0.0,0,0,0,2,0,0,Club
oskar med k,2026-09-28,,LIVE NATION CANADA (LN),12958.9,0.0,0.0,0,0,0,3,0,0,Club
Kehlani,2026-09-29,,LIVE NATION CANADA (LN),1293539.15,4938822.87,1110931.32,4,14,20,29,0,0,Arena
Bring Me The Horizon,2026-09-30,,LIVE NATION MUSIC,2580349.61,18325898.56,4881944.25,4,72,41,69,2,3,Arena
The Red Clay Strays,2026-09-30,,LIVE NATION CANADA (LN),3080377.55,3651530.74,79658.0,3,4,29,43,1,6,Amphitheatre
Gogol Bordello,2026-09-30,,LIVE NATION CANADA (LN),38652.06,255289.61,531622.01,0,1,53,145,0,1,Club
Sub Urban,2026-09-30,,LIVE NATION CANADA (LN),8987.16,0.0,0.0,0,0,0,6,0,0,Club
Belles,2026-09-30,,LIVE NATION CANADA (LN),725.0,970.0,0.0,0,0,0,2,0,0,Theater
Boy Harsher,2026-09-30,,LIVE NATION CANADA (LN),0.0,0.0,0.0,0,0,1,14,0,1,Theater
In Color,2026-09-29,,LIVE NATION CANADA (LN),0.0,0.0,0.0,0,0,1,2,0,0,Club
Versa,2026-09-29,,LIVE NATION CANADA (LN),2160.0,0.0,0.0,0,0,0,8,0,0,Club
Dan + Shay,2026-10-01,,LIVE NATION CANADA (LN),0.0,23220519.09,2076160.61,32,54,33,41,1,8,Amphitheatre
Rum Jungle,2026-09-30,,LIVE NATION CANADA (LN),17576.25,7820.81,5022.83,0,0,0,10,0,1,Theater
Florence Road,2026-10-01,,LIVE NATION CANADA (LN),29053.94,0.0,0.0,0,0,3,4,0,0,Club
Slayyyter,2026-10-01,,LIVE NATION CANADA (LN),0.0,185129.1,100397.58,0,0,4,14,0,1,Theater
Ghostly Kisses,2026-10-01,,LIVE NATION CANADA (LN),60189.22,98738.2,7680.66,0,0,5,10,0,2,Theater
gnash,2026-10-01,,LIVE NATION CANADA (LN),0.0,0.0,0.0,0,0,0,21,0,0,Club
Willi Carlisle,2026-10-01,,LIVE NATION CANADA (LN),15075.54,10779.63,14929.1,0,0,1,15,0,1,Theater
Channel Tres,2026-09-30,,LIVE NATION CANADA (LN),0.0,0.0,40291.46,0,0,2,11,0,3,Club
Martin &amp; Lewis Tribute Show,2026-10-01,,LIVE NATION CANADA (LN),0.0,0.0,18221.18,0,0,1,0,0,1,Theater
Two Door Cinema Club,2026-10-02,,LIVE NATION CANADA (LN),0.0,2811716.67,777788.89,4,7,43,87,3,5,Club
Bring Me The Horizon,2026-10-02,,LIVE NATION CANADA (LN),2580349.61,18325898.56,4881944.25,4,72,41,69,2,3,Arena
Default,2026-10-01,,LIVE NATION CANADA (LN),0.0,0.0,0.0,0,0,0,1,0,0,Theater
Project,2026-10-02,,LIVE NATION CANADA (LN),0.0,0.0,2350.0,0,0,0,1,0,0,Club
"God Forbid, Ninth Circle",2026-10-01,,LIVE NATION CANADA (LN),0.0,0.0,0.0,0,0,0,1,0,0,Club
America,2026-10-02,,LIVE NATION CANADA (LN),3837882.2,4477164.55,1750231.2,5,8,175,41,0,14,Theater
Sabaton,2026-10-01,,LIVE NATION CANADA (LN),11860820.15,0.0,3200841.5700000003,0,29,15,31,0,0,Theater
Eagles,2026-10-01,,LIVE NATION CANADA (LN),113579924.21,168150846.73,118468239.25,8,365,2,0,28,5,Arena
Mountain Grass Unit,2026-10-01,,LIVE NATION CANADA (LN),21000.0,7592.0,684.0,1,0,1,6,0,1,Club
Dua Saleh,2026-10-01,,LIVE NATION MUSIC,35764.17,0.0,0.0,0,0,0,8,0,0,Club
Graham Barham,2026-10-02,,LIVE NATION CANADA (LN),6420.0,0.0,0.0,0,0,1,0,0,0,Theater
Two Door Cinema Club,2026-10-03,,LIVE NATION CANADA (LN),0.0,2811716.67,777788.89,4,7,43,87,3,5,Club
Bring Me The Horizon,2026-10-03,,LIVE NATION CANADA (LN),2580349.61,18325898.56,4881944.25,4,72,41,69,2,3,Arena
Gorillaz,2026-10-03,,EVENKO CO-PRO WITH LIVE NATION,0.0,0.0,5075.0,8,73,15,1,3,1,Arena
Broken Social Scene,2026-10-03,,LIVE NATION CANADA (LN),0.0,0.0,38910.0,0,0,20,38,0,1,Club
The Neighbourhood,2026-10-02,,LIVE NATION CANADA (LN),0.0,0.0,0.0,1,16,28,68,1,0,Arena
Failure,2026-10-02,,LIVE NATION CANADA (LN),0.0,0.0,0.0,0,0,3,26,0,0,Theater
Project,2026-10-03,,LIVE NATION CANADA (LN),0.0,0.0,2350.0,0,0,0,1,0,0,Club
Meltt,2026-10-02,,LIVE NATION CANADA (LN),3980.0,0.0,0.0,0,0,0,3,0,0,Club
"God Forbid, Ninth Circle",2026-10-02,,LIVE NATION CANADA (LN),0.0,0.0,0.0,0,0,0,1,0,0,Club
Sabaton,2026-10-02,,LIVE NATION CANADA (LN),11860820.15,0.0,3200841.5700000003,0,29,15,31,0,0,Theater
Starjunk 95,2026-10-02,,LIVE NATION CANADA (LN),11000.0,0.0,0.0,0,0,0,4,0,0,Club
Arty,2026-10-02,,LIVE NATION CANADA (LN),0.0,4500.0,14060.0,0,0,1,13,0,0,Theater
oskar med k,2026-10-02,,LIVE NATION CANADA (LN),12958.9,0.0,0.0,0,0,0,3,0,0,Theater
Kybba,2026-10-02,,LIVE NATION CANADA (LN),0.0,0.0,0.0,0,0,0,1,0,0,Club
Modest Mouse,2026-10-04,,LIVE NATION CANADA (LN),830855.2,1391230.25,494004.69,36,5,80,65,2,9,Theater
Foster The People,2026-10-03,,LIVE NATION CANADA (LN),1851580.29,0.0,0.0,17,7,38,56,2,7,Amphitheatre
Gorillaz,2026-10-04,,LIVE NATION CANADA (LN),0.0,0.0,5075.0,8,73,15,1,3,1,Arena
Jacob Collier,2026-10-03,,LIVE NATION CANADA (LN),2083471.94,3700744.51,623705.63,1,3,28,25,2,6,Arena
Sawyer Hill,2026-10-04,,LIVE NATION CANADA (LN),37539.14,18871.47,0.0,0,0,1,10,0,0,Club
Default,2026-10-03,,LIVE NATION CANADA (LN),0.0,0.0,0.0,0,0,0,1,0,0,Club
Faber Drive,2026-10-04,,LIVE NATION CANADA (LN),0.0,0.0,0.0,0,1,4,3,0,0,Theater
Epik High,2026-10-04,,LIVE NATION CANADA (LN),0.0,184487.78,400979.87,0,0,5,15,0,0,Club
INOHA,2026-10-04,,LIVE NATION CANADA (LN),7725.0,0.0,0.0,0,0,0,1,0,0,Club
San Holo,2026-10-03,,LIVE NATION CANADA (LN),286586.5,58302.0,420309.0,1,1,6,35,0,0,Club
Ethan Regan,2026-10-03,,LIVE NATION CANADA (LN),29853.28,2015.0,0.0,0,0,0,6,0,0,Theater
oskar med k,2026-10-03,,LIVE NATION CANADA (LN),12958.9,0.0,0.0,0,0,0,3,0,0,Theater
"The Morning Kings, New Primitives, The Only, Sunshine &amp; The Night Walkers",2026-10-04,,LIVE NATION CANADA (LN),0.0,0.0,1583.0,0,0,0,1,0,0,Theater
"Headpins, The Holly Woods, Toronto",2026-10-05,,LIVE NATION CANADA (LN),0.0,0.0,0.0,0,0,0,0,0,1,Theater
Broken Social Scene,2026-10-05,,LIVE NATION CANADA (LN),0.0,0.0,38910.0,0,0,20,38,0,1,Arena
The Jungle Giants,2026-10-05,,LIVE NATION CANADA (LN),104499.01,8084.78,434845.65,2,1,8,35,0,1,Club
Saint Agnes,2026-10-04,,LIVE NATION CANADA (LN),0.0,7809.110000000001,0.0,0,0,0,9,0,1,Theater
Beth Orton,2026-10-04,,LIVE NATION CANADA (LN),0.0,49075.01,18538.34,0,0,11,35,0,6,Club
Ravyn Lenae,2026-10-05,,LIVE NATION CANADA (LN),318280.19,84165.32,42115.0,0,0,1,15,0,0,Club
Sabaton,2026-10-04,,LIVE NATION CANADA (LN),11860820.15,0.0,3200841.5700000003,0,29,15,31,0,0,Arena
Deer Tick,2026-10-04,,LIVE NATION CANADA (LN),29783.0,4612.5,128819.5,1,0,8,93,0,1,Theater
"""Corrosion: A Goth, Industrial, And Noise Club Night""",2026-10-04,,LIVE NATION MUSIC,0.0,0.0,0.0,0,0,0,25,0,0,Theater
Isaiah Falls,2026-10-05,,LIVE NATION CANADA (LN),30872.0,0.0,0.0,0,0,0,2,0,0,Club
"""Les Nits de Barcelona"", Sting",2026-10-05,,LIVE NATION CANADA (LN),0.0,0.0,0.0,0,0,0,0,0,1,Theater
Bring Me The Horizon,2026-10-06,,LIVE NATION CANADA (LN),2580349.61,18325898.56,4881944.25,4,72,41,69,2,3,Arena
Phillip Phillips,2026-10-05,,LIVE NATION CANADA (LN),0.0,24750.0,12050.0,1,7,22,21,0,5,Theater
Jessie Ware,2026-10-06,,LIVE NATION CANADA (LN),0.0,0.0,1453398.58,0,1,7,29,0,0,Club
MICO,2026-10-05,,LIVE NATION MUSIC,215119.85,5000.0,0.0,0,0,3,13,0,0,Arena
Jessie Ware,2026-10-05,,LIVE NATION CANADA (LN),0.0,0.0,1453398.58,0,1,7,29,0,0,Theater
Sawyer Hill,2026-10-06,,LIVE NATION CANADA (LN),37539.14,18871.47,0.0,0,0,1,10,0,0,Club
W.A.S.P.,2026-10-05,,EVENKO CO-PRO WITH LIVE NATION,1258507.15,334712.93,1072342.16,1,3,31,32,2,8,Club
W.A.S.P.,2026-10-06,,LIVE NATION CANADA (LN),1258507.15,334712.93,1072342.16,1,3,31,32,2,8,Club
Uncle Acid &amp; The Deadbeats,2026-10-06,,LIVE NATION CANADA (LN),81276.5,0.0,23894.47,0,1,2,41,0,3,Theater
Sabaton,2026-10-05,,LIVE NATION CANADA (LN),11860820.15,0.0,3200841.5700000003,0,29,15,31,0,0,Arena
Steve Lacy,2026-10-05,,LIVE NATION CANADA (LN),0.0,0.0,48400.0,1,2,2,7,0,0,Arena
Lenny Pearce,2026-10-06,,LIVE NATION CANADA (LN),1149576.75,11247.35,0.0,1,0,32,23,0,2,Theater
"""Les Nits de Barcelona"", Sting",2026-10-06,,LIVE NATION CANADA (LN),0.0,0.0,0.0,0,0,0,0,0,1,Theater
Broken Social Scene,2026-10-07,,EVENKO CO-PRO WITH LIVE NATION,0.0,0.0,38910.0,0,0,20,38,0,1,Club
Running,2026-10-06,,LIVE NATION CANADA (LN),0.0,0.0,0.0,0,0,0,1,0,0,Theater
Katie Pruitt,2026-10-07,,LIVE NATION CANADA (LN),4721.0,45814.0,0.0,0,0,0,11,0,0,Club
The Inspector Cluzo,2026-10-06,,LIVE NATION CANADA (LN),12765.79,190.0,3424.3,0,0,0,10,0,0,Club
Julia Wolf,2026-10-07,,LIVE NATION CANADA (LN),22865.0,3291.0,51475.0,0,0,1,15,0,0,Club
DJ Shadow,2026-10-07,,LIVE NATION CANADA (LN),159098.87,521575.89,66263.78,0,2,9,67,0,3,Club
Avatar,2026-10-07,,LIVE NATION CANADA (LN),549363.65,456317.3,414674.53,0,1,12,49,0,4,Theater
Bahamas,2026-10-07,,LIVE NATION CANADA (LN),12873.04,49909.63,126849.0,0,0,13,45,0,4,Club
Steve Lacy,2026-10-06,,EVENKO CO-PRO WITH LIVE NATION,0.0,0.0,48400.0,1,2,2,7,0,0,Club
The Ghost,2026-10-07,,LIVE NATION CANADA (LN),0.0,0.0,0.0,0,1,0,0,0,0,Arena
"The Black Crowes, Whiskey Myers",2026-10-08,,LIVE NATION CANADA (LN),0.0,0.0,0.0,1,1,0,0,0,0,Arena
The Smashing Pumpkins,2026-10-07,,LIVE NATION CANADA (LN),956409.95,4451112.17,12656219.06,29,91,37,25,1,5,Arena
Beabadoobee,2026-10-07,,LIVE NATION CANADA (LN),801797.5,2506361.44,323192.05,1,2,23,27,0,1,Arena
W.A.S.P.,2026-10-07,,LIVE NATION CANADA (LN),1258507.15,334712.93,1072342.16,1,3,31,32,2,8,Arena
The Inspector Cluzo,2026-10-07,,LIVE NATION CANADA (LN),12765.79,190.0,3424.3,0,0,0,10,0,0,Club
J &amp; The Causeways,2026-10-08,,LIVE NATION CANADA (LN),2003.0,0.0,0.0,0,0,0,2,0,0,Club
Buffalo Traffic Jam,2026-10-08,,LIVE NATION CANADA (LN),0.0,0.0,0.0,0,0,1,7,0,0,Theater
J &amp; The Causeways,2026-10-08,,LIVE NATION CANADA (LN),2003.0,0.0,0.0,0,0,0,2,0,0,Club
Lenny Pearce,2026-10-08,,LIVE NATION CANADA (LN),1149576.75,11247.35,0.0,1,0,32,23,0,2,Theater
Bolden.,2026-10-08,,LIVE NATION CANADA (LN),10795.59,0.0,0.0,0,0,1,0,0,0,Club
Beabadoobee,2026-10-08,,EVENKO CO-PRO WITH LIVE NATION,801797.5,2506361.44,323192.05,1,2,23,27,0,1,Club
Running,2026-10-08,,LIVE NATION MUSIC,0.0,0.0,0.0,0,0,0,1,0,0,Theater
Tricky,2026-10-08,,LIVE NATION CANADA (LN),0.0,252775.0,0.0,0,0,3,25,0,0,Theater
Asha Banks,2026-10-09,,LIVE NATION CANADA (LN),0.0,0.0,0.0,0,0,0,0,0,1,Other
Sabaton,2026-10-08,,LIVE NATION MUSIC,11860820.15,0.0,3200841.5700000003,0,29,15,31,0,0,Club
Paradise,2026-10-09,,LIVE NATION CANADA (LN),0.0,0.0,0.0,0,0,0,5,0,0,Club
"""Corrosion: A Goth, Industrial, And Noise Club Night""",2026-10-08,,LIVE NATION CANADA (LN),0.0,0.0,0.0,0,0,0,25,0,0,Theater
Pros &amp; iCons,2026-10-08,,LIVE NATION CANADA (LN),0.0,0.0,0.0,0,0,0,1,0,0,Club
Buffalo Traffic Jam,2026-10-09,,LIVE NATION CANADA (LN),0.0,0.0,0.0,0,0,1,7,0,0,Theater
The Smashing Pumpkins,2026-10-09,,EVENKO CO-PRO WITH LIVE NATION,956409.95,4451112.17,12656219.06,29,91,37,25,1,5,Arena
Ann Wilson,2026-10-10,,LIVE NATION CANADA (LN),0.0,0.0,161619.5,1,0,20,10,0,0,Theater
Blue Rodeo,2026-10-09,,LIVE NATION CANADA (LN),1590153.71,316042.76,1288874.36,8,62,37,5,2,7,Arena
"Begonia, Sumer",2026-10-10,,LIVE NATION CANADA (LN),0.0,0.0,1091.5,0,0,0,1,0,0,Club
The Inspector Cluzo,2026-10-09,,LIVE NATION CANADA (LN),12765.79,190.0,3424.3,0,0,0,10,0,0,Club
Change,2026-10-09,,LIVE NATION CANADA (LN),0.0,0.0,0.0,0,0,0,2,0,0,Theater
54-40,2026-10-09,,LIVE NATION CANADA (LN),0.0,175622.15,0.0,0,0,8,1,0,7,Club
"""British Rock Royalty - Celebrating The Music Of Pink Floyd, Queen, The Who &amp; Led Zeppelin""",2026-10-09,,LIVE NATION CANADA (LN),0.0,0.0,0.0,1,0,2,0,0,0,Theater
Ott,2026-10-10,,LIVE NATION CANADA (LN),0.0,0.0,0.0,1,0,1,39,0,1,Club
"Christone ""Kingfish"" Ingram",2026-10-09,,LIVE NATION CANADA (LN),575442.3,67004.39,183047.21,0,0,44,34,0,5,Theater
Ray Volpe,2026-10-09,,LIVE NATION CANADA (LN),80831.85,46085.11,54152.78,0,0,2,8,0,0,Theater
Pros &amp; iCons,2026-10-09,,LIVE NATION CANADA (LN),0.0,0.0,0.0,0,0,0,1,0,0,Club
"Oneida, IE, Matt Mehlan",2026-10-09,,LIVE NATION CANADA (LN),0.0,0.0,0.0,0,0,0,1,0,0,Club
Buffalo Traffic Jam,2026-10-10,,LIVE NATION CANADA (LN),0.0,0.0,0.0,0,0,1,7,0,0,Theater
Romance &amp; Rebellion,2026-10-10,,LIVE NATION CANADA (LN),0.0,0.0,0.0,0,0,0,1,0,0,Club
Knocked Loose,2026-10-11,,LIVE NATION CANADA (LN),511899.01,1019550.49,0.0,0,0,14,49,0,1,Theater
MONSTA X,2026-10-10,,LIVE NATION CANADA (LN),0.0,0.0,0.0,0,6,19,2,0,0,Theater
Fruit Bats,2026-10-10,,LIVE NATION MUSIC,0.0,160931.87,133000.0,0,0,2,51,0,1,Club
AJJ,2026-10-11,,LIVE NATION CANADA (LN),0.0,0.0,58614.0,0,0,3,41,0,2,Club
Blue Rodeo,2026-10-10,,LIVE NATION CANADA (LN),1590153.71,316042.76,1288874.36,8,62,37,5,2,7,Arena
"Headpins, The Holly Woods, Toronto",2026-10-11,,LIVE NATION CANADA (LN),0.0,0.0,0.0,0,0,0,0,0,1,Other
The Residents,2026-10-11,,LIVE NATION CANADA (LN),0.0,0.0,7124.0,0,0,4,32,0,1,Club
54-40,2026-10-10,,LIVE NATION CANADA (LN),0.0,175622.15,0.0,0,0,8,1,0,7,Club
"""British Rock Royalty - Celebrating The Music Of Pink Floyd, Queen, The Who &amp; Led Zeppelin""",2026-10-10,,LIVE NATION CANADA (LN),0.0,0.0,0.0,1,0,2,0,0,0,Theater
Head,2026-10-11,,LIVE NATION CANADA (LN),0.0,0.0,0.0,0,0,0,3,0,0,Theater
Avery,2026-10-11,,LIVE NATION CANADA (LN),0.0,0.0,0.0,0,0,0,1,0,0,Club
UB40,2026-10-10,,LIVE NATION CANADA (LN),253537.51,5742450.69,2259277.81,7,34,50,22,0,4,Theater
EELS,2026-10-10,,LIVE NATION CANADA (LN),0.0,0.0,283948.26999999996,0,0,22,50,0,4,Club
The Hard R,2026-10-10,,LIVE NATION CANADA (LN),0.0,0.0,0.0,0,0,0,1,0,0,Theater
Overmono,2026-10-10,,LIVE NATION CANADA (LN),449797.32,177144.3,145574.35,0,1,1,8,0,0,Club
Sebastian Bach,2026-10-10,,LIVE NATION CANADA (LN),483944.31,250115.31,0.0,1,1,9,34,0,3,Club
Queen - It's a Kinda Magic,2026-10-10,,LIVE NATION CANADA (LN),27530.09,24454.43,0.0,0,0,1,1,0,0,Arena
Tao,2026-10-10,,LIVE NATION CANADA (LN),0.0,0.0,0.0,0,1,4,0,0,0,Arena
aespa,2026-10-11,,LIVE NATION CANADA (LN),14143082.18,2543904.85,5743138.49,0,16,7,1,0,0,Arena
Fruit Bats,2026-10-11,,LIVE NATION CANADA (LN),0.0,160931.87,133000.0,0,0,2,51,0,1,Club
The Linda Lindas,2026-10-12,,LIVE NATION CANADA (LN),101815.99,6550.0,0.0,0,0,1,4,0,0,Theater
Jamie Webster,2026-10-12,,LIVE NATION CANADA (LN),32870.53,474602.13,0.0,0,2,5,6,0,2,Club
Buffalo Traffic Jam,2026-10-12,,LIVE NATION CANADA (LN),0.0,0.0,0.0,0,0,1,7,0,0,Club
The Black Keys,2026-10-13,,EVENKO CO-PRO WITH LIVE NATION,5333949.79,1632852.36,1779620.0299999998,50,155,26,24,4,7,Arena
Leap,2026-10-13,,LIVE NATION CANADA (LN),26077.87,26464.69,10457.61,0,0,1,7,0,2,Club
Emei,2026-10-13,,LIVE NATION CANADA (LN),147261.76,63873.5,0.0,0,0,0,17,0,1,Theater
Oso Oso,2026-10-13,,LIVE NATION CANADA (LN),0.0,7277.0,11250.0,0,0,0,7,0,0,Club
Joep Beving,2026-10-13,,LIVE NATION CANADA (LN),0.0,22229.48,0.0,0,0,7,7,0,0,Theater
Doja Cat,2026-10-13,,LIVE NATION MUSIC,7384674.46,7298161.81,31988065.4,0,39,0,9,0,0,Arena
The Black Keys,2026-10-14,,LIVE NATION CANADA (LN),5333949.79,1632852.36,1779620.0299999998,50,155,26,24,4,7,Arena
Sammy Rae &amp; The Friends,2026-10-13,,LIVE NATION CANADA (LN),365473.19,765933.13,407010.69,0,0,11,33,0,1,Club
Donavon Frankenreiter,2026-10-14,,LIVE NATION CANADA (LN),4612.0,10295.0,164410.5,8,0,29,208,1,42,Theater
glaive,2026-10-13,,LIVE NATION MUSIC,87140.09,0.0,70042.53,0,0,4,26,0,1,Theater
America,2026-10-14,,LIVE NATION CANADA (LN),3837882.2,4477164.55,1750231.2,5,8,175,41,0,14,Club
UB40,2026-10-13,,LIVE NATION CANADA (LN),253537.51,5742450.69,2259277.81,7,34,50,22,0,4,Theater
"Cradle Of Filth, DevilDriver",2026-10-14,,LIVE NATION CANADA (LN),0.0,0.0,29384.5,0,0,0,2,0,0,Club
Roma,2026-10-14,,LIVE NATION CANADA (LN),0.0,0.0,0.0,0,0,0,1,0,0,Club
Murda,2026-10-14,,LIVE NATION CANADA (LN),0.0,11865.0,0.0,0,0,0,1,0,0,Theater
John King,2026-10-13,,LIVE NATION CANADA (LN),0.0,0.0,0.0,0,0,0,1,0,0,Club
Buffalo Traffic Jam,2026-10-13,,EVENKO CO-PRO WITH LIVE NATION,0.0,0.0,0.0,0,0,1,7,0,0,Club
Bruno Mars,2026-10-14,,LIVE NATION CANADA (LN),23796194.0,280515343.74,87980695.9,12,221,79,9,45,8,Arena
Beck,2026-10-14,,LIVE NATION MUSIC,1461640.71,626608.75,4873011.17,24,9,29,9,0,4,Theater
Carly Pearce,2026-10-15,,LIVE NATION CANADA (LN),939850.93,0.0,316634.33999999997,1,0,20,8,0,0,Theater
The Zolas,2026-10-14,,LIVE NATION MUSIC,0.0,0.0,0.0,0,0,0,4,0,1,Club
moondoggy,2026-10-15,,LIVE NATION CANADA (LN),0.0,0.0,0.0,0,0,0,2,0,0,Club
Vengaboys,2026-10-15,,LIVE NATION CANADA (LN),585713.9400000001,0.0,888672.54,0,1,10,4,0,5,Theater
UB40,2026-10-14,,LIVE NATION CANADA (LN),253537.51,5742450.69,2259277.81,7,34,50,22,0,4,Arena
The Black Keys,2026-10-16,,EVENKO CO-PRO WITH LIVE NATION,5333949.79,1632852.36,1779620.0299999998,50,155,26,24,4,7,Arena
Beck,2026-10-15,,LIVE NATION MUSIC,1461640.71,626608.75,4873011.17,24,9,29,9,0,4,Theater
Bruce Cockburn,2026-10-15,,LIVE NATION MUSIC,88765.0,99304.0,222261.52,0,0,35,67,0,3,Arena
The Jayhawks,2026-10-16,,LIVE NATION CANADA (LN),15795.0,90651.0,83559.5,2,0,31,65,0,0,Theater
Carly Pearce,2026-10-16,,LIVE NATION CANADA (LN),939850.93,0.0,316634.33999999997,1,0,20,8,0,0,Theater
The Zolas,2026-10-15,,LIVE NATION CANADA (LN),0.0,0.0,0.0,0,0,0,4,0,1,Club
Paul Cauthen,2026-10-15,,LIVE NATION CANADA (LN),222688.0,213372.0,435342.0,0,0,2,56,0,3,Theater
"Headpins, The Holly Woods, Toronto",2026-10-15,,LIVE NATION CANADA (LN),0.0,0.0,0.0,0,0,0,0,0,1,Other
Bruno Mars,2026-10-16,,LIVE NATION CANADA (LN),23796194.0,280515343.74,87980695.9,12,221,79,9,45,8,Arena
The Black Keys,2026-10-17,,LIVE NATION CANADA (LN),5333949.79,1632852.36,1779620.0299999998,50,155,26,24,4,7,Arena
Collective Soul,2026-10-16,,LIVE NATION CANADA (LN),363658.5,151598.9,483005.2,15,3,53,43,0,13,Arena
The Beasts,2026-10-17,,LIVE NATION CANADA (LN),12460.32,0.0,0.0,0,0,0,1,0,0,Club
Paul Cauthen,2026-10-16,,LIVE NATION CANADA (LN),222688.0,213372.0,435342.0,0,0,2,56,0,3,Theater
Buena Vista Orchestra,2026-10-17,,LIVE NATION CANADA (LN),80477.5,0.0,0.0,0,0,1,1,0,0,Theater
Tokyo Tea Room,2026-10-17,,LIVE NATION CANADA (LN),0.0,0.0,0.0,0,0,0,9,0,0,Club
Vengaboys,2026-10-16,,LIVE NATION CANADA (LN),585713.9400000001,0.0,888672.54,0,1,10,4,0,5,Theater
America,2026-10-17,,LIVE NATION CANADA (LN),3837882.2,4477164.55,1750231.2,5,8,175,41,0,14,Theater
"Headpins, The Holly Woods, Toronto",2026-10-16,,LIVE NATION CANADA (LN),0.0,0.0,0.0,0,0,0,0,0,1,Other
AVELLO,2026-10-16,,LIVE NATION CANADA (LN),0.0,0.0,0.0,0,0,0,2,0,0,Club
Bruno Mars,2026-10-17,,LIVE NATION CANADA (LN),23796194.0,280515343.74,87980695.9,12,221,79,9,45,8,Arena
The Black Keys,2026-10-18,,LIVE NATION CANADA (LN),5333949.79,1632852.36,1779620.0299999998,50,155,26,24,4,7,Arena
Collective Soul,2026-10-18,,LIVE NATION CANADA (LN),363658.5,151598.9,483005.2,15,3,53,43,0,13,Theater
Sawyer Hill,2026-10-17,,LIVE NATION MUSIC,37539.14,18871.47,0.0,0,0,1,10,0,0,Club
Paul Cauthen,2026-10-17,,LIVE NATION MUSIC,222688.0,213372.0,435342.0,0,0,2,56,0,3,Club
Paris Paloma,2026-10-18,,LIVE NATION CANADA (LN),182912.02,142732.72999999998,10609.18,0,0,6,10,0,0,Theater
"nothing,nowhere.",2026-10-18,,LIVE NATION CANADA (LN),14119.95,0.0,0.0,0,0,3,18,0,0,Club
Vengaboys,2026-10-17,,LIVE NATION CANADA (LN),585713.9400000001,0.0,888672.54,0,1,10,4,0,5,Arena
UB40,2026-10-17,,LIVE NATION CANADA (LN),253537.51,5742450.69,2259277.81,7,34,50,22,0,4,Theater
Shaboozey,2026-10-17,,LIVE NATION CANADA (LN),988231.18,60000.0,0.0,0,0,3,7,0,1,Arena
"Headpins, The Holly Woods, Toronto",2026-10-17,,LIVE NATION CANADA (LN),0.0,0.0,0.0,0,0,0,0,0,1,Other
"Tape B, Levity",2026-10-17,,LIVE NATION CANADA (LN),0.0,0.0,0.0,5,0,1,0,0,0,Amphitheatre
SiM,2026-10-17,,LIVE NATION CANADA (LN),0.0,78357.29000000001,0.0,0,0,0,4,0,0,Club
Vincent Neil Emerson,2026-10-18,,LIVE NATION CANADA (LN),32285.09,10571.0,14619.0,0,0,0,17,0,0,Club
Moontricks,2026-10-17,,LIVE NATION CANADA (LN),0.0,50729.03,3260.0,0,0,1,9,0,0,Theater
"Or, The Whale",2026-10-18,,LIVE NATION CANADA (LN),0.0,0.0,0.0,0,0,0,3,0,0,Club
AFI,2026-10-19,,LIVE NATION CANADA (LN),557304.37,0.0,1032877.0,0,1,14,54,0,0,Theater
Malcolm Todd,2026-10-18,,LIVE NATION MUSIC,158405.31,63535.0,0.0,0,0,4,8,0,0,Club
Vengaboys,2026-10-19,,LIVE NATION CANADA (LN),585713.9400000001,0.0,888672.54,0,1,10,4,0,5,Arena
UB40,2026-10-18,,LIVE NATION CANADA (LN),253537.51,5742450.69,2259277.81,7,34,50,22,0,4,Theater
Sylvan Esso,2026-10-19,,LIVE NATION CANADA (LN),0.0,0.0,2925511.35,17,0,29,64,0,8,Club
Vincent Neil Emerson,2026-10-19,,LIVE NATION CANADA (LN),32285.09,10571.0,14619.0,0,0,0,17,0,0,Club
Owen Riegling,2026-10-18,,LIVE NATION MUSIC,0.0,18187.81,0.0,0,0,1,1,0,0,Club
W.A.S.P.,2026-10-19,,LIVE NATION CANADA (LN),1258507.15,334712.93,1072342.16,1,3,31,32,2,8,Theater
Lauren Sanderson,2026-10-20,,LIVE NATION CANADA (LN),0.0,20673.0,22912.57,0,0,1,13,0,0,Club
Sophie,2026-10-20,,LIVE NATION CANADA (LN),0.0,0.0,0.0,0,0,0,3,0,0,Club
Owen Riegling,2026-10-19,,LIVE NATION CANADA (LN),0.0,18187.81,0.0,0,0,1,1,0,0,Club
Mike D,2026-10-20,,LIVE NATION CANADA (LN),0.0,0.0,0.0,0,0,0,1,0,0,Club
Olivia Rodrigo,2026-10-21,,EVENKO CO-PRO WITH LIVE NATION,23420107.2,169307085.8,0.0,0,68,10,2,5,1,Arena
Bruno Mars,2026-10-20,,LIVE NATION CANADA (LN),23796194.0,280515343.74,87980695.9,12,221,79,9,45,8,Arena
Rebecca Black,2026-10-21,,LIVE NATION CANADA (LN),182900.41,0.0,36513.32,0,0,1,12,0,1,Theater
Reuben And The Dark,2026-10-21,,LIVE NATION CANADA (LN),0.0,0.0,1786.61,0,0,0,13,0,0,Theater
Paul Cauthen,2026-10-20,,LIVE NATION MUSIC,222688.0,213372.0,435342.0,0,0,2,56,0,3,Theater
Demon Hunter,2026-10-20,,LIVE NATION CANADA (LN),17480.0,15615.0,14215.0,0,0,1,17,0,0,Theater
Finn Wolfhard,2026-10-20,,LIVE NATION CANADA (LN),42192.15,0.0,0.0,0,0,2,3,0,0,Club
Holywatr,2026-10-21,,LIVE NATION CANADA (LN),10133.0,0.0,0.0,0,0,0,3,0,0,Club
Isabel Van Gelder,2026-10-21,,LIVE NATION CANADA (LN),0.0,0.0,0.0,0,0,0,1,0,0,Club
OZ,2026-10-21,,LIVE NATION CANADA (LN),0.0,0.0,0.0,0,0,1,5,0,5,Theater
Thundercat,2026-10-21,,LIVE NATION CANADA (LN),166095.0,81082.15,903432.94,2,0,14,40,0,2,Club
Owen Riegling,2026-10-20,,LIVE NATION MUSIC,0.0,18187.81,0.0,0,0,1,1,0,0,Arena
Olivia Rodrigo,2026-10-22,,EVENKO CO-PRO WITH LIVE NATION,23420107.2,169307085.8,0.0,0,68,10,2,5,1,Arena
Bruno Mars,2026-10-21,,LIVE NATION CANADA (LN),23796194.0,280515343.74,87980695.9,12,221,79,9,45,8,Arena
W.A.S.P.,2026-10-21,,LIVE NATION CANADA (LN),1258507.15,334712.93,1072342.16,1,3,31,32,2,8,Theater
Freeman,2026-10-22,,LIVE NATION CANADA (LN),0.0,0.0,0.0,0,0,0,13,0,0,Club
Paul Cauthen,2026-10-21,,LIVE NATION CANADA (LN),222688.0,213372.0,435342.0,0,0,2,56,0,3,Club
America,2026-10-22,,LIVE NATION CANADA (LN),3837882.2,4477164.55,1750231.2,5,8,175,41,0,14,Theater
Flow,2026-10-21,,LIVE NATION CANADA (LN),406551.66,631195.89,0.0,0,0,4,13,0,0,Club
Evidence,2026-10-21,,LIVE NATION MUSIC,0.0,0.0,0.0,0,0,0,5,0,0,Theater
mike.,2026-10-22,,LIVE NATION CANADA (LN),336763.0,2004588.88,0.0,3,0,4,4,0,3,Club
Jim Witter,2026-10-21,,LIVE NATION CANADA (LN),0.0,0.0,0.0,0,0,3,0,0,0,Theater
Owen Riegling,2026-10-21,,LIVE NATION CANADA (LN),0.0,18187.81,0.0,0,0,1,1,0,0,Theater
Nick &amp; Simon,2026-10-22,,LIVE NATION CANADA (LN),0.0,0.0,0.0,0,2,2,0,0,0,Arena
John Summit,2026-10-23,,EVENKO CO-PRO WITH LIVE NATION,1618895.52,6378033.54,2121909.0,1,6,4,6,1,1,Arena
Brit Floyd,2026-10-22,,LIVE NATION CANADA (LN),4801025.88,3935393.5,2580115.85,22,89,371,28,0,9,Theater
W.A.S.P.,2026-10-22,,LIVE NATION CANADA (LN),1258507.15,334712.93,1072342.16,1,3,31,32,2,8,Theater
Violet Grohl,2026-10-22,,LIVE NATION CANADA (LN),0.0,0.0,0.0,0,0,0,1,0,0,Theater
Allison Russell,2026-10-22,,LIVE NATION CANADA (LN),83000.15,59484.68,37732.0,0,0,4,8,0,0,Theater
mike.,2026-10-23,,LIVE NATION CANADA (LN),336763.0,2004588.88,0.0,3,0,4,4,0,3,Club
Jonas Brothers,2026-10-24,,LIVE NATION CANADA (LN),49501788.39,30144554.31,109403725.33,75,195,28,1,28,5,Arena
John Summit,2026-10-24,,LIVE NATION CANADA (LN),1618895.52,6378033.54,2121909.0,1,6,4,6,1,1,Arena
Marianas Trench,2026-10-24,,LIVE NATION CANADA (LN),286587.94999999995,502970.06,0.0,3,42,23,47,0,1,Club
Judah &amp; The Lion,2026-10-24,,LIVE NATION CANADA (LN),74475.0,108536.7,156098.0,1,0,33,100,0,3,Theater
Bingo Loco,2026-10-23,,LIVE NATION CANADA (LN),427726.78,106119.48,0.0,0,0,1,68,0,0,Theater
W.A.S.P.,2026-10-23,,LIVE NATION CANADA (LN),1258507.15,334712.93,1072342.16,1,3,31,32,2,8,Club
"Begonia, Sumer",2026-10-23,,LIVE NATION CANADA (LN),0.0,0.0,1091.5,0,0,0,1,0,0,Club
Lo &amp; Leduc,2026-10-23,,LIVE NATION CANADA (LN),0.0,0.0,0.0,0,0,0,1,2,0,Theater
YEBBA,2026-10-24,,LIVE NATION CANADA (LN),0.0,0.0,0.0,0,0,0,4,0,0,Club
Isabel LaRosa,2026-10-24,,LIVE NATION CANADA (LN),84685.57,24182.31,0.0,0,0,2,5,0,0,Club
Fantasy,2026-10-24,,LIVE NATION CANADA (LN),0.0,0.0,0.0,1,26,26,4,0,15,Arena
Herb Alpert &amp; The Tijuana Brass,2026-10-23,,LIVE NATION MUSIC,520286.0,0.0,0.0,0,0,11,0,0,0,Arena
Digable Planets,2026-10-23,,LIVE NATION CANADA (LN),64122.5,708161.97,99529.5,2,0,9,41,0,0,Club
Young Franco,2026-10-23,,LIVE NATION CANADA (LN),11101.67,8981.44,0.0,0,0,3,8,0,2,Club
John Summit,2026-10-25,,LIVE NATION CANADA (LN),1618895.52,6378033.54,2121909.0,1,6,4,6,1,1,Arena
W.A.S.P.,2026-10-24,,LIVE NATION CANADA (LN),1258507.15,334712.93,1072342.16,1,3,31,32,2,8,Club
Sunset Rollercoaster,2026-10-24,,LIVE NATION CANADA (LN),0.0,0.0,5500.0,0,0,2,12,0,1,Arena
Darcy Oake,2026-10-24,,LIVE NATION MUSIC,0.0,0.0,0.0,0,1,6,1,0,0,Theater
America,2026-10-25,,LIVE NATION CANADA (LN),3837882.2,4477164.55,1750231.2,5,8,175,41,0,14,Theater
Charles Wesley Godwin,2026-10-24,,LIVE NATION CANADA (LN),758444.48,1054854.04,609346.0,1,2,10,22,0,2,Theater
"The Army, The Navy",2026-10-25,,LIVE NATION CANADA (LN),33084.56,0.0,0.0,0,0,1,4,0,0,Club
Sienna Spiro,2026-10-25,,LIVE NATION CANADA (LN),24263.94,0.0,0.0,0,0,3,3,0,0,Club
"Kolby Cooper, Austin Snell",2026-10-24,,LIVE NATION MUSIC,0.0,0.0,0.0,0,0,0,6,0,0,Theater
Whipped Cream,2026-10-24,,LIVE NATION CANADA (LN),0.0,6807.820000000001,15620.0,0,0,0,4,0,0,Club
America,2026-10-24,,LIVE NATION MUSIC,3837882.2,4477164.55,1750231.2,5,8,175,41,0,14,Theater
Moontricks,2026-10-24,,LIVE NATION CANADA (LN),0.0,50729.03,3260.0,0,0,1,9,0,0,Club
Jon and Roy,2026-10-24,,LIVE NATION CANADA (LN),0.0,12648.47,0.0,0,0,2,9,0,0,Theater
Owen Riegling,2026-10-24,,LIVE NATION CANADA (LN),0.0,18187.81,0.0,0,0,1,1,0,0,Theater
Olivia Rodrigo,2026-10-26,,LIVE NATION CANADA (LN),23420107.2,169307085.8,0.0,0,68,10,2,5,1,Arena
Periphery,2026-10-26,,LIVE NATION CANADA (LN),0.0,508193.42,0.0,0,0,21,57,0,3,Club
Buena Vista Orchestra,2026-10-25,,LIVE NATION CANADA (LN),80477.5,0.0,0.0,0,0,1,1,0,0,Theater
Lexi Jayde,2026-10-26,,LIVE NATION CANADA (LN),0.0,0.0,16656.699999999997,0,0,0,2,0,0,Club
Chinchilla,2026-10-26,,LIVE NATION CANADA (LN),0.0,0.0,0.0,0,0,0,1,0,1,Club
Waylon Wyatt,2026-10-26,,LIVE NATION CANADA (LN),105369.14,0.0,0.0,0,0,2,6,0,0,Club
Quadeca,2026-10-26,,LIVE NATION CANADA (LN),127634.26,0.0,7186.0,0,0,3,8,0,0,Theater
Olivia Rodrigo,2026-10-27,,LIVE NATION CANADA (LN),23420107.2,169307085.8,0.0,0,68,10,2,5,1,Arena
"""Les Nits de Barcelona"", Sting",2026-10-26,,LIVE NATION MUSIC,0.0,0.0,0.0,0,0,0,0,0,1,Other
"""Les Nits de Barcelona"", Sting",2026-10-26,,EVENKO CO-PRO WITH LIVE NATION,0.0,0.0,0.0,0,0,0,0,0,1,Other
Baby Bugs,2026-10-27,,LIVE NATION CANADA (LN),4665.0,78649.0,0.0,1,0,1,20,0,0,Club
Dillinger Escape Plan,2026-10-26,,LIVE NATION CANADA (LN),0.0,225010.0,0.0,0,0,9,67,0,2,Club
Periphery,2026-10-27,,EVENKO CO-PRO WITH LIVE NATION,0.0,508193.42,0.0,0,0,21,57,0,3,Club
Waylon Wyatt,2026-10-27,,LIVE NATION CANADA (LN),105369.14,0.0,0.0,0,0,2,6,0,0,Theater
Tyler Braden,2026-10-27,,LIVE NATION CANADA (LN),24451.73,11568.0,0.0,0,0,2,6,0,0,Club
horse,2026-10-27,,LIVE NATION CANADA (LN),23284.03,9332.88,29271.75,0,0,1,1,0,3,Other
"""Les Nits de Barcelona"", Sting",2026-10-27,,LIVE NATION MUSIC,0.0,0.0,0.0,0,0,0,0,0,1,Other
"""Les Nits de Barcelona"", Sting",2026-10-27,,EVENKO CO-PRO WITH LIVE NATION,0.0,0.0,0.0,0,0,0,0,0,1,Other
The Story So Far,2026-10-28,,LIVE NATION CANADA (LN),175730.0,311383.29,21725.0,0,0,10,56,1,4,Club
Rawayana,2026-10-27,,LIVE NATION CANADA (LN),0.0,1859072.56,268722.57,0,16,8,9,1,1,Theater
ARTMS,2026-10-27,,LIVE NATION MUSIC,369351.4,1396931.49,0.0,0,0,16,3,0,0,Theater
Julia Jacklin,2026-10-27,,LIVE NATION CANADA (LN),0.0,141592.86,327508.12,0,0,13,47,0,7,Club
Buena Vista Orchestra,2026-10-27,,LIVE NATION MUSIC,80477.5,0.0,0.0,0,0,1,1,0,0,Theater
She Wants Revenge,2026-10-28,,LIVE NATION CANADA (LN),79720.0,0.0,7566.52,0,1,5,27,0,1,Club
"Ris, John Urbano",2026-10-28,,LIVE NATION CANADA (LN),0.0,0.0,0.0,0,0,0,1,0,0,Club
Amble,2026-10-27,,LIVE NATION CANADA (LN),4025470.09,406488.11,0.0,0,5,8,27,2,4,Theater
Digable Planets,2026-10-27,,LIVE NATION CANADA (LN),64122.5,708161.97,99529.5,2,0,9,41,0,0,Theater
Waylon Wyatt,2026-10-28,,LIVE NATION CANADA (LN),105369.14,0.0,0.0,0,0,2,6,0,0,Theater
Owen Riegling,2026-10-27,,LIVE NATION CANADA (LN),0.0,18187.81,0.0,0,0,1,1,0,0,Theater
Beabadoobee,2026-10-28,,LIVE NATION CANADA (LN),801797.5,2506361.44,323192.05,1,2,23,27,0,1,Arena
"Begonia, Sumer",2026-10-28,,LIVE NATION CANADA (LN),0.0,0.0,1091.5,0,0,0,1,0,0,Theater
Chris &amp; Rich Robinson,2026-10-28,,LIVE NATION CANADA (LN),0.0,0.0,0.0,0,0,0,2,0,0,Club
Buena Vista Orchestra,2026-10-28,,LIVE NATION CANADA (LN),80477.5,0.0,0.0,0,0,1,1,0,0,Theater
Tou,2026-10-29,,LIVE NATION CANADA (LN),0.0,348354.82999999996,0.0,0,0,0,1,0,1,Theater
Lennon Stella,2026-10-29,,LIVE NATION CANADA (LN),0.0,0.0,0.0,0,0,2,9,0,0,Theater
Rain,2026-10-29,,LIVE NATION CANADA (LN),0.0,0.0,207956.5,1,1,4,0,0,1,Club
KWN,2026-10-29,,LIVE NATION CANADA (LN),25196.11,0.0,0.0,0,0,1,4,0,0,Club
"Headpins, The Holly Woods, Toronto",2026-10-29,,LIVE NATION CANADA (LN),0.0,0.0,0.0,0,0,0,0,0,1,Other
"""Les Nits de Barcelona"", Sting",2026-10-29,,LIVE NATION MUSIC,0.0,0.0,0.0,0,0,0,0,0,1,Other
"""Les Nits de Barcelona"", Sting",2026-10-29,,EVENKO CO-PRO WITH LIVE NATION,0.0,0.0,0.0,0,0,0,0,0,1,Other
Dermot Kennedy,2026-10-29,,LIVE NATION CANADA (LN),132950.5,0.0,19937522.59,6,39,52,59,10,4,Arena
The Wrecks,2026-10-30,,LIVE NATION CANADA (LN),97000.68,0.0,0.0,0,0,1,12,0,0,Club
Joy Oladokun,2026-10-29,,LIVE NATION CANADA (LN),221534.01,52154.13,111946.52,1,0,2,21,0,1,Theater
Big Wreck,2026-10-29,,LIVE NATION CANADA (LN),203303.58,0.0,105615.03,0,0,26,40,0,16,Arena
Big Wreck,2026-10-30,,LIVE NATION CANADA (LN),203303.58,0.0,105615.03,0,0,26,40,0,16,Club
Hot Mulligan,2026-10-30,,LIVE NATION CANADA (LN),556359.5,349447.57,159797.75,0,0,9,20,0,3,Theater
Maddie Zahm,2026-10-30,,LIVE NATION CANADA (LN),0.0,103535.0,47568.0,0,0,0,8,0,0,Club
This Is Lorelei,2026-10-30,,LIVE NATION CANADA (LN),0.0,0.0,0.0,0,0,1,1,0,0,Theater
Buena Vista Orchestra,2026-10-29,,LIVE NATION MUSIC,80477.5,0.0,0.0,0,0,1,1,0,0,Theater
DJ Shadow,2026-10-29,,LIVE NATION CANADA (LN),159098.87,521575.89,66263.78,0,2,9,67,0,3,Club
SiM,2026-10-30,,LIVE NATION CANADA (LN),0.0,78357.29000000001,0.0,0,0,0,4,0,0,Theater
Tyler Braden,2026-10-29,,EVENKO CO-PRO WITH LIVE NATION,24451.73,11568.0,0.0,0,0,2,6,0,0,Club
Tyler Braden,2026-10-30,,LIVE NATION CANADA (LN),24451.73,11568.0,0.0,0,0,2,6,0,0,Club
Dwayne Gretzky,2026-10-30,,LIVE NATION CANADA (LN),0.0,0.0,0.0,0,0,1,2,0,0,Club
"""Les Nits de Barcelona"", Sting",2026-10-30,,LIVE NATION MUSIC,0.0,0.0,0.0,0,0,0,0,0,1,Other
"""Les Nits de Barcelona"", Sting",2026-10-30,,EVENKO CO-PRO WITH LIVE NATION,0.0,0.0,0.0,0,0,0,0,0,1,Other
Bryson Tiller,2026-10-30,,LIVE NATION CANADA (LN),0.0,14396903.73,1952369.56,10,20,31,34,0,2,Arena
Blue October,2026-10-31,,LIVE NATION CANADA (LN),380805.29,725828.84,1268376.38,4,2,79,177,1,3,Theater
Sleeping With Sirens,2026-10-31,,LIVE NATION CANADA (LN),0.0,350306.75,319502.92,0,1,30,104,0,5,Club
KATSEYE,2026-10-30,,EVENKO CO-PRO WITH LIVE NATION,3690618.47,0.0,0.0,0,1,5,1,0,0,Arena
Buena Vista Orchestra,2026-10-30,,LIVE NATION MUSIC,80477.5,0.0,0.0,0,0,1,1,0,0,Theater
DJ Shadow,2026-10-30,,LIVE NATION CANADA (LN),159098.87,521575.89,66263.78,0,2,9,67,0,3,Club
Grateful Shred,2026-10-31,,LIVE NATION CANADA (LN),232878.42,122314.0,61533.77,1,0,8,54,0,0,Club
AM &amp; Shawn Lee,2026-10-30,,LIVE NATION CANADA (LN),0.0,0.0,0.0,0,0,0,7,0,0,Club
Owen Riegling,2026-10-30,,LIVE NATION MUSIC,0.0,18187.81,0.0,0,0,1,1,0,0,Theater
Sleeping With Sirens,2026-11-01,,LIVE NATION CANADA (LN),0.0,350306.75,319502.92,0,1,30,104,0,5,Club
The Wrecks,2026-11-01,,LIVE NATION CANADA (LN),97000.68,0.0,0.0,0,0,1,12,0,0,Club
Hot Mulligan,2026-11-01,,LIVE NATION CANADA (LN),556359.5,349447.57,159797.75,0,0,9,20,0,3,Club
The Black Dahlia Murder,2026-11-01,,LIVE NATION CANADA (LN),0.0,65614.66,163785.56,0,0,21,93,0,2,Theater
"Mic Crenshaw, Special Guests",2026-11-01,,LIVE NATION CANADA (LN),0.0,0.0,0.0,0,0,0,1,0,0,Club
AM &amp; Shawn Lee,2026-10-31,,LIVE NATION CANADA (LN),0.0,0.0,0.0,0,0,0,7,0,0,Club
Owen Riegling,2026-10-31,,LIVE NATION MUSIC,0.0,18187.81,0.0,0,0,1,1,0,0,Arena
"Halloween, Alaska",2026-10-31,,LIVE NATION CANADA (LN),0.0,0.0,0.0,0,0,0,5,0,0,Club
"Halloween, Alaska",2026-10-31,,LIVE NATION CANADA (LN),0.0,0.0,0.0,0,0,0,5,0,0,Theater
King Crimson,2026-11-01,,LIVE NATION CANADA (LN),0.0,0.0,0.0,9,5,42,4,1,3,Theater
KATSEYE,2026-11-01,,LIVE NATION CANADA (LN),3690618.47,0.0,0.0,0,1,5,1,0,0,Arena
R&amp;B Vibes Live,2026-11-01,,LIVE NATION CANADA (LN),0.0,0.0,0.0,0,0,0,2,0,0,Club
Parra For Cuva,2026-11-01,,LIVE NATION CANADA (LN),19882.18,92340.33,0.0,0,0,1,5,0,0,Club
Tenille Townes,2026-11-01,,LIVE NATION MUSIC,0.0,146604.66,26508.27,0,0,7,8,0,1,Theater
Owen Riegling,2026-11-01,,LIVE NATION CANADA (LN),0.0,18187.81,0.0,0,0,1,1,0,0,Theater
Jake Vaadeland,2026-11-01,,LIVE NATION CANADA (LN),650.0,877.21,8248.61,0,0,0,2,0,1,Club
Sueco,2026-11-02,,LIVE NATION CANADA (LN),0.0,77100.38,70293.0,0,0,3,15,0,0,Club
Amble,2026-11-02,,LIVE NATION CANADA (LN),4025470.09,406488.11,0.0,0,5,8,27,2,4,Club
The Smashing Pumpkins,2026-11-03,,LIVE NATION CANADA (LN),956409.95,4451112.17,12656219.06,29,91,37,25,1,5,Arena
New Constellations,2026-11-03,,LIVE NATION CANADA (LN),21655.48,0.0,0.0,0,0,1,4,0,0,Club
Allison Russell,2026-11-03,,LIVE NATION CANADA (LN),83000.15,59484.68,37732.0,0,0,4,8,0,0,Theater
Geese,2026-11-03,,LIVE NATION CANADA (LN),156640.0,29014.0,20820.18,0,0,1,30,0,2,Club
America,2026-11-03,,LIVE NATION CANADA (LN),3837882.2,4477164.55,1750231.2,5,8,175,41,0,14,Theater
Dev Lemons,2026-11-03,,LIVE NATION CANADA (LN),0.0,0.0,5193.0,0,0,0,6,0,0,Theater
Amble,2026-11-03,,LIVE NATION CANADA (LN),4025470.09,406488.11,0.0,0,5,8,27,2,4,Club
Tyler Braden,2026-11-03,,LIVE NATION CANADA (LN),24451.73,11568.0,0.0,0,0,2,6,0,0,Theater
Marsden &amp; Richardson,2026-11-03,,LIVE NATION CANADA (LN),0.0,0.0,0.0,0,0,0,0,0,2,Club
Owen Riegling,2026-11-03,,LIVE NATION CANADA (LN),0.0,18187.81,0.0,0,0,1,1,0,0,Arena
Weston Estate,2026-11-04,,LIVE NATION CANADA (LN),0.0,0.0,89662.0,0,0,0,4,0,0,Club
Geese,2026-11-04,,LIVE NATION CANADA (LN),156640.0,29014.0,20820.18,0,0,1,30,0,2,Club
Sienna Spiro,2026-11-04,,LIVE NATION MUSIC,24263.94,0.0,0.0,0,0,3,3,0,0,Theater
In Real Life,2026-11-04,,LIVE NATION CANADA (LN),0.0,0.0,0.0,0,0,0,4,0,0,Club
Fally Ipupa,2026-11-04,,EVENKO CO-PRO WITH LIVE NATION,0.0,1403434.42,3954999.6,0,6,3,1,0,1,Arena
Barrington Levy,2026-11-04,,LIVE NATION CANADA (LN),386966.0,0.0,0.0,0,0,2,26,0,1,Theater
The East Pointers,2026-11-04,,LIVE NATION CANADA (LN),14014.51,13120.22,0.0,0,0,1,10,0,2,Theater
Owen Riegling,2026-11-04,,LIVE NATION CANADA (LN),0.0,18187.81,0.0,0,0,1,1,0,0,Club
Cade Thompson,2026-11-05,,LIVE NATION CANADA (LN),0.0,0.0,7360.0,0,0,0,0,0,1,Other
The Smashing Pumpkins,2026-11-05,,LIVE NATION CANADA (LN),956409.95,4451112.17,12656219.06,29,91,37,25,1,5,Arena
Geoff Tate's Operation: Mindcrime,2026-11-05,,LIVE NATION CANADA (LN),283320.71,0.0,0.0,0,0,19,36,0,1,Theater
Weston Estate,2026-11-05,,LIVE NATION CANADA (LN),0.0,0.0,89662.0,0,0,0,4,0,0,Club
Arkells,2026-11-05,,LIVE NATION CANADA (LN),512843.52,911391.9,30606.5,0,22,9,64,0,6,Club
"Begonia, Sumer",2026-11-05,,LIVE NATION CANADA (LN),0.0,0.0,1091.5,0,0,0,1,0,0,Club
Angine de Poitrine,2026-11-05,,LIVE NATION CANADA (LN),0.0,0.0,0.0,0,0,1,1,0,0,Club
Allison Russell,2026-11-05,,LIVE NATION MUSIC,83000.15,59484.68,37732.0,0,0,4,8,0,0,Arena
SYML,2026-11-05,,LIVE NATION CANADA (LN),310379.7,0.0,235701.94,0,1,15,39,0,6,Club
Boston Manor,2026-11-06,,LIVE NATION CANADA (LN),7172.5,8088.32,33060.84,0,0,0,9,0,1,Club
Sienna Spiro,2026-11-05,,LIVE NATION MUSIC,24263.94,0.0,0.0,0,0,3,3,0,0,Theater
Tyler Braden,2026-11-05,,LIVE NATION CANADA (LN),24451.73,11568.0,0.0,0,0,2,6,0,0,Arena
Quadeca,2026-11-05,,LIVE NATION CANADA (LN),127634.26,0.0,7186.0,0,0,3,8,0,0,Theater
Owen Riegling,2026-11-05,,EVENKO CO-PRO WITH LIVE NATION,0.0,18187.81,0.0,0,0,1,1,0,0,Club
The Weight,2026-11-05,,LIVE NATION CANADA (LN),0.0,6092.0,0.0,0,0,0,2,0,0,Club
"""98.1 The Bull - Red, White &amp; Boom!"", Sam Hunt",2026-11-05,,LIVE NATION CANADA (LN),0.0,0.0,0.0,0,0,0,0,1,0,Stadium
The Reklaws,2026-11-05,,LIVE NATION CANADA (LN),0.0,156027.85,0.0,0,0,1,0,0,0,Theater
"""AMA Music Festival"", Alice Cooper",2026-11-06,,LIVE NATION CANADA (LN),0.0,0.0,0.0,0,0,0,0,0,1,Other
The Tallest Man On Earth,2026-11-06,,LIVE NATION CANADA (LN),83293.33,0.0,291985.78,0,2,44,70,0,4,Club
Running,2026-11-06,,LIVE NATION CANADA (LN),0.0,0.0,0.0,0,0,0,1,0,0,Theater
Arkells,2026-11-06,,LIVE NATION CANADA (LN),512843.52,911391.9,30606.5,0,22,9,64,0,6,Club
Michael Bernard Fitzgerald,2026-11-06,,LIVE NATION CANADA (LN),0.0,0.0,0.0,0,0,3,2,0,0,Theater
Streetheart,2026-11-06,,LIVE NATION CANADA (LN),0.0,18878.7,0.0,0,0,0,0,0,1,Arena
Streetheart,2026-11-07,,LIVE NATION CANADA (LN),0.0,18878.7,0.0,0,0,0,0,0,1,Other
Allison Russell,2026-11-06,,LIVE NATION CANADA (LN),83000.15,59484.68,37732.0,0,0,4,8,0,0,Arena
Justin Nozuka,2026-11-06,,LIVE NATION CANADA (LN),0.0,6584.0,13209.92,0,0,5,28,0,3,Club
Back &amp; Forth - Foo Fighters Tribute,2026-11-06,,LIVE NATION CANADA (LN),1985.0,3110.0,0.0,0,0,0,2,0,0,Club
"nothing,nowhere.",2026-11-06,,LIVE NATION CANADA (LN),14119.95,0.0,0.0,0,0,3,18,0,0,Club
Tyler Braden,2026-11-06,,LIVE NATION CANADA (LN),24451.73,11568.0,0.0,0,0,2,6,0,0,Theater
Sky,2026-11-06,,LIVE NATION CANADA (LN),0.0,0.0,3180.0,0,0,0,1,0,0,Theater
Sammy Virji,2026-11-06,,LIVE NATION MUSIC,118384.84,426309.35,0.0,0,3,1,5,0,0,Club
"10,000 Maniacs",2026-11-07,,LIVE NATION CANADA (LN),238371.5,218731.32,22679.5,1,0,17,79,0,1,Theater
Pentatonix,2026-11-07,,LIVE NATION CANADA (LN),10014000.83,20747784.25,16735657.71,59,174,94,50,3,9,Arena
Running,2026-11-07,,LIVE NATION CANADA (LN),0.0,0.0,0.0,0,0,0,1,0,0,Theater
Arkells,2026-11-07,,LIVE NATION CANADA (LN),512843.52,911391.9,30606.5,0,22,9,64,0,6,Arena
Leonard Cohen,2026-11-07,,LIVE NATION CANADA (LN),0.0,0.0,0.0,1,74,21,0,10,12,Theater
Half Alive,2026-11-07,,LIVE NATION CANADA (LN),210058.56,0.0,254294.02,0,0,6,10,0,0,Club
Madds Buckley,2026-11-07,,LIVE NATION CANADA (LN),0.0,3020.0,0.0,0,0,1,0,0,0,Theater
Sullivan King,2026-11-07,,LIVE NATION CANADA (LN),467451.35,530888.38,678710.83,3,0,3,36,0,0,Club
Mitchell Tenpenny,2026-11-07,,LIVE NATION CANADA (LN),109545.0,464977.75,544144.0,0,0,11,16,0,3,Club
Gorgon City,2026-11-07,,LIVE NATION MUSIC,426461.0,110125.15,339721.73,0,0,4,29,0,2,Club
"nothing,nowhere.",2026-11-07,,LIVE NATION CANADA (LN),14119.95,0.0,0.0,0,0,3,18,0,0,Club
Tyler Braden,2026-11-07,,LIVE NATION CANADA (LN),24451.73,11568.0,0.0,0,0,2,6,0,0,Theater
Upgrade,2026-11-07,,LIVE NATION MUSIC,0.0,0.0,0.0,0,0,0,1,0,1,Club
Bear,2026-11-07,,LIVE NATION CANADA (LN),0.0,0.0,0.0,0,0,0,1,0,0,Club
Delhi 2 Dublin,2026-11-07,,LIVE NATION CANADA (LN),0.0,0.0,0.0,0,0,7,19,0,0,Theater
Owen Riegling,2026-11-07,,EVENKO CO-PRO WITH LIVE NATION,0.0,18187.81,0.0,0,0,1,1,0,0,Arena
Sky,2026-11-07,,LIVE NATION MUSIC,0.0,0.0,3180.0,0,0,0,1,0,0,Club
Palace,2026-11-08,,LIVE NATION CANADA (LN),216325.96,176855.55,138298.91,0,0,7,19,0,1,Theater
Half Alive,2026-11-08,,LIVE NATION CANADA (LN),210058.56,0.0,254294.02,0,0,6,10,0,0,Theater
Boy Golden,2026-11-08,,LIVE NATION CANADA (LN),0.0,25737.07,428.0,0,0,2,0,0,1,Theater
Pretty Sick,2026-11-08,,LIVE NATION CANADA (LN),0.0,0.0,0.0,0,0,0,3,0,0,Club
Jack &amp; Jack,2026-11-08,,LIVE NATION CANADA (LN),26915.8,216160.36,0.0,1,0,7,45,0,1,Club
"""Past, Present, Future: A Dance Gala""",2026-11-08,,LIVE NATION CANADA (LN),0.0,0.0,0.0,0,0,1,0,0,0,Theater
Isaiah Rashad,2026-11-08,,LIVE NATION CANADA (LN),0.0,274022.0,388038.79,0,1,16,46,0,0,Club
Tenille Townes,2026-11-08,,LIVE NATION MUSIC,0.0,146604.66,26508.27,0,0,7,8,0,1,Arena
Beck,2026-11-09,,LIVE NATION CANADA (LN),1461640.71,626608.75,4873011.17,24,9,29,9,0,4,Theater
The Black Angels,2026-11-09,,LIVE NATION CANADA (LN),0.0,18493.85,128084.29,1,0,16,79,0,0,Club
ADH,2026-11-09,,LIVE NATION CANADA (LN),0.0,0.0,0.0,0,0,0,1,0,0,Club
The Menzingers,2026-11-10,,LIVE NATION CANADA (LN),0.0,83860.93,175297.68,0,0,3,45,0,0,Theater
Allison Russell,2026-11-09,,LIVE NATION MUSIC,83000.15,59484.68,37732.0,0,0,4,8,0,0,Arena
The Wldlfe,2026-11-09,,LIVE NATION CANADA (LN),22849.6,107014.44,4184.0,0,0,0,21,0,1,Club
Die Spitz,2026-11-09,,LIVE NATION CANADA (LN),19774.52,3750.0,0.0,0,0,0,10,0,1,Theater
Ethan Regan,2026-11-09,,LIVE NATION CANADA (LN),29853.28,2015.0,0.0,0,0,0,6,0,0,Club
Tenille Townes,2026-11-09,,LIVE NATION MUSIC,0.0,146604.66,26508.27,0,0,7,8,0,1,Theater
Basement,2026-11-11,,LIVE NATION CANADA (LN),85725.97,42000.0,0.0,0,0,2,25,0,4,Theater
Arkells,2026-11-10,,LIVE NATION CANADA (LN),512843.52,911391.9,30606.5,0,22,9,64,0,6,Club
Winyah,2026-11-10,,LIVE NATION CANADA (LN),12400.0,0.0,0.0,0,0,1,4,0,0,Club
Dodie,2026-11-11,,LIVE NATION CANADA (LN),345902.88,0.0,0.0,0,0,25,34,0,1,Club
Boy Golden,2026-11-10,,LIVE NATION CANADA (LN),0.0,25737.07,428.0,0,0,2,0,0,1,Theater
Wolf Parade,2026-11-10,,LIVE NATION CANADA (LN),0.0,0.0,0.0,0,0,6,31,0,3,Theater
Trippie Redd,2026-11-10,,LIVE NATION CANADA (LN),0.0,171012.5,592049.0,4,4,6,7,0,1,Club
Wheeler Walker Jr.,2026-11-10,,EVENKO CO-PRO WITH LIVE NATION,0.0,131246.5,289839.0,0,0,4,27,0,0,Arena
Donny Benét,2026-11-10,,LIVE NATION CANADA (LN),46746.33,31580.03,62690.01,0,0,2,19,0,1,Club
Forever,2026-11-10,,LIVE NATION CANADA (LN),70329.51,0.0,0.0,0,1,0,0,0,0,Club
"The A, B, C &amp; D Of Boogie Woogie",2026-11-10,,LIVE NATION MUSIC,0.0,0.0,0.0,0,0,0,1,0,0,Theater
Nate Haller,2026-11-10,,LIVE NATION CANADA (LN),0.0,0.0,0.0,0,0,0,1,0,0,Arena
Arkells,2026-11-11,,LIVE NATION CANADA (LN),512843.52,911391.9,30606.5,0,22,9,64,0,6,Theater
Dodie,2026-11-11,,LIVE NATION CANADA (LN),345902.88,0.0,0.0,0,0,25,34,0,1,Club
Boy Golden,2026-11-11,,LIVE NATION CANADA (LN),0.0,25737.07,428.0,0,0,2,0,0,1,Theater
Wolf Parade,2026-11-11,,LIVE NATION CANADA (LN),0.0,0.0,0.0,0,0,6,31,0,3,Theater
tripleS,2026-11-11,,LIVE NATION CANADA (LN),78657.03,0.0,278437.12,0,0,8,2,0,0,Theater
Jesse &amp; Joy,2026-11-11,,LIVE NATION CANADA (LN),2914951.23,2787053.92,1937547.68,2,24,62,17,0,5,Club
Ben &amp; Rose,2026-11-11,,LIVE NATION CANADA (LN),0.0,0.0,0.0,0,0,1,0,0,0,Theater
The Black Dahlia Murder,2026-11-12,,LIVE NATION CANADA (LN),0.0,65614.66,163785.56,0,0,21,93,0,2,Theater
Nia Archives,2026-11-11,,LIVE NATION CANADA (LN),34053.98,74833.17,16359.08,0,0,2,4,0,0,Club
West 22nd,2026-11-11,,LIVE NATION CANADA (LN),16408.0,7821.0,0.0,0,0,2,7,0,0,Club
Houndmouth,2026-11-12,,LIVE NATION CANADA (LN),376191.0,156197.0,466832.0,1,0,25,112,0,3,Club
Arkells,2026-11-12,,LIVE NATION CANADA (LN),512843.52,911391.9,30606.5,0,22,9,64,0,6,Theater
the olllam,2026-11-12,,LIVE NATION CANADA (LN),0.0,0.0,0.0,0,0,1,2,0,0,Club
STELLA LEFTY,2026-11-12,,LIVE NATION CANADA (LN),0.0,0.0,0.0,0,0,0,1,0,0,Club
Josh Ross,2026-11-12,,LIVE NATION CANADA (LN),0.0,54377.36,0.0,0,0,3,5,0,0,Arena
Wheeler Walker Jr.,2026-11-12,,EVENKO CO-PRO WITH LIVE NATION,0.0,131246.5,289839.0,0,0,4,27,0,0,Club
Kai,2026-11-12,,LIVE NATION CANADA (LN),6150.0,0.0,0.0,0,0,0,3,0,0,Club
Sully,2026-11-12,,LIVE NATION CANADA (LN),0.0,0.0,7132.5,0,0,0,2,0,0,Club
Kings,2026-11-13,,LIVE NATION CANADA (LN),0.0,0.0,0.0,0,0,0,4,0,0,Club
ALLEYCVT,2026-11-13,,LIVE NATION MUSIC,269804.54000000004,89807.61,13471.0,1,0,1,10,0,1,Club
Wheeler Walker Jr.,2026-11-13,,LIVE NATION CANADA (LN),0.0,131246.5,289839.0,0,0,4,27,0,0,Club
it's murph,2026-11-13,,LIVE NATION CANADA (LN),146193.97,37135.35,39345.0,1,0,3,4,0,0,Club
Parra For Cuva,2026-11-13,,LIVE NATION CANADA (LN),19882.18,92340.33,0.0,0,0,1,5,0,0,Club
"The A, B, C &amp; D Of Boogie Woogie",2026-11-13,,LIVE NATION CANADA (LN),0.0,0.0,0.0,0,0,0,1,0,0,Theater
Tobiahs,2026-11-13,,LIVE NATION CANADA (LN),12985.0,0.0,0.0,0,0,0,2,0,0,Club
Barenaked Ladies,2026-11-14,,LIVE NATION CANADA (LN),1938722.88,1826010.29,2196874.4,117,27,93,26,5,9,Amphitheatre
Gryffin,2026-11-14,,LIVE NATION MUSIC,165000.0,377849.4,1303656.0,1,3,5,35,0,0,Club
Sam Roberts Band,2026-11-14,,LIVE NATION CANADA (LN),155964.84,33517.1,0.0,0,2,9,25,0,0,Club
At Night,2026-11-14,,LIVE NATION CANADA (LN),0.0,5339.25,0.0,0,0,0,1,0,0,Club
The Black Dahlia Murder,2026-11-14,,LIVE NATION CANADA (LN),0.0,65614.66,163785.56,0,0,21,93,0,2,Club
Matt Hansen,2026-11-14,,LIVE NATION CANADA (LN),167808.59,12300.0,0.0,0,0,0,11,0,3,Club
Henry &amp; The Invisibles,2026-11-14,,LIVE NATION CANADA (LN),0.0,0.0,0.0,0,0,0,3,0,0,Theater
Alyssa &amp; Wayne Brewer,2026-11-15,,LIVE NATION CANADA (LN),505.0,0.0,0.0,0,0,0,1,0,0,Club
Josh Ross,2026-11-14,,LIVE NATION CANADA (LN),0.0,54377.36,0.0,0,0,3,5,0,0,Club
Wheeler Walker Jr.,2026-11-14,,LIVE NATION CANADA (LN),0.0,131246.5,289839.0,0,0,4,27,0,0,Theater
"nothing,nowhere.",2026-11-14,,LIVE NATION CANADA (LN),14119.95,0.0,0.0,0,0,3,18,0,0,Theater
it's murph,2026-11-14,,LIVE NATION CANADA (LN),146193.97,37135.35,39345.0,1,0,3,4,0,0,Club
"Mic Crenshaw, Special Guests",2026-11-15,,LIVE NATION CANADA (LN),0.0,0.0,0.0,0,0,0,1,0,0,Club
Wage War,2026-11-16,,LIVE NATION CANADA (LN),0.0,250965.5,163464.08000000002,0,1,4,25,0,1,Club
Julia Jacklin,2026-11-15,,LIVE NATION CANADA (LN),0.0,141592.86,327508.12,0,0,13,47,0,7,Theater
"The A, B, C &amp; D Of Boogie Woogie",2026-11-15,,LIVE NATION CANADA (LN),0.0,0.0,0.0,0,0,0,1,0,0,Arena
Matt Hansen,2026-11-15,,LIVE NATION CANADA (LN),167808.59,12300.0,0.0,0,0,0,11,0,3,Club
Memphis LK,2026-11-15,,LIVE NATION CANADA (LN),0.0,38011.21,0.0,0,0,0,4,0,0,Club
Wheeler Walker Jr.,2026-11-15,,LIVE NATION CANADA (LN),0.0,131246.5,289839.0,0,0,4,27,0,0,Club
Slow Pulp,2026-11-16,,LIVE NATION CANADA (LN),0.0,106046.0,34083.07,0,0,1,10,0,0,Theater
Reason,2026-11-16,,LIVE NATION CANADA (LN),0.0,3617.6,1440.0,0,0,1,1,0,0,Arena
Prateek Kuhad,2026-11-16,,LIVE NATION CANADA (LN),0.0,311742.61,0.0,0,0,4,17,0,1,Theater
Boy Golden,2026-11-16,,LIVE NATION CANADA (LN),0.0,25737.07,428.0,0,0,2,0,0,1,Theater
America,2026-11-16,,LIVE NATION MUSIC,3837882.2,4477164.55,1750231.2,5,8,175,41,0,14,Theater
"The A, B, C &amp; D Of Boogie Woogie",2026-11-16,,LIVE NATION CANADA (LN),0.0,0.0,0.0,0,0,0,1,0,0,Theater
Underoath,2026-11-17,,LIVE NATION MUSIC,0.0,418700.1,308406.2,0,2,22,75,0,4,Club
Orville Peck,2026-11-17,,LIVE NATION CANADA (LN),0.0,1089190.07,122699.0,2,0,10,21,0,3,Club
Trivium,2026-11-18,,LIVE NATION CANADA (LN),398903.12,0.0,378436.41,0,3,22,57,0,1,Theater
Gene,2026-11-17,,LIVE NATION CANADA (LN),0.0,0.0,0.0,0,0,1,1,0,0,Theater
Mountain Grass Unit,2026-11-17,,LIVE NATION CANADA (LN),21000.0,7592.0,684.0,1,0,1,6,0,1,Club
Slaughter To Prevail,2026-11-17,,LIVE NATION CANADA (LN),157166.6,0.0,248864.27,0,4,13,22,0,1,Theater
Orville Peck,2026-11-18,,LIVE NATION CANADA (LN),0.0,1089190.07,122699.0,2,0,10,21,0,3,Club
Dweezil Zappa,2026-11-18,,LIVE NATION CANADA (LN),1060154.55,1718199.74,0.0,0,0,69,53,0,3,Theater
Turnover,2026-11-18,,LIVE NATION CANADA (LN),1343969.0,34201.28,13530.0,2,1,5,35,0,2,Club
Strawberry Guy,2026-11-18,,LIVE NATION CANADA (LN),0.0,17830.48,7000.0,0,0,0,4,0,0,Club
Catch Your Breath,2026-11-19,,LIVE NATION CANADA (LN),10444.0,0.0,0.0,0,0,0,6,0,0,Theater
Jorja Smith,2026-11-18,,LIVE NATION CANADA (LN),2164559.81,2260192.21,355606.04,0,2,17,16,0,4,Theater
Slaughter To Prevail,2026-11-18,,LIVE NATION CANADA (LN),157166.6,0.0,248864.27,0,4,13,22,0,1,Club
Surprise Chef,2026-11-18,,LIVE NATION CANADA (LN),25539.0,0.0,6370.0,0,0,0,5,0,0,Club
Graham Barham,2026-11-18,,LIVE NATION MUSIC,6420.0,0.0,0.0,0,0,1,0,0,0,Theater
Sam Shackleton,2026-11-18,,LIVE NATION CANADA (LN),0.0,0.0,1264.49,0,0,0,1,0,2,Other
Orville Peck,2026-11-19,,EVENKO CO-PRO WITH LIVE NATION,0.0,1089190.07,122699.0,2,0,10,21,0,3,Club
Sam Roberts Band,2026-11-19,,LIVE NATION CANADA (LN),155964.84,33517.1,0.0,0,2,9,25,0,0,Theater
Victory,2026-11-19,,LIVE NATION CANADA (LN),0.0,0.0,0.0,0,0,0,2,0,0,Club
Missio,2026-11-20,,LIVE NATION CANADA (LN),0.0,21443.08,0.0,0,0,2,28,0,2,Club
Dzidzio,2026-11-19,,LIVE NATION CANADA (LN),0.0,0.0,0.0,0,0,0,1,0,0,Theater
Gryffin,2026-11-20,,LIVE NATION CANADA (LN),165000.0,377849.4,1303656.0,1,3,5,35,0,0,Club
Turnover,2026-11-20,,LIVE NATION CANADA (LN),1343969.0,34201.28,13530.0,2,1,5,35,0,2,Theater
Sam Roberts Band,2026-11-20,,LIVE NATION CANADA (LN),155964.84,33517.1,0.0,0,2,9,25,0,0,Arena
"""Festival International de Jazz De Montreal"", Amanda Marshall",2026-11-20,,LIVE NATION MUSIC,69717.79,0.0,0.0,0,0,1,0,0,0,Theater
Boy Golden,2026-11-20,,LIVE NATION CANADA (LN),0.0,25737.07,428.0,0,0,2,0,0,1,Club
Lilyisthatyou,2026-11-20,,LIVE NATION CANADA (LN),2952.21,0.0,0.0,0,0,1,0,0,0,Theater
Keenan Te,2026-11-20,,LIVE NATION CANADA (LN),0.0,6325.56,0.0,0,0,0,1,0,0,Club
Deathpact,2026-11-20,,LIVE NATION CANADA (LN),309295.79000000004,56845.22,565531.99,0,0,3,22,0,1,Theater
Guy2Bezbar,2026-11-20,,EVENKO CO-PRO WITH LIVE NATION,45488.13,0.0,0.0,0,0,0,1,0,0,Club
The Rodeo,2026-11-20,,LIVE NATION CANADA (LN),0.0,0.0,0.0,0,1,0,0,0,0,Theater
Pentatonix,2026-11-22,,LIVE NATION CANADA (LN),10014000.83,20747784.25,16735657.71,59,174,94,50,3,9,Arena
Gryffin,2026-11-21,,LIVE NATION CANADA (LN),165000.0,377849.4,1303656.0,1,3,5,35,0,0,Club
Protest The Hero,2026-11-21,,LIVE NATION CANADA (LN),0.0,25515.129999999997,14595.0,0,0,2,25,0,1,Club
The Watchmen,2026-11-21,,LIVE NATION CANADA (LN),0.0,0.0,23336.84,0,0,3,5,0,1,Theater
Victor &amp; Leo,2026-11-21,,LIVE NATION CANADA (LN),0.0,0.0,0.0,0,0,24,1,0,0,Arena
Fleece,2026-11-21,,LIVE NATION CANADA (LN),0.0,3393.26,0.0,0,0,0,3,0,0,Club
Chantal Kreviazuk,2026-11-22,,LIVE NATION CANADA (LN),0.0,33329.89,0.0,0,0,9,5,0,0,Theater
Distant Matter,2026-11-21,,LIVE NATION CANADA (LN),0.0,0.0,0.0,0,0,0,1,0,0,Club
Little Big Town,2026-11-22,,LIVE NATION CANADA (LN),1005292.0,13004819.31,2846985.5,20,68,94,16,1,12,Theater
Jason Bonham,2026-11-22,,LIVE NATION CANADA (LN),0.0,163048.0,39752.0,0,0,3,1,0,0,Arena
Once &amp; Future Band,2026-11-22,,LIVE NATION CANADA (LN),0.0,0.0,0.0,0,0,0,1,0,0,Club
Giant Rooks,2026-11-22,,LIVE NATION CANADA (LN),0.0,4045025.2,274287.68,0,12,12,33,8,13,Club
Whitechapel,2026-11-22,,EVENKO CO-PRO WITH LIVE NATION,378503.41,16256.84,0.0,1,0,3,80,0,4,Club
Natalie MacMaster,2026-11-22,,LIVE NATION MUSIC,0.0,0.0,0.0,0,0,23,2,0,1,Arena
Turnover,2026-11-23,,LIVE NATION CANADA (LN),1343969.0,34201.28,13530.0,2,1,5,35,0,2,Theater
"""Festival International de Jazz De Montreal"", Amanda Marshall",2026-11-23,,LIVE NATION CANADA (LN),69717.79,0.0,0.0,0,0,1,0,0,0,Theater
Whitechapel,2026-11-24,,LIVE NATION CANADA (LN),378503.41,16256.84,0.0,1,0,3,80,0,4,Club
Jason Bonham,2026-11-24,,LIVE NATION CANADA (LN),0.0,163048.0,39752.0,0,0,3,1,0,0,Theater
Allan Rayman,2026-11-24,,LIVE NATION CANADA (LN),9388.09,20033.0,21458.28,1,0,3,31,0,0,Club
Boy Golden,2026-11-24,,LIVE NATION CANADA (LN),0.0,25737.07,428.0,0,0,2,0,0,1,Theater
Jessie Reyez,2026-11-24,,LIVE NATION CANADA (LN),1725959.5,0.0,120873.09,0,0,12,18,0,0,Arena
Doja Cat,2026-11-25,,LIVE NATION CANADA (LN),7384674.46,7298161.81,31988065.4,0,39,0,9,0,0,Arena
Allan Rayman,2026-11-25,,LIVE NATION CANADA (LN),9388.09,20033.0,21458.28,1,0,3,31,0,0,Club
Arkells,2026-11-25,,LIVE NATION CANADA (LN),512843.52,911391.9,30606.5,0,22,9,64,0,6,Club
TALK,2026-11-25,,LIVE NATION CANADA (LN),0.0,86810.81,39322.02,0,0,1,8,0,0,Club
"""Festival International de Jazz De Montreal"", Amanda Marshall",2026-11-25,,LIVE NATION CANADA (LN),69717.79,0.0,0.0,0,0,1,0,0,0,Theater
Roch Voisine,2026-11-25,,LIVE NATION CANADA (LN),222672.52,0.0,33838.13,0,3,5,2,0,1,Theater
The Pineapple Thief,2026-11-25,,LIVE NATION CANADA (LN),16406.77,77036.26,0.0,0,0,2,13,0,0,Theater
Boy Golden,2026-11-25,,LIVE NATION CANADA (LN),0.0,25737.07,428.0,0,0,2,0,0,1,Theater
Prateek Kuhad,2026-11-25,,LIVE NATION CANADA (LN),0.0,311742.61,0.0,0,0,4,17,0,1,Club
The Reklaws,2026-11-25,,EVENKO CO-PRO WITH LIVE NATION,0.0,156027.85,0.0,0,0,1,0,0,0,Theater
Underoath,2026-11-27,,LIVE NATION CANADA (LN),0.0,418700.1,308406.2,0,2,22,75,0,4,Theater
Arkells,2026-11-26,,LIVE NATION CANADA (LN),512843.52,911391.9,30606.5,0,22,9,64,0,6,Club
Default,2026-11-26,,LIVE NATION CANADA (LN),0.0,0.0,0.0,0,0,0,1,0,0,Theater
"""Festival International de Jazz De Montreal"", Amanda Marshall",2026-11-26,,LIVE NATION CANADA (LN),69717.79,0.0,0.0,0,0,1,0,0,0,Theater
"Allen, Mack, Myers, Moore",2026-11-26,,LIVE NATION CANADA (LN),0.0,0.0,0.0,0,0,0,1,0,0,Club
Boy Golden,2026-11-26,,LIVE NATION CANADA (LN),0.0,25737.07,428.0,0,0,2,0,0,1,Theater
"The A, B, C &amp; D Of Boogie Woogie",2026-11-26,,LIVE NATION CANADA (LN),0.0,0.0,0.0,0,0,0,1,0,0,Arena
tripleS,2026-11-26,,LIVE NATION CANADA (LN),78657.03,0.0,278437.12,0,0,8,2,0,0,Arena
America,2026-11-26,,LIVE NATION CANADA (LN),3837882.2,4477164.55,1750231.2,5,8,175,41,0,14,Theater
Natalie MacMaster,2026-11-26,,LIVE NATION CANADA (LN),0.0,0.0,0.0,0,0,23,2,0,1,Theater
"The A, B, C &amp; D Of Boogie Woogie",2026-11-26,,LIVE NATION CANADA (LN),0.0,0.0,0.0,0,0,0,1,0,0,Club
Takuya Nakamura,2026-11-26,,LIVE NATION CANADA (LN),2588.0,0.0,0.0,0,0,0,1,0,0,Club
Doja Cat,2026-11-27,,EVENKO CO-PRO WITH LIVE NATION,7384674.46,7298161.81,31988065.4,0,39,0,9,0,0,Arena
Underoath,2026-11-28,,EVENKO CO-PRO WITH LIVE NATION,0.0,418700.1,308406.2,0,2,22,75,0,4,Club
Arkells,2026-11-27,,LIVE NATION CANADA (LN),512843.52,911391.9,30606.5,0,22,9,64,0,6,Club
Tiny Habits,2026-11-27,,LIVE NATION CANADA (LN),0.0,97332.67,7488.3,0,0,4,7,0,0,Club
"Steven Page, West Texas Symphony",2026-11-27,,LIVE NATION CANADA (LN),18764.3,0.0,0.0,0,0,1,0,0,0,Theater
Father of Peace,2026-11-27,,LIVE NATION CANADA (LN),0.0,0.0,0.0,0,0,0,1,0,0,Club
GWAR,2026-11-27,,LIVE NATION CANADA (LN),232622.19,250475.13,96717.0,0,3,30,172,0,3,Theater
Natalie MacMaster,2026-11-27,,LIVE NATION CANADA (LN),0.0,0.0,0.0,0,0,23,2,0,1,Theater
The Reklaws,2026-11-27,,LIVE NATION CANADA (LN),0.0,156027.85,0.0,0,0,1,0,0,0,Arena
A Boogie Wit Da Hoodie,2026-11-28,,LIVE NATION CANADA (LN),557887.0,13225638.98,14494045.26,7,47,28,19,0,4,Arena
Turnover,2026-11-29,,LIVE NATION CANADA (LN),1343969.0,34201.28,13530.0,2,1,5,35,0,2,Club
Default,2026-11-28,,LIVE NATION CANADA (LN),0.0,0.0,0.0,0,0,0,1,0,0,Theater
"""Festival International de Jazz De Montreal"", Amanda Marshall",2026-11-28,,LIVE NATION CANADA (LN),69717.79,0.0,0.0,0,0,1,0,0,0,Theater
Jann Arden,2026-11-28,,LIVE NATION MUSIC,163468.85,381374.03,0.0,0,20,14,4,0,1,Theater
Yoshi,2026-11-29,,LIVE NATION CANADA (LN),0.0,23524.65,0.0,0,0,0,1,0,0,Theater
GWAR,2026-11-28,,LIVE NATION MUSIC,232622.19,250475.13,96717.0,0,3,30,172,0,3,Theater
"Jay Park, LNGSHOT, BIBI, Milli, AI, Kvi Baba",2026-11-29,,LIVE NATION CANADA (LN),0.0,0.0,0.0,0,0,0,0,0,1,Other
Lilyisthatyou,2026-11-28,,LIVE NATION CANADA (LN),2952.21,0.0,0.0,0,0,1,0,0,0,Club
Matt Hansen,2026-11-28,,LIVE NATION CANADA (LN),167808.59,12300.0,0.0,0,0,0,11,0,3,Theater
5 &amp; A Dime,2026-11-28,,LIVE NATION CANADA (LN),0.0,0.0,6816.0,0,0,0,1,0,0,Theater
"Moving Mountains, Moneen",2026-11-28,,LIVE NATION CANADA (LN),0.0,0.0,0.0,0,0,0,1,0,0,Theater
Venna,2026-11-28,,LIVE NATION CANADA (LN),11964.17,8371.72,0.0,0,0,0,7,0,0,Club
Lost,2026-11-28,,LIVE NATION CANADA (LN),0.0,0.0,36826.43,0,0,0,5,0,0,Club
R&amp;B Vibes Live,2026-11-28,,LIVE NATION CANADA (LN),0.0,0.0,0.0,0,0,0,2,0,0,Club
"""Festival International de Jazz De Montreal"", Amanda Marshall",2026-11-29,,LIVE NATION MUSIC,69717.79,0.0,0.0,0,0,1,0,0,0,Theater
Jann Arden,2026-11-29,,LIVE NATION CANADA (LN),163468.85,381374.03,0.0,0,20,14,4,0,1,Arena
Matt Hansen,2026-11-29,,LIVE NATION CANADA (LN),167808.59,12300.0,0.0,0,0,0,11,0,3,Theater
Night Lovell,2026-11-29,,LIVE NATION CANADA (LN),250188.22,142802.5,0.0,0,0,6,15,0,1,Club
DJ Raphi,2026-11-30,,LIVE NATION CANADA (LN),0.0,0.0,0.0,0,0,1,0,0,0,Theater
Allan Rayman,2026-11-30,,LIVE NATION CANADA (LN),9388.09,20033.0,21458.28,1,0,3,31,0,0,Theater
Steve Lacy,2026-11-30,,LIVE NATION CANADA (LN),0.0,0.0,48400.0,1,2,2,7,0,0,Arena
Olivia Rodrigo,2026-12-01,,LIVE NATION CANADA (LN),23420107.2,169307085.8,0.0,0,68,10,2,5,1,Arena
Jann Arden,2026-12-01,,LIVE NATION CANADA (LN),163468.85,381374.03,0.0,0,20,14,4,0,1,Theater
Matt Hansen,2026-12-01,,LIVE NATION CANADA (LN),167808.59,12300.0,0.0,0,0,0,11,0,3,Club
"Dragonforce, Amaranthe",2026-12-01,,EVENKO CO-PRO WITH LIVE NATION,0.0,247413.25,0.0,0,0,2,1,0,0,Theater
"Dragonforce, Amaranthe",2026-12-02,,LIVE NATION CANADA (LN),0.0,247413.25,0.0,0,0,2,1,0,0,Theater
"The A, B, C &amp; D Of Boogie Woogie",2026-12-01,,LIVE NATION CANADA (LN),0.0,0.0,0.0,0,0,0,1,0,0,Theater
Olivia Rodrigo,2026-12-02,,LIVE NATION CANADA (LN),23420107.2,169307085.8,0.0,0,68,10,2,5,1,Arena
Dweezil Zappa,2026-12-02,,LIVE NATION CANADA (LN),1060154.55,1718199.74,0.0,0,0,69,53,0,3,Theater
"""Festival International de Jazz De Montreal"", Amanda Marshall",2026-12-02,,LIVE NATION MUSIC,69717.79,0.0,0.0,0,0,1,0,0,0,Arena
The Trews,2026-12-03,,LIVE NATION CANADA (LN),0.0,47773.83,0.0,0,0,9,15,0,6,Club
Edward &amp; Graham,2026-12-02,,LIVE NATION CANADA (LN),0.0,0.0,0.0,0,0,0,1,0,0,Club
Riso,2026-12-02,,LIVE NATION CANADA (LN),0.0,0.0,0.0,0,0,0,1,0,0,Club
Rich The Kid,2026-12-02,,LIVE NATION CANADA (LN),0.0,0.0,43955.66,0,0,0,7,0,0,Theater
The Underachievers,2026-12-02,,LIVE NATION CANADA (LN),0.0,0.0,0.0,0,0,2,21,0,0,Club
"Bush, Marshall, Meyer, and Meyer",2026-12-03,,LIVE NATION CANADA (LN),0.0,0.0,49840.0,0,0,1,0,0,0,Theater
Jann Arden,2026-12-03,,LIVE NATION CANADA (LN),163468.85,381374.03,0.0,0,20,14,4,0,1,Theater
Little River Band,2026-12-04,,LIVE NATION CANADA (LN),1040888.05,1572256.34,1160914.45,13,1,111,26,0,19,Arena
Colin James,2026-12-04,,LIVE NATION CANADA (LN),114118.84,141198.48,77650.2,0,2,43,9,0,0,Theater
TALK,2026-12-04,,LIVE NATION CANADA (LN),0.0,86810.81,39322.02,0,0,1,8,0,0,Club
Jann Arden,2026-12-04,,LIVE NATION CANADA (LN),163468.85,381374.03,0.0,0,20,14,4,0,1,Theater
The Bouncing Souls,2026-12-05,,LIVE NATION CANADA (LN),28005.0,0.0,40794.0,0,0,7,32,0,2,Club
The Tenors,2026-12-04,,LIVE NATION MUSIC,40639.97,151406.29,81378.0,3,16,87,9,0,6,Theater
The Trews,2026-12-05,,LIVE NATION CANADA (LN),0.0,47773.83,0.0,0,0,9,15,0,6,Theater
America,2026-12-04,,LIVE NATION CANADA (LN),3837882.2,4477164.55,1750231.2,5,8,175,41,0,14,Theater
10 Years,2026-12-04,,LIVE NATION CANADA (LN),17283.0,47010.25,6775.0,0,0,11,89,0,3,Club
The Funk Hunters,2026-12-04,,LIVE NATION CANADA (LN),0.0,0.0,5080.0,0,0,0,10,0,0,Theater
Starjunk 95,2026-12-04,,LIVE NATION CANADA (LN),11000.0,0.0,0.0,0,0,0,4,0,0,Club
Forever,2026-12-04,,LIVE NATION CANADA (LN),70329.51,0.0,0.0,0,1,0,0,0,0,Club
Lucy Bedroque,2026-12-04,,LIVE NATION CANADA (LN),0.0,0.0,0.0,0,0,1,2,0,0,Theater
Little River Band,2026-12-05,,LIVE NATION CANADA (LN),1040888.05,1572256.34,1160914.45,13,1,111,26,0,19,Theater
Marianas Trench,2026-12-05,,LIVE NATION MUSIC,286587.94999999995,502970.06,0.0,3,42,23,47,0,1,Arena
"""Festival International de Jazz De Montreal"", Amanda Marshall",2026-12-05,,LIVE NATION CANADA (LN),69717.79,0.0,0.0,0,0,1,0,0,0,Theater
Jady,2026-12-05,,LIVE NATION CANADA (LN),29812.5,24895.0,6000.0,0,0,2,4,0,0,Club
John Craigie,2026-12-05,,LIVE NATION CANADA (LN),144342.09,154651.68,210735.5,2,0,9,71,0,5,Theater
"""Festival International de Jazz De Montreal"", Amanda Marshall",2026-12-06,,LIVE NATION CANADA (LN),69717.79,0.0,0.0,0,0,1,0,0,0,Theater
Gabriella,2026-12-07,,LIVE NATION CANADA (LN),0.0,6582.18,0.0,0,0,5,4,0,5,Theater
10 Years,2026-12-06,,LIVE NATION CANADA (LN),17283.0,47010.25,6775.0,0,0,11,89,0,3,Club
Gallant,2026-12-06,,LIVE NATION CANADA (LN),27355.0,0.0,0.0,0,0,1,13,0,1,Club
"""Festival International de Jazz De Montreal"", Amanda Marshall",2026-12-08,,LIVE NATION CANADA (LN),69717.79,0.0,0.0,0,0,1,0,0,0,Theater
King Buffalo,2026-12-08,,LIVE NATION CANADA (LN),6070.0,13717.0,5145.0,0,0,0,21,0,1,Club
Jann Arden,2026-12-08,,LIVE NATION MUSIC,163468.85,381374.03,0.0,0,20,14,4,0,1,Theater
Daisy Grenade,2026-12-08,,LIVE NATION CANADA (LN),0.0,0.0,0.0,0,0,0,1,0,0,Club
Upgrade,2026-12-08,,LIVE NATION MUSIC,0.0,0.0,0.0,0,0,0,1,0,1,Club
Syd,2026-12-08,,LIVE NATION CANADA (LN),0.0,0.0,0.0,0,0,0,1,0,0,Club
David Archuleta,2026-12-09,,LIVE NATION CANADA (LN),86193.8,36584.0,0.0,0,0,24,24,0,0,Theater
Jann Arden,2026-12-09,,LIVE NATION CANADA (LN),163468.85,381374.03,0.0,0,20,14,4,0,1,Arena
Jann Arden,2026-12-09,,LIVE NATION MUSIC,163468.85,381374.03,0.0,0,20,14,4,0,1,Arena
"""Festival International de Jazz De Montreal"", Amanda Marshall",2026-12-10,,EVENKO CO-PRO WITH LIVE NATION,69717.79,0.0,0.0,0,0,1,0,0,0,Arena
Montell Fish,2026-12-09,,LIVE NATION CANADA (LN),726844.46,98486.05,0.0,0,0,3,5,0,0,Theater
Rush,2026-12-10,,LIVE NATION CANADA (LN),0.0,0.0,0.0,40,118,1,0,2,8,Arena
"""Festival International de Jazz De Montreal"", Amanda Marshall",2026-12-11,,LIVE NATION CANADA (LN),69717.79,0.0,0.0,0,0,1,0,0,0,Arena
Imminence,2026-12-11,,LIVE NATION CANADA (LN),470438.32,155312.11,0.0,0,0,3,36,0,15,Club
Kapo,2026-12-10,,LIVE NATION CANADA (LN),231335.0,0.0,0.0,0,5,3,0,1,0,Arena
"Senses Fail, Saves The Day",2026-12-12,,LIVE NATION CANADA (LN),0.0,78419.0,0.0,0,0,0,1,0,0,Club
Jann Arden,2026-12-11,,LIVE NATION MUSIC,163468.85,381374.03,0.0,0,20,14,4,0,1,Arena
Jann Arden,2026-12-11,,LIVE NATION CANADA (LN),163468.85,381374.03,0.0,0,20,14,4,0,1,Arena
Jamie Fine,2026-12-11,,LIVE NATION CANADA (LN),23406.5,0.0,0.0,0,0,1,2,0,0,Theater
Wolf Parade,2026-12-11,,LIVE NATION CANADA (LN),0.0,0.0,0.0,0,0,6,31,0,3,Club
"Vale, Dzo-Nga",2026-12-11,,LIVE NATION CANADA (LN),0.0,0.0,0.0,0,0,0,1,0,0,Club
Rush,2026-12-12,,LIVE NATION CANADA (LN),0.0,0.0,0.0,40,118,1,0,2,8,Arena
Choir! Choir! Choir!,2026-12-12,,LIVE NATION CANADA (LN),156164.81,180598.09,123176.27,0,0,19,23,0,0,Theater
Jann Arden,2026-12-12,,LIVE NATION MUSIC,163468.85,381374.03,0.0,0,20,14,4,0,1,Arena
Jann Arden,2026-12-12,,LIVE NATION CANADA (LN),163468.85,381374.03,0.0,0,20,14,4,0,1,Arena
Victor &amp; Leo,2026-12-12,,LIVE NATION CANADA (LN),0.0,0.0,0.0,0,0,24,1,0,0,Arena
Wolf Parade,2026-12-12,,LIVE NATION CANADA (LN),0.0,0.0,0.0,0,0,6,31,0,3,Club
Jamie Fine,2026-12-12,,LIVE NATION CANADA (LN),23406.5,0.0,0.0,0,0,1,2,0,0,Club
"The Temptations, The Four Tops",2026-12-12,,LIVE NATION CANADA (LN),2874418.01,1716878.2,2034411.11,9,20,172,21,0,4,Arena
Neve,2026-12-12,,LIVE NATION CANADA (LN),930.81,0.0,0.0,0,0,0,1,0,0,Club
"Senses Fail, Saves The Day",2026-12-13,,EVENKO CO-PRO WITH LIVE NATION,0.0,78419.0,0.0,0,0,0,1,0,0,Club
Shakey Graves,2026-12-13,,LIVE NATION CANADA (LN),387884.0,401599.02,1244604.5,18,0,46,154,2,15,Club
Jann Arden,2026-12-13,,LIVE NATION CANADA (LN),163468.85,381374.03,0.0,0,20,14,4,0,1,Theater
The Pineapple Thief,2026-12-13,,LIVE NATION CANADA (LN),16406.77,77036.26,0.0,0,0,2,13,0,0,Theater
Imminence,2026-12-13,,EVENKO CO-PRO WITH LIVE NATION,470438.32,155312.11,0.0,0,0,3,36,0,15,Club
Jake Vaadeland,2026-12-13,,LIVE NATION CANADA (LN),650.0,877.21,8248.61,0,0,0,2,0,1,Theater
America,2026-12-13,,LIVE NATION CANADA (LN),3837882.2,4477164.55,1750231.2,5,8,175,41,0,14,Club
Shakey Graves,2026-12-14,,LIVE NATION CANADA (LN),387884.0,401599.02,1244604.5,18,0,46,154,2,15,Club
Rush,2026-12-15,,LIVE NATION CANADA (LN),0.0,0.0,0.0,40,118,1,0,2,8,Arena
Jann Arden,2026-12-15,,LIVE NATION CANADA (LN),163468.85,381374.03,0.0,0,20,14,4,0,1,Theater
Jake Vaadeland,2026-12-15,,LIVE NATION MUSIC,650.0,877.21,8248.61,0,0,0,2,0,1,Theater
Jann Arden,2026-12-16,,LIVE NATION MUSIC,163468.85,381374.03,0.0,0,20,14,4,0,1,Theater
Rush,2026-12-17,,LIVE NATION CANADA (LN),0.0,0.0,0.0,40,118,1,0,2,8,Arena
"Kim Mitchell, David Wilcox",2026-12-17,,LIVE NATION MUSIC,0.0,0.0,0.0,0,0,2,0,0,0,Theater
Kip Moore,2026-12-18,,LIVE NATION CANADA (LN),919450.56,881524.0,2477186.23,14,25,90,90,1,9,Theater
The Funk Hunters,2026-12-18,,LIVE NATION CANADA (LN),0.0,0.0,5080.0,0,0,0,10,0,0,Club
"Allen Stone, Ripe",2026-12-19,,LIVE NATION CANADA (LN),29263.0,0.0,0.0,0,0,0,1,0,0,Club
Crankdat,2026-12-19,,LIVE NATION MUSIC,812116.3200000001,156729.33000000002,33893.95,1,0,4,14,0,0,Arena
Jason Ross,2026-12-19,,LIVE NATION CANADA (LN),0.0,17131.65,0.0,0,0,1,6,0,0,Club
The Funk Hunters,2026-12-19,,LIVE NATION CANADA (LN),0.0,0.0,5080.0,0,0,0,10,0,0,Club
Amtrac,2026-12-19,,LIVE NATION CANADA (LN),0.0,0.0,35933.0,0,0,0,10,0,0,Club
Sky,2026-12-19,,LIVE NATION CANADA (LN),0.0,0.0,3180.0,0,0,0,1,0,0,Theater
Night Lovell,2026-12-20,,LIVE NATION CANADA (LN),250188.22,142802.5,0.0,0,0,6,15,0,1,Club
Night Lovell,2026-12-22,,LIVE NATION CANADA (LN),250188.22,142802.5,0.0,0,0,6,15,0,1,Theater
Trans-Siberian Orchestra,2026-12-29,,LIVE NATION CANADA (LN),60413990.78,69204633.87,42632080.53,0,911,47,1,0,15,Arena
Trans-Siberian Orchestra,2026-12-29,,LIVE NATION CANADA (LN),60413990.78,69204633.87,42632080.53,0,911,47,1,0,15,Arena
Andrew Bayer,2026-12-30,,LIVE NATION CANADA (LN),7700.0,0.0,0.0,0,1,0,6,0,1,Club
The Bridge City Sinners,2027-01-02,,LIVE NATION CANADA (LN),17580.0,43965.12,64605.0,0,0,2,18,0,2,Club
Lord Huron,2027-01-05,,LIVE NATION CANADA (LN),7888965.15,1783437.4,653823.52,34,6,43,92,2,12,Theater
Lord Huron,2027-01-06,,LIVE NATION CANADA (LN),7888965.15,1783437.4,653823.52,34,6,43,92,2,12,Theater
Marianas Trench,2027-01-08,,LIVE NATION MUSIC,286587.94999999995,502970.06,0.0,3,42,23,47,0,1,Theater
Supersonic,2027-01-08,,LIVE NATION CANADA (LN),0.0,0.0,0.0,0,0,0,1,0,0,Club
Supersonic,2027-01-09,,LIVE NATION CANADA (LN),0.0,0.0,0.0,0,0,0,1,0,0,Theater
STELLA LEFTY,2027-01-12,,LIVE NATION CANADA (LN),0.0,0.0,0.0,0,0,0,1,0,0,Club
STELLA LEFTY,2027-01-13,,LIVE NATION CANADA (LN),0.0,0.0,0.0,0,0,0,1,0,0,Club
Meredith Marks,2027-01-13,,LIVE NATION CANADA (LN),0.0,0.0,0.0,0,0,0,1,0,0,Club
STELLA LEFTY,2027-01-15,,EVENKO CO-PRO WITH LIVE NATION,0.0,0.0,0.0,0,0,0,1,0,0,Club
3 Inches Of Blood,2027-01-15,,LIVE NATION CANADA (LN),0.0,24888.58,0.0,0,0,1,7,0,1,Club
Devin Cuddy Band,2027-01-16,,LIVE NATION MUSIC,0.0,0.0,0.0,0,0,1,0,0,0,Theater
3 Inches Of Blood,2027-01-16,,LIVE NATION CANADA (LN),0.0,24888.58,0.0,0,0,1,7,0,1,Club
"Jagged Edge, Dru Hill",2027-01-21,,LIVE NATION CANADA (LN),0.0,0.0,0.0,0,1,0,0,0,0,Arena
Ninajirachi,2027-01-21,,LIVE NATION CANADA (LN),31299.82,0.0,713.04,0,0,4,4,0,0,Club
April Wine,2027-01-22,,LIVE NATION CANADA (LN),34519.0,52015.58,31760.44,1,0,6,8,0,5,Club
Hilary Duff,2027-01-22,,LIVE NATION CANADA (LN),0.0,0.0,0.0,22,2,1,0,0,0,Arena
Ninajirachi,2027-01-22,,LIVE NATION CANADA (LN),31299.82,0.0,713.04,0,0,4,4,0,0,Club
Hilary Duff,2027-01-23,,LIVE NATION CANADA (LN),0.0,0.0,0.0,22,2,1,0,0,0,Arena
"Kim Mitchell, David Wilcox",2027-01-25,,LIVE NATION CANADA (LN),0.0,0.0,0.0,0,0,2,0,0,0,Theater
Hilary Duff,2027-01-26,,LIVE NATION CANADA (LN),0.0,0.0,0.0,22,2,1,0,0,0,Amphitheatre
Atmosphere,2027-01-26,,LIVE NATION CANADA (LN),146775.74,892702.91,342711.76,10,7,35,156,0,7,Club
Hilary Duff,2027-01-27,,LIVE NATION CANADA (LN),0.0,0.0,0.0,22,2,1,0,0,0,Amphitheatre
Tenille Townes,2027-01-28,,EVENKO CO-PRO WITH LIVE NATION,0.0,146604.66,26508.27,0,0,7,8,0,1,Theater
Meredith Marks,2027-01-28,,LIVE NATION CANADA (LN),0.0,0.0,0.0,0,0,0,1,0,0,Club
Hilary Duff,2027-01-29,,LIVE NATION CANADA (LN),0.0,0.0,0.0,22,2,1,0,0,0,Arena
The Musical Box,2027-01-29,,LIVE NATION CANADA (LN),727487.62,1211966.78,1066475.68,0,6,102,42,0,4,Theater
Hilary Duff,2027-01-30,,LIVE NATION MUSIC,0.0,0.0,0.0,22,2,1,0,0,0,Arena
The Musical Box,2027-01-30,,LIVE NATION CANADA (LN),727487.62,1211966.78,1066475.68,0,6,102,42,0,4,Theater
La Roux,2027-01-31,,LIVE NATION CANADA (LN),0.0,0.0,0.0,1,2,16,29,0,0,Theater
Hilary Duff,2027-02-02,,LIVE NATION CANADA (LN),0.0,0.0,0.0,22,2,1,0,0,0,Arena
French 79,2027-02-03,,LIVE NATION CANADA (LN),0.0,92369.72,62875.06,0,0,1,9,0,1,Theater
Hilary Duff,2027-02-04,,LIVE NATION CANADA (LN),0.0,0.0,0.0,22,2,1,0,0,0,Arena
Ibeyi,2027-02-04,,LIVE NATION CANADA (LN),0.0,0.0,67870.0,1,0,4,32,0,0,Club
Houndmouth,2027-02-05,,LIVE NATION CANADA (LN),376191.0,156197.0,466832.0,1,0,25,112,0,3,Club
Hilary Duff,2027-02-05,,EVENKO CO-PRO WITH LIVE NATION,0.0,0.0,0.0,22,2,1,0,0,0,Arena
Beverly Glenn-Copeland,2027-02-05,,LIVE NATION CANADA (LN),13026.57,0.0,0.0,0,0,0,1,0,0,Theater
Houndmouth,2027-02-06,,LIVE NATION CANADA (LN),376191.0,156197.0,466832.0,1,0,25,112,0,3,Club
Valley,2027-02-06,,LIVE NATION CANADA (LN),3907.06,45202.45,72551.74,0,0,2,8,0,0,Club
Celebration,2027-02-06,,LIVE NATION CANADA (LN),0.0,0.0,0.0,0,0,0,1,0,0,Club
Hilary Duff,2027-02-07,,LIVE NATION CANADA (LN),0.0,0.0,0.0,22,2,1,0,0,0,Arena
Jesse Roper,2027-02-06,,LIVE NATION CANADA (LN),600.0,0.0,0.0,0,0,0,1,0,0,Club
Dexter and The Moonrocks,2027-02-09,,LIVE NATION CANADA (LN),112239.0,104565.0,62966.5,0,0,5,26,0,1,Arena
Dexter and The Moonrocks,2027-02-10,,LIVE NATION CANADA (LN),112239.0,104565.0,62966.5,0,0,5,26,0,1,Theater
Nemzzz,2027-02-10,,LIVE NATION CANADA (LN),5228.55,58225.88,0.0,0,0,0,3,0,1,Club
"Kip Moore, Jackson Dean",2027-02-11,,LIVE NATION CANADA (LN),0.0,0.0,0.0,0,0,1,0,0,0,Theater
Nemzzz,2027-02-11,,LIVE NATION CANADA (LN),5228.55,58225.88,0.0,0,0,0,3,0,1,Club
Dexter and The Moonrocks,2027-02-12,,LIVE NATION CANADA (LN),112239.0,104565.0,62966.5,0,0,5,26,0,1,Arena
Warrant,2027-02-12,,LIVE NATION CANADA (LN),262496.35,406715.1,113331.25,3,5,14,12,0,3,Arena
"In, Flew Ants",2027-02-12,,LIVE NATION CANADA (LN),0.0,0.0,0.0,0,0,0,2,0,0,Club
Nemzzz,2027-02-12,,EVENKO CO-PRO WITH LIVE NATION,5228.55,58225.88,0.0,0,0,0,3,0,1,Club
Dexter and The Moonrocks,2027-02-13,,LIVE NATION CANADA (LN),112239.0,104565.0,62966.5,0,0,5,26,0,1,Theater
Warrant,2027-02-13,,LIVE NATION CANADA (LN),262496.35,406715.1,113331.25,3,5,14,12,0,3,Theater
James Marriott,2027-02-16,,LIVE NATION CANADA (LN),169222.41,343075.58,70095.52,0,0,7,9,0,0,Club
Valley,2027-02-16,,LIVE NATION CANADA (LN),3907.06,45202.45,72551.74,0,0,2,8,0,0,Theater
Dexter and The Moonrocks,2027-02-16,,LIVE NATION CANADA (LN),112239.0,104565.0,62966.5,0,0,5,26,0,1,Theater
"""AMA Music Festival"", Alan Walker",2027-02-18,,LIVE NATION CANADA (LN),0.0,0.0,0.0,0,0,0,0,0,1,Other
Dexter and The Moonrocks,2027-02-17,,LIVE NATION CANADA (LN),112239.0,104565.0,62966.5,0,0,5,26,0,1,Club
Gracie Abrams,2027-02-18,,LIVE NATION CANADA (LN),35049232.76,5296821.61,857658.6,5,27,12,17,0,1,Arena
"""AMA Music Festival"", Alan Walker",2027-02-19,,LIVE NATION CANADA (LN),0.0,0.0,0.0,0,0,0,0,0,1,Other
Gracie Abrams,2027-02-19,,LIVE NATION CANADA (LN),35049232.76,5296821.61,857658.6,5,27,12,17,0,1,Arena
Valley,2027-02-19,,LIVE NATION CANADA (LN),3907.06,45202.45,72551.74,0,0,2,8,0,0,Theater
Dexter and The Moonrocks,2027-02-19,,EVENKO CO-PRO WITH LIVE NATION,112239.0,104565.0,62966.5,0,0,5,26,0,1,Club
Romare,2027-02-19,,LIVE NATION CANADA (LN),0.0,4763.15,0.0,0,0,0,2,0,0,Club
"""AMA Music Festival"", Alan Walker",2027-02-21,,LIVE NATION CANADA (LN),0.0,0.0,0.0,0,0,0,0,0,1,Other
Valley,2027-02-20,,LIVE NATION CANADA (LN),3907.06,45202.45,72551.74,0,0,2,8,0,0,Theater
Dexter and The Moonrocks,2027-02-20,,LIVE NATION CANADA (LN),112239.0,104565.0,62966.5,0,0,5,26,0,1,Club
The Suicide Machines,2027-02-21,,LIVE NATION CANADA (LN),0.0,9952.0,0.0,0,0,0,4,0,0,Club
"""Laughs, Music, &amp; Vibes""",2027-02-22,,LIVE NATION CANADA (LN),0.0,0.0,0.0,0,0,0,1,0,0,Club
Valley,2027-02-23,,LIVE NATION MUSIC,3907.06,45202.45,72551.74,0,0,2,8,0,0,Club
Brit Floyd,2027-02-24,,LIVE NATION CANADA (LN),4801025.88,3935393.5,2580115.85,22,89,371,28,0,9,Arena
Valley,2027-02-24,,LIVE NATION CANADA (LN),3907.06,45202.45,72551.74,0,0,2,8,0,0,Club
Blue October,2027-02-25,,LIVE NATION CANADA (LN),380805.29,725828.84,1268376.38,4,2,79,177,1,3,Club
Death From Above 1979,2027-02-25,,LIVE NATION CANADA (LN),149301.86000000002,114819.82,16545.0,0,2,7,52,0,3,Club
Godspeed You! Black Emperor,2027-02-26,,LIVE NATION CANADA (LN),701967.33,293956.15,95123.01,0,0,26,76,0,2,Theater
Godspeed You! Black Emperor,2027-02-27,,LIVE NATION CANADA (LN),701967.33,293956.15,95123.01,0,0,26,76,0,2,Theater
Polyphia,2027-03-02,,LIVE NATION CANADA (LN),0.0,121407.0,744654.76,0,0,3,49,0,1,Theater
Jack Kays,2027-03-02,,LIVE NATION CANADA (LN),71591.25,6807.0,9000.0,0,0,1,9,0,0,Theater
Polyphia,2027-03-03,,EVENKO CO-PRO WITH LIVE NATION,0.0,121407.0,744654.76,0,0,3,49,0,1,Club
Air Supply,2027-03-03,,LIVE NATION CANADA (LN),3599546.73,4482835.24,4165792.98,11,20,186,51,1,28,Theater
Hey Rosetta!,2027-03-05,,LIVE NATION CANADA (LN),0.0,0.0,0.0,0,1,10,23,0,6,Club
Air Supply,2027-03-06,,LIVE NATION CANADA (LN),3599546.73,4482835.24,4165792.98,11,20,186,51,1,28,Theater
Theory of a Deadman,2027-03-06,,EVENKO CO-PRO WITH LIVE NATION,252837.67,670368.53,0.0,0,3,44,86,0,9,Arena
Hey Rosetta!,2027-03-06,,LIVE NATION CANADA (LN),0.0,0.0,0.0,0,1,10,23,0,6,Club
Air Supply,2027-03-07,,LIVE NATION MUSIC,3599546.73,4482835.24,4165792.98,11,20,186,51,1,28,Theater
"Band Of Horses, Dinosaur Jr.",2027-03-07,,LIVE NATION CANADA (LN),0.0,0.0,0.0,1,0,0,0,0,0,Theater
Hey Rosetta!,2027-03-07,,LIVE NATION CANADA (LN),0.0,0.0,0.0,0,1,10,23,0,6,Club
Gracie Abrams,2027-03-08,,EVENKO CO-PRO WITH LIVE NATION,35049232.76,5296821.61,857658.6,5,27,12,17,0,1,Arena
Gracie Abrams,2027-03-09,,EVENKO CO-PRO WITH LIVE NATION,35049232.76,5296821.61,857658.6,5,27,12,17,0,1,Arena
Theory of a Deadman,2027-03-11,,LIVE NATION CANADA (LN),252837.67,670368.53,0.0,0,3,44,86,0,9,Club
Crown Lands,2027-03-12,,LIVE NATION CANADA (LN),0.0,0.0,0.0,0,1,0,0,0,0,Club
The Mary Wallopers,2027-03-12,,LIVE NATION CANADA (LN),1839541.23,533118.83,208594.0,0,4,10,30,1,1,Club
Jack Kays,2027-03-13,,LIVE NATION CANADA (LN),71591.25,6807.0,9000.0,0,0,1,9,0,0,Club
The Northern,2027-03-13,,LIVE NATION CANADA (LN),0.0,0.0,0.0,0,0,0,1,0,0,Theater
"Rust Belt Lights, Maker, Still Rings True",2027-03-14,,LIVE NATION CANADA (LN),0.0,0.0,0.0,0,0,0,3,0,1,Club
Coeur De Pirate,2027-03-13,,LIVE NATION CANADA (LN),96256.24,0.0,0.0,0,0,6,25,0,0,Theater
Coeur De Pirate,2027-03-14,,LIVE NATION CANADA (LN),96256.24,0.0,0.0,0,0,6,25,0,0,Club
Theory of a Deadman,2027-03-17,,LIVE NATION MUSIC,252837.67,670368.53,0.0,0,3,44,86,0,9,Club
"""Festival International de Jazz De Montreal"", Saint Levant",2027-03-19,,LIVE NATION CANADA (LN),0.0,0.0,0.0,0,0,0,1,0,0,Club
Blondshell,2027-03-20,,LIVE NATION CANADA (LN),62539.14,21093.51,13640.92,0,0,1,10,0,0,Theater
"""Festival International de Jazz De Montreal"", Saint Levant",2027-03-20,,LIVE NATION CANADA (LN),0.0,0.0,0.0,0,0,0,1,0,0,Theater
Theory of a Deadman,2027-03-20,,LIVE NATION CANADA (LN),252837.67,670368.53,0.0,0,3,44,86,0,9,Theater
Valley,2027-03-20,,LIVE NATION CANADA (LN),3907.06,45202.45,72551.74,0,0,2,8,0,0,Theater
The Irish Rovers,2027-03-20,,LIVE NATION CANADA (LN),27439.43,0.0,17923.65,1,0,32,6,0,2,Theater
"Filter, Finger Eleven",2027-03-20,,LIVE NATION CANADA (LN),0.0,0.0,0.0,0,1,0,0,0,0,Arena
"""Festival International de Jazz De Montreal"", Saint Levant",2027-03-23,,LIVE NATION CANADA (LN),0.0,0.0,0.0,0,0,0,1,0,0,Club
April Wine,2027-03-24,,EVENKO CO-PRO WITH LIVE NATION,34519.0,52015.58,31760.44,1,0,6,8,0,5,Theater
Death From Above 1979,2027-03-23,,LIVE NATION CANADA (LN),149301.86000000002,114819.82,16545.0,0,2,7,52,0,3,Theater
"""Festival International de Jazz De Montreal"", Saint Levant",2027-03-24,,LIVE NATION CANADA (LN),0.0,0.0,0.0,0,0,0,1,0,0,Club
April Wine,2027-03-25,,EVENKO CO-PRO WITH LIVE NATION,34519.0,52015.58,31760.44,1,0,6,8,0,5,Arena
Royal Wood,2027-03-25,,LIVE NATION CANADA (LN),0.0,0.0,0.0,0,0,6,0,0,1,Theater
"""Festival International de Jazz De Montreal"", Saint Levant",2027-03-25,,LIVE NATION CANADA (LN),0.0,0.0,0.0,0,0,0,1,0,0,Club
Theory of a Deadman,2027-03-25,,LIVE NATION CANADA (LN),252837.67,670368.53,0.0,0,3,44,86,0,9,Theater
Morat,2027-03-26,,LIVE NATION CANADA (LN),12348530.96,73686333.73,28732781.83,8,51,45,8,51,17,Arena
Arthur Hill,2027-03-28,,LIVE NATION CANADA (LN),74093.26000000001,27759.52,0.0,0,1,1,5,0,0,Club
Wheeler Walker Jr.,2027-03-27,,LIVE NATION CANADA (LN),0.0,131246.5,289839.0,0,0,4,27,0,0,Club
Niall Horan,2027-03-30,,LIVE NATION CANADA (LN),0.0,68141223.9,0.0,58,69,28,3,1,4,Arena
Nothing But Thieves,2027-03-30,,LIVE NATION CANADA (LN),606164.47,4488559.03,3193861.94,0,12,35,74,0,8,Theater
Wheeler Walker Jr.,2027-03-30,,LIVE NATION MUSIC,0.0,131246.5,289839.0,0,0,4,27,0,0,Theater
Theory of a Deadman,2027-03-31,,LIVE NATION CANADA (LN),252837.67,670368.53,0.0,0,3,44,86,0,9,Theater
Kid Francescoli,2027-04-01,,LIVE NATION CANADA (LN),27287.25,51864.68,28235.56,0,0,1,12,0,2,Theater
Niall Horan,2027-04-02,,EVENKO CO-PRO WITH LIVE NATION,0.0,68141223.9,0.0,58,69,28,3,1,4,Arena
Wheeler Walker Jr.,2027-04-01,,LIVE NATION CANADA (LN),0.0,131246.5,289839.0,0,0,4,27,0,0,Arena
Wheeler Walker Jr.,2027-04-02,,LIVE NATION CANADA (LN),0.0,131246.5,289839.0,0,0,4,27,0,0,Theater
Death Cab For Cutie,2027-04-04,,LIVE NATION CANADA (LN),2718946.78,0.0,1048636.74,41,12,92,45,3,12,Theater
VNV Nation,2027-04-04,,LIVE NATION CANADA (LN),0.0,29482.12,98062.06,0,0,3,46,1,1,Theater
Wheeler Walker Jr.,2027-04-03,,LIVE NATION CANADA (LN),0.0,131246.5,289839.0,0,0,4,27,0,0,Arena
Lukas Graham,2027-04-06,,LIVE NATION CANADA (LN),0.0,130586.66,0.0,0,1,12,24,0,0,Theater
Wheeler Walker Jr.,2027-04-05,,LIVE NATION CANADA (LN),0.0,131246.5,289839.0,0,0,4,27,0,0,Theater
Riley Green,2027-04-08,,LIVE NATION CANADA (LN),16044323.77,11336207.41,4129193.53,48,55,33,29,2,11,Arena
Riley Green,2027-04-09,,LIVE NATION CANADA (LN),16044323.77,11336207.41,4129193.53,48,55,33,29,2,11,Arena
The Interrupters,2027-04-10,,LIVE NATION CANADA (LN),0.0,95240.35,131504.91,1,0,8,19,0,0,Club
Riley Green,2027-04-10,,LIVE NATION MUSIC,16044323.77,11336207.41,4129193.53,48,55,33,29,2,11,Arena
Bruce Cockburn,2027-04-10,,LIVE NATION CANADA (LN),88765.0,99304.0,222261.52,0,0,35,67,0,3,Arena
Beirut,2027-04-13,,LIVE NATION CANADA (LN),0.0,571166.05,0.0,2,3,23,28,0,1,Club
Chasing Abbey,2027-04-15,,LIVE NATION CANADA (LN),0.0,53043.38,0.0,0,0,4,8,0,1,Club
Chasing Abbey,2027-04-16,,LIVE NATION CANADA (LN),0.0,53043.38,0.0,0,0,4,8,0,1,Club
Angèle,2027-04-17,,EVENKO CO-PRO WITH LIVE NATION,0.0,0.0,1167009.33,0,7,0,1,0,0,Arena
Nothing But Thieves,2027-04-20,,EVENKO CO-PRO WITH LIVE NATION,606164.47,4488559.03,3193861.94,0,12,35,74,0,8,Club
Ha*Ash,2027-04-20,,LIVE NATION CANADA (LN),7294255.04,2716520.84,9867932.36,5,35,71,8,9,8,Theater
Foy Vance,2027-04-21,,LIVE NATION CANADA (LN),0.0,67882.0,243802.99,0,0,20,42,0,6,Theater
Nothing But Thieves,2027-04-21,,LIVE NATION CANADA (LN),606164.47,4488559.03,3193861.94,0,12,35,74,0,8,Theater
Neil Diamond,2027-04-22,,EVENKO CO-PRO WITH LIVE NATION,0.0,0.0,0.0,4,124,0,0,6,2,Theater
Neil Diamond,2027-04-23,,EVENKO CO-PRO WITH LIVE NATION,0.0,0.0,0.0,4,124,0,0,6,2,Arena
The Warning,2027-04-25,,LIVE NATION MUSIC,1836729.79,256474.85,812677.2999999999,0,1,15,17,0,2,Theater
Aiden,2027-04-26,,LIVE NATION CANADA (LN),0.0,0.0,0.0,0,0,0,9,0,0,Club
Tou,2027-04-25,,LIVE NATION CANADA (LN),0.0,348354.82999999996,0.0,0,0,0,1,0,1,Club
Tou,2027-04-26,,LIVE NATION CANADA (LN),0.0,348354.82999999996,0.0,0,0,0,1,0,1,Club
French 79,2027-04-30,,LIVE NATION CANADA (LN),0.0,92369.72,62875.06,0,0,1,9,0,1,Club
Paloma Morphy,2027-05-04,,LIVE NATION CANADA (LN),42344.81,0.0,0.0,0,0,0,1,0,0,Club
Harry Styles,2027-05-07,,LIVE NATION CANADA (LN),0.0,0.0,252490036.3,1,117,15,2,33,5,Arena
Harry Styles,2027-05-08,,LIVE NATION CANADA (LN),0.0,0.0,252490036.3,1,117,15,2,33,5,Arena
The Warning,2027-05-08,,LIVE NATION CANADA (LN),1836729.79,256474.85,812677.2999999999,0,1,15,17,0,2,Club
Metallica,2027-05-08,,LIVE NATION CANADA (LN),137107458.47,179373637.38,146435306.85,0,95,4,4,135,10,Stadium
The Warning,2027-05-09,,EVENKO CO-PRO WITH LIVE NATION,1836729.79,256474.85,812677.2999999999,0,1,15,17,0,2,Club
The Warning,2027-05-11,,LIVE NATION CANADA (LN),1836729.79,256474.85,812677.2999999999,0,1,15,17,0,2,Club
Matt Maeson,2026-09-28,,MCD PRODUCTIONS,655590.14,66793.47,393093.13,0,0,16,40,0,1,Theater
Lilyisthatyou,2026-09-28,,MCD PRODUCTIONS,2952.21,0.0,0.0,0,0,1,0,0,0,Theater
Celebration,2026-09-28,,MCD PRODUCTIONS,0.0,0.0,0.0,0,0,0,1,0,0,Club
10 Years,2026-09-29,,MCD PRODUCTIONS,17283.0,47010.25,6775.0,0,0,11,89,0,3,Theater
Yonaka,2026-09-30,,MCD PRODUCTIONS,0.0,63740.130000000005,0.0,0,0,0,16,0,0,Club
The Tumbling Paddies,2026-09-30,,MCD PRODUCTIONS,161241.19,23515.25,21699.55,0,0,5,0,0,0,Theater
Scream,2026-10-01,,MCD PRODUCTIONS,0.0,0.0,0.0,0,0,0,1,0,0,Theater
Costel,2026-10-01,,MCD PRODUCTIONS,0.0,0.0,0.0,0,0,0,2,0,0,Club
Meredith Marks,2026-10-01,,MCD PRODUCTIONS,0.0,0.0,0.0,0,0,0,1,0,0,Club
Queen Of The Night - A Tribute to Whitney Houston,2026-10-02,,MCD PRODUCTIONS,199428.29,563977.88,331183.06,0,9,20,1,0,0,Theater
The Blow,2026-10-02,,MCD PRODUCTIONS,0.0,0.0,0.0,0,0,0,11,0,0,Club
Heron,2026-10-02,,MCD PRODUCTIONS,0.0,0.0,0.0,0,0,1,0,0,0,Theater
Queen Of The Night - A Tribute to Whitney Houston,2026-10-03,,MCD PRODUCTIONS,199428.29,563977.88,331183.06,0,9,20,1,0,0,Theater
The Molotovs,2026-10-03,,MCD PRODUCTIONS,28294.81,0.0,0.0,0,0,0,7,0,2,Club
The Amazons,2026-10-03,,MCD PRODUCTIONS,39119.82,10187.31,14945.49,0,0,1,21,0,0,Club
"Here, Now, And Forever",2026-10-03,,MCD PRODUCTIONS,0.0,0.0,0.0,0,0,0,1,0,0,Club
Whole Lotta Zepp,2026-10-03,,MCD PRODUCTIONS,0.0,0.0,25964.33,0,0,2,0,0,0,Theater
Sebastian Schub,2026-10-03,,MCD PRODUCTIONS,19612.09,0.0,0.0,0,0,0,6,0,1,Club
Queen Of The Night - A Tribute to Whitney Houston,2026-10-04,,MCD PRODUCTIONS,199428.29,563977.88,331183.06,0,9,20,1,0,0,Theater
Matt Hansen,2026-10-04,,MCD PRODUCTIONS,167808.59,12300.0,0.0,0,0,0,11,0,3,Club
the olllam,2026-10-05,,MCD PRODUCTIONS,0.0,0.0,0.0,0,0,1,2,0,0,Theater
Fear Factory,2026-10-05,,MCD PRODUCTIONS,0.0,0.0,424894.07,0,0,19,48,0,2,Theater
54 Ultra,2026-10-06,,MCD PRODUCTIONS,14405.0,0.0,0.0,0,0,0,3,0,0,Club
The Hu,2026-10-06,,MCD PRODUCTIONS,210949.49,475267.68000000005,297489.07,0,1,15,34,0,3,Theater
R&amp;B Vibes Live,2026-10-06,,MCD PRODUCTIONS,0.0,0.0,0.0,0,0,0,2,0,0,Club
Cabaret Voltaire,2026-10-07,,MCD PRODUCTIONS,0.0,0.0,0.0,0,0,2,0,0,0,Theater
Pet Needs,2026-10-08,,MCD PRODUCTIONS,0.0,6343.82,812.0,0,0,0,7,0,1,Club
SIX60,2026-10-09,,MCD PRODUCTIONS,277181.35,709762.33,0.0,1,3,12,30,11,21,Theater
Chris &amp; Rich Robinson,2026-10-09,,MCD PRODUCTIONS,0.0,0.0,0.0,0,0,0,2,0,0,Club
The Reytons,2026-10-09,,MCD PRODUCTIONS,529635.19,134075.77,547349.9199999999,0,2,8,23,0,5,Theater
"I, Colossus",2026-10-09,,MCD PRODUCTIONS,0.0,0.0,0.0,0,0,0,1,0,0,Club
The Wran,2026-10-09,,MCD PRODUCTIONS,1044.28,0.0,0.0,0,0,0,2,0,0,Club
Joyce Manor,2026-10-10,,MCD PRODUCTIONS,33600.0,29212.5,32432.0,0,0,5,53,0,1,Club
Waltz,2026-10-10,,MCD PRODUCTIONS,0.0,0.0,0.0,0,0,0,1,0,0,Theater
Violet Grohl,2026-10-11,,MCD PRODUCTIONS,0.0,0.0,0.0,0,0,0,1,0,0,Club
Caitlin Cook,2026-10-12,,MCD PRODUCTIONS,0.0,4218.32,0.0,0,0,1,0,0,0,Club
R&amp;B Vibes Live,2026-10-13,,MCD PRODUCTIONS,0.0,0.0,0.0,0,0,0,2,0,0,Club
F3miii,2026-10-13,,MCD PRODUCTIONS,0.0,2365.74,0.0,0,0,0,1,0,0,Club
The Wran,2026-10-13,,MCD PRODUCTIONS,1044.28,0.0,0.0,0,0,0,2,0,0,Club
Tina Sandwich,2026-10-14,,MCD PRODUCTIONS,0.0,3699.15,0.0,0,0,0,1,0,0,Club
Lewis Doyle Singer,2026-10-15,,MCD PRODUCTIONS,0.0,0.0,0.0,0,0,1,0,0,0,Theater
M,2026-10-15,,MCD PRODUCTIONS,0.0,0.0,286459.73,0,0,2,0,0,0,Club
Brothers,2026-10-16,,MCD PRODUCTIONS,0.0,0.0,0.0,0,0,1,3,0,0,Club
Michael McGovern,2026-10-16,,MCD PRODUCTIONS,0.0,0.0,0.0,0,0,0,3,0,0,Club
Rob Lamberti,2026-10-16,,MCD PRODUCTIONS,213811.81,130990.63999999998,92508.06,0,0,8,0,0,0,Theater
Winyah,2026-10-17,,MCD PRODUCTIONS,12400.0,0.0,0.0,0,0,1,4,0,0,Club
Bronagh Gallagher,2026-10-17,,MCD PRODUCTIONS,0.0,0.0,0.0,0,0,0,1,0,0,Theater
Arlo Parks,2026-10-17,,MCD PRODUCTIONS,0.0,188443.48,348313.02999999997,0,0,6,22,0,0,Club
Tigercub,2026-10-17,,MCD PRODUCTIONS,0.0,2370.0,6366.57,0,0,1,3,0,0,Club
Chris Watson,2026-10-17,,MCD PRODUCTIONS,19366.24,0.0,0.0,0,0,0,2,0,0,Club
Rob Lamberti,2026-10-17,,MCD PRODUCTIONS,213811.81,130990.63999999998,92508.06,0,0,8,0,0,0,Theater
Melanie C,2026-10-18,,MCD PRODUCTIONS,0.0,0.0,0.0,0,0,0,7,0,0,Theater
Dan Whitlam,2026-10-18,,MCD PRODUCTIONS,7081.57,0.0,0.0,0,0,0,1,0,0,Club
Father of Peace,2026-10-19,,MCD PRODUCTIONS,0.0,0.0,0.0,0,0,0,1,0,0,Club
Talia,2026-10-19,,MCD PRODUCTIONS,0.0,0.0,0.0,0,0,0,3,0,0,Club
Deaf Havana,2026-10-21,,MCD PRODUCTIONS,154280.41,61848.19,65458.98,0,0,25,51,0,10,Club
Manic Street Preachers,2026-10-21,,MCD PRODUCTIONS,1615139.12,964993.56,0.0,0,15,28,16,2,0,Theater
Manic Street Preachers,2026-10-22,,MCD PRODUCTIONS,1615139.12,964993.56,0.0,0,15,28,16,2,0,Theater
Fortunes,2026-10-22,,MCD PRODUCTIONS,0.0,0.0,0.0,0,0,0,1,0,0,Club
St. Paul &amp; The Broken Bones,2026-10-22,,MCD PRODUCTIONS,166626.0,104626.06,1051532.07,11,1,69,119,0,6,Club
"Girls, Guns and Glory",2026-10-22,,MCD PRODUCTIONS,0.0,0.0,0.0,0,0,7,7,0,0,Club
Allie X,2026-10-23,,MCD PRODUCTIONS,107624.0,79993.31,0.0,0,0,2,12,0,2,Theater
Schur,2026-10-23,,MCD PRODUCTIONS,0.0,0.0,0.0,1,0,2,13,0,1,Club
Leisure,2026-10-23,,MCD PRODUCTIONS,202402.5,8607.0,49153.0,0,1,1,12,0,0,Club
Ezhel,2026-10-23,,MCD PRODUCTIONS,142339.76,0.0,0.0,0,0,2,0,0,0,Theater
Fya Fox,2026-10-24,,MCD PRODUCTIONS,0.0,0.0,0.0,0,0,0,1,0,0,Club
Overpass,2026-10-24,,MCD PRODUCTIONS,22542.76,3838.95,0.0,0,0,1,4,0,0,Club
Ryan Beatty,2026-10-25,,MCD PRODUCTIONS,0.0,164812.0,12100.0,0,1,3,17,0,0,Club
THUMPER,2026-10-25,,MCD PRODUCTIONS,0.0,11301.63,10261.34,0,0,2,10,0,0,Club
Girl In The Year Above,2026-10-25,,MCD PRODUCTIONS,0.0,0.0,0.0,0,0,0,2,0,0,Club
Freya Skye,2026-10-25,,MCD PRODUCTIONS,0.0,0.0,0.0,0,0,6,2,0,0,Theater
Freya Skye,2026-10-26,,MCD PRODUCTIONS,0.0,0.0,0.0,0,0,6,2,0,0,Theater
Grace &amp; The Flat Boys,2026-10-26,,MCD PRODUCTIONS,0.0,1496.9,0.0,0,0,0,1,0,0,Club
Brandon Flowers,2026-10-27,,MCD PRODUCTIONS,0.0,0.0,0.0,0,0,11,30,0,0,Theater
Dizzee Rascal,2026-10-27,,MCD PRODUCTIONS,734263.18,558902.65,1192351.83,0,5,7,8,0,1,Stadium
Dizzee Rascal,2026-10-28,,MCD PRODUCTIONS,734263.18,558902.65,1192351.83,0,5,7,8,0,1,Theater
Foy Vance,2026-10-29,,MCD PRODUCTIONS,0.0,67882.0,243802.99,0,0,20,42,0,6,Theater
"""Festival International de Jazz De Montreal"", Saint Levant",2026-10-29,,MCD PRODUCTIONS,0.0,0.0,0.0,0,0,0,1,0,0,Stadium
Archspire,2026-10-29,,MCD PRODUCTIONS,0.0,47848.6,20915.61,0,0,2,8,0,2,Club
Smash,2026-10-30,,MCD PRODUCTIONS,0.0,0.0,0.0,0,0,1,0,0,0,Theater
Beaux,2026-10-30,,MCD PRODUCTIONS,0.0,0.0,0.0,0,0,0,1,0,0,Club
Keane,2026-10-30,,MCD PRODUCTIONS,659227.98,15370009.88,0.0,4,19,37,14,2,3,Theater
Josiah and The Bonnevilles,2026-10-31,,MCD PRODUCTIONS,0.0,42216.0,0.0,0,0,0,7,0,1,Club
Transvision Vamp,2026-10-31,,MCD PRODUCTIONS,0.0,0.0,0.0,0,0,2,6,0,2,Club
Kerbdog,2026-10-31,,MCD PRODUCTIONS,0.0,26230.63,0.0,0,0,2,0,0,0,Theater
Matthew Mole,2026-10-31,,MCD PRODUCTIONS,0.0,4188.06,0.0,0,0,0,4,0,0,Club
Gurriers,2026-11-01,,MCD PRODUCTIONS,0.0,20875.08,0.0,0,0,0,6,0,0,Theater
Moon Walker,2026-11-01,,MCD PRODUCTIONS,3085.0,3345.0,48175.3,0,0,1,26,0,0,Club
"""Kew The Music"", Alison Moyet",2026-11-02,,MCD PRODUCTIONS,547542.7,0.0,0.0,0,0,0,0,0,1,Theater
Sons of Legion,2026-11-03,,MCD PRODUCTIONS,0.0,0.0,0.0,0,0,12,29,0,0,Club
Jack Savoretti,2026-11-03,,MCD PRODUCTIONS,603229.64,706366.89,751075.38,3,2,28,6,1,6,Theater
Yaelokre,2026-11-03,,MCD PRODUCTIONS,62152.0,0.0,0.0,0,0,1,3,0,0,Club
Hail The Sun,2026-11-04,,MCD PRODUCTIONS,0.0,49117.84,17424.0,0,0,1,20,0,0,Club
Dexys,2026-11-04,,MCD PRODUCTIONS,0.0,0.0,100224.81,0,0,3,0,0,0,Theater
Sons of Legion,2026-11-04,,MCD PRODUCTIONS,0.0,0.0,0.0,0,0,12,29,0,0,Club
"Four By Four - Tribute to The Beach Boys, Beatles, Bee Gees &amp; Motown",2026-11-05,,MCD PRODUCTIONS,0.0,36110.45,63630.0,0,0,3,1,0,0,Theater
All Tvvins,2026-11-05,,MCD PRODUCTIONS,0.0,0.0,0.0,0,0,3,12,1,1,Theater
Swervedriver,2026-11-05,,MCD PRODUCTIONS,17939.0,0.0,0.0,0,0,2,33,0,0,Club
Rock,2026-11-05,,MCD PRODUCTIONS,0.0,0.0,0.0,0,0,0,1,0,0,Theater
SSIO,2026-11-05,,MCD PRODUCTIONS,492428.05,0.0,0.0,0,1,2,0,1,0,Theater
The Undertones,2026-11-06,,MCD PRODUCTIONS,0.0,70055.39,35764.06,0,0,8,11,0,3,Club
Sorcha Richardson,2026-11-06,,MCD PRODUCTIONS,7625.76,0.0,1117.0,0,0,2,8,0,2,Theater
Ricky Warwick &amp; The Fighting Hearts,2026-11-06,,MCD PRODUCTIONS,2872.0,0.0,0.0,0,0,0,1,0,0,Club
Power Of Dreams,2026-11-06,,MCD PRODUCTIONS,0.0,0.0,0.0,0,0,1,0,0,0,Theater
Skindred,2026-11-06,,MCD PRODUCTIONS,66144.98,0.0,72648.37,0,0,4,39,0,3,Theater
The Undertones,2026-11-07,,MCD PRODUCTIONS,0.0,70055.39,35764.06,0,0,8,11,0,3,Theater
Boo Seeka,2026-11-07,,MCD PRODUCTIONS,0.0,29460.86,131691.02,0,0,3,26,0,16,Club
Mark O'Donnell,2026-11-07,,MCD PRODUCTIONS,3455.88,0.0,0.0,0,0,0,1,0,0,Club
Elephant Sessions,2026-11-07,,MCD PRODUCTIONS,222166.95,58397.82,64479.43,1,1,3,9,0,0,Club
Day Fever,2026-11-07,,MCD PRODUCTIONS,146063.16,39524.96,0.0,0,0,19,0,0,0,Theater
Jamie Duffy,2026-11-08,,MCD PRODUCTIONS,13714.97,0.0,0.0,0,0,0,2,0,0,Theater
Goldie Boutilier,2026-11-09,,MCD PRODUCTIONS,13650.69,0.0,0.0,0,0,2,3,0,1,Club
Angels &amp; Airwaves,2026-11-09,,MCD PRODUCTIONS,0.0,0.0,0.0,2,1,19,21,0,0,Club
Nieve Ella,2026-11-10,,MCD PRODUCTIONS,27186.620000000003,10185.38,0.0,0,0,0,4,0,1,Theater
Jamie Duffy,2026-11-10,,MCD PRODUCTIONS,13714.97,0.0,0.0,0,0,0,2,0,0,Theater
De Staat,2026-11-11,,MCD PRODUCTIONS,0.0,0.0,6549.54,0,0,1,9,0,1,Club
MUNA,2026-11-11,,MCD PRODUCTIONS,0.0,0.0,533483.1,0,0,4,20,0,0,Theater
Bulldozer,2026-11-11,,MCD PRODUCTIONS,0.0,0.0,5000.0,0,0,0,2,0,0,Club
Car Bomb,2026-11-11,,MCD PRODUCTIONS,0.0,0.0,0.0,0,0,0,3,0,0,Club
Igorrr,2026-11-12,,MCD PRODUCTIONS,138248.85,17064.83,229237.41,0,2,4,22,0,0,Club
The Fray,2026-11-12,,MCD PRODUCTIONS,2604238.65,161613.78,0.0,12,5,43,31,0,5,Stadium
Brian Fallon,2026-11-13,,MCD PRODUCTIONS,0.0,0.0,0.0,0,2,18,47,0,0,Theater
Joyce Moreno,2026-11-13,,MCD PRODUCTIONS,0.0,0.0,0.0,0,0,0,2,0,0,Theater
Y &amp; T,2026-11-13,,MCD PRODUCTIONS,0.0,0.0,62935.0,1,0,12,36,0,0,Club
Master Boot Record,2026-11-13,,MCD PRODUCTIONS,0.0,21818.18,6684.48,0,0,0,5,0,0,Club
Neil Young &amp; Crazy Horse,2026-11-14,,MCD PRODUCTIONS,0.0,14483099.48,0.0,14,34,2,0,1,1,Theater
Shobsy,2026-11-14,,MCD PRODUCTIONS,8287.3,7884.37,0.0,0,0,0,6,0,1,Club
ALL,2026-11-14,,MCD PRODUCTIONS,0.0,0.0,0.0,0,0,0,2,0,0,Club
Sarah,2026-11-15,,MCD PRODUCTIONS,0.0,1514.12,0.0,0,0,0,1,0,0,Club
Yes,2026-11-15,,MCD PRODUCTIONS,1098821.45,1101005.98,1055360.96,24,9,159,38,0,9,Theater
Jeff Tweedy,2026-11-16,,MCD PRODUCTIONS,562703.29,178934.5,228450.0,0,0,40,30,1,2,Theater
Jeff Tweedy,2026-11-17,,MCD PRODUCTIONS,562703.29,178934.5,228450.0,0,0,40,30,1,2,Theater
Ocean Colour Scene,2026-11-17,,MCD PRODUCTIONS,4118544.11,922906.98,433257.29,1,7,64,10,0,4,Theater
Teenage Fanclub,2026-11-17,,MCD PRODUCTIONS,146828.7,71205.66,113926.9,2,0,7,38,0,5,Theater
"Me, Grimlock!",2026-11-17,,MCD PRODUCTIONS,198.0,0.0,0.0,0,0,0,1,0,0,Club
Rita Wilson,2026-11-18,,MCD PRODUCTIONS,45840.0,0.0,0.0,0,0,2,11,0,0,Club
Bicurious,2026-11-18,,MCD PRODUCTIONS,0.0,0.0,2367.88,0,0,0,1,0,0,Club
Ocean Colour Scene,2026-11-18,,MCD PRODUCTIONS,4118544.11,922906.98,433257.29,1,7,64,10,0,4,Theater
Montell Fish,2026-11-18,,MCD PRODUCTIONS,726844.46,98486.05,0.0,0,0,3,5,0,0,Stadium
Rain,2026-11-18,,MCD PRODUCTIONS,0.0,0.0,207956.5,1,1,4,0,0,1,Theater
Ocean Colour Scene,2026-11-19,,MCD PRODUCTIONS,4118544.11,922906.98,433257.29,1,7,64,10,0,4,Theater
feeble little horse,2026-11-19,,MCD PRODUCTIONS,21240.08,0.0,0.0,0,0,0,3,0,0,Club
Chloe Slater,2026-11-19,,MCD PRODUCTIONS,9538.91,0.0,0.0,0,0,0,3,0,0,Club
The Wanted,2026-11-19,,MCD PRODUCTIONS,0.0,64362.72,0.0,0,21,11,8,0,1,Arena
1000Mods,2026-11-20,,MCD PRODUCTIONS,0.0,0.0,2650.0,0,0,0,4,0,0,Club
The Stunning,2026-11-20,,MCD PRODUCTIONS,94193.74,62895.84,61027.64,0,0,7,1,0,0,Theater
Ko,2026-11-20,,MCD PRODUCTIONS,0.0,0.0,0.0,0,0,1,1,0,0,Club
sace6,2026-11-20,,MCD PRODUCTIONS,0.0,0.0,0.0,0,0,0,1,0,0,Club
M,2026-11-21,,MCD PRODUCTIONS,0.0,0.0,286459.73,0,0,2,0,0,0,Club
Jamie McIntyre,2026-11-21,,MCD PRODUCTIONS,8700.76,0.0,0.0,0,0,0,3,0,0,Club
Nervosa,2026-11-21,,MCD PRODUCTIONS,5211.78,2480.0,0.0,0,0,0,2,0,0,Club
Camille O'Sullivan,2026-11-21,,MCD PRODUCTIONS,0.0,32713.55,0.0,0,0,7,0,0,0,Theater
Shinedown,2026-11-22,,MCD PRODUCTIONS,16415927.96,0.0,22220750.76,55,171,59,38,3,13,Theater
Rome,2026-11-22,,MCD PRODUCTIONS,0.0,0.0,0.0,0,0,1,0,0,0,Theater
Shinedown,2026-11-23,,MCD PRODUCTIONS,16415927.96,0.0,22220750.76,55,171,59,38,3,13,Theater
Zimmer90,2026-11-23,,MCD PRODUCTIONS,169207.99,15899.83,24960.89,0,0,0,14,0,1,Club
Urne,2026-11-23,,MCD PRODUCTIONS,0.0,2812.55,0.0,0,0,0,1,0,0,Club
Blossoms,2026-11-24,,MCD PRODUCTIONS,0.0,2429579.32,643480.5700000001,0,5,38,27,2,4,Theater
Harakiri For The Sky,2026-11-24,,MCD PRODUCTIONS,0.0,13157.82,8226.0,0,0,0,3,0,0,Club
Songer,2026-11-24,,MCD PRODUCTIONS,0.0,10636.87,28557.39,0,0,1,5,0,0,Club
Eloise,2026-11-25,,MCD PRODUCTIONS,0.0,0.0,54833.34,0,0,2,7,0,0,Club
Paris Paloma,2026-11-25,,MCD PRODUCTIONS,182912.02,142732.72999999998,10609.18,0,0,6,10,0,0,Stadium
Eagles Of Death Metal,2026-11-25,,MCD PRODUCTIONS,59829.990000000005,0.0,216321.55,0,1,10,30,0,0,Club
Waylon Wyatt,2026-11-25,,MCD PRODUCTIONS,105369.14,0.0,0.0,0,0,2,6,0,0,Theater
The Stunning,2026-11-26,,MCD PRODUCTIONS,94193.74,62895.84,61027.64,0,0,7,1,0,0,Theater
Electric Six,2026-11-26,,MCD PRODUCTIONS,61624.82,57268.15,41714.11,0,0,17,105,0,0,Theater
Wil,2026-11-26,,MCD PRODUCTIONS,0.0,0.0,0.0,0,0,0,3,0,0,Club
Neoni,2026-11-26,,MCD PRODUCTIONS,0.0,0.0,0.0,0,0,0,0,0,1,Other
Blair Davie,2026-11-27,,MCD PRODUCTIONS,3448.3999999999996,0.0,0.0,0,0,0,5,0,2,Club
Florence Road,2026-11-27,,MCD PRODUCTIONS,29053.94,0.0,0.0,0,0,3,4,0,0,Theater
Eagles Of Death Metal,2026-11-27,,MCD PRODUCTIONS,59829.990000000005,0.0,216321.55,0,1,10,30,0,0,Club
Ali Campbell,2026-11-27,,MCD PRODUCTIONS,0.0,0.0,0.0,0,1,1,2,0,0,Theater
Dea Matrona,2026-11-28,,MCD PRODUCTIONS,6764.44,7842.05,2046.82,0,0,0,4,0,0,Club
Chris Rea,2026-11-28,,MCD PRODUCTIONS,0.0,0.0,0.0,0,41,36,0,0,4,Theater
Jamie McIntyre,2026-11-28,,MCD PRODUCTIONS,8700.76,0.0,0.0,0,0,0,3,0,0,Theater
Pixel Grip,2026-11-28,,MCD PRODUCTIONS,45150.1,30057.0,0.0,0,0,0,16,0,0,Club
Tou,2026-11-28,,MCD PRODUCTIONS,0.0,348354.82999999996,0.0,0,0,0,1,0,1,Theater
Willow,2026-11-28,,MCD PRODUCTIONS,0.0,0.0,0.0,0,0,1,2,0,0,Club
Mystery Jets,2026-11-29,,MCD PRODUCTIONS,0.0,0.0,0.0,0,0,4,11,0,0,Club
Dylan John Thomas,2026-11-29,,MCD PRODUCTIONS,0.0,515964.54,89537.26000000001,0,2,1,9,0,0,Club
Evergrey,2026-11-29,,MCD PRODUCTIONS,0.0,155.69,0.0,0,0,0,5,0,0,Club
Bleachers,2026-11-30,,MCD PRODUCTIONS,0.0,4208643.78,0.0,6,4,15,43,0,7,Theater
Jessie Ware,2026-12-01,,MCD PRODUCTIONS,0.0,0.0,1453398.58,0,1,7,29,0,0,Theater
Hans Williams,2026-12-01,,MCD PRODUCTIONS,0.0,20572.04,0.0,0,0,0,3,0,1,Club
Nemzzz,2026-12-01,,MCD PRODUCTIONS,5228.55,58225.88,0.0,0,0,0,3,0,1,Club
Jessie Ware,2026-12-02,,MCD PRODUCTIONS,0.0,0.0,1453398.58,0,1,7,29,0,0,Theater
The Darkness,2026-12-02,,MCD PRODUCTIONS,1018520.09,0.0,666107.48,0,4,20,58,0,3,Club
Enter Shikari,2026-12-03,,MCD PRODUCTIONS,143338.19,1397539.45,140032.41,0,10,33,119,0,8,Theater
Rin,2026-12-03,,MCD PRODUCTIONS,0.0,0.0,944381.57,0,2,1,1,0,0,Arena
Simple Things,2026-12-03,,MCD PRODUCTIONS,7728.84,3525.2,0.0,0,0,0,4,0,0,Club
Ethan Regan,2026-12-03,,MCD PRODUCTIONS,29853.28,2015.0,0.0,0,0,0,6,0,0,Club
"The Wreckery, Halfway",2026-12-03,,MCD PRODUCTIONS,0.0,3932.99,0.0,0,0,0,1,0,0,Club
Enter Shikari,2026-12-04,,MCD PRODUCTIONS,143338.19,1397539.45,140032.41,0,10,33,119,0,8,Theater
Genesis Owusu,2026-12-04,,MCD PRODUCTIONS,0.0,30818.45,479809.0,0,2,8,19,0,1,Club
One Night In Nashville,2026-12-04,,MCD PRODUCTIONS,84906.76,13159.03,0.0,0,0,0,5,0,1,Club
Phil Collins,2026-12-04,,MCD PRODUCTIONS,0.0,0.0,0.0,1,39,2,0,18,1,Theater
Jamie Duffy,2026-12-04,,MCD PRODUCTIONS,13714.97,0.0,0.0,0,0,0,2,0,0,Theater
Aaron Rowe,2026-12-05,,MCD PRODUCTIONS,16170.69,0.0,0.0,0,0,1,2,0,0,Theater
The Frank And Walters,2026-12-05,,MCD PRODUCTIONS,0.0,0.0,0.0,0,0,0,3,0,0,Club
Picture This,2026-12-06,,MCD PRODUCTIONS,4682702.09,2769789.99,3315593.18,0,17,15,30,5,3,Theater
Aaron Rowe,2026-12-06,,MCD PRODUCTIONS,16170.69,0.0,0.0,0,0,1,2,0,0,Theater
Tinie Tempah,2026-12-06,,MCD PRODUCTIONS,0.0,0.0,0.0,0,9,1,6,0,0,Theater
Austra,2026-12-07,,MCD PRODUCTIONS,0.0,0.0,0.0,0,0,2,31,0,0,Theater
Picture This,2026-12-07,,MCD PRODUCTIONS,4682702.09,2769789.99,3315593.18,0,17,15,30,5,3,Theater
Austra,2026-12-08,,MCD PRODUCTIONS,0.0,0.0,0.0,0,0,2,31,0,0,Theater
SLIFT,2026-12-08,,MCD PRODUCTIONS,0.0,142707.13,6745.0,0,0,1,17,0,2,Club
Child of Prague,2026-12-08,,MCD PRODUCTIONS,0.0,0.0,0.0,0,0,0,1,0,0,Club
Sevendust,2026-12-09,,MCD PRODUCTIONS,170093.58000000002,0.0,0.0,0,2,20,79,0,6,Club
Leap,2026-12-09,,MCD PRODUCTIONS,26077.87,26464.69,10457.61,0,0,1,7,0,2,Club
Ash,2026-12-09,,MCD PRODUCTIONS,151298.03,87177.61,42433.350000000006,0,0,7,34,0,0,Theater
The Coronas,2026-12-10,,MCD PRODUCTIONS,591776.8300000001,887341.76,739800.3,0,5,27,26,3,5,Theater
Tiffany Day,2026-12-10,,MCD PRODUCTIONS,18513.0,0.0,6951.0,0,0,0,6,0,0,Club
Pa Sheehy,2026-12-10,,MCD PRODUCTIONS,6367.71,34490.23,76775.62,0,0,5,11,0,1,Club
The Coronas,2026-12-11,,MCD PRODUCTIONS,591776.8300000001,887341.76,739800.3,0,5,27,26,3,5,Theater
"Ital, Laurel Halo",2026-12-11,,MCD PRODUCTIONS,0.0,0.0,0.0,0,0,0,1,0,0,Club
Esmeralda Road,2026-12-11,,MCD PRODUCTIONS,3192.48,0.0,0.0,0,0,0,1,0,0,Club
Skerryvore,2026-12-11,,MCD PRODUCTIONS,8469.0,6728.0,117685.75,0,0,25,7,0,2,Theater
The Coronas,2026-12-12,,MCD PRODUCTIONS,591776.8300000001,887341.76,739800.3,0,5,27,26,3,5,Theater
Picture This,2026-12-12,,MCD PRODUCTIONS,4682702.09,2769789.99,3315593.18,0,17,15,30,5,3,Arena
The Blades,2026-12-12,,MCD PRODUCTIONS,22793.57,19901.96,20428.07,0,0,12,1,0,0,Theater
Kevin Atwater,2026-12-12,,MCD PRODUCTIONS,13507.0,0.0,0.0,0,0,0,2,0,0,Club
IAM,2026-12-12,,MCD PRODUCTIONS,136932.94,79582.96,0.0,0,2,1,5,0,1,Club
The Pogues,2026-12-12,,MCD PRODUCTIONS,1130054.67,368185.06,0.0,2,5,8,10,2,3,Arena
Esmeralda Road,2026-12-12,,MCD PRODUCTIONS,3192.48,0.0,0.0,0,0,0,1,0,0,Club
The Coronas,2026-12-13,,MCD PRODUCTIONS,591776.8300000001,887341.76,739800.3,0,5,27,26,3,5,Theater
Picture This,2026-12-13,,MCD PRODUCTIONS,4682702.09,2769789.99,3315593.18,0,17,15,30,5,3,Arena
Razorlight,2026-12-14,,MCD PRODUCTIONS,636211.96,20388.7,1240940.96,0,1,19,15,0,2,Theater
Picture This,2026-12-15,,MCD PRODUCTIONS,4682702.09,2769789.99,3315593.18,0,17,15,30,5,3,Club
Florence Road,2026-12-15,,MCD PRODUCTIONS,29053.94,0.0,0.0,0,0,3,4,0,0,Theater
Mammoth,2026-12-15,,MCD PRODUCTIONS,38655.0,232565.45,199756.01,0,0,4,23,0,1,Club
Big Sleep,2026-12-15,,MCD PRODUCTIONS,17856.0,0.0,0.0,0,0,1,0,0,0,Theater
Picture This,2026-12-16,,MCD PRODUCTIONS,4682702.09,2769789.99,3315593.18,0,17,15,30,5,3,Club
Florence Road,2026-12-16,,MCD PRODUCTIONS,29053.94,0.0,0.0,0,0,3,4,0,0,Theater
Bleech 9:3,2026-12-16,,MCD PRODUCTIONS,0.0,0.0,0.0,0,0,0,2,0,0,Club
Blondshell,2026-12-17,,MCD PRODUCTIONS,62539.14,21093.51,13640.92,0,0,1,10,0,0,Club
Scustin,2026-12-17,,MCD PRODUCTIONS,0.0,0.0,0.0,0,0,0,1,0,0,Club
Amble,2026-12-17,,MCD PRODUCTIONS,4025470.09,406488.11,0.0,0,5,8,27,2,4,Theater
ALL,2026-12-17,,MCD PRODUCTIONS,0.0,0.0,0.0,0,0,0,2,0,0,Club
The Clockworks,2026-12-18,,MCD PRODUCTIONS,0.0,32226.35,0.0,0,0,1,9,0,0,Club
Jamie McIntyre,2026-12-18,,MCD PRODUCTIONS,8700.76,0.0,0.0,0,0,0,3,0,0,Club
World News,2026-12-18,,MCD PRODUCTIONS,0.0,0.0,0.0,0,0,0,2,0,0,Club
Amble,2026-12-18,,MCD PRODUCTIONS,4025470.09,406488.11,0.0,0,5,8,27,2,4,Theater
DUG,2026-12-18,,MCD PRODUCTIONS,38342.31,4462.45,0.0,0,0,2,3,0,1,Club
High On Fire,2026-12-19,,MCD PRODUCTIONS,0.0,20300.0,0.0,0,0,6,52,0,0,Club
Jamie McIntyre,2026-12-19,,MCD PRODUCTIONS,8700.76,0.0,0.0,0,0,0,3,0,0,Club
Amble,2026-12-19,,MCD PRODUCTIONS,4025470.09,406488.11,0.0,0,5,8,27,2,4,Theater
DUG,2026-12-19,,MCD PRODUCTIONS,38342.31,4462.45,0.0,0,0,2,3,0,1,Club
Amble,2026-12-20,,MCD PRODUCTIONS,4025470.09,406488.11,0.0,0,5,8,27,2,4,Theater
Morgana,2026-12-20,,MCD PRODUCTIONS,13556.01,0.0,0.0,0,0,1,0,0,1,Theater
Amble,2026-12-21,,MCD PRODUCTIONS,4025470.09,406488.11,0.0,0,5,8,27,2,4,Theater
Once &amp; Future Band,2026-12-31,,MCD PRODUCTIONS,0.0,0.0,0.0,0,0,0,1,0,0,Club
Black Veil Brides,2027-01-07,,MCD PRODUCTIONS,0.0,128076.4,750431.12,0,6,24,65,0,0,Theater
Mary Coughlan,2027-01-09,,MCD PRODUCTIONS,0.0,48341.47,0.0,0,0,3,0,0,0,Theater
Sawyer Hill,2027-01-10,,MCD PRODUCTIONS,37539.14,18871.47,0.0,0,0,1,10,0,0,Club
Isaiah Rashad,2027-01-10,,MCD PRODUCTIONS,0.0,274022.0,388038.79,0,1,16,46,0,0,Theater
Adéla,2027-01-13,,MCD PRODUCTIONS,0.0,0.0,0.0,0,0,0,1,0,0,Theater
Adéla,2027-01-14,,MCD PRODUCTIONS,0.0,0.0,0.0,0,0,0,1,0,0,Theater
"The Milk Carton Kids, Sierra Hull",2027-01-19,,MCD PRODUCTIONS,0.0,0.0,0.0,0,0,1,0,0,0,Theater
almost monday,2027-01-20,,MCD PRODUCTIONS,58670.4,0.0,2884.0,0,0,0,9,0,1,Club
Holly Humberstone,2027-01-20,,MCD PRODUCTIONS,0.0,556625.21,30671.33,0,0,5,29,0,0,Theater
Electric Callboy,2027-01-21,,MCD PRODUCTIONS,5718524.73,3961061.36,2684526.25,2,25,9,19,0,2,Arena
Anthony Gomes,2027-01-22,,MCD PRODUCTIONS,10620.0,3435.0,0.0,0,0,7,20,0,2,Club
Whitechapel,2027-01-26,,MCD PRODUCTIONS,378503.41,16256.84,0.0,1,0,3,80,0,4,Club
Battle Beast,2027-01-27,,MCD PRODUCTIONS,1214771.1,417265.55,25927.07,0,3,11,30,0,7,Theater
The Snuts,2027-01-28,,MCD PRODUCTIONS,0.0,826646.8,475102.52,0,1,15,23,0,2,Club
Scouting For Girls,2027-01-29,,MCD PRODUCTIONS,0.0,1210770.47,1179227.98,0,7,66,23,0,2,Theater
Good Health Good Wealth,2027-01-29,,MCD PRODUCTIONS,3601.02,0.0,0.0,0,0,0,2,0,0,Club
Dead Poet Society,2027-01-31,,MCD PRODUCTIONS,0.0,95493.81,8199.75,0,0,0,18,0,1,Club
Emeli Sandé,2027-02-02,,MCD PRODUCTIONS,0.0,120595.6,0.0,2,10,7,24,0,2,Theater
Cameron Whitcomb,2027-02-03,,MCD PRODUCTIONS,130759.26,20541.0,0.0,0,0,5,15,0,0,Theater
Tyler Braden,2027-02-04,,MCD PRODUCTIONS,24451.73,11568.0,0.0,0,0,2,6,0,0,Club
The Highstool Prophets,2027-02-05,,MCD PRODUCTIONS,111459.62,18154.36,0.0,0,1,2,6,0,0,Arena
Ovlov,2027-02-06,,MCD PRODUCTIONS,0.0,0.0,8775.0,0,0,0,1,0,0,Club
The Highstool Prophets,2027-02-06,,MCD PRODUCTIONS,111459.62,18154.36,0.0,0,1,2,6,0,0,Theater
The Doors Alive,2027-02-06,,MCD PRODUCTIONS,42538.07,0.0,37483.72,0,0,16,0,0,0,Theater
South Arcade,2027-02-08,,MCD PRODUCTIONS,67467.17000000001,1565.91,0.0,0,0,2,6,0,0,Theater
Jake Bugg,2027-02-09,,MCD PRODUCTIONS,0.0,401151.73,0.0,1,7,36,57,1,2,Theater
Corella,2027-02-09,,MCD PRODUCTIONS,9954.43,33446.16,7671.96,0,0,0,10,0,1,Club
Ride,2027-02-10,,MCD PRODUCTIONS,133042.97,400585.1,0.0,0,0,19,35,0,1,Stadium
Black Stone Cherry,2027-02-12,,MCD PRODUCTIONS,50036.0,684868.34,586709.16,0,14,10,46,0,3,Theater
Saxon,2027-02-17,,MCD PRODUCTIONS,1160346.76,82280.5,90003.7,0,0,31,12,0,1,Theater
Pestilence,2027-02-17,,MCD PRODUCTIONS,0.0,0.0,0.0,0,0,0,1,0,0,Club
Dave Lofts,2027-02-18,,MCD PRODUCTIONS,29148.73,5478.26,0.0,0,0,2,3,0,1,Theater
Aiden,2027-02-18,,MCD PRODUCTIONS,0.0,0.0,0.0,0,0,0,9,0,0,Club
Paddy Keyes,2027-02-19,,MCD PRODUCTIONS,2083.82,0.0,0.0,0,0,0,1,0,0,Club
DMA's,2027-02-20,,MCD PRODUCTIONS,0.0,0.0,724237.89,0,3,12,27,0,1,Club
Dave Lofts,2027-02-20,,MCD PRODUCTIONS,29148.73,5478.26,0.0,0,0,2,3,0,1,Theater
The Last Internationale,2027-02-21,,MCD PRODUCTIONS,0.0,0.0,19278.73,0,0,0,12,0,1,Club
Basement,2027-02-22,,MCD PRODUCTIONS,85725.97,42000.0,0.0,0,0,2,25,0,4,Stadium
JPEGMafia,2027-02-22,,MCD PRODUCTIONS,557173.07,1250847.08,390783.87,1,0,19,57,0,1,Theater
Rat &amp; Co,2027-02-25,,MCD PRODUCTIONS,0.0,0.0,0.0,0,0,0,2,0,0,Club
jigitz,2027-02-25,,MCD PRODUCTIONS,4500.0,0.0,0.0,0,0,0,3,0,0,Club
Rat &amp; Co,2027-02-26,,MCD PRODUCTIONS,0.0,0.0,0.0,0,0,0,2,0,0,Club
In Color,2027-02-26,,MCD PRODUCTIONS,0.0,0.0,0.0,0,0,1,2,0,0,Club
The Lilacs,2027-02-27,,MCD PRODUCTIONS,4393.62,5595.75,0.0,0,0,0,5,0,0,Club
"Future Islands, Oh, Rose",2027-02-27,,MCD PRODUCTIONS,0.0,0.0,0.0,0,0,0,1,0,0,Club
Arthur Hill,2027-03-01,,MCD PRODUCTIONS,74093.26000000001,27759.52,0.0,0,1,1,5,0,0,Theater
Medium Build,2027-03-02,,MCD PRODUCTIONS,51553.06,277378.99,6501.48,0,0,2,32,0,1,Club
Delta Goodrem,2027-03-02,,MCD PRODUCTIONS,669795.04,0.0,1496421.66,0,17,14,1,0,4,Theater
Ezra Collective,2027-03-05,,MCD PRODUCTIONS,239535.55,456619.5,126233.95,0,1,6,8,0,0,Theater
Ezra Collective,2027-03-06,,MCD PRODUCTIONS,239535.55,456619.5,126233.95,0,1,6,8,0,0,Theater
"Moyka, Lukas Oscar",2027-03-09,,MCD PRODUCTIONS,566.95,0.0,0.0,0,0,0,1,0,0,Club
Dirty Honey,2027-03-12,,MCD PRODUCTIONS,12815.29,111904.59,115377.17,0,0,5,36,0,0,Club
Callum Beattie,2027-03-13,,MCD PRODUCTIONS,551823.58,456256.18,423446.68,1,1,6,21,1,7,Club
AC,2027-03-13,,MCD PRODUCTIONS,0.0,0.0,0.0,0,0,0,1,0,0,Club
Jack Lukeman,2027-03-19,,MCD PRODUCTIONS,68885.93,2031.01,64890.47,0,2,4,3,0,12,Theater
anaiis,2027-03-19,,MCD PRODUCTIONS,0.0,0.0,0.0,0,0,1,4,0,0,Club
Jack Lukeman,2027-03-20,,MCD PRODUCTIONS,68885.93,2031.01,64890.47,0,2,4,3,0,12,Theater
Ash Grunwald,2027-03-22,,MCD PRODUCTIONS,0.0,0.0,0.0,0,0,0,8,0,0,Club
Blanco White,2027-03-25,,MCD PRODUCTIONS,180423.09,0.0,102823.34,0,0,7,15,0,5,Theater
GAI,2027-03-26,,MCD PRODUCTIONS,0.0,0.0,0.0,0,0,1,0,0,0,Theater
STELLA LEFTY,2027-03-26,,MCD PRODUCTIONS,0.0,0.0,0.0,0,0,0,1,0,0,Club
GAI,2027-03-27,,MCD PRODUCTIONS,0.0,0.0,0.0,0,0,1,0,0,0,Theater
STELLA LEFTY,2027-03-27,,MCD PRODUCTIONS,0.0,0.0,0.0,0,0,0,1,0,0,Club
Jack Kays,2027-03-30,,MCD PRODUCTIONS,71591.25,6807.0,9000.0,0,0,1,9,0,0,Club
Arkells,2026-09-28,,"LIVE NATION UK FOR ARTIST, TOUR, FESTIVAL AND PRESALE NEWS",512843.52,911391.9,30606.5,0,22,9,64,0,6,Club
Michael Ball,2026-09-28,,LIVE NATION MUSIC UK LTD,0.0,100282.1,0.0,0,1,8,0,0,0,Theater
Jill Scott,2026-09-28,,LIVE NATION MUSIC UK LTD,0.0,0.0,5166723.7,8,4,67,7,0,2,Theater
Forever,2026-09-29,,LIVE NATION MUSIC UK LTD,70329.51,0.0,0.0,0,1,0,0,0,0,Arena
The Anniversary,2026-09-29,,LIVE NATION MUSIC UK LTD,0.0,0.0,0.0,0,0,0,2,0,0,Club
Westlife,2026-09-29,,LIVE NATION MUSIC UK LTD,0.0,4814001.32,298555.76,1,42,6,1,5,9,Arena
Michael Ball,2026-09-29,,LIVE NATION MUSIC UK LTD,0.0,100282.1,0.0,0,1,8,0,0,0,Theater
Jill Scott,2026-09-29,,LIVE NATION MUSIC UK LTD,0.0,0.0,5166723.7,8,4,67,7,0,2,Theater
The Hu,2026-09-29,,DF CONCERTS,210949.49,475267.68000000005,297489.07,0,1,15,34,0,3,Theater
Josh Levi,2026-09-29,,"LIVE NATION UK FOR ARTIST, TOUR, FESTIVAL AND PRESALE NEWS",0.0,0.0,0.0,0,0,0,1,0,0,Club
Forever,2026-09-30,,LIVE NATION MUSIC UK LTD,70329.51,0.0,0.0,0,1,0,0,0,0,Arena
The Anniversary,2026-09-30,,LIVE NATION MUSIC UK LTD,0.0,0.0,0.0,0,0,0,2,0,0,Club
Arkells,2026-09-30,,"LIVE NATION UK FOR ARTIST, TOUR, FESTIVAL AND PRESALE NEWS",512843.52,911391.9,30606.5,0,22,9,64,0,6,Club
Grace &amp; The Flat Boys,2026-09-30,,"LIVE NATION UK FOR ARTIST, TOUR, FESTIVAL AND PRESALE NEWS",0.0,1496.9,0.0,0,0,0,1,0,0,Club
Lilyisthatyou,2026-09-30,,LIVE NATION MUSIC UK LTD,2952.21,0.0,0.0,0,0,1,0,0,0,Theater
Amble,2026-09-30,,DF CONCERTS,4025470.09,406488.11,0.0,0,5,8,27,2,4,Club
Lucy Bedroque,2026-09-30,,"LIVE NATION UK FOR ARTIST, TOUR, FESTIVAL AND PRESALE NEWS",0.0,0.0,0.0,0,0,1,2,0,0,Theater
Westlife,2026-09-30,,LIVE NATION MUSIC UK LTD,0.0,4814001.32,298555.76,1,42,6,1,5,9,Arena
The Anniversary,2026-10-01,,LIVE NATION MUSIC UK LTD,0.0,0.0,0.0,0,0,0,2,0,0,Club
Basement,2026-10-01,,"LIVE NATION UK FOR ARTIST, TOUR, FESTIVAL AND PRESALE NEWS",85725.97,42000.0,0.0,0,0,2,25,0,4,Theater
Don Broco,2026-10-01,,DF CONCERTS,1659048.86,88819.81,2368375.41,0,13,29,31,0,4,Club
Queen Of The Night - A Tribute to Whitney Houston,2026-10-01,,MCD PRODUCTIONS,199428.29,563977.88,331183.06,0,9,20,1,0,0,Theater
Lilyisthatyou,2026-10-01,,LIVE NATION MUSIC UK LTD,2952.21,0.0,0.0,0,0,1,0,0,0,Theater
Michael Ball,2026-10-01,,LIVE NATION MUSIC UK LTD,0.0,100282.1,0.0,0,1,8,0,0,0,Theater
RK,2026-10-01,,LIVE NATION MUSIC UK LTD,0.0,0.0,0.0,0,0,0,1,0,0,Club
Jill Scott,2026-10-01,,LIVE NATION MUSIC UK LTD,0.0,0.0,5166723.7,8,4,67,7,0,2,Theater
10 Years,2026-10-01,,LIVE NATION MUSIC UK LTD,17283.0,47010.25,6775.0,0,0,11,89,0,3,Club
Karan Aujla,2026-10-01,,"LIVE NATION UK FOR ARTIST, TOUR, FESTIVAL AND PRESALE NEWS",3420048.2,5984529.85,132877.75,0,14,0,1,0,0,Arena
Shadow Of Intent,2026-10-01,,LIVE NATION MUSIC UK LTD,0.0,0.0,17238.09,0,0,2,10,0,0,Club
Westlife,2026-10-01,,LIVE NATION MUSIC UK LTD,0.0,4814001.32,298555.76,1,42,6,1,5,9,Arena
Forever,2026-10-02,,LIVE NATION MUSIC UK LTD,70329.51,0.0,0.0,0,1,0,0,0,0,Arena
Simple Plan,2026-10-02,,LIVE NATION MUSIC UK LTD,990161.89,11751607.05,757328.91,0,36,51,49,5,15,Theater
Arkells,2026-10-02,,"LIVE NATION UK FOR ARTIST, TOUR, FESTIVAL AND PRESALE NEWS",512843.52,911391.9,30606.5,0,22,9,64,0,6,Club
Remi,2026-10-02,,LIVE NATION MUSIC UK LTD,0.0,0.0,0.0,0,0,0,9,0,0,Arena
Lilyisthatyou,2026-10-02,,LIVE NATION MUSIC UK LTD,2952.21,0.0,0.0,0,0,1,0,0,0,Theater
Michael Ball,2026-10-02,,LIVE NATION MUSIC UK LTD,0.0,100282.1,0.0,0,1,8,0,0,0,Theater
10 Years,2026-10-02,,LIVE NATION MUSIC UK LTD,17283.0,47010.25,6775.0,0,0,11,89,0,3,Club
The Hu,2026-10-02,,LIVE NATION MUSIC UK LTD,210949.49,475267.68000000005,297489.07,0,1,15,34,0,3,Club
Lucy Bedroque,2026-10-02,,"LIVE NATION UK FOR ARTIST, TOUR, FESTIVAL AND PRESALE NEWS",0.0,0.0,0.0,0,0,1,2,0,0,Club
Meredith Marks,2026-10-02,,"LIVE NATION UK FOR ARTIST, TOUR, FESTIVAL AND PRESALE NEWS",0.0,0.0,0.0,0,0,0,1,0,0,Club
Forever,2026-10-03,,LIVE NATION MUSIC UK LTD,70329.51,0.0,0.0,0,1,0,0,0,0,Arena
Simple Plan,2026-10-03,,LIVE NATION MUSIC UK LTD,990161.89,11751607.05,757328.91,0,36,51,49,5,15,Arena
Simple Plan,2026-10-03,,LIVE NATION MUSIC UK LTD,990161.89,11751607.05,757328.91,0,36,51,49,5,15,Arena
Nails,2026-10-03,,LIVE NATION MUSIC UK LTD,0.0,0.0,0.0,0,0,0,10,0,0,Club
The Anniversary,2026-10-03,,LIVE NATION MUSIC UK LTD,0.0,0.0,0.0,0,0,0,2,0,0,Arena
Yonaka,2026-10-03,,LIVE NATION MUSIC UK LTD,0.0,63740.130000000005,0.0,0,0,0,16,0,0,Club
Gallus,2026-10-03,,"LIVE NATION UK FOR ARTIST, TOUR, FESTIVAL AND PRESALE NEWS",9809.74,11984.78,17028.29,0,0,1,11,0,6,Club
Michael Ball,2026-10-03,,LIVE NATION MUSIC UK LTD,0.0,100282.1,0.0,0,1,8,0,0,0,Theater
Beartooth,2026-10-03,,LIVE NATION MUSIC UK LTD,0.0,1116351.8,389208.25,1,4,15,41,1,2,Club
Meredith Marks,2026-10-03,,"LIVE NATION UK FOR ARTIST, TOUR, FESTIVAL AND PRESALE NEWS",0.0,0.0,0.0,0,0,0,1,0,0,Club
Nails,2026-10-04,,"LIVE NATION UK FOR ARTIST, TOUR, FESTIVAL AND PRESALE NEWS",0.0,0.0,0.0,0,0,0,10,0,0,Club
The Anniversary,2026-10-04,,LIVE NATION MUSIC UK LTD,0.0,0.0,0.0,0,0,0,2,0,0,Arena
Westlife,2026-10-04,,LIVE NATION MUSIC UK LTD,0.0,4814001.32,298555.76,1,42,6,1,5,9,Arena
Gavin DeGraw,2026-10-04,,DF CONCERTS,137960.55,230769.33,249371.04,1,5,40,42,0,7,Club
Gallus,2026-10-04,,"LIVE NATION UK FOR ARTIST, TOUR, FESTIVAL AND PRESALE NEWS",9809.74,11984.78,17028.29,0,0,1,11,0,6,Club
Karan Aujla,2026-10-04,,"LIVE NATION UK FOR ARTIST, TOUR, FESTIVAL AND PRESALE NEWS",3420048.2,5984529.85,132877.75,0,14,0,1,0,0,Arena
Nails,2026-10-05,,"LIVE NATION UK FOR ARTIST, TOUR, FESTIVAL AND PRESALE NEWS",0.0,0.0,0.0,0,0,0,10,0,0,Club
Michael Ball,2026-10-05,,LIVE NATION MUSIC UK LTD,0.0,100282.1,0.0,0,1,8,0,0,0,Theater
Madra Salach,2026-10-05,,DF CONCERTS,0.0,0.0,0.0,0,0,0,1,0,0,Club
Nails,2026-10-06,,"LIVE NATION UK FOR ARTIST, TOUR, FESTIVAL AND PRESALE NEWS",0.0,0.0,0.0,0,0,0,10,0,0,Club
Westlife,2026-10-06,,LIVE NATION MUSIC UK LTD,0.0,4814001.32,298555.76,1,42,6,1,5,9,Arena
The Anniversary,2026-10-06,,LIVE NATION MUSIC UK LTD,0.0,0.0,0.0,0,0,0,2,0,0,Arena
Thea &amp; The Mugs,2026-10-06,,LIVE NATION MUSIC UK LTD,0.0,0.0,0.0,0,0,0,1,0,0,Club
Talia,2026-10-06,,LIVE NATION MUSIC UK LTD,0.0,0.0,0.0,0,0,0,3,0,0,Club
Gallus,2026-10-06,,"LIVE NATION UK FOR ARTIST, TOUR, FESTIVAL AND PRESALE NEWS",9809.74,11984.78,17028.29,0,0,1,11,0,6,Club
Amble,2026-10-06,,"LIVE NATION UK FOR ARTIST, TOUR, FESTIVAL AND PRESALE NEWS",4025470.09,406488.11,0.0,0,5,8,27,2,4,Club
Forever,2026-10-07,,DF CONCERTS,70329.51,0.0,0.0,0,1,0,0,0,0,Arena
Nails,2026-10-07,,"LIVE NATION UK FOR ARTIST, TOUR, FESTIVAL AND PRESALE NEWS",0.0,0.0,0.0,0,0,0,10,0,0,Club
The Anniversary,2026-10-07,,LIVE NATION MUSIC UK LTD,0.0,0.0,0.0,0,0,0,2,0,0,Arena
Man/Woman/Chainsaw,2026-10-07,,LIVE NATION MUSIC UK LTD,3462.46,0.0,422.46,0,0,0,2,0,0,Club
Star &amp; Micey,2026-10-07,,"LIVE NATION UK FOR ARTIST, TOUR, FESTIVAL AND PRESALE NEWS",0.0,0.0,0.0,0,0,0,1,0,0,Theater
Y &amp; T,2026-10-07,,"LIVE NATION UK FOR ARTIST, TOUR, FESTIVAL AND PRESALE NEWS",0.0,0.0,62935.0,1,0,12,36,0,0,Club
Forever,2026-10-07,,DF CONCERTS,70329.51,0.0,0.0,0,1,0,0,0,0,Arena
Westlife,2026-10-07,,LIVE NATION MUSIC UK LTD,0.0,4814001.32,298555.76,1,42,6,1,5,9,Arena
Joyce Manor,2026-10-08,,LIVE NATION MUSIC UK LTD,33600.0,29212.5,32432.0,0,0,5,53,0,1,Club
Creeper,2026-10-08,,"LIVE NATION UK FOR ARTIST, TOUR, FESTIVAL AND PRESALE NEWS",0.0,5139.85,0.0,0,0,0,6,0,0,Club
Hunter,2026-10-08,,"LIVE NATION UK FOR ARTIST, TOUR, FESTIVAL AND PRESALE NEWS",0.0,0.0,0.0,0,0,0,1,0,0,Club
Ra,2026-10-08,,"LIVE NATION UK FOR ARTIST, TOUR, FESTIVAL AND PRESALE NEWS",910.56,0.0,0.0,0,0,0,2,0,0,Club
Dylan Flynn And The Dead Poets,2026-10-08,,"LIVE NATION UK FOR ARTIST, TOUR, FESTIVAL AND PRESALE NEWS",1112.02,1837.68,412.35,0,0,0,4,0,1,Club
Star &amp; Micey,2026-10-08,,"LIVE NATION UK FOR ARTIST, TOUR, FESTIVAL AND PRESALE NEWS",0.0,0.0,0.0,0,0,0,1,0,0,Theater
Ben Ellis,2026-10-08,,LIVE NATION MUSIC UK LTD,14357.64,0.0,0.0,0,0,0,3,0,1,Club
The Hu,2026-10-08,,LIVE NATION MUSIC UK LTD,210949.49,475267.68000000005,297489.07,0,1,15,34,0,3,Club
Amble,2026-10-08,,LIVE NATION MUSIC UK LTD,4025470.09,406488.11,0.0,0,5,8,27,2,4,Club
Joe Jackson,2026-10-09,,DF CONCERTS,0.0,682131.05,0.0,1,2,64,21,0,2,Theater
Forever,2026-10-09,,LIVE NATION MUSIC UK LTD,70329.51,0.0,0.0,0,1,0,0,0,0,Arena
The Anniversary,2026-10-09,,LIVE NATION MUSIC UK LTD,0.0,0.0,0.0,0,0,0,2,0,0,Club
Remi,2026-10-09,,LIVE NATION MUSIC UK LTD,0.0,0.0,0.0,0,0,0,9,0,0,Arena
Off With Their Heads,2026-10-09,,LIVE NATION MUSIC UK LTD,3935.0,0.0,9766.0,0,0,0,19,0,0,Club
RK,2026-10-09,,LIVE NATION MUSIC UK LTD,0.0,0.0,0.0,0,0,0,1,0,0,Club
Ben Ellis,2026-10-09,,LIVE NATION MUSIC UK LTD,14357.64,0.0,0.0,0,0,0,3,0,1,Club
Dylan Flynn And The Dead Poets,2026-10-09,,"LIVE NATION UK FOR ARTIST, TOUR, FESTIVAL AND PRESALE NEWS",1112.02,1837.68,412.35,0,0,0,4,0,1,Club
The Hu,2026-10-09,,LIVE NATION MUSIC UK LTD,210949.49,475267.68000000005,297489.07,0,1,15,34,0,3,Club
"Dethklok, Amon Amarth",2026-10-09,,LIVE NATION MUSIC UK LTD,0.0,0.0,0.0,0,0,1,0,0,0,Theater
The Anniversary,2026-10-10,,LIVE NATION MUSIC UK LTD,0.0,0.0,0.0,0,0,0,2,0,0,Club
Rock,2026-10-10,,LIVE NATION MUSIC UK LTD,0.0,0.0,0.0,0,0,0,1,0,0,Arena
Creeper,2026-10-10,,"LIVE NATION UK FOR ARTIST, TOUR, FESTIVAL AND PRESALE NEWS",0.0,5139.85,0.0,0,0,0,6,0,0,Club
RK,2026-10-10,,LIVE NATION MUSIC UK LTD,0.0,0.0,0.0,0,0,0,1,0,0,Club
The Hu,2026-10-10,,LIVE NATION (MUSIC) UK LTD (VENUES),210949.49,475267.68000000005,297489.07,0,1,15,34,0,3,Club
"Dethklok, Amon Amarth",2026-10-10,,LIVE NATION MUSIC UK LTD,0.0,0.0,0.0,0,0,1,0,0,0,Theater
"August Burns Red, The Amity Affliction",2026-10-10,,LIVE NATION MUSIC UK LTD,0.0,0.0,0.0,0,0,0,1,0,0,Club
Day Fever,2026-10-10,,LIVE NATION MUSIC (VENUES) LTD (NEW),146063.16,39524.96,0.0,0,0,19,0,0,0,Theater
Warren Zeiders,2026-10-11,,DF CONCERTS,2621334.19,748458.81,989474.19,5,8,14,32,0,6,Theater
The Anniversary,2026-10-11,,LIVE NATION MUSIC UK LTD,0.0,0.0,0.0,0,0,0,2,0,0,Club
The Clockworks,2026-10-11,,DF CONCERTS,0.0,32226.35,0.0,0,0,1,9,0,0,Club
Matilda Mann,2026-10-11,,DF CONCERTS,19702.73,0.0,3405.0,0,0,3,5,0,1,Theater
Ben Ellis,2026-10-11,,DF CONCERTS,14357.64,0.0,0.0,0,0,0,3,0,1,Club
Jamie McIntyre,2026-10-11,,LIVE NATION MUSIC UK LTD,8700.76,0.0,0.0,0,0,0,3,0,0,Club
The Hu,2026-10-11,,LIVE NATION MUSIC UK LTD,210949.49,475267.68000000005,297489.07,0,1,15,34,0,3,Club
"Dethklok, Amon Amarth",2026-10-11,,LIVE NATION MUSIC UK LTD,0.0,0.0,0.0,0,0,1,0,0,0,Theater
"August Burns Red, The Amity Affliction",2026-10-11,,LIVE NATION MUSIC UK LTD,0.0,0.0,0.0,0,0,0,1,0,0,Club
Warren Zeiders,2026-10-12,,LIVE NATION MUSIC UK LTD,2621334.19,748458.81,989474.19,5,8,14,32,0,6,Club
Gallus,2026-10-12,,"LIVE NATION UK FOR ARTIST, TOUR, FESTIVAL AND PRESALE NEWS",9809.74,11984.78,17028.29,0,0,1,11,0,6,Club
AIR,2026-10-12,,"LIVE NATION UK FOR ARTIST, TOUR, FESTIVAL AND PRESALE NEWS",975555.74,5729457.01,0.0,4,2,25,15,1,1,Theater
Dylan Flynn And The Dead Poets,2026-10-12,,"LIVE NATION UK FOR ARTIST, TOUR, FESTIVAL AND PRESALE NEWS",1112.02,1837.68,412.35,0,0,0,4,0,1,Club
Ben Ellis,2026-10-12,,LIVE NATION MUSIC UK LTD,14357.64,0.0,0.0,0,0,0,3,0,1,Club
Stevie Wonder,2026-10-13,,"LIVE NATION UK FOR ARTIST, TOUR, FESTIVAL AND PRESALE NEWS",5077947.359999999,8495068.84,0.0,1,43,5,1,1,0,Arena
Snow Patrol,2026-10-13,,MCD PRODUCTIONS,11139731.38,1938880.38,0.0,1,36,57,23,6,4,Club
Forever,2026-10-13,,LIVE NATION MUSIC UK LTD,70329.51,0.0,0.0,0,1,0,0,0,0,Arena
The Anniversary,2026-10-13,,LIVE NATION MUSIC UK LTD,0.0,0.0,0.0,0,0,0,2,0,0,Arena
Jack Harlow,2026-10-13,,LIVE NATION MUSIC UK LTD,0.0,0.0,3932991.09,1,23,32,57,1,1,Club
Matilda Mann,2026-10-13,,"LIVE NATION UK FOR ARTIST, TOUR, FESTIVAL AND PRESALE NEWS",19702.73,0.0,3405.0,0,0,3,5,0,1,Club
Jamie McIntyre,2026-10-13,,LIVE NATION MUSIC UK LTD,8700.76,0.0,0.0,0,0,0,3,0,0,Club
AIR,2026-10-13,,"LIVE NATION UK FOR ARTIST, TOUR, FESTIVAL AND PRESALE NEWS",975555.74,5729457.01,0.0,4,2,25,15,1,1,Theater
Dylan Flynn And The Dead Poets,2026-10-13,,"LIVE NATION UK FOR ARTIST, TOUR, FESTIVAL AND PRESALE NEWS",1112.02,1837.68,412.35,0,0,0,4,0,1,Club
Ben Ellis,2026-10-13,,LIVE NATION MUSIC UK LTD,14357.64,0.0,0.0,0,0,0,3,0,1,Club
Jill Scott,2026-10-13,,LIVE NATION MUSIC UK LTD,0.0,0.0,5166723.7,8,4,67,7,0,2,Theater
James Emmanuel,2026-10-13,,"LIVE NATION UK FOR ARTIST, TOUR, FESTIVAL AND PRESALE NEWS",0.0,0.0,0.0,0,0,0,1,0,0,Club
Pip Millett,2026-10-13,,"LIVE NATION UK FOR ARTIST, TOUR, FESTIVAL AND PRESALE NEWS",0.0,0.0,0.0,0,0,0,1,0,0,Club
Warren Zeiders,2026-10-14,,LIVE NATION MUSIC UK LTD,2621334.19,748458.81,989474.19,5,8,14,32,0,6,Club
Snow Patrol,2026-10-14,,MCD PRODUCTIONS,11139731.38,1938880.38,0.0,1,36,57,23,6,4,Club
The Anniversary,2026-10-14,,LIVE NATION MUSIC UK LTD,0.0,0.0,0.0,0,0,0,2,0,0,Arena
The Wonder Stuff,2026-10-14,,DF CONCERTS,0.0,0.0,0.0,0,0,1,1,0,0,Club
Angine de Poitrine,2026-10-14,,DF CONCERTS,0.0,0.0,0.0,0,0,1,1,0,0,Club
AIR,2026-10-14,,"LIVE NATION UK FOR ARTIST, TOUR, FESTIVAL AND PRESALE NEWS",975555.74,5729457.01,0.0,4,2,25,15,1,1,Theater
"A, Monkey Kong",2026-10-14,,"LIVE NATION UK FOR ARTIST, TOUR, FESTIVAL AND PRESALE NEWS",0.0,0.0,0.0,0,0,0,1,0,0,Theater
Jamie McIntyre,2026-10-14,,LIVE NATION MUSIC UK LTD,8700.76,0.0,0.0,0,0,0,3,0,0,Club
Jill Scott,2026-10-14,,LIVE NATION MUSIC UK LTD,0.0,0.0,5166723.7,8,4,67,7,0,2,Theater
Pip Millett,2026-10-14,,"LIVE NATION UK FOR ARTIST, TOUR, FESTIVAL AND PRESALE NEWS",0.0,0.0,0.0,0,0,0,1,0,0,Theater
Warren Zeiders,2026-10-15,,LIVE NATION MUSIC UK LTD,2621334.19,748458.81,989474.19,5,8,14,32,0,6,Club
F3miii,2026-10-15,,"LIVE NATION UK FOR ARTIST, TOUR, FESTIVAL AND PRESALE NEWS",0.0,2365.74,0.0,0,0,0,1,0,0,Club
Alpha Wolf,2026-10-15,,LIVE NATION MUSIC UK LTD,306339.95,449798.24,0.0,0,0,6,21,0,11,Club
Pip Millett,2026-10-15,,"LIVE NATION UK FOR ARTIST, TOUR, FESTIVAL AND PRESALE NEWS",0.0,0.0,0.0,0,0,0,1,0,0,Theater
Tal,2026-10-15,,"LIVE NATION UK FOR ARTIST, TOUR, FESTIVAL AND PRESALE NEWS",0.0,0.0,0.0,0,1,0,0,0,0,Arena
Warren Zeiders,2026-10-16,,LIVE NATION MUSIC UK LTD,2621334.19,748458.81,989474.19,5,8,14,32,0,6,Club
Snow Patrol,2026-10-16,,MCD PRODUCTIONS,11139731.38,1938880.38,0.0,1,36,57,23,6,4,Club
Panchiko,2026-10-16,,DF CONCERTS,224375.73,130488.5,27372.7,0,0,5,12,0,0,Club
The Anniversary,2026-10-16,,LIVE NATION MUSIC UK LTD,0.0,0.0,0.0,0,0,0,2,0,0,Arena
Heaven 17,2026-10-16,,DF CONCERTS,84186.79,35142.99,51868.55,0,0,4,13,0,0,Club
Matilda Mann,2026-10-16,,LIVE NATION MUSIC UK LTD,19702.73,0.0,3405.0,0,0,3,5,0,1,Club
Jackson &amp; The Roosters,2026-10-16,,"LIVE NATION UK FOR ARTIST, TOUR, FESTIVAL AND PRESALE NEWS",0.0,0.0,0.0,0,0,0,4,0,0,Club
AIR,2026-10-16,,"LIVE NATION UK FOR ARTIST, TOUR, FESTIVAL AND PRESALE NEWS",975555.74,5729457.01,0.0,4,2,25,15,1,1,Theater
Mani,2026-10-16,,"LIVE NATION UK FOR ARTIST, TOUR, FESTIVAL AND PRESALE NEWS",0.0,0.0,1536.94,0,0,1,0,0,0,Arena
Mani,2026-10-16,,"LIVE NATION UK FOR ARTIST, TOUR, FESTIVAL AND PRESALE NEWS",0.0,0.0,1536.94,0,0,1,0,0,0,Arena
Guilt Trip,2026-10-16,,LIVE NATION MUSIC UK LTD,0.0,17430.33,0.0,0,0,0,3,0,0,Club
Snow Patrol,2026-10-17,,MCD PRODUCTIONS,11139731.38,1938880.38,0.0,1,36,57,23,6,4,Club
The Anniversary,2026-10-17,,LIVE NATION MUSIC UK LTD,0.0,0.0,0.0,0,0,0,2,0,0,Arena
Foy Vance,2026-10-17,,DF CONCERTS,0.0,67882.0,243802.99,0,0,20,42,0,6,Club
Starsailor,2026-10-17,,DF CONCERTS,497193.91,85028.67,112855.67,0,0,8,17,0,1,Theater
Twin Atlantic,2026-10-17,,LIVE NATION MUSIC UK LTD,162148.44,256108.37,26924.92,0,1,8,38,0,7,Club
The Reytons,2026-10-17,,DF CONCERTS,529635.19,134075.77,547349.9199999999,0,2,8,23,0,5,Club
"Dimmu Borgir, Amorphis",2026-10-17,,LIVE NATION MUSIC UK LTD,0.0,0.0,0.0,0,0,1,0,0,0,Theater
Fat Freddy's Drop,2026-10-17,,LIVE NATION (MUSIC) UK LTD (VENUES),0.0,1146590.62,316025.35,4,4,23,33,3,6,Club
Warren Zeiders,2026-10-18,,LIVE NATION MUSIC UK LTD,2621334.19,748458.81,989474.19,5,8,14,32,0,6,Club
The Anniversary,2026-10-18,,LIVE NATION MUSIC UK LTD,0.0,0.0,0.0,0,0,0,2,0,0,Arena
"The A, B, C &amp; D Of Boogie Woogie",2026-10-18,,DF CONCERTS,0.0,0.0,0.0,0,0,0,1,0,0,Club
Foy Vance,2026-10-18,,DF CONCERTS,0.0,67882.0,243802.99,0,0,20,42,0,6,Theater
Guilt Trip,2026-10-18,,LIVE NATION MUSIC UK LTD,0.0,17430.33,0.0,0,0,0,3,0,0,Theater
J. Cole,2026-10-19,,LIVE NATION MUSIC UK LTD,0.0,2084747.68,0.0,25,121,50,39,2,2,Arena
Stephen Wilson Jr.,2026-10-19,,DF CONCERTS,786854.57,66436.31,0.0,2,0,10,13,0,1,Club
The Anniversary,2026-10-19,,LIVE NATION MUSIC UK LTD,0.0,0.0,0.0,0,0,0,2,0,0,Arena
J. Cole,2026-10-20,,LIVE NATION MUSIC UK LTD,0.0,2084747.68,0.0,25,121,50,39,2,2,Arena
Stephen Wilson Jr.,2026-10-20,,DF CONCERTS,786854.57,66436.31,0.0,2,0,10,13,0,1,Club
Allie X,2026-10-20,,LIVE NATION MUSIC UK LTD,107624.0,79993.31,0.0,0,0,2,12,0,2,Arena
The Anniversary,2026-10-20,,LIVE NATION MUSIC UK LTD,0.0,0.0,0.0,0,0,0,2,0,0,Arena
Melanie C,2026-10-20,,DF CONCERTS,0.0,0.0,0.0,0,0,0,7,0,0,Club
Courtney Barnett,2026-10-20,,LIVE NATION MUSIC UK LTD,0.0,0.0,54000.0,0,0,26,52,0,2,Club
Ivers,2026-10-20,,"LIVE NATION UK FOR ARTIST, TOUR, FESTIVAL AND PRESALE NEWS",0.0,0.0,7492.5,0,0,0,1,0,0,Club
Grace &amp; The Flat Boys,2026-10-20,,LIVE NATION MUSIC UK LTD,0.0,1496.9,0.0,0,0,0,1,0,0,Club
"Oneida, IE, Matt Mehlan",2026-10-20,,"LIVE NATION UK FOR ARTIST, TOUR, FESTIVAL AND PRESALE NEWS",0.0,0.0,0.0,0,0,0,1,0,0,Club
Aim,2026-10-20,,"LIVE NATION UK FOR ARTIST, TOUR, FESTIVAL AND PRESALE NEWS",0.0,0.0,0.0,0,0,1,0,0,0,Theater
Hulvey,2026-10-20,,LIVE NATION MUSIC UK LTD,779313.72,46460.0,95550.0,0,0,11,33,0,0,Club
Allie X,2026-10-21,,LIVE NATION MUSIC UK LTD,107624.0,79993.31,0.0,0,0,2,12,0,2,Club
Enter Shikari,2026-10-21,,"LIVE NATION UK FOR ARTIST, TOUR, FESTIVAL AND PRESALE NEWS",143338.19,1397539.45,140032.41,0,10,33,119,0,8,Club
Courtney Barnett,2026-10-21,,LIVE NATION MUSIC UK LTD,0.0,0.0,54000.0,0,0,26,52,0,2,Club
Aim,2026-10-21,,"LIVE NATION UK FOR ARTIST, TOUR, FESTIVAL AND PRESALE NEWS",0.0,0.0,0.0,0,0,1,0,0,0,Theater
Tom &amp; Collins,2026-10-21,,DF CONCERTS,1970.0,0.0,0.0,0,0,0,1,0,0,Club
Stephen Wilson Jr.,2026-10-22,,LIVE NATION MUSIC UK LTD,786854.57,66436.31,0.0,2,0,10,13,0,1,Club
The Rock Orchestra,2026-10-22,,LIVE NATION (MUSIC) UK LTD (VENUES),14025278.03,748084.85,131796.0,0,12,144,9,1,10,Arena
Enter Shikari,2026-10-22,,LIVE NATION MUSIC UK LTD,143338.19,1397539.45,140032.41,0,10,33,119,0,8,Club
GoldFord,2026-10-22,,"LIVE NATION UK FOR ARTIST, TOUR, FESTIVAL AND PRESALE NEWS",12781.82,5615.0,0.0,0,0,1,9,0,0,Club
Cat &amp; Nat,2026-10-22,,LIVE NATION MUSIC UK LTD,0.0,66301.0,124942.6,0,0,44,10,0,1,Theater
D-Block Europe,2026-10-22,,"LIVE NATION UK FOR ARTIST, TOUR, FESTIVAL AND PRESALE NEWS",4791928.09,1208414.02,33771.25,0,9,2,2,0,0,Arena
Stephen Wilson Jr.,2026-10-23,,LIVE NATION MUSIC UK LTD,786854.57,66436.31,0.0,2,0,10,13,0,1,Club
Brandon Flowers,2026-10-23,,DF CONCERTS,0.0,0.0,0.0,0,0,11,30,0,0,Theater
The Proclaimers,2026-10-23,,LIVE NATION (MUSIC) UK LTD (VENUES),0.0,0.0,1391350.8,0,5,27,9,1,13,Theater
Lucia &amp; The Best Boys,2026-10-23,,DF CONCERTS,19628.76,0.0,17622.96,0,0,0,5,0,0,Club
Tom &amp; Collins,2026-10-23,,"LIVE NATION UK FOR ARTIST, TOUR, FESTIVAL AND PRESALE NEWS",1970.0,0.0,0.0,0,0,0,1,0,0,Club
Cody Johnson,2026-10-24,,LIVE NATION MUSIC UK LTD,20977466.65,34328002.77,19725004.14,64,190,43,164,24,54,Arena
Brandon Flowers,2026-10-24,,LIVE NATION MUSIC UK LTD,0.0,0.0,0.0,0,0,11,30,0,0,Club
The Devil Wears Prada,2026-10-24,,LIVE NATION MUSIC UK LTD,69084.62,113857.0,39223.0,0,1,27,84,0,2,Theater
Tigercub,2026-10-24,,DF CONCERTS,0.0,2370.0,6366.57,0,0,1,3,0,0,Club
Keo,2026-10-24,,LIVE NATION MUSIC (VENUES) LTD (NEW),16500.84,0.0,0.0,0,0,2,6,0,0,Theater
J. Cole,2026-10-25,,LIVE NATION MUSIC UK LTD,0.0,2084747.68,0.0,25,121,50,39,2,2,Arena
Stephen Wilson Jr.,2026-10-25,,LIVE NATION MUSIC UK LTD,786854.57,66436.31,0.0,2,0,10,13,0,1,Club
The Strokes,2026-10-25,,LIVE NATION MUSIC UK LTD,248126.0,0.0,0.0,2,7,4,3,1,1,Arena
Keo,2026-10-25,,"LIVE NATION UK FOR ARTIST, TOUR, FESTIVAL AND PRESALE NEWS",16500.84,0.0,0.0,0,0,2,6,0,0,Club
D-Block Europe,2026-10-25,,LIVE NATION MUSIC UK LTD,4791928.09,1208414.02,33771.25,0,9,2,2,0,0,Arena
D-Block Europe,2026-10-25,,LIVE NATION MUSIC UK LTD,4791928.09,1208414.02,33771.25,0,9,2,2,0,0,Arena
Korn,2026-10-26,,LIVE NATION MUSIC UK LTD,2571927.81,12956787.2,0.0,43,37,20,32,5,8,Arena
Korn,2026-10-26,,LIVE NATION MUSIC UK LTD,2571927.81,12956787.2,0.0,43,37,20,32,5,8,Arena
J. Cole,2026-10-26,,DF CONCERTS,0.0,2084747.68,0.0,25,121,50,39,2,2,Arena
Allie X,2026-10-26,,LIVE NATION MUSIC UK LTD,107624.0,79993.31,0.0,0,0,2,12,0,2,Club
Runa,2026-10-26,,LIVE NATION MUSIC UK LTD,10313.8,0.0,10083.2,0,0,6,1,0,0,Theater
Cat &amp; Nat,2026-10-26,,LIVE NATION MUSIC UK LTD,0.0,66301.0,124942.6,0,0,44,10,0,1,Theater
Decade,2026-10-26,,LIVE NATION MUSIC UK LTD,11838.0,0.0,0.0,0,0,0,1,0,0,Club
"Gloryhammer, Beast In Black",2026-10-26,,LIVE NATION MUSIC UK LTD,0.0,1858410.27,0.0,0,3,6,9,0,1,Theater
Hits,2026-10-26,,"LIVE NATION UK FOR ARTIST, TOUR, FESTIVAL AND PRESALE NEWS",0.0,0.0,0.0,0,0,0,1,0,0,Club
K-Trap,2026-10-26,,LIVE NATION MUSIC UK LTD,0.0,74397.37,0.0,0,0,1,1,0,0,Club
J. Cole,2026-10-26,,DF CONCERTS,0.0,2084747.68,0.0,25,121,50,39,2,2,Arena
Cody Johnson,2026-10-27,,LIVE NATION MUSIC UK LTD,20977466.65,34328002.77,19725004.14,64,190,43,164,24,54,Arena
The Kid LAROI,2026-10-27,,LIVE NATION MUSIC UK LTD,0.0,8502598.75,2968556.88,2,32,8,9,1,3,Arena
Deaf Havana,2026-10-27,,LIVE NATION MUSIC (VENUES) LTD (NEW),154280.41,61848.19,65458.98,0,0,25,51,0,10,Theater
Beaux,2026-10-27,,"LIVE NATION UK FOR ARTIST, TOUR, FESTIVAL AND PRESALE NEWS",0.0,0.0,0.0,0,0,0,1,0,0,Club
,2026-10-27,,"LIVE NATION UK FOR ARTIST, TOUR, FESTIVAL AND PRESALE NEWS",0.0,0.0,0.0,0,0,0,0,0,0,Other
Owen,2026-10-27,,"LIVE NATION UK FOR ARTIST, TOUR, FESTIVAL AND PRESALE NEWS",0.0,0.0,0.0,0,0,0,15,0,0,Club
Charlie &amp; Lucy,2026-10-27,,"LIVE NATION UK FOR ARTIST, TOUR, FESTIVAL AND PRESALE NEWS",0.0,0.0,0.0,0,0,0,1,0,0,Club
Cat &amp; Nat,2026-10-27,,LIVE NATION MUSIC UK LTD,0.0,66301.0,124942.6,0,0,44,10,0,1,Theater
Hits,2026-10-27,,"LIVE NATION UK FOR ARTIST, TOUR, FESTIVAL AND PRESALE NEWS",0.0,0.0,0.0,0,0,0,1,0,0,Club
Tom &amp; Collins,2026-10-27,,LIVE NATION MUSIC UK LTD,1970.0,0.0,0.0,0,0,0,1,0,0,Club
Korn,2026-10-28,,LIVE NATION MUSIC UK LTD,2571927.81,12956787.2,0.0,43,37,20,32,5,8,Arena
Mora,2026-10-28,,LIVE NATION MUSIC UK LTD,10408445.95,0.0,11841095.3,1,15,6,2,2,4,Arena
Allie X,2026-10-28,,LIVE NATION MUSIC UK LTD,107624.0,79993.31,0.0,0,0,2,12,0,2,Club
Runa,2026-10-28,,LIVE NATION MUSIC UK LTD,10313.8,0.0,10083.2,0,0,6,1,0,0,Theater
Shay O'Dowd,2026-10-28,,"LIVE NATION UK FOR ARTIST, TOUR, FESTIVAL AND PRESALE NEWS",14690.490000000002,0.0,0.0,0,0,1,1,0,1,Club
Manic Street Preachers,2026-10-28,,DF CONCERTS,1615139.12,964993.56,0.0,0,15,28,16,2,0,Theater
Ruby,2026-10-28,,"LIVE NATION UK FOR ARTIST, TOUR, FESTIVAL AND PRESALE NEWS",0.0,0.0,606.0,0,0,0,1,0,0,Club
Berre,2026-10-28,,LIVE NATION MUSIC UK LTD,0.0,54020.57,4016.07,0,0,0,2,0,0,Club
Beaux,2026-10-28,,"LIVE NATION UK FOR ARTIST, TOUR, FESTIVAL AND PRESALE NEWS",0.0,0.0,0.0,0,0,0,1,0,0,Club
Rikas,2026-10-28,,"LIVE NATION UK FOR ARTIST, TOUR, FESTIVAL AND PRESALE NEWS",0.0,4248.02,0.0,0,0,1,4,0,1,Club
Decade,2026-10-28,,"LIVE NATION UK FOR ARTIST, TOUR, FESTIVAL AND PRESALE NEWS",11838.0,0.0,0.0,0,0,0,1,0,0,Club
Lucia &amp; The Best Boys,2026-10-28,,LIVE NATION MUSIC UK LTD,19628.76,0.0,17622.96,0,0,0,5,0,0,Theater
D-Block Europe,2026-10-28,,"LIVE NATION UK FOR ARTIST, TOUR, FESTIVAL AND PRESALE NEWS",4791928.09,1208414.02,33771.25,0,9,2,2,0,0,Arena
MT Jones,2026-10-28,,DF CONCERTS,2543.46,0.0,0.0,0,0,0,2,0,0,Club
STVW,2026-10-28,,LIVE NATION MUSIC UK LTD,0.0,0.0,0.0,0,0,0,3,0,0,Club
Tom &amp; Collins,2026-10-28,,LIVE NATION MUSIC UK LTD,1970.0,0.0,0.0,0,0,0,1,0,0,Club
"I, Colossus",2026-10-28,,"LIVE NATION UK FOR ARTIST, TOUR, FESTIVAL AND PRESALE NEWS",0.0,0.0,0.0,0,0,0,1,0,0,Club
Manic Street Preachers,2026-10-28,,DF CONCERTS,1615139.12,964993.56,0.0,0,15,28,16,2,0,Theater
The Kid LAROI,2026-10-29,,LIVE NATION MUSIC UK LTD,0.0,8502598.75,2968556.88,2,32,8,9,1,3,Arena
Allie X,2026-10-29,,LIVE NATION MUSIC UK LTD,107624.0,79993.31,0.0,0,0,2,12,0,2,Club
Hits,2026-10-29,,"LIVE NATION UK FOR ARTIST, TOUR, FESTIVAL AND PRESALE NEWS",0.0,0.0,0.0,0,0,0,1,0,0,Club
Runa,2026-10-29,,LIVE NATION MUSIC UK LTD,10313.8,0.0,10083.2,0,0,6,1,0,0,Theater
Shay O'Dowd,2026-10-29,,"LIVE NATION UK FOR ARTIST, TOUR, FESTIVAL AND PRESALE NEWS",14690.490000000002,0.0,0.0,0,0,1,1,0,1,Club
BRAT,2026-10-29,,LIVE NATION (MUSIC) UK LTD (VENUES),0.0,22448.23,0.0,0,0,1,3,0,0,Theater
Keo,2026-10-29,,"LIVE NATION UK FOR ARTIST, TOUR, FESTIVAL AND PRESALE NEWS",16500.84,0.0,0.0,0,0,2,6,0,0,Club
Decade,2026-10-29,,LIVE NATION MUSIC UK LTD,11838.0,0.0,0.0,0,0,0,1,0,0,Club
Rikas,2026-10-29,,"LIVE NATION UK FOR ARTIST, TOUR, FESTIVAL AND PRESALE NEWS",0.0,4248.02,0.0,0,0,1,4,0,1,Club
Overpass,2026-10-29,,LIVE NATION MUSIC UK LTD,22542.76,3838.95,0.0,0,0,1,4,0,0,Club
Tom &amp; Collins,2026-10-29,,"LIVE NATION UK FOR ARTIST, TOUR, FESTIVAL AND PRESALE NEWS",1970.0,0.0,0.0,0,0,0,1,0,0,Club
STVW,2026-10-29,,LIVE NATION MUSIC UK LTD,0.0,0.0,0.0,0,0,0,3,0,0,Club
Korn,2026-10-30,,LIVE NATION MUSIC UK LTD,2571927.81,12956787.2,0.0,43,37,20,32,5,8,Arena
Korn,2026-10-30,,LIVE NATION MUSIC UK LTD,2571927.81,12956787.2,0.0,43,37,20,32,5,8,Arena
The Kid LAROI,2026-10-30,,LIVE NATION MUSIC UK LTD,0.0,8502598.75,2968556.88,2,32,8,9,1,3,Arena
Shay O'Dowd,2026-10-30,,"LIVE NATION UK FOR ARTIST, TOUR, FESTIVAL AND PRESALE NEWS",14690.490000000002,0.0,0.0,0,0,1,1,0,1,Club
Runa,2026-10-30,,LIVE NATION MUSIC UK LTD,10313.8,0.0,10083.2,0,0,6,1,0,0,Theater
Slayyyter,2026-10-30,,LIVE NATION MUSIC UK LTD,0.0,185129.1,100397.58,0,0,4,14,0,1,Theater
Keo,2026-10-30,,"LIVE NATION UK FOR ARTIST, TOUR, FESTIVAL AND PRESALE NEWS",16500.84,0.0,0.0,0,0,2,6,0,0,Club
Rikas,2026-10-30,,"LIVE NATION UK FOR ARTIST, TOUR, FESTIVAL AND PRESALE NEWS",0.0,4248.02,0.0,0,0,1,4,0,1,Club
Macklemore,2026-10-30,,"LIVE NATION UK FOR ARTIST, TOUR, FESTIVAL AND PRESALE NEWS",2112280.41,2626999.84,10005607.44,1,32,16,17,2,2,Arena
Macklemore,2026-10-30,,"LIVE NATION UK FOR ARTIST, TOUR, FESTIVAL AND PRESALE NEWS",2112280.41,2626999.84,10005607.44,1,32,16,17,2,2,Arena
Skindred,2026-10-30,,LIVE NATION MUSIC UK LTD,66144.98,0.0,72648.37,0,0,4,39,0,3,Club
"I, Colossus",2026-10-30,,"LIVE NATION UK FOR ARTIST, TOUR, FESTIVAL AND PRESALE NEWS",0.0,0.0,0.0,0,0,0,1,0,0,Club
One Night In Nashville,2026-10-30,,DF CONCERTS,84906.76,13159.03,0.0,0,0,0,5,0,1,Club
STVW,2026-10-30,,LIVE NATION MUSIC UK LTD,0.0,0.0,0.0,0,0,0,3,0,0,Club
Blackgold,2026-10-30,,"LIVE NATION UK FOR ARTIST, TOUR, FESTIVAL AND PRESALE NEWS",0.0,0.0,0.0,0,0,0,1,0,0,Club
Korn,2026-10-31,,LIVE NATION MUSIC UK LTD,2571927.81,12956787.2,0.0,43,37,20,32,5,8,Arena
Korn,2026-10-31,,LIVE NATION MUSIC UK LTD,2571927.81,12956787.2,0.0,43,37,20,32,5,8,Arena
J. Cole,2026-10-31,,LIVE NATION MUSIC UK LTD,0.0,2084747.68,0.0,25,121,50,39,2,2,Arena
Runa,2026-10-31,,LIVE NATION MUSIC UK LTD,10313.8,0.0,10083.2,0,0,6,1,0,0,Theater
Slayyyter,2026-10-31,,LIVE NATION MUSIC UK LTD,0.0,185129.1,100397.58,0,0,4,14,0,1,Club
Jack Savoretti,2026-10-31,,DF CONCERTS,603229.64,706366.89,751075.38,3,2,28,6,1,6,Theater
Overpass,2026-10-31,,LIVE NATION MUSIC UK LTD,22542.76,3838.95,0.0,0,0,1,4,0,0,Club
Skindred,2026-10-31,,LIVE NATION MUSIC UK LTD,66144.98,0.0,72648.37,0,0,4,39,0,3,Club
STVW,2026-10-31,,LIVE NATION MUSIC UK LTD,0.0,0.0,0.0,0,0,0,3,0,0,Club
Cody Johnson,2026-11-01,,LIVE NATION MUSIC UK LTD,20977466.65,34328002.77,19725004.14,64,190,43,164,24,54,Arena
The Kid LAROI,2026-11-01,,LIVE NATION MUSIC UK LTD,0.0,8502598.75,2968556.88,2,32,8,9,1,3,Arena
Trace,2026-11-01,,"LIVE NATION UK FOR ARTIST, TOUR, FESTIVAL AND PRESALE NEWS",0.0,0.0,0.0,0,0,0,1,0,0,Club
Slayyyter,2026-11-01,,DF CONCERTS,0.0,185129.1,100397.58,0,0,4,14,0,1,Club
Decade,2026-11-01,,"LIVE NATION UK FOR ARTIST, TOUR, FESTIVAL AND PRESALE NEWS",11838.0,0.0,0.0,0,0,0,1,0,0,Club
Overmono,2026-11-01,,DF CONCERTS,449797.32,177144.3,145574.35,0,1,1,8,0,0,Club
Yaelokre,2026-11-01,,DF CONCERTS,62152.0,0.0,0.0,0,0,1,3,0,0,Theater
"I, Colossus",2026-11-01,,"LIVE NATION UK FOR ARTIST, TOUR, FESTIVAL AND PRESALE NEWS",0.0,0.0,0.0,0,0,0,1,0,0,Club
Cody Johnson,2026-11-02,,DF CONCERTS,20977466.65,34328002.77,19725004.14,64,190,43,164,24,54,Arena
Cody Johnson,2026-11-02,,DF CONCERTS,20977466.65,34328002.77,19725004.14,64,190,43,164,24,54,Arena
J. Cole,2026-11-02,,LIVE NATION MUSIC UK LTD,0.0,2084747.68,0.0,25,121,50,39,2,2,Arena
The Kid LAROI,2026-11-02,,LIVE NATION MUSIC UK LTD,0.0,8502598.75,2968556.88,2,32,8,9,1,3,Arena
The Anniversary,2026-11-02,,LIVE NATION MUSIC UK LTD,0.0,0.0,0.0,0,0,0,2,0,0,Arena
Josiah,2026-11-02,,LIVE NATION MUSIC UK LTD,0.0,24000.0,0.0,0,0,0,1,0,0,Club
LP,2026-11-02,,LIVE NATION MUSIC UK LTD,0.0,1924602.25,997128.67,4,11,25,57,2,21,Club
Swervedriver,2026-11-02,,DF CONCERTS,17939.0,0.0,0.0,0,0,2,33,0,0,Club
LEA,2026-11-02,,"LIVE NATION UK FOR ARTIST, TOUR, FESTIVAL AND PRESALE NEWS",0.0,861301.89,201318.3,0,2,1,0,1,2,Arena
Chloe Slater,2026-11-02,,"LIVE NATION UK FOR ARTIST, TOUR, FESTIVAL AND PRESALE NEWS",9538.91,0.0,0.0,0,0,0,3,0,0,Club
Al &amp; Rob Of Moe,2026-11-02,,DF CONCERTS,0.0,0.0,0.0,0,0,0,2,0,0,Club
Westlife,2026-11-02,,LIVE NATION MUSIC UK LTD,0.0,4814001.32,298555.76,1,42,6,1,5,9,Arena
Stevie Wonder,2026-11-03,,"LIVE NATION UK FOR ARTIST, TOUR, FESTIVAL AND PRESALE NEWS",5077947.359999999,8495068.84,0.0,1,43,5,1,1,0,Arena
The Anniversary,2026-11-03,,LIVE NATION MUSIC UK LTD,0.0,0.0,0.0,0,0,0,2,0,0,Club
Westlife,2026-11-03,,LIVE NATION MUSIC UK LTD,0.0,4814001.32,298555.76,1,42,6,1,5,9,Arena
LP,2026-11-03,,LIVE NATION MUSIC UK LTD,0.0,1924602.25,997128.67,4,11,25,57,2,21,Club
Boy &amp; Bear,2026-11-03,,LIVE NATION MUSIC UK LTD,0.0,328069.51,71728.6,0,1,14,58,0,1,Club
Tou,2026-11-03,,LIVE NATION MUSIC UK LTD,0.0,348354.82999999996,0.0,0,0,0,1,0,1,Club
"""Kew The Music"", Alison Moyet",2026-11-03,,MCD PRODUCTIONS,547542.7,0.0,0.0,0,0,0,0,0,1,Theater
Rikas,2026-11-03,,"LIVE NATION UK FOR ARTIST, TOUR, FESTIVAL AND PRESALE NEWS",0.0,4248.02,0.0,0,0,1,4,0,1,Theater
Korn,2026-11-04,,LIVE NATION MUSIC UK LTD,2571927.81,12956787.2,0.0,43,37,20,32,5,8,Amphitheatre
Macy Gray,2026-11-04,,LIVE NATION MUSIC UK LTD,285508.42,27492.0,286517.02,0,1,33,47,1,2,Theater
Henry &amp; The Invisibles,2026-11-04,,"LIVE NATION UK FOR ARTIST, TOUR, FESTIVAL AND PRESALE NEWS",0.0,0.0,0.0,0,0,0,3,0,0,Theater
Decade,2026-11-04,,LIVE NATION MUSIC UK LTD,11838.0,0.0,0.0,0,0,0,1,0,0,Club
LEA,2026-11-04,,"LIVE NATION UK FOR ARTIST, TOUR, FESTIVAL AND PRESALE NEWS",0.0,861301.89,201318.3,0,2,1,0,1,2,Arena
Carpenter Brut,2026-11-04,,LIVE NATION MUSIC UK LTD,0.0,0.0,0.0,0,0,2,14,0,1,Club
The Great Divide,2026-11-05,,DF CONCERTS,0.0,2247.0,0.0,0,0,0,2,0,1,Club
Stevie Wonder,2026-11-05,,"LIVE NATION UK FOR ARTIST, TOUR, FESTIVAL AND PRESALE NEWS",5077947.359999999,8495068.84,0.0,1,43,5,1,1,0,Arena
The Great Divide,2026-11-05,,DF CONCERTS,0.0,2247.0,0.0,0,0,0,2,0,1,Club
Macy Gray,2026-11-05,,"LIVE NATION UK FOR ARTIST, TOUR, FESTIVAL AND PRESALE NEWS",285508.42,27492.0,286517.02,0,1,33,47,1,2,Club
Josiah and The Bonnevilles,2026-11-05,,LIVE NATION MUSIC UK LTD,0.0,42216.0,0.0,0,0,0,7,0,1,Club
Slayyyter,2026-11-05,,LIVE NATION MUSIC UK LTD,0.0,185129.1,100397.58,0,0,4,14,0,1,Club
Shad,2026-11-05,,"LIVE NATION UK FOR ARTIST, TOUR, FESTIVAL AND PRESALE NEWS",0.0,0.0,0.0,0,0,2,15,0,1,Club
Undeath,2026-11-05,,"LIVE NATION UK FOR ARTIST, TOUR, FESTIVAL AND PRESALE NEWS",0.0,28164.15,0.0,0,0,0,9,0,1,Club
Carpenter Brut,2026-11-05,,LIVE NATION MUSIC UK LTD,0.0,0.0,0.0,0,0,2,14,0,1,Club
Matt Lang,2026-11-05,,"LIVE NATION UK FOR ARTIST, TOUR, FESTIVAL AND PRESALE NEWS",44573.26,49366.32,61307.58,0,0,3,8,0,2,Club
The Great Divide,2026-11-06,,DF CONCERTS,0.0,2247.0,0.0,0,0,0,2,0,1,Club
The Great Divide,2026-11-06,,DF CONCERTS,0.0,2247.0,0.0,0,0,0,2,0,1,Club
Macy Gray,2026-11-06,,"LIVE NATION UK FOR ARTIST, TOUR, FESTIVAL AND PRESALE NEWS",285508.42,27492.0,286517.02,0,1,33,47,1,2,Club
Howling Bells,2026-11-06,,"LIVE NATION UK FOR ARTIST, TOUR, FESTIVAL AND PRESALE NEWS",0.0,0.0,0.0,0,0,0,2,0,0,Theater
The Jacksons,2026-11-06,,LIVE NATION MUSIC (VENUES) LTD (NEW),112775.0,452714.16,55232.0,1,4,16,4,2,2,Theater
Carpenter Brut,2026-11-06,,LIVE NATION MUSIC UK LTD,0.0,0.0,0.0,0,0,2,14,0,1,Theater
Henry &amp; The Invisibles,2026-11-07,,"LIVE NATION UK FOR ARTIST, TOUR, FESTIVAL AND PRESALE NEWS",0.0,0.0,0.0,0,0,0,3,0,0,Club
The Rifles,2026-11-07,,DF CONCERTS,27729.78,18777.91,0.0,0,0,3,30,0,4,Club
Overpass,2026-11-07,,LIVE NATION MUSIC UK LTD,22542.76,3838.95,0.0,0,0,1,4,0,0,Club
Skindred,2026-11-07,,MCD PRODUCTIONS,66144.98,0.0,72648.37,0,0,4,39,0,3,Club
Renee Christine,2026-11-07,,"LIVE NATION UK FOR ARTIST, TOUR, FESTIVAL AND PRESALE NEWS",0.0,0.0,0.0,0,0,0,1,0,0,Club
Shad,2026-11-08,,"LIVE NATION UK FOR ARTIST, TOUR, FESTIVAL AND PRESALE NEWS",0.0,0.0,0.0,0,0,2,15,0,1,Club
Lina,2026-11-08,,LIVE NATION MUSIC UK LTD,0.0,71095.42,94190.29,0,0,3,6,1,0,Club
The Jacksons,2026-11-08,,LIVE NATION MUSIC (VENUES) LTD (NEW),112775.0,452714.16,55232.0,1,4,16,4,2,2,Arena
Morcheeba,2026-11-08,,DF CONCERTS,0.0,407612.54,97347.06,0,0,17,29,1,4,Club
Embrace,2026-11-09,,DF CONCERTS,0.0,919445.99,57998.07,0,1,14,7,0,0,Theater
Health,2026-11-09,,LIVE NATION MUSIC UK LTD,0.0,103992.09,26445.0,0,0,1,30,0,3,Club
Joan As Police Woman,2026-11-09,,DF CONCERTS,21405.04,14820.73,0.0,0,0,6,11,0,1,Theater
JERUB,2026-11-09,,"LIVE NATION UK FOR ARTIST, TOUR, FESTIVAL AND PRESALE NEWS",8824.61,792.5,0.0,0,0,0,5,0,0,Club
Skye Newman,2026-11-09,,DF CONCERTS,0.0,0.0,0.0,0,0,5,1,0,0,Theater
Embrace,2026-11-10,,DF CONCERTS,0.0,919445.99,57998.07,0,1,14,7,0,0,Theater
Myles Smith,2026-11-10,,DF CONCERTS,2115248.51,203426.73,0.0,0,0,11,24,0,0,Club
"I, Colossus",2026-11-10,,"LIVE NATION UK FOR ARTIST, TOUR, FESTIVAL AND PRESALE NEWS",0.0,0.0,0.0,0,0,0,1,0,0,Theater
Overpass,2026-11-10,,LIVE NATION MUSIC UK LTD,22542.76,3838.95,0.0,0,0,1,4,0,0,Club
Chloe Slater,2026-11-10,,"LIVE NATION UK FOR ARTIST, TOUR, FESTIVAL AND PRESALE NEWS",9538.91,0.0,0.0,0,0,0,3,0,0,Club
Myles Smith,2026-11-10,,DF CONCERTS,2115248.51,203426.73,0.0,0,0,11,24,0,0,Club
Stevie Wonder,2026-11-11,,LIVE NATION MUSIC UK LTD,5077947.359999999,8495068.84,0.0,1,43,5,1,1,0,Arena
Stevie Wonder,2026-11-11,,LIVE NATION MUSIC UK LTD,5077947.359999999,8495068.84,0.0,1,43,5,1,1,0,Arena
The Sheepdogs,2026-11-11,,DF CONCERTS,0.0,20496.19,2689.0,1,0,7,56,0,4,Club
Paris Paloma,2026-11-11,,LIVE NATION MUSIC UK LTD,182912.02,142732.72999999998,10609.18,0,0,6,10,0,0,Club
Teenage Fanclub,2026-11-11,,DF CONCERTS,146828.7,71205.66,113926.9,2,0,7,38,0,5,Club
Chloe Slater,2026-11-11,,"LIVE NATION UK FOR ARTIST, TOUR, FESTIVAL AND PRESALE NEWS",9538.91,0.0,0.0,0,0,0,3,0,0,Club
Overpass,2026-11-11,,LIVE NATION MUSIC UK LTD,22542.76,3838.95,0.0,0,0,1,4,0,0,Club
The Script,2026-11-12,,DF CONCERTS,11143320.6,15866245.59,48245.32,7,145,54,41,12,15,Arena
Yard Act,2026-11-12,,LIVE NATION MUSIC UK LTD,0.0,177300.56,24995.34,0,0,4,16,0,2,Club
Hatsune Miku,2026-11-12,,LIVE NATION MUSIC UK LTD,0.0,7255816.05,0.0,0,16,23,1,0,0,Theater
Temples,2026-11-12,,LIVE NATION MUSIC UK LTD,0.0,9700.0,38369.19,0,0,5,43,0,0,Club
Cardinals,2026-11-12,,LIVE NATION MUSIC UK LTD,0.0,467.15,0.0,0,0,0,2,0,0,Club
Henry &amp; The Invisibles,2026-11-12,,"LIVE NATION UK FOR ARTIST, TOUR, FESTIVAL AND PRESALE NEWS",0.0,0.0,0.0,0,0,0,3,0,0,Club
Chloe Slater,2026-11-12,,LIVE NATION MUSIC UK LTD,9538.91,0.0,0.0,0,0,0,3,0,0,Club
"Me, Grimlock!",2026-11-12,,LIVE NATION MUSIC UK LTD,198.0,0.0,0.0,0,0,0,1,0,0,Club
Lee &amp; Joe,2026-11-12,,LIVE NATION MUSIC UK LTD,0.0,0.0,0.0,0,0,1,0,0,0,Theater
Lionel Richie,2026-11-12,,LIVE NATION MUSIC UK LTD,22487158.51,8342176.48,37175588.44,24,177,39,0,14,5,Arena
The Fray,2026-11-13,,MCD PRODUCTIONS,2604238.65,161613.78,0.0,12,5,43,31,0,5,Theater
Yard Act,2026-11-13,,LIVE NATION MUSIC UK LTD,0.0,177300.56,24995.34,0,0,4,16,0,2,Club
Enter Shikari,2026-11-13,,LIVE NATION MUSIC UK LTD,143338.19,1397539.45,140032.41,0,10,33,119,0,8,Arena
Picture This,2026-11-13,,DF CONCERTS,4682702.09,2769789.99,3315593.18,0,17,15,30,5,3,Club
Scratchcard Wednesday,2026-11-13,,"LIVE NATION UK FOR ARTIST, TOUR, FESTIVAL AND PRESALE NEWS",5014.5,1635.27,3906.78,0,0,0,3,0,0,Club
MUNA,2026-11-13,,DF CONCERTS,0.0,0.0,533483.1,0,0,4,20,0,0,Club
Teenage Fanclub,2026-11-13,,DF CONCERTS,146828.7,71205.66,113926.9,2,0,7,38,0,5,Club
Stars,2026-11-13,,"LIVE NATION UK FOR ARTIST, TOUR, FESTIVAL AND PRESALE NEWS",0.0,35980.0,29820.25,0,0,21,84,0,0,Club
Good Health Good Wealth,2026-11-13,,"LIVE NATION UK FOR ARTIST, TOUR, FESTIVAL AND PRESALE NEWS",3601.02,0.0,0.0,0,0,0,2,0,0,Club
Henry &amp; The Invisibles,2026-11-13,,"LIVE NATION UK FOR ARTIST, TOUR, FESTIVAL AND PRESALE NEWS",0.0,0.0,0.0,0,0,0,3,0,0,Club
Shinedown,2026-11-14,,LIVE NATION MUSIC UK LTD,16415927.96,0.0,22220750.76,55,171,59,38,3,13,Arena
Enter Shikari,2026-11-14,,LIVE NATION MUSIC UK LTD,143338.19,1397539.45,140032.41,0,10,33,119,0,8,Arena
"Soil, Saving Abel",2026-11-14,,LIVE NATION MUSIC UK LTD,0.0,0.0,0.0,0,0,0,1,0,0,Club
Ocean Colour Scene,2026-11-14,,MCD PRODUCTIONS,4118544.11,922906.98,433257.29,1,7,64,10,0,4,Theater
Radio Free Alice,2026-11-14,,"LIVE NATION UK FOR ARTIST, TOUR, FESTIVAL AND PRESALE NEWS",11481.68,0.0,0.0,0,0,0,3,0,0,Club
Paris Paloma,2026-11-14,,LIVE NATION MUSIC UK LTD,182912.02,142732.72999999998,10609.18,0,0,6,10,0,0,Club
Teenage Fanclub,2026-11-14,,DF CONCERTS,146828.7,71205.66,113926.9,2,0,7,38,0,5,Club
Chloe Slater,2026-11-14,,"LIVE NATION UK FOR ARTIST, TOUR, FESTIVAL AND PRESALE NEWS",9538.91,0.0,0.0,0,0,0,3,0,0,Club
"Signal, Wordless Music Orchestra",2026-11-15,,"LIVE NATION UK FOR ARTIST, TOUR, FESTIVAL AND PRESALE NEWS",0.0,0.0,0.0,0,0,1,0,0,0,Theater
Yard Act,2026-11-15,,LIVE NATION MUSIC UK LTD,0.0,177300.56,24995.34,0,0,4,16,0,2,Theater
Enter Shikari,2026-11-15,,LIVE NATION MUSIC UK LTD,143338.19,1397539.45,140032.41,0,10,33,119,0,8,Club
Enter Shikari,2026-11-15,,LIVE NATION MUSIC UK LTD,143338.19,1397539.45,140032.41,0,10,33,119,0,8,Club
The Temperance Movement,2026-11-15,,LIVE NATION MUSIC UK LTD,166743.47,0.0,0.0,0,0,1,20,0,0,Club
Ocean Colour Scene,2026-11-15,,MCD PRODUCTIONS,4118544.11,922906.98,433257.29,1,7,64,10,0,4,Theater
Radio Free Alice,2026-11-15,,LIVE NATION MUSIC UK LTD,11481.68,0.0,0.0,0,0,0,3,0,0,Club
"Me, Grimlock!",2026-11-15,,LIVE NATION MUSIC UK LTD,198.0,0.0,0.0,0,0,0,1,0,0,Club
Henry &amp; The Invisibles,2026-11-15,,"LIVE NATION UK FOR ARTIST, TOUR, FESTIVAL AND PRESALE NEWS",0.0,0.0,0.0,0,0,0,3,0,0,Club
"Currents, Erra",2026-11-15,,LIVE NATION MUSIC UK LTD,0.0,0.0,0.0,0,0,1,0,0,0,Theater
Shinedown,2026-11-16,,DF CONCERTS,16415927.96,0.0,22220750.76,55,171,59,38,3,13,Arena
"Signal, Wordless Music Orchestra",2026-11-16,,"LIVE NATION UK FOR ARTIST, TOUR, FESTIVAL AND PRESALE NEWS",0.0,0.0,0.0,0,0,1,0,0,0,Theater
Yard Act,2026-11-16,,LIVE NATION MUSIC UK LTD,0.0,177300.56,24995.34,0,0,4,16,0,2,Club
Rita Wilson,2026-11-16,,DF CONCERTS,45840.0,0.0,0.0,0,0,2,11,0,0,Theater
edgehill,2026-11-16,,"LIVE NATION UK FOR ARTIST, TOUR, FESTIVAL AND PRESALE NEWS",0.0,0.0,0.0,0,0,0,1,0,0,Club
Henry &amp; The Invisibles,2026-11-16,,"LIVE NATION UK FOR ARTIST, TOUR, FESTIVAL AND PRESALE NEWS",0.0,0.0,0.0,0,0,0,3,0,0,Club
Shinedown,2026-11-16,,DF CONCERTS,16415927.96,0.0,22220750.76,55,171,59,38,3,13,Arena
Shinedown,2026-11-17,,LIVE NATION MUSIC UK LTD,16415927.96,0.0,22220750.76,55,171,59,38,3,13,Arena
Yard Act,2026-11-17,,LIVE NATION MUSIC UK LTD,0.0,177300.56,24995.34,0,0,4,16,0,2,Club
The Temperance Movement,2026-11-17,,LIVE NATION MUSIC UK LTD,166743.47,0.0,0.0,0,0,1,20,0,0,Club
Sarah,2026-11-17,,LIVE NATION MUSIC UK LTD,0.0,1514.12,0.0,0,0,0,1,0,0,Club
Radio Free Alice,2026-11-17,,"LIVE NATION UK FOR ARTIST, TOUR, FESTIVAL AND PRESALE NEWS",11481.68,0.0,0.0,0,0,0,3,0,0,Club
Henry &amp; The Invisibles,2026-11-17,,"LIVE NATION UK FOR ARTIST, TOUR, FESTIVAL AND PRESALE NEWS",0.0,0.0,0.0,0,0,0,3,0,0,Club
Lonely The Brave,2026-11-17,,"LIVE NATION UK FOR ARTIST, TOUR, FESTIVAL AND PRESALE NEWS",0.0,0.0,0.0,0,0,0,7,0,0,Theater
Don Toliver,2026-11-18,,"LIVE NATION UK FOR ARTIST, TOUR, FESTIVAL AND PRESALE NEWS",9032674.43,8111510.19,3222824.84,1,61,12,7,0,2,Arena
Don Toliver,2026-11-18,,"LIVE NATION UK FOR ARTIST, TOUR, FESTIVAL AND PRESALE NEWS",9032674.43,8111510.19,3222824.84,1,61,12,7,0,2,Arena
The Fray,2026-11-18,,DF CONCERTS,2604238.65,161613.78,0.0,12,5,43,31,0,5,Theater
Yard Act,2026-11-18,,LIVE NATION MUSIC UK LTD,0.0,177300.56,24995.34,0,0,4,16,0,2,Club
Enter Shikari,2026-11-18,,DF CONCERTS,143338.19,1397539.45,140032.41,0,10,33,119,0,8,Club
Sarah,2026-11-18,,LIVE NATION MUSIC UK LTD,0.0,1514.12,0.0,0,0,0,1,0,0,Club
PRESIDENT,2026-11-18,,LIVE NATION MUSIC UK LTD,0.0,0.0,0.0,0,0,1,2,0,0,Club
Yes,2026-11-18,,"LIVE NATION UK FOR ARTIST, TOUR, FESTIVAL AND PRESALE NEWS",1098821.45,1101005.98,1055360.96,24,9,159,38,0,9,Theater
Good Health Good Wealth,2026-11-18,,"LIVE NATION UK FOR ARTIST, TOUR, FESTIVAL AND PRESALE NEWS",3601.02,0.0,0.0,0,0,0,2,0,0,Club
Charlie Noordewier,2026-11-18,,"LIVE NATION UK FOR ARTIST, TOUR, FESTIVAL AND PRESALE NEWS",0.0,0.0,0.0,0,0,0,1,0,1,Club
Enter Shikari,2026-11-18,,DF CONCERTS,143338.19,1397539.45,140032.41,0,10,33,119,0,8,Club
Don Toliver,2026-11-19,,"LIVE NATION UK FOR ARTIST, TOUR, FESTIVAL AND PRESALE NEWS",9032674.43,8111510.19,3222824.84,1,61,12,7,0,2,Arena
Shinedown,2026-11-19,,LIVE NATION MUSIC UK LTD,16415927.96,0.0,22220750.76,55,171,59,38,3,13,Arena
"Avenged Sevenfold, Good Charlotte",2026-11-19,,LIVE NATION MUSIC UK LTD,0.0,0.0,0.0,13,3,0,0,0,0,Amphitheatre
The Temperance Movement,2026-11-19,,DF CONCERTS,166743.47,0.0,0.0,0,0,1,20,0,0,Club
"Me, Grimlock!",2026-11-19,,"LIVE NATION UK FOR ARTIST, TOUR, FESTIVAL AND PRESALE NEWS",198.0,0.0,0.0,0,0,0,1,0,0,Club
"""Sounds Of The City"" UK, Shed Seven",2026-11-19,,DF CONCERTS,288126.58,0.0,0.0,0,0,0,0,0,1,Theater
Villanelle,2026-11-19,,"LIVE NATION UK FOR ARTIST, TOUR, FESTIVAL AND PRESALE NEWS",1919.8,3675.58,0.0,0,0,0,2,0,0,Club
Sarah,2026-11-19,,LIVE NATION MUSIC UK LTD,0.0,1514.12,0.0,0,0,0,1,0,0,Club
Yes,2026-11-19,,"LIVE NATION UK FOR ARTIST, TOUR, FESTIVAL AND PRESALE NEWS",1098821.45,1101005.98,1055360.96,24,9,159,38,0,9,Theater
The Guest List,2026-11-19,,DF CONCERTS,6698.74,0.0,0.0,0,0,0,3,0,0,Club
LANCO,2026-11-19,,"LIVE NATION UK FOR ARTIST, TOUR, FESTIVAL AND PRESALE NEWS",0.0,0.0,10756.62,1,0,3,15,0,0,Club
Look Mum No Computer,2026-11-19,,LIVE NATION MUSIC UK LTD,0.0,0.0,0.0,0,0,0,1,0,1,Club
Shinedown,2026-11-20,,LIVE NATION MUSIC UK LTD,16415927.96,0.0,22220750.76,55,171,59,38,3,13,Arena
Shinedown,2026-11-20,,LIVE NATION MUSIC UK LTD,16415927.96,0.0,22220750.76,55,171,59,38,3,13,Arena
Yard Act,2026-11-20,,LIVE NATION MUSIC UK LTD,0.0,177300.56,24995.34,0,0,4,16,0,2,Club
Enter Shikari,2026-11-20,,LIVE NATION MUSIC UK LTD,143338.19,1397539.45,140032.41,0,10,33,119,0,8,Club
The Courteeners,2026-11-20,,DF CONCERTS,98005.93,4541171.37,241752.84,0,17,16,7,3,0,Arena
"Mic Crenshaw, Special Guests",2026-11-20,,DF CONCERTS,0.0,0.0,0.0,0,0,0,1,0,0,Club
Uncle Acid &amp; The Deadbeats,2026-11-20,,LIVE NATION MUSIC UK LTD,81276.5,0.0,23894.47,0,1,2,41,0,3,Theater
"Me, Grimlock!",2026-11-20,,"LIVE NATION UK FOR ARTIST, TOUR, FESTIVAL AND PRESALE NEWS",198.0,0.0,0.0,0,0,0,1,0,0,Club
,2026-11-20,,LIVE NATION MUSIC UK LTD,0.0,0.0,0.0,0,0,0,0,0,0,Other
The Courteeners,2026-11-20,,DF CONCERTS,98005.93,4541171.37,241752.84,0,17,16,7,3,0,Arena
Yard Act,2026-11-21,,LIVE NATION MUSIC UK LTD,0.0,177300.56,24995.34,0,0,4,16,0,2,Club
Enter Shikari,2026-11-21,,LIVE NATION MUSIC UK LTD,143338.19,1397539.45,140032.41,0,10,33,119,0,8,Club
The Temperance Movement,2026-11-21,,DF CONCERTS,166743.47,0.0,0.0,0,0,1,20,0,0,Club
The Snuts,2026-11-21,,DF CONCERTS,0.0,826646.8,475102.52,0,1,15,23,0,2,Club
"""Sounds Of The City"" UK, Shed Seven",2026-11-21,,DF CONCERTS,288126.58,0.0,0.0,0,0,0,0,0,1,Theater
PRESIDENT,2026-11-21,,LIVE NATION MUSIC UK LTD,0.0,0.0,0.0,0,0,1,2,0,0,Club
Avatar,2026-11-21,,LIVE NATION (MUSIC) UK LTD (VENUES),549363.65,456317.3,414674.53,0,1,12,49,0,4,Theater
Uncle Acid &amp; The Deadbeats,2026-11-22,,LIVE NATION MUSIC UK LTD,81276.5,0.0,23894.47,0,1,2,41,0,3,Club
Waterloo,2026-11-22,,LIVE NATION (MUSIC) UK LTD (VENUES),0.0,0.0,0.0,0,2,0,0,0,0,Theater
Good Health Good Wealth,2026-11-22,,"LIVE NATION UK FOR ARTIST, TOUR, FESTIVAL AND PRESALE NEWS",3601.02,0.0,0.0,0,0,0,2,0,0,Club
CATTY,2026-11-22,,LIVE NATION MUSIC UK LTD,0.0,0.0,0.0,0,0,0,0,0,1,Other
Celebration,2026-11-22,,LIVE NATION MUSIC UK LTD,0.0,0.0,0.0,0,0,0,1,0,0,Club
"Rave Culture in Concert, W&amp;W",2026-11-22,,"LIVE NATION UK FOR ARTIST, TOUR, FESTIVAL AND PRESALE NEWS",0.0,0.0,0.0,0,1,0,0,0,0,Arena
Don Toliver,2026-11-23,,"LIVE NATION UK FOR ARTIST, TOUR, FESTIVAL AND PRESALE NEWS",9032674.43,8111510.19,3222824.84,1,61,12,7,0,2,Arena
Yard Act,2026-11-23,,LIVE NATION MUSIC UK LTD,0.0,177300.56,24995.34,0,0,4,16,0,2,Arena
The Temperance Movement,2026-11-23,,LIVE NATION MUSIC UK LTD,166743.47,0.0,0.0,0,0,1,20,0,0,Club
Blossoms,2026-11-23,,MCD PRODUCTIONS,0.0,2429579.32,643480.5700000001,0,5,38,27,2,4,Theater
Villanelle,2026-11-23,,"LIVE NATION UK FOR ARTIST, TOUR, FESTIVAL AND PRESALE NEWS",1919.8,3675.58,0.0,0,0,0,2,0,0,Club
PRESIDENT,2026-11-23,,LIVE NATION MUSIC UK LTD,0.0,0.0,0.0,0,0,1,2,0,0,Club
sace6,2026-11-23,,LIVE NATION MUSIC UK LTD,0.0,0.0,0.0,0,0,0,1,0,0,Club
,2026-11-23,,"LIVE NATION UK FOR ARTIST, TOUR, FESTIVAL AND PRESALE NEWS",0.0,0.0,0.0,0,0,0,0,0,0,Other
Don Toliver,2026-11-24,,"LIVE NATION UK FOR ARTIST, TOUR, FESTIVAL AND PRESALE NEWS",9032674.43,8111510.19,3222824.84,1,61,12,7,0,2,Arena
Remi,2026-11-24,,"LIVE NATION UK FOR ARTIST, TOUR, FESTIVAL AND PRESALE NEWS",0.0,0.0,0.0,0,0,0,9,0,0,Arena
Yard Act,2026-11-24,,LIVE NATION,0.0,177300.56,24995.34,0,0,4,16,0,2,Theater
Blair Davie,2026-11-24,,LIVE NATION MUSIC UK LTD,3448.3999999999996,0.0,0.0,0,0,0,5,0,2,Club
Paris Paloma,2026-11-24,,DF CONCERTS,182912.02,142732.72999999998,10609.18,0,0,6,10,0,0,Club
Mammoth,2026-11-24,,LIVE NATION MUSIC UK LTD,38655.0,232565.45,199756.01,0,0,4,23,0,1,Club
Uncle Acid &amp; The Deadbeats,2026-11-24,,LIVE NATION MUSIC UK LTD,81276.5,0.0,23894.47,0,1,2,41,0,3,Club
PRESIDENT,2026-11-24,,LIVE NATION MUSIC UK LTD,0.0,0.0,0.0,0,0,1,2,0,0,Club
Westside Cowboy,2026-11-24,,DF CONCERTS,3653.86,0.0,0.0,0,0,0,2,0,0,Club
Wil,2026-11-24,,"LIVE NATION UK FOR ARTIST, TOUR, FESTIVAL AND PRESALE NEWS",0.0,0.0,0.0,0,0,0,3,0,0,Club
sace6,2026-11-24,,LIVE NATION MUSIC UK LTD,0.0,0.0,0.0,0,0,0,1,0,0,Club
CATTY,2026-11-24,,LIVE NATION MUSIC UK LTD,0.0,0.0,0.0,0,0,0,0,0,1,Other
Look Mum No Computer,2026-11-24,,LIVE NATION MUSIC UK LTD,0.0,0.0,0.0,0,0,0,1,0,1,Club
Bleachers,2026-11-25,,DF CONCERTS,0.0,4208643.78,0.0,6,4,15,43,0,7,Club
Picture This,2026-11-25,,MCD PRODUCTIONS,4682702.09,2769789.99,3315593.18,0,17,15,30,5,3,Club
The Temperance Movement,2026-11-25,,LIVE NATION MUSIC UK LTD,166743.47,0.0,0.0,0,0,1,20,0,0,Club
Zimmer90,2026-11-25,,DF CONCERTS,169207.99,15899.83,24960.89,0,0,0,14,0,1,Club
Violent Vira,2026-11-25,,"LIVE NATION UK FOR ARTIST, TOUR, FESTIVAL AND PRESALE NEWS",40733.0,21095.0,0.0,0,0,0,7,0,0,Club
Son Mieux,2026-11-25,,LIVE NATION MUSIC UK LTD,32989.19,29983.95,14001.57,0,0,1,4,0,0,Club
Big Special,2026-11-25,,"LIVE NATION UK FOR ARTIST, TOUR, FESTIVAL AND PRESALE NEWS",43373.62,29214.83,0.0,0,0,2,16,0,3,Club
CATTY,2026-11-25,,LIVE NATION MUSIC UK LTD,0.0,0.0,0.0,0,0,0,0,0,1,Other
Yard Act,2026-11-26,,LIVE NATION MUSIC UK LTD,0.0,177300.56,24995.34,0,0,4,16,0,2,Club
Picture This,2026-11-26,,MCD PRODUCTIONS,4682702.09,2769789.99,3315593.18,0,17,15,30,5,3,Club
The Pretty Reckless,2026-11-26,,LIVE NATION MUSIC UK LTD,39295.0,0.0,0.0,0,0,23,93,0,4,Club
Violent Vira,2026-11-26,,"LIVE NATION UK FOR ARTIST, TOUR, FESTIVAL AND PRESALE NEWS",40733.0,21095.0,0.0,0,0,0,7,0,0,Club
CATTY,2026-11-26,,LIVE NATION MUSIC UK LTD,0.0,0.0,0.0,0,0,0,0,0,1,Other
"""Gent Jazz Festival"", José González",2026-11-26,,LIVE NATION MUSIC UK LTD,0.0,0.0,0.0,0,0,1,0,0,0,Theater
BUNT.,2026-11-26,,"LIVE NATION UK FOR ARTIST, TOUR, FESTIVAL AND PRESALE NEWS",2510345.01,117613.25,11416.2,0,6,10,14,0,3,Club
Look Mum No Computer,2026-11-26,,LIVE NATION MUSIC UK LTD,0.0,0.0,0.0,0,0,0,1,0,1,Club
,2026-11-26,,"LIVE NATION UK FOR ARTIST, TOUR, FESTIVAL AND PRESALE NEWS",0.0,0.0,0.0,0,0,0,0,0,0,Other
Bicep,2026-11-26,,LIVE NATION MUSIC UK LTD,0.0,128187.2,884263.4,0,2,5,2,1,0,Theater
Mariah Carey,2026-11-27,,"LIVE NATION UK FOR ARTIST, TOUR, FESTIVAL AND PRESALE NEWS",26731504.94,33616765.18,18316023.16,1,66,86,0,4,0,Arena
Embrace,2026-11-27,,LIVE NATION (MUSIC) UK LTD (VENUES),0.0,919445.99,57998.07,0,1,14,7,0,0,Theater
The Pretty Reckless,2026-11-27,,LIVE NATION MUSIC UK LTD,39295.0,0.0,0.0,0,0,23,93,0,4,Theater
Good Health Good Wealth,2026-11-27,,"LIVE NATION UK FOR ARTIST, TOUR, FESTIVAL AND PRESALE NEWS",3601.02,0.0,0.0,0,0,0,2,0,0,Theater
BUNT.,2026-11-27,,"LIVE NATION UK FOR ARTIST, TOUR, FESTIVAL AND PRESALE NEWS",2510345.01,117613.25,11416.2,0,6,10,14,0,3,Club
The Pretty Reckless,2026-11-29,,LIVE NATION MUSIC UK LTD,39295.0,0.0,0.0,0,0,23,93,0,4,Club
Edis,2026-11-29,,LIVE NATION MUSIC UK LTD,126024.2,0.0,0.0,0,1,0,0,0,0,Arena
Avatar,2026-11-29,,DF CONCERTS,549363.65,456317.3,414674.53,0,1,12,49,0,4,Club
Mariah Carey,2026-11-30,,"LIVE NATION UK FOR ARTIST, TOUR, FESTIVAL AND PRESALE NEWS",26731504.94,33616765.18,18316023.16,1,66,86,0,4,0,Arena
I Dont Know How But They Found Me,2026-11-30,,"LIVE NATION UK FOR ARTIST, TOUR, FESTIVAL AND PRESALE NEWS",41672.0,210157.97,0.0,0,0,6,31,0,2,Club
The Temperance Movement,2026-11-30,,LIVE NATION MUSIC UK LTD,166743.47,0.0,0.0,0,0,1,20,0,0,Club
Placebo,2026-11-30,,DF CONCERTS,0.0,2551043.1,2841620.27,0,46,25,17,2,5,Arena
I Dont Know How But They Found Me,2026-12-01,,"LIVE NATION UK FOR ARTIST, TOUR, FESTIVAL AND PRESALE NEWS",41672.0,210157.97,0.0,0,0,6,31,0,2,Club
greek,2026-12-01,,"LIVE NATION UK FOR ARTIST, TOUR, FESTIVAL AND PRESALE NEWS",0.0,0.0,0.0,0,0,0,2,0,0,Club
The Temperance Movement,2026-12-01,,LIVE NATION MUSIC UK LTD,166743.47,0.0,0.0,0,0,1,20,0,0,Club
The Pretty Reckless,2026-12-01,,LIVE NATION MUSIC UK LTD,39295.0,0.0,0.0,0,0,23,93,0,4,Theater
The Darkness,2026-12-01,,MCD PRODUCTIONS,1018520.09,0.0,666107.48,0,4,20,58,0,3,Other
Hermanos Gutiérrez,2026-12-01,,"LIVE NATION UK FOR ARTIST, TOUR, FESTIVAL AND PRESALE NEWS",1116649.72,315848.47,75081.67,1,0,13,9,0,1,Theater
Ali Campbell,2026-12-01,,DF CONCERTS,0.0,0.0,0.0,0,1,1,2,0,0,Club
Ali Campbell,2026-12-01,,DF CONCERTS,0.0,0.0,0.0,0,1,1,2,0,0,Club
Bloc Party,2026-12-02,,DF CONCERTS,4617080.56,353727.51,1939103.48,6,15,23,27,2,3,Club
Dayseeker,2026-12-02,,LIVE NATION MUSIC UK LTD,137359.47,823493.32,21480.0,0,0,13,30,0,2,Club
Ash,2026-12-02,,LIVE NATION (MUSIC) UK LTD (VENUES),151298.03,87177.61,42433.350000000006,0,0,7,34,0,0,Theater
Wil,2026-12-02,,"LIVE NATION UK FOR ARTIST, TOUR, FESTIVAL AND PRESALE NEWS",0.0,0.0,0.0,0,0,0,3,0,0,Club
Hermanos Gutiérrez,2026-12-02,,"LIVE NATION UK FOR ARTIST, TOUR, FESTIVAL AND PRESALE NEWS",1116649.72,315848.47,75081.67,1,0,13,9,0,1,Theater
Bloc Party,2026-12-02,,DF CONCERTS,4617080.56,353727.51,1939103.48,6,15,23,27,2,3,Club
I Dont Know How But They Found Me,2026-12-03,,"LIVE NATION UK FOR ARTIST, TOUR, FESTIVAL AND PRESALE NEWS",41672.0,210157.97,0.0,0,0,6,31,0,2,Club
Dayseeker,2026-12-03,,LIVE NATION MUSIC UK LTD,137359.47,823493.32,21480.0,0,0,13,30,0,2,Club
The Pretty Reckless,2026-12-03,,DF CONCERTS,39295.0,0.0,0.0,0,0,23,93,0,4,Club
Nemzzz,2026-12-03,,LIVE NATION MUSIC UK LTD,5228.55,58225.88,0.0,0,0,0,3,0,1,Club
I Dont Know How But They Found Me,2026-12-04,,"LIVE NATION UK FOR ARTIST, TOUR, FESTIVAL AND PRESALE NEWS",41672.0,210157.97,0.0,0,0,6,31,0,2,Club
BRAT,2026-12-04,,LIVE NATION MUSIC UK LTD,0.0,22448.23,0.0,0,0,1,3,0,0,Club
Northside,2026-12-04,,DF CONCERTS,13618.4,0.0,0.0,0,0,0,1,0,0,Club
Self Deception,2026-12-04,,LIVE NATION MUSIC UK LTD,21739.78,14950.4,0.0,0,0,1,2,0,1,Club
Rat &amp; Co,2026-12-04,,"LIVE NATION UK FOR ARTIST, TOUR, FESTIVAL AND PRESALE NEWS",0.0,0.0,0.0,0,0,0,2,0,0,Club
Bryson Tiller,2026-12-05,,LIVE NATION MUSIC UK LTD,0.0,14396903.73,1952369.56,10,20,31,34,0,2,Arena
BRAT,2026-12-05,,LIVE NATION MUSIC UK LTD,0.0,22448.23,0.0,0,0,1,3,0,0,Theater
Rin,2026-12-05,,"LIVE NATION UK FOR ARTIST, TOUR, FESTIVAL AND PRESALE NEWS",0.0,0.0,944381.57,0,2,1,1,0,0,Arena
Self Deception,2026-12-05,,LIVE NATION MUSIC UK LTD,21739.78,14950.4,0.0,0,0,1,2,0,1,Club
Barenaked Ladies,2026-12-06,,DF CONCERTS,1938722.88,1826010.29,2196874.4,117,27,93,26,5,9,Theater
Dayseeker,2026-12-06,,LIVE NATION MUSIC UK LTD,137359.47,823493.32,21480.0,0,0,13,30,0,2,Club
The Twilight Sad,2026-12-06,,DF CONCERTS,0.0,43756.77,0.0,0,0,4,31,0,3,Theater
Prateek Kuhad,2026-12-06,,LIVE NATION MUSIC UK LTD,0.0,311742.61,0.0,0,0,4,17,0,1,Club
Nemzzz,2026-12-06,,LIVE NATION MUSIC UK LTD,5228.55,58225.88,0.0,0,0,0,3,0,1,Club
Barenaked Ladies,2026-12-07,,DF CONCERTS,1938722.88,1826010.29,2196874.4,117,27,93,26,5,9,Club
Tiffany Day,2026-12-07,,"LIVE NATION UK FOR ARTIST, TOUR, FESTIVAL AND PRESALE NEWS",18513.0,0.0,6951.0,0,0,0,6,0,0,Theater
Boston Manor,2026-12-07,,"LIVE NATION UK FOR ARTIST, TOUR, FESTIVAL AND PRESALE NEWS",7172.5,8088.32,33060.84,0,0,0,9,0,1,Club
Run,2026-12-07,,"LIVE NATION UK FOR ARTIST, TOUR, FESTIVAL AND PRESALE NEWS",0.0,0.0,0.0,0,0,0,1,0,0,Theater
Nemzzz,2026-12-07,,"LIVE NATION UK FOR ARTIST, TOUR, FESTIVAL AND PRESALE NEWS",5228.55,58225.88,0.0,0,0,0,3,0,1,Club
Kehlani,2026-12-08,,"LIVE NATION UK FOR ARTIST, TOUR, FESTIVAL AND PRESALE NEWS",1293539.15,4938822.87,1110931.32,4,14,20,29,0,0,Club
Boston Manor,2026-12-08,,"LIVE NATION UK FOR ARTIST, TOUR, FESTIVAL AND PRESALE NEWS",7172.5,8088.32,33060.84,0,0,0,9,0,1,Club
The Darkness,2026-12-08,,DF CONCERTS,1018520.09,0.0,666107.48,0,4,20,58,0,3,Club
Big Special,2026-12-08,,"LIVE NATION UK FOR ARTIST, TOUR, FESTIVAL AND PRESALE NEWS",43373.62,29214.83,0.0,0,0,2,16,0,3,Club
The Darkness,2026-12-08,,DF CONCERTS,1018520.09,0.0,666107.48,0,4,20,58,0,3,Club
Kehlani,2026-12-08,,"LIVE NATION UK FOR ARTIST, TOUR, FESTIVAL AND PRESALE NEWS",1293539.15,4938822.87,1110931.32,4,14,20,29,0,0,Club
Portugal. The Man,2026-12-09,,DF CONCERTS,268855.1,1792804.9,766356.87,17,2,53,100,1,7,Club
BRAT,2026-12-09,,DF CONCERTS,0.0,22448.23,0.0,0,0,1,3,0,0,Club
Boston Manor,2026-12-09,,"LIVE NATION UK FOR ARTIST, TOUR, FESTIVAL AND PRESALE NEWS",7172.5,8088.32,33060.84,0,0,0,9,0,1,Club
Rin,2026-12-09,,"LIVE NATION UK FOR ARTIST, TOUR, FESTIVAL AND PRESALE NEWS",0.0,0.0,944381.57,0,2,1,1,0,0,Arena
Artemas,2026-12-10,,DF CONCERTS,30822.0,725837.64,0.0,0,0,10,22,0,1,Club
BRAT,2026-12-10,,DF CONCERTS,0.0,22448.23,0.0,0,0,1,3,0,0,Club
Bex,2026-12-10,,"LIVE NATION UK FOR ARTIST, TOUR, FESTIVAL AND PRESALE NEWS",0.0,0.0,0.0,0,0,0,1,0,0,Club
The Pogues,2026-12-10,,MCD PRODUCTIONS,1130054.67,368185.06,0.0,2,5,8,10,2,3,Club
Cher,2026-12-10,,"LIVE NATION UK FOR ARTIST, TOUR, FESTIVAL AND PRESALE NEWS",0.0,0.0,0.0,0,122,46,0,1,0,Arena
Rin,2026-12-10,,"LIVE NATION UK FOR ARTIST, TOUR, FESTIVAL AND PRESALE NEWS",0.0,0.0,944381.57,0,2,1,1,0,0,Arena
Kasabian,2026-12-11,,"LIVE NATION UK FOR ARTIST, TOUR, FESTIVAL AND PRESALE NEWS",856507.22,3720306.03,604952.34,0,40,18,36,2,6,Arena
Polyphia,2026-12-11,,LIVE NATION MUSIC UK LTD,0.0,121407.0,744654.76,0,0,3,49,0,1,Club
Rin,2026-12-11,,"LIVE NATION UK FOR ARTIST, TOUR, FESTIVAL AND PRESALE NEWS",0.0,0.0,944381.57,0,2,1,1,0,0,Theater
Thrown,2026-12-11,,"LIVE NATION UK FOR ARTIST, TOUR, FESTIVAL AND PRESALE NEWS",486533.87,19505.85,0.0,0,0,6,34,0,0,Club
Waterloo,2026-12-11,,LIVE NATION (MUSIC) UK LTD (VENUES),0.0,0.0,0.0,0,2,0,0,0,0,Arena
Chris &amp; Rich Robinson,2026-12-11,,"LIVE NATION UK FOR ARTIST, TOUR, FESTIVAL AND PRESALE NEWS",0.0,0.0,0.0,0,0,0,2,0,0,Club
Artemas,2026-12-12,,LIVE NATION MUSIC UK LTD,30822.0,725837.64,0.0,0,0,10,22,0,1,Club
Kodaline,2026-12-12,,LIVE NATION MUSIC UK LTD,0.0,80672.06,817989.84,0,5,21,74,7,6,Club
BRAT,2026-12-12,,"LIVE NATION UK FOR ARTIST, TOUR, FESTIVAL AND PRESALE NEWS",0.0,22448.23,0.0,0,0,1,3,0,0,Club
Polyphia,2026-12-12,,"LIVE NATION UK FOR ARTIST, TOUR, FESTIVAL AND PRESALE NEWS",0.0,121407.0,744654.76,0,0,3,49,0,1,Club
Celebration,2026-12-12,,LIVE NATION MUSIC (VENUES) LTD (NEW),0.0,0.0,0.0,0,0,0,1,0,0,Theater
Artemas,2026-12-13,,LIVE NATION MUSIC UK LTD,30822.0,725837.64,0.0,0,0,10,22,0,1,Club
Kasabian,2026-12-13,,DF CONCERTS,856507.22,3720306.03,604952.34,0,40,18,36,2,6,Arena
Kasabian,2026-12-13,,DF CONCERTS,856507.22,3720306.03,604952.34,0,40,18,36,2,6,Arena
Blondshell,2026-12-13,,DF CONCERTS,62539.14,21093.51,13640.92,0,0,1,10,0,0,Club
Boston Manor,2026-12-13,,"LIVE NATION UK FOR ARTIST, TOUR, FESTIVAL AND PRESALE NEWS",7172.5,8088.32,33060.84,0,0,0,9,0,1,Club
Versa,2026-12-13,,DF CONCERTS,2160.0,0.0,0.0,0,0,0,8,0,0,Club
Thrown,2026-12-13,,LIVE NATION MUSIC UK LTD,486533.87,19505.85,0.0,0,0,6,34,0,0,Club
Artemas,2026-12-14,,LIVE NATION MUSIC UK LTD,30822.0,725837.64,0.0,0,0,10,22,0,1,Club
Sevendust,2026-12-14,,LIVE NATION MUSIC UK LTD,170093.58000000002,0.0,0.0,0,2,20,79,0,6,Club
Kodaline,2026-12-14,,DF CONCERTS,0.0,80672.06,817989.84,0,5,21,74,7,6,Theater
Florence Road,2026-12-14,,MCD PRODUCTIONS,29053.94,0.0,0.0,0,0,3,4,0,0,Theater
BRAT,2026-12-14,,LIVE NATION MUSIC UK LTD,0.0,22448.23,0.0,0,0,1,3,0,0,Club
Cruel,2026-12-14,,"LIVE NATION UK FOR ARTIST, TOUR, FESTIVAL AND PRESALE NEWS",0.0,4415.0,0.0,0,0,0,1,0,0,Club
Boston Manor,2026-12-14,,"LIVE NATION UK FOR ARTIST, TOUR, FESTIVAL AND PRESALE NEWS",7172.5,8088.32,33060.84,0,0,0,9,0,1,Club
MattstaGraham,2026-12-14,,"LIVE NATION UK FOR ARTIST, TOUR, FESTIVAL AND PRESALE NEWS",0.0,0.0,0.0,0,0,0,1,0,0,Club
Sevendust,2026-12-15,,LIVE NATION MUSIC UK LTD,170093.58000000002,0.0,0.0,0,2,20,79,0,6,Club
Kodaline,2026-12-15,,LIVE NATION MUSIC UK LTD,0.0,80672.06,817989.84,0,5,21,74,7,6,Theater
Jamie T,2026-12-15,,DF CONCERTS,0.0,0.0,0.0,0,1,6,9,0,0,Theater
BRAT,2026-12-15,,"LIVE NATION UK FOR ARTIST, TOUR, FESTIVAL AND PRESALE NEWS",0.0,22448.23,0.0,0,0,1,3,0,0,Theater
Polyphia,2026-12-15,,LIVE NATION MUSIC UK LTD,0.0,121407.0,744654.76,0,0,3,49,0,1,Club
Boston Manor,2026-12-15,,"LIVE NATION UK FOR ARTIST, TOUR, FESTIVAL AND PRESALE NEWS",7172.5,8088.32,33060.84,0,0,0,9,0,1,Club
MattstaGraham,2026-12-15,,"LIVE NATION UK FOR ARTIST, TOUR, FESTIVAL AND PRESALE NEWS",0.0,0.0,0.0,0,0,0,1,0,0,Club
Kasabian,2026-12-16,,LIVE NATION MUSIC UK LTD,856507.22,3720306.03,604952.34,0,40,18,36,2,6,Arena
"Green Lung, Unto Others",2026-12-16,,LIVE NATION MUSIC UK LTD,45766.5,0.0,0.0,0,0,1,2,0,1,Club
Kodaline,2026-12-16,,LIVE NATION MUSIC UK LTD,0.0,80672.06,817989.84,0,5,21,74,7,6,Club
Jamie T,2026-12-16,,DF CONCERTS,0.0,0.0,0.0,0,1,6,9,0,0,Theater
BRAT,2026-12-16,,"LIVE NATION UK FOR ARTIST, TOUR, FESTIVAL AND PRESALE NEWS",0.0,22448.23,0.0,0,0,1,3,0,0,Club
Cruel,2026-12-16,,"LIVE NATION UK FOR ARTIST, TOUR, FESTIVAL AND PRESALE NEWS",0.0,4415.0,0.0,0,0,0,1,0,0,Club
Michael Head &amp; The Red Elastic Band,2026-12-16,,"LIVE NATION UK FOR ARTIST, TOUR, FESTIVAL AND PRESALE NEWS",0.0,3790.6,0.0,0,0,1,0,0,0,Theater
Polyphia,2026-12-16,,LIVE NATION MUSIC UK LTD,0.0,121407.0,744654.76,0,0,3,49,0,1,Club
Chelsea Wolfe,2026-12-17,,LIVE NATION MUSIC UK LTD,97294.63,261345.05,0.0,0,0,2,49,0,0,Club
Cruel,2026-12-17,,"LIVE NATION UK FOR ARTIST, TOUR, FESTIVAL AND PRESALE NEWS",0.0,4415.0,0.0,0,0,0,1,0,0,Club
Chris &amp; Rich Robinson,2026-12-18,,LIVE NATION (MUSIC) UK LTD (VENUES),0.0,0.0,0.0,0,0,0,2,0,0,Theater
Kasabian,2026-12-18,,"LIVE NATION UK FOR ARTIST, TOUR, FESTIVAL AND PRESALE NEWS",856507.22,3720306.03,604952.34,0,40,18,36,2,6,Arena
"Green Lung, Unto Others",2026-12-18,,LIVE NATION MUSIC UK LTD,45766.5,0.0,0.0,0,0,1,2,0,1,Club
Picture This,2026-12-18,,MCD PRODUCTIONS,4682702.09,2769789.99,3315593.18,0,17,15,30,5,3,Club
Cruel,2026-12-18,,"LIVE NATION UK FOR ARTIST, TOUR, FESTIVAL AND PRESALE NEWS",0.0,4415.0,0.0,0,0,0,1,0,0,Club
Ministry of Sound Classical,2026-12-18,,LIVE NATION MUSIC (VENUES) LTD (NEW),1161923.5,303193.92000000004,160546.03,1,1,1,0,0,3,Other
Picture This,2026-12-19,,MCD PRODUCTIONS,4682702.09,2769789.99,3315593.18,0,17,15,30,5,3,Club
BRAT,2026-12-20,,LIVE NATION MUSIC UK LTD,0.0,22448.23,0.0,0,0,1,3,0,0,Club
Michael Head &amp; The Red Elastic Band,2026-12-20,,"LIVE NATION UK FOR ARTIST, TOUR, FESTIVAL AND PRESALE NEWS",0.0,3790.6,0.0,0,0,1,0,0,0,Theater
BIIRD,2026-12-21,,"LIVE NATION UK FOR ARTIST, TOUR, FESTIVAL AND PRESALE NEWS",0.0,0.0,0.0,0,0,0,3,0,0,Club
Multunes,2026-12-26,,DF CONCERTS,0.0,0.0,0.0,0,0,1,0,0,0,Theater
Scratchcard Wednesday,2026-12-30,,DF CONCERTS,5014.5,1635.27,3906.78,0,0,0,3,0,0,Club
Black Veil Brides,2027-01-10,,LIVE NATION MUSIC UK LTD,0.0,128076.4,750431.12,0,6,24,65,0,0,Theater
Black Veil Brides,2027-01-11,,LIVE NATION MUSIC UK LTD,0.0,128076.4,750431.12,0,6,24,65,0,0,Club
Black Veil Brides,2027-01-12,,"LIVE NATION UK FOR ARTIST, TOUR, FESTIVAL AND PRESALE NEWS",0.0,128076.4,750431.12,0,6,24,65,0,0,Club
Imminence,2027-01-12,,"LIVE NATION UK FOR ARTIST, TOUR, FESTIVAL AND PRESALE NEWS",470438.32,155312.11,0.0,0,0,3,36,0,15,Club
Imminence,2027-01-13,,LIVE NATION MUSIC UK LTD,470438.32,155312.11,0.0,0,0,3,36,0,15,Club
aespa,2027-01-14,,LIVE NATION MUSIC UK LTD,14143082.18,2543904.85,5743138.49,0,16,7,1,0,0,Arena
aespa,2027-01-14,,LIVE NATION MUSIC UK LTD,14143082.18,2543904.85,5743138.49,0,16,7,1,0,0,Arena
Black Veil Brides,2027-01-14,,"LIVE NATION UK FOR ARTIST, TOUR, FESTIVAL AND PRESALE NEWS",0.0,128076.4,750431.12,0,6,24,65,0,0,Club
Wage War,2027-01-15,,LIVE NATION MUSIC UK LTD,0.0,250965.5,163464.08000000002,0,1,4,25,0,1,Club
Catch Your Breath,2027-01-15,,"LIVE NATION UK FOR ARTIST, TOUR, FESTIVAL AND PRESALE NEWS",10444.0,0.0,0.0,0,0,0,6,0,0,Club
Black Veil Brides,2027-01-15,,LIVE NATION MUSIC UK LTD,0.0,128076.4,750431.12,0,6,24,65,0,0,Club
aespa,2027-01-16,,LIVE NATION MUSIC UK LTD,14143082.18,2543904.85,5743138.49,0,16,7,1,0,0,Arena
Five Finger Death Punch,2027-01-16,,LIVE NATION MUSIC UK LTD,485138.13,5167906.39,0.0,12,74,25,39,1,4,Arena
Five Finger Death Punch,2027-01-16,,LIVE NATION MUSIC UK LTD,485138.13,5167906.39,0.0,12,74,25,39,1,4,Arena
Wage War,2027-01-16,,LIVE NATION MUSIC UK LTD,0.0,250965.5,163464.08000000002,0,1,4,25,0,1,Club
Holly Humberstone,2027-01-16,,"LIVE NATION UK FOR ARTIST, TOUR, FESTIVAL AND PRESALE NEWS",0.0,556625.21,30671.33,0,0,5,29,0,0,Club
Black Veil Brides,2027-01-16,,LIVE NATION MUSIC UK LTD,0.0,128076.4,750431.12,0,6,24,65,0,0,Club
Five Finger Death Punch,2027-01-17,,LIVE NATION MUSIC UK LTD,485138.13,5167906.39,0.0,12,74,25,39,1,4,Arena
Five Finger Death Punch,2027-01-17,,LIVE NATION MUSIC UK LTD,485138.13,5167906.39,0.0,12,74,25,39,1,4,Arena
Wage War,2027-01-17,,LIVE NATION MUSIC UK LTD,0.0,250965.5,163464.08000000002,0,1,4,25,0,1,Club
Dave Hause,2027-01-17,,DF CONCERTS,61081.71,114963.8,0.0,0,0,5,52,0,25,Club
Holly Humberstone,2027-01-17,,"LIVE NATION UK FOR ARTIST, TOUR, FESTIVAL AND PRESALE NEWS",0.0,556625.21,30671.33,0,0,5,29,0,0,Club
Adéla,2027-01-17,,DF CONCERTS,0.0,0.0,0.0,0,0,0,1,0,0,Club
Wage War,2027-01-20,,LIVE NATION MUSIC UK LTD,0.0,250965.5,163464.08000000002,0,1,4,25,0,1,Club
Five Finger Death Punch,2027-01-22,,LIVE NATION MUSIC UK LTD,485138.13,5167906.39,0.0,12,74,25,39,1,4,Arena
Black Stone Cherry,2027-01-22,,LIVE NATION MUSIC UK LTD,50036.0,684868.34,586709.16,0,14,10,46,0,3,Club
Five Finger Death Punch,2027-01-23,,LIVE NATION MUSIC UK LTD,485138.13,5167906.39,0.0,12,74,25,39,1,4,Arena
Black Stone Cherry,2027-01-23,,LIVE NATION MUSIC UK LTD,50036.0,684868.34,586709.16,0,14,10,46,0,3,Club
Tou,2027-01-23,,"LIVE NATION UK FOR ARTIST, TOUR, FESTIVAL AND PRESALE NEWS",0.0,348354.82999999996,0.0,0,0,0,1,0,1,Club
SiM,2027-01-23,,LIVE NATION MUSIC UK LTD,0.0,78357.29000000001,0.0,0,0,0,4,0,0,Club
BIG ASS TRUCK,2027-01-24,,"LIVE NATION UK FOR ARTIST, TOUR, FESTIVAL AND PRESALE NEWS",0.0,0.0,0.0,0,0,1,0,0,0,Theater
Black Stone Cherry,2027-01-25,,LIVE NATION MUSIC UK LTD,50036.0,684868.34,586709.16,0,14,10,46,0,3,Theater
SiM,2027-01-25,,LIVE NATION MUSIC UK LTD,0.0,78357.29000000001,0.0,0,0,0,4,0,0,Club
Black Stone Cherry,2027-01-26,,LIVE NATION MUSIC UK LTD,50036.0,684868.34,586709.16,0,14,10,46,0,3,Club
Holly Humberstone,2027-01-26,,LIVE NATION MUSIC UK LTD,0.0,556625.21,30671.33,0,0,5,29,0,0,Club
Tou,2027-01-26,,LIVE NATION MUSIC UK LTD,0.0,348354.82999999996,0.0,0,0,0,1,0,1,Club
Two Door Cinema Club,2027-01-27,,LIVE NATION MUSIC UK LTD,0.0,2811716.67,777788.89,4,7,43,87,3,5,Arena
Two Door Cinema Club,2027-01-28,,"LIVE NATION UK FOR ARTIST, TOUR, FESTIVAL AND PRESALE NEWS",0.0,2811716.67,777788.89,4,7,43,87,3,5,Arena
Massive Wagons,2027-01-28,,LIVE NATION MUSIC (VENUES) LTD (NEW),6473.82,30463.81,0.0,0,0,1,3,0,0,Theater
Tou,2027-01-28,,"LIVE NATION UK FOR ARTIST, TOUR, FESTIVAL AND PRESALE NEWS",0.0,348354.82999999996,0.0,0,0,0,1,0,1,Club
Walt Disco,2027-01-29,,"LIVE NATION UK FOR ARTIST, TOUR, FESTIVAL AND PRESALE NEWS",0.0,12425.41,1462.86,0,0,1,10,0,3,Club
Whitechapel,2027-01-29,,LIVE NATION MUSIC UK LTD,378503.41,16256.84,0.0,1,0,3,80,0,4,Club
RØRY,2027-01-30,,LIVE NATION MUSIC UK LTD,162724.57,11465.86,0.0,0,0,2,6,0,1,Club
The Scratch,2027-01-30,,LIVE NATION MUSIC UK LTD,25618.32,5648.55,185084.67,0,0,3,13,0,3,Theater
SiM,2027-01-30,,LIVE NATION MUSIC UK LTD,0.0,78357.29000000001,0.0,0,0,0,4,0,0,Club
Whitechapel,2027-01-30,,LIVE NATION MUSIC UK LTD,378503.41,16256.84,0.0,1,0,3,80,0,4,Club
Black Stone Cherry,2027-01-31,,LIVE NATION MUSIC UK LTD,50036.0,684868.34,586709.16,0,14,10,46,0,3,Club
BIG ASS TRUCK,2027-01-31,,"LIVE NATION UK FOR ARTIST, TOUR, FESTIVAL AND PRESALE NEWS",0.0,0.0,0.0,0,0,1,0,0,0,Theater
RØRY,2027-01-31,,DF CONCERTS,162724.57,11465.86,0.0,0,0,2,6,0,1,Club
Whitechapel,2027-01-31,,LIVE NATION MUSIC UK LTD,378503.41,16256.84,0.0,1,0,3,80,0,4,Club
Melrose Avenue,2027-02-01,,LIVE NATION MUSIC UK LTD,37415.27,0.0,0.0,0,0,1,5,0,0,Club
Lauren Sanderson,2027-02-01,,"LIVE NATION UK FOR ARTIST, TOUR, FESTIVAL AND PRESALE NEWS",0.0,20673.0,22912.57,0,0,1,13,0,0,Club
Cameron Whitcomb,2027-02-01,,DF CONCERTS,130759.26,20541.0,0.0,0,0,5,15,0,0,Club
Whitechapel,2027-02-01,,LIVE NATION MUSIC UK LTD,378503.41,16256.84,0.0,1,0,3,80,0,4,Club
Black Stone Cherry,2027-02-02,,LIVE NATION MUSIC UK LTD,50036.0,684868.34,586709.16,0,14,10,46,0,3,Club
Black Stone Cherry,2027-02-03,,LIVE NATION MUSIC UK LTD,50036.0,684868.34,586709.16,0,14,10,46,0,3,Club
Melrose Avenue,2027-02-03,,LIVE NATION MUSIC UK LTD,37415.27,0.0,0.0,0,0,1,5,0,0,Club
Dagny,2027-02-03,,LIVE NATION MUSIC UK LTD,0.0,26519.79,0.0,0,0,3,4,0,1,Club
Lauren Sanderson,2027-02-03,,LIVE NATION MUSIC UK LTD,0.0,20673.0,22912.57,0,0,1,13,0,0,Club
RØRY,2027-02-03,,"LIVE NATION UK FOR ARTIST, TOUR, FESTIVAL AND PRESALE NEWS",162724.57,11465.86,0.0,0,0,2,6,0,1,Club
Dead Poet Society,2027-02-03,,"LIVE NATION UK FOR ARTIST, TOUR, FESTIVAL AND PRESALE NEWS",0.0,95493.81,8199.75,0,0,0,18,0,1,Club
Melrose Avenue,2027-02-04,,LIVE NATION MUSIC UK LTD,37415.27,0.0,0.0,0,0,1,5,0,0,Club
Nothing But Thieves,2027-02-05,,"LIVE NATION UK FOR ARTIST, TOUR, FESTIVAL AND PRESALE NEWS",606164.47,4488559.03,3193861.94,0,12,35,74,0,8,Club
Lauren Sanderson,2027-02-05,,"LIVE NATION UK FOR ARTIST, TOUR, FESTIVAL AND PRESALE NEWS",0.0,20673.0,22912.57,0,0,1,13,0,0,Club
The Scratch,2027-02-05,,LIVE NATION MUSIC UK LTD,25618.32,5648.55,185084.67,0,0,3,13,0,3,Club
Cameron Whitcomb,2027-02-05,,"LIVE NATION UK FOR ARTIST, TOUR, FESTIVAL AND PRESALE NEWS",130759.26,20541.0,0.0,0,0,5,15,0,0,Club
As Everything Unfolds,2027-02-05,,"LIVE NATION UK FOR ARTIST, TOUR, FESTIVAL AND PRESALE NEWS",34677.88,0.0,21993.44,0,0,0,9,0,4,Club
RØRY,2027-02-06,,LIVE NATION MUSIC UK LTD,162724.57,11465.86,0.0,0,0,2,6,0,1,Club
Cameron Whitcomb,2027-02-07,,LIVE NATION MUSIC UK LTD,130759.26,20541.0,0.0,0,0,5,15,0,0,Club
Frozen Soul,2027-02-07,,"LIVE NATION UK FOR ARTIST, TOUR, FESTIVAL AND PRESALE NEWS",0.0,9899.3,9093.2,0,0,1,4,0,0,Club
Nothing But Thieves,2027-02-08,,LIVE NATION MUSIC UK LTD,606164.47,4488559.03,3193861.94,0,12,35,74,0,8,Arena
Remember Monday,2027-02-08,,"LIVE NATION UK FOR ARTIST, TOUR, FESTIVAL AND PRESALE NEWS",18803.04,7357.56,0.0,0,0,0,2,0,1,Club
Theory of a Deadman,2027-02-09,,LIVE NATION MUSIC UK LTD,252837.67,670368.53,0.0,0,3,44,86,0,9,Club
Remember Monday,2027-02-09,,LIVE NATION MUSIC UK LTD,18803.04,7357.56,0.0,0,0,0,2,0,1,Club
South Arcade,2027-02-10,,LIVE NATION MUSIC UK LTD,67467.17000000001,1565.91,0.0,0,0,2,6,0,0,Club
Remember Monday,2027-02-10,,"LIVE NATION UK FOR ARTIST, TOUR, FESTIVAL AND PRESALE NEWS",18803.04,7357.56,0.0,0,0,0,2,0,1,Club
The Buoys,2027-02-10,,"LIVE NATION UK FOR ARTIST, TOUR, FESTIVAL AND PRESALE NEWS",11090.62,15747.86,0.0,0,0,0,4,0,0,Club
Theory of a Deadman,2027-02-11,,LIVE NATION MUSIC UK LTD,252837.67,670368.53,0.0,0,3,44,86,0,9,Club
South Arcade,2027-02-12,,"LIVE NATION UK FOR ARTIST, TOUR, FESTIVAL AND PRESALE NEWS",67467.17000000001,1565.91,0.0,0,0,2,6,0,0,Club
"LIT, Fuel",2027-02-12,,"LIVE NATION UK FOR ARTIST, TOUR, FESTIVAL AND PRESALE NEWS",34084.97,0.0,0.0,0,0,0,1,0,0,Club
Nothing But Thieves,2027-02-13,,"LIVE NATION UK FOR ARTIST, TOUR, FESTIVAL AND PRESALE NEWS",606164.47,4488559.03,3193861.94,0,12,35,74,0,8,Club
Remember Monday,2027-02-13,,"LIVE NATION UK FOR ARTIST, TOUR, FESTIVAL AND PRESALE NEWS",18803.04,7357.56,0.0,0,0,0,2,0,1,Club
Corella,2027-02-16,,LIVE NATION MUSIC UK LTD,9954.43,33446.16,7671.96,0,0,0,10,0,1,Club
South Arcade,2027-02-16,,"LIVE NATION UK FOR ARTIST, TOUR, FESTIVAL AND PRESALE NEWS",67467.17000000001,1565.91,0.0,0,0,2,6,0,0,Club
Basement,2027-02-17,,"LIVE NATION UK FOR ARTIST, TOUR, FESTIVAL AND PRESALE NEWS",85725.97,42000.0,0.0,0,0,2,25,0,4,Club
Stornoway,2027-02-17,,DF CONCERTS,0.0,10739.6,15448.32,0,0,4,31,0,0,Theater
Spanish Love Songs,2027-02-17,,LIVE NATION MUSIC UK LTD,9211.09,43627.0,0.0,0,0,0,8,0,0,Club
Basement,2027-02-18,,"LIVE NATION UK FOR ARTIST, TOUR, FESTIVAL AND PRESALE NEWS",85725.97,42000.0,0.0,0,0,2,25,0,4,Club
Corella,2027-02-18,,"LIVE NATION UK FOR ARTIST, TOUR, FESTIVAL AND PRESALE NEWS",9954.43,33446.16,7671.96,0,0,0,10,0,1,Club
In Color,2027-02-18,,"LIVE NATION UK FOR ARTIST, TOUR, FESTIVAL AND PRESALE NEWS",0.0,0.0,0.0,0,0,1,2,0,0,Club
The Buoys,2027-02-18,,"LIVE NATION UK FOR ARTIST, TOUR, FESTIVAL AND PRESALE NEWS",11090.62,15747.86,0.0,0,0,0,4,0,0,Club
South Arcade,2027-02-18,,"LIVE NATION UK FOR ARTIST, TOUR, FESTIVAL AND PRESALE NEWS",67467.17000000001,1565.91,0.0,0,0,2,6,0,0,Club
Basement,2027-02-19,,"LIVE NATION UK FOR ARTIST, TOUR, FESTIVAL AND PRESALE NEWS",85725.97,42000.0,0.0,0,0,2,25,0,4,Club
The Fratellis,2027-02-19,,DF CONCERTS,0.0,0.0,0.0,0,0,2,37,0,1,Club
Spanish Love Songs,2027-02-19,,LIVE NATION MUSIC UK LTD,9211.09,43627.0,0.0,0,0,0,8,0,0,Club
Lambchop,2027-02-19,,DF CONCERTS,0.0,0.0,0.0,0,0,1,9,0,0,Theater
In Color,2027-02-19,,"LIVE NATION UK FOR ARTIST, TOUR, FESTIVAL AND PRESALE NEWS",0.0,0.0,0.0,0,0,1,2,0,0,Club
South Arcade,2027-02-19,,"LIVE NATION UK FOR ARTIST, TOUR, FESTIVAL AND PRESALE NEWS",67467.17000000001,1565.91,0.0,0,0,2,6,0,0,Club
Thunder,2027-02-19,,LIVE NATION MUSIC (VENUES) LTD (NEW),0.0,0.0,0.0,0,4,7,12,0,3,Club
As Everything Unfolds,2027-02-19,,"LIVE NATION UK FOR ARTIST, TOUR, FESTIVAL AND PRESALE NEWS",34677.88,0.0,21993.44,0,0,0,9,0,4,Club
The Fratellis,2027-02-20,,DF CONCERTS,0.0,0.0,0.0,0,0,2,37,0,1,Club
Delta Goodrem,2027-02-20,,"LIVE NATION UK FOR ARTIST, TOUR, FESTIVAL AND PRESALE NEWS",669795.04,0.0,1496421.66,0,17,14,1,0,4,Arena
"While She Sleeps, Bury Tomorrow",2027-02-20,,LIVE NATION MUSIC UK LTD,37995.22,0.0,0.0,0,0,0,1,0,0,Club
Pain Of Truth,2027-02-20,,"LIVE NATION UK FOR ARTIST, TOUR, FESTIVAL AND PRESALE NEWS",29220.0,0.0,0.0,0,0,0,2,0,0,Club
South Arcade,2027-02-21,,"LIVE NATION UK FOR ARTIST, TOUR, FESTIVAL AND PRESALE NEWS",67467.17000000001,1565.91,0.0,0,0,2,6,0,0,Club
Blond,2027-02-21,,"LIVE NATION UK FOR ARTIST, TOUR, FESTIVAL AND PRESALE NEWS",148689.98,5401.19,41037.98,0,1,0,4,0,0,Club
Night Lovell,2027-02-21,,"LIVE NATION UK FOR ARTIST, TOUR, FESTIVAL AND PRESALE NEWS",250188.22,142802.5,0.0,0,0,6,15,0,1,Club
South Arcade,2027-02-22,,LIVE NATION MUSIC UK LTD,67467.17000000001,1565.91,0.0,0,0,2,6,0,0,Club
Sienna Spiro,2027-02-22,,DF CONCERTS,24263.94,0.0,0.0,0,0,3,3,0,0,Club
Delta Goodrem,2027-02-22,,"LIVE NATION UK FOR ARTIST, TOUR, FESTIVAL AND PRESALE NEWS",669795.04,0.0,1496421.66,0,17,14,1,0,4,Theater
In Color,2027-02-22,,"LIVE NATION UK FOR ARTIST, TOUR, FESTIVAL AND PRESALE NEWS",0.0,0.0,0.0,0,0,1,2,0,0,Club
Night Lovell,2027-02-22,,"LIVE NATION UK FOR ARTIST, TOUR, FESTIVAL AND PRESALE NEWS",250188.22,142802.5,0.0,0,0,6,15,0,1,Club
Dylan Gossett,2027-02-23,,DF CONCERTS,284626.49,391766.02,0.0,0,0,5,17,0,0,Club
Delta Goodrem,2027-02-23,,"LIVE NATION UK FOR ARTIST, TOUR, FESTIVAL AND PRESALE NEWS",669795.04,0.0,1496421.66,0,17,14,1,0,4,Arena
Delta Goodrem,2027-02-23,,LIVE NATION MUSIC UK LTD,669795.04,0.0,1496421.66,0,17,14,1,0,4,Arena
Sienna Spiro,2027-02-23,,DF CONCERTS,24263.94,0.0,0.0,0,0,3,3,0,0,Club
In Color,2027-02-23,,"LIVE NATION UK FOR ARTIST, TOUR, FESTIVAL AND PRESALE NEWS",0.0,0.0,0.0,0,0,1,2,0,0,Club
Blond,2027-02-23,,"LIVE NATION UK FOR ARTIST, TOUR, FESTIVAL AND PRESALE NEWS",148689.98,5401.19,41037.98,0,1,0,4,0,0,Club
Role Model,2027-02-24,,"LIVE NATION UK FOR ARTIST, TOUR, FESTIVAL AND PRESALE NEWS",884833.07,275786.98,0.0,0,0,8,44,0,1,Arena
Role Model,2027-02-24,,"LIVE NATION UK FOR ARTIST, TOUR, FESTIVAL AND PRESALE NEWS",884833.07,275786.98,0.0,0,0,8,44,0,1,Arena
Dylan Gossett,2027-02-24,,DF CONCERTS,284626.49,391766.02,0.0,0,0,5,17,0,0,Club
Delta Goodrem,2027-02-24,,"LIVE NATION UK FOR ARTIST, TOUR, FESTIVAL AND PRESALE NEWS",669795.04,0.0,1496421.66,0,17,14,1,0,4,Arena
In Color,2027-02-24,,"LIVE NATION UK FOR ARTIST, TOUR, FESTIVAL AND PRESALE NEWS",0.0,0.0,0.0,0,0,1,2,0,0,Club
Blond,2027-02-24,,"LIVE NATION UK FOR ARTIST, TOUR, FESTIVAL AND PRESALE NEWS",148689.98,5401.19,41037.98,0,1,0,4,0,0,Club
Cage The Elephant,2027-02-25,,DF CONCERTS,1984994.8,8099534.67,0.0,9,13,38,61,0,0,Theater
Morgan Jay,2027-02-25,,"LIVE NATION UK FOR ARTIST, TOUR, FESTIVAL AND PRESALE NEWS",2252073.84,750521.72,10784.0,0,0,31,3,0,1,Arena
Switchfoot,2027-02-25,,LIVE NATION MUSIC UK LTD,181031.87,600305.9299999999,763943.0,5,6,80,76,1,17,Theater
South Arcade,2027-02-25,,LIVE NATION MUSIC UK LTD,67467.17000000001,1565.91,0.0,0,0,2,6,0,0,Club
Blond,2027-02-25,,LIVE NATION MUSIC UK LTD,148689.98,5401.19,41037.98,0,1,0,4,0,0,Club
Thunder,2027-02-25,,LIVE NATION MUSIC (VENUES) LTD (NEW),0.0,0.0,0.0,0,4,7,12,0,3,Theater
Bleach,2027-02-25,,LIVE NATION MUSIC UK LTD,0.0,0.0,0.0,0,0,0,1,0,0,Club
Switchfoot,2027-02-26,,LIVE NATION MUSIC UK LTD,181031.87,600305.9299999999,763943.0,5,6,80,76,1,17,Theater
Delta Goodrem,2027-02-26,,"LIVE NATION UK FOR ARTIST, TOUR, FESTIVAL AND PRESALE NEWS",669795.04,0.0,1496421.66,0,17,14,1,0,4,Arena
Switchfoot,2027-02-27,,"LIVE NATION UK FOR ARTIST, TOUR, FESTIVAL AND PRESALE NEWS",181031.87,600305.9299999999,763943.0,5,6,80,76,1,17,Club
Malcolm Todd,2027-02-27,,LIVE NATION MUSIC UK LTD,158405.31,63535.0,0.0,0,0,4,8,0,0,Club
Ewan McVicar,2027-02-27,,DF CONCERTS,205849.5,0.0,0.0,0,2,2,0,0,0,Arena
Switchfoot,2027-02-28,,"LIVE NATION UK FOR ARTIST, TOUR, FESTIVAL AND PRESALE NEWS",181031.87,600305.9299999999,763943.0,5,6,80,76,1,17,Theater
Malcolm Todd,2027-02-28,,LIVE NATION MUSIC UK LTD,158405.31,63535.0,0.0,0,0,4,8,0,0,Club
Switchfoot,2027-03-01,,"LIVE NATION UK FOR ARTIST, TOUR, FESTIVAL AND PRESALE NEWS",181031.87,600305.9299999999,763943.0,5,6,80,76,1,17,Theater
Editors,2027-03-02,,DF CONCERTS,0.0,579815.58,163618.40999999997,0,8,13,21,0,0,Theater
Malcolm Todd,2027-03-02,,LIVE NATION MUSIC UK LTD,158405.31,63535.0,0.0,0,0,4,8,0,0,Club
Dirty Honey,2027-03-03,,"LIVE NATION UK FOR ARTIST, TOUR, FESTIVAL AND PRESALE NEWS",12815.29,111904.59,115377.17,0,0,5,36,0,0,Club
Arthur Hill,2027-03-03,,LIVE NATION MUSIC UK LTD,74093.26000000001,27759.52,0.0,0,1,1,5,0,0,Club
Dirty Honey,2027-03-04,,LIVE NATION MUSIC UK LTD,12815.29,111904.59,115377.17,0,0,5,36,0,0,Club
Arthur Hill,2027-03-04,,LIVE NATION MUSIC UK LTD,74093.26000000001,27759.52,0.0,0,1,1,5,0,0,Club
Malcolm Todd,2027-03-04,,LIVE NATION MUSIC UK LTD,158405.31,63535.0,0.0,0,0,4,8,0,0,Club
TX2,2027-03-04,,"LIVE NATION UK FOR ARTIST, TOUR, FESTIVAL AND PRESALE NEWS",15074.0,5005.0,4116.0,0,0,0,5,0,0,Club
Rat &amp; Co,2027-03-04,,"LIVE NATION UK FOR ARTIST, TOUR, FESTIVAL AND PRESALE NEWS",0.0,0.0,0.0,0,0,0,2,0,0,Club
Dirty Honey,2027-03-05,,LIVE NATION MUSIC UK LTD,12815.29,111904.59,115377.17,0,0,5,36,0,0,Club
"Moyka, Lukas Oscar",2027-03-05,,"LIVE NATION UK FOR ARTIST, TOUR, FESTIVAL AND PRESALE NEWS",566.95,0.0,0.0,0,0,0,1,0,0,Club
Arthur Hill,2027-03-06,,DF CONCERTS,74093.26000000001,27759.52,0.0,0,1,1,5,0,0,Club
The Menzingers,2027-03-06,,LIVE NATION MUSIC UK LTD,0.0,83860.93,175297.68,0,0,3,45,0,0,Club
Medium Build,2027-03-06,,"LIVE NATION UK FOR ARTIST, TOUR, FESTIVAL AND PRESALE NEWS",51553.06,277378.99,6501.48,0,0,2,32,0,1,Club
Uncle Acid &amp; The Deadbeats,2027-03-06,,LIVE NATION MUSIC UK LTD,81276.5,0.0,23894.47,0,1,2,41,0,3,Club
"Moyka, Lukas Oscar",2027-03-06,,"LIVE NATION UK FOR ARTIST, TOUR, FESTIVAL AND PRESALE NEWS",566.95,0.0,0.0,0,0,0,1,0,0,Club
Dirty Honey,2027-03-07,,"LIVE NATION UK FOR ARTIST, TOUR, FESTIVAL AND PRESALE NEWS",12815.29,111904.59,115377.17,0,0,5,36,0,0,Club
VO,2027-03-07,,LIVE NATION MUSIC UK LTD,6500.0,0.0,3154.0,0,0,0,5,0,0,Club
Dirty Honey,2027-03-08,,"LIVE NATION UK FOR ARTIST, TOUR, FESTIVAL AND PRESALE NEWS",12815.29,111904.59,115377.17,0,0,5,36,0,0,Club
Medium Build,2027-03-08,,"LIVE NATION UK FOR ARTIST, TOUR, FESTIVAL AND PRESALE NEWS",51553.06,277378.99,6501.48,0,0,2,32,0,1,Club
Medium Build,2027-03-09,,"LIVE NATION UK FOR ARTIST, TOUR, FESTIVAL AND PRESALE NEWS",51553.06,277378.99,6501.48,0,0,2,32,0,1,Club
TX2,2027-03-09,,"LIVE NATION UK FOR ARTIST, TOUR, FESTIVAL AND PRESALE NEWS",15074.0,5005.0,4116.0,0,0,0,5,0,0,Club
Arthur Hill,2027-03-10,,LIVE NATION MUSIC UK LTD,74093.26000000001,27759.52,0.0,0,1,1,5,0,0,Club
Megadeth,2027-03-11,,"LIVE NATION UK FOR ARTIST, TOUR, FESTIVAL AND PRESALE NEWS",0.0,11332692.6,2854537.17,8,63,33,29,5,8,Arena
Megadeth,2027-03-11,,"LIVE NATION UK FOR ARTIST, TOUR, FESTIVAL AND PRESALE NEWS",0.0,11332692.6,2854537.17,8,63,33,29,5,8,Arena
Arthur Hill,2027-03-11,,"LIVE NATION UK FOR ARTIST, TOUR, FESTIVAL AND PRESALE NEWS",74093.26000000001,27759.52,0.0,0,1,1,5,0,0,Club
Megadeth,2027-03-12,,"LIVE NATION UK FOR ARTIST, TOUR, FESTIVAL AND PRESALE NEWS",0.0,11332692.6,2854537.17,8,63,33,29,5,8,Arena
The Menzingers,2027-03-12,,"LIVE NATION UK FOR ARTIST, TOUR, FESTIVAL AND PRESALE NEWS",0.0,83860.93,175297.68,0,0,3,45,0,0,Club
Editors,2027-03-12,,LIVE NATION (MUSIC) UK LTD (VENUES),0.0,579815.58,163618.40999999997,0,8,13,21,0,0,Theater
Dan Croll,2027-03-12,,DF CONCERTS,0.0,10078.14,0.0,0,0,1,23,0,0,Club
Keo,2027-03-12,,LIVE NATION MUSIC UK LTD,16500.84,0.0,0.0,0,0,2,6,0,0,Club
Co &amp; Zo - De Podcast,2027-03-12,,DF CONCERTS,3526.65,0.0,0.0,0,0,1,0,0,0,Theater
Friday,2027-03-12,,DF CONCERTS,0.0,0.0,0.0,0,0,0,1,0,0,Club
Remi,2027-03-12,,DF CONCERTS,0.0,0.0,0.0,0,0,0,9,0,0,Club
Megadeth,2027-03-13,,"LIVE NATION UK FOR ARTIST, TOUR, FESTIVAL AND PRESALE NEWS",0.0,11332692.6,2854537.17,8,63,33,29,5,8,Arena
Movements,2027-03-13,,LIVE NATION MUSIC UK LTD,308781.6,267276.63,140008.0,0,0,1,23,0,1,Club
Tash Sultana,2027-03-13,,LIVE NATION MUSIC UK LTD,1826385.23,239263.5,2321445.36,19,11,31,44,1,9,Arena
Remi,2027-03-13,,DF CONCERTS,0.0,0.0,0.0,0,0,0,9,0,0,Club
Movements,2027-03-14,,"LIVE NATION UK FOR ARTIST, TOUR, FESTIVAL AND PRESALE NEWS",308781.6,267276.63,140008.0,0,0,1,23,0,1,Club
Arthur Hill,2027-03-14,,LIVE NATION MUSIC UK LTD,74093.26000000001,27759.52,0.0,0,1,1,5,0,0,Club
Remi,2027-03-14,,DF CONCERTS,0.0,0.0,0.0,0,0,0,9,0,0,Club
Megadeth,2027-03-15,,LIVE NATION MUSIC UK LTD,0.0,11332692.6,2854537.17,8,63,33,29,5,8,Arena
Arthur Hill,2027-03-15,,LIVE NATION MUSIC UK LTD,74093.26000000001,27759.52,0.0,0,1,1,5,0,0,Club
Megadeth,2027-03-16,,LIVE NATION MUSIC UK LTD,0.0,11332692.6,2854537.17,8,63,33,29,5,8,Arena
Megadeth,2027-03-16,,LIVE NATION MUSIC UK LTD,0.0,11332692.6,2854537.17,8,63,33,29,5,8,Arena
Rodrigo y Gabriela,2027-03-17,,DF CONCERTS,68954.74,537959.35,1458366.69,33,3,134,58,0,10,Theater
Turnover,2027-03-17,,"LIVE NATION UK FOR ARTIST, TOUR, FESTIVAL AND PRESALE NEWS",1343969.0,34201.28,13530.0,2,1,5,35,0,2,Theater
Arthur Hill,2027-03-17,,LIVE NATION MUSIC UK LTD,74093.26000000001,27759.52,0.0,0,1,1,5,0,0,Club
Megadeth,2027-03-18,,"LIVE NATION UK FOR ARTIST, TOUR, FESTIVAL AND PRESALE NEWS",0.0,11332692.6,2854537.17,8,63,33,29,5,8,Arena
Turnover,2027-03-18,,"LIVE NATION UK FOR ARTIST, TOUR, FESTIVAL AND PRESALE NEWS",1343969.0,34201.28,13530.0,2,1,5,35,0,2,Club
The View,2027-03-18,,DF CONCERTS,0.0,221202.04,379359.26,0,2,11,33,0,4,Club
Megadeth,2027-03-19,,"LIVE NATION UK FOR ARTIST, TOUR, FESTIVAL AND PRESALE NEWS",0.0,11332692.6,2854537.17,8,63,33,29,5,8,Arena
Megadeth,2027-03-19,,"LIVE NATION UK FOR ARTIST, TOUR, FESTIVAL AND PRESALE NEWS",0.0,11332692.6,2854537.17,8,63,33,29,5,8,Arena
Turnover,2027-03-19,,"LIVE NATION UK FOR ARTIST, TOUR, FESTIVAL AND PRESALE NEWS",1343969.0,34201.28,13530.0,2,1,5,35,0,2,Club
La Roux,2027-03-19,,DF CONCERTS,0.0,0.0,0.0,1,2,16,29,0,0,Club
Arthur Hill,2027-03-19,,"LIVE NATION UK FOR ARTIST, TOUR, FESTIVAL AND PRESALE NEWS",74093.26000000001,27759.52,0.0,0,1,1,5,0,0,Club
Ben Portsmouth,2027-03-19,,LIVE NATION MUSIC (VENUES) LTD (NEW),157095.63,37814.61,153685.02,0,7,18,2,0,0,Theater
Turnover,2027-03-20,,"LIVE NATION UK FOR ARTIST, TOUR, FESTIVAL AND PRESALE NEWS",1343969.0,34201.28,13530.0,2,1,5,35,0,2,Club
SOFY,2027-03-25,,LIVE NATION MUSIC UK LTD,2077.55,0.0,548.57,0,0,0,2,0,0,Club
Ice Nine Kills,2027-03-28,,"LIVE NATION UK FOR ARTIST, TOUR, FESTIVAL AND PRESALE NEWS",3494315.6,24831.13,1453704.11,1,10,21,44,0,2,Club
Bjorn Again,2027-03-28,,MCD PRODUCTIONS,254116.2,218189.55,0.0,1,1,13,0,1,1,Theater
The Warning,2027-03-30,,DF CONCERTS,1836729.79,256474.85,812677.2999999999,0,1,15,17,0,2,Club
Avatar,2027-03-30,,"LIVE NATION UK FOR ARTIST, TOUR, FESTIVAL AND PRESALE NEWS",549363.65,456317.3,414674.53,0,1,12,49,0,4,Theater
Loreena McKennitt,2027-03-31,,"LIVE NATION UK FOR ARTIST, TOUR, FESTIVAL AND PRESALE NEWS",0.0,1652812.88,407899.25,4,12,57,2,3,11,Theater
Danny Bowes,2027-04-01,,"LIVE NATION UK FOR ARTIST, TOUR, FESTIVAL AND PRESALE NEWS",0.0,14143.32,0.0,0,0,1,0,0,0,Club
Danny Bowes,2027-04-02,,"LIVE NATION UK FOR ARTIST, TOUR, FESTIVAL AND PRESALE NEWS",0.0,14143.32,0.0,0,0,1,0,0,0,Theater
KALEO,2027-04-03,,LIVE NATION MUSIC UK LTD,1477120.78,2266433.29,543274.15,10,5,31,42,2,3,Club
Trivium,2027-04-03,,"LIVE NATION UK FOR ARTIST, TOUR, FESTIVAL AND PRESALE NEWS",398903.12,0.0,378436.41,0,3,22,57,0,1,Club
Danny Bowes,2027-04-03,,"LIVE NATION UK FOR ARTIST, TOUR, FESTIVAL AND PRESALE NEWS",0.0,14143.32,0.0,0,0,1,0,0,0,Theater
Trivium,2027-04-04,,LIVE NATION MUSIC UK LTD,398903.12,0.0,378436.41,0,3,22,57,0,1,Arena
Olivia Rodrigo,2027-04-05,,LIVE NATION MUSIC UK LTD,23420107.2,169307085.8,0.0,0,68,10,2,5,1,Arena
Olivia Rodrigo,2027-04-06,,LIVE NATION MUSIC UK LTD,23420107.2,169307085.8,0.0,0,68,10,2,5,1,Arena
KALEO,2027-04-06,,LIVE NATION MUSIC UK LTD,1477120.78,2266433.29,543274.15,10,5,31,42,2,3,Club
Olivia Rodrigo,2027-04-08,,LIVE NATION MUSIC UK LTD,23420107.2,169307085.8,0.0,0,68,10,2,5,1,Arena
The View,2027-04-08,,DF CONCERTS,0.0,221202.04,379359.26,0,2,11,33,0,4,Club
Buffalo Traffic Jam,2027-04-08,,LIVE NATION MUSIC UK LTD,0.0,0.0,0.0,0,0,1,7,0,0,Club
Danny Bowes,2027-04-08,,"LIVE NATION UK FOR ARTIST, TOUR, FESTIVAL AND PRESALE NEWS",0.0,14143.32,0.0,0,0,1,0,0,0,Club
Olivia Rodrigo,2027-04-09,,LIVE NATION MUSIC UK LTD,23420107.2,169307085.8,0.0,0,68,10,2,5,1,Arena
KALEO,2027-04-09,,LIVE NATION MUSIC UK LTD,1477120.78,2266433.29,543274.15,10,5,31,42,2,3,Club
The View,2027-04-09,,DF CONCERTS,0.0,221202.04,379359.26,0,2,11,33,0,4,Club
Danny Bowes,2027-04-09,,"LIVE NATION UK FOR ARTIST, TOUR, FESTIVAL AND PRESALE NEWS",0.0,14143.32,0.0,0,0,1,0,0,0,Theater
The View,2027-04-10,,DF CONCERTS,0.0,221202.04,379359.26,0,2,11,33,0,4,Club
Buffalo Traffic Jam,2027-04-10,,LIVE NATION MUSIC UK LTD,0.0,0.0,0.0,0,0,1,7,0,0,Club
Danny Bowes,2027-04-10,,"LIVE NATION UK FOR ARTIST, TOUR, FESTIVAL AND PRESALE NEWS",0.0,14143.32,0.0,0,0,1,0,0,0,Theater
Buffalo Traffic Jam,2027-04-11,,"LIVE NATION UK FOR ARTIST, TOUR, FESTIVAL AND PRESALE NEWS",0.0,0.0,0.0,0,0,1,7,0,0,Club
Olivia Rodrigo,2027-04-12,,LIVE NATION MUSIC UK LTD,23420107.2,169307085.8,0.0,0,68,10,2,5,1,Arena
Olivia Rodrigo,2027-04-14,,LIVE NATION MUSIC UK LTD,23420107.2,169307085.8,0.0,0,68,10,2,5,1,Arena
Foreigner,2027-04-14,,"LIVE NATION UK FOR ARTIST, TOUR, FESTIVAL AND PRESALE NEWS",4596449.8100000005,11875665.37,25312945.81,108,79,178,18,2,34,Theater
Olivia Rodrigo,2027-04-15,,LIVE NATION MUSIC UK LTD,23420107.2,169307085.8,0.0,0,68,10,2,5,1,Arena
The Sherlocks,2027-04-15,,"LIVE NATION UK FOR ARTIST, TOUR, FESTIVAL AND PRESALE NEWS",24402.68,0.0,31208.82,0,0,3,25,0,8,Club
Danny Bowes,2027-04-15,,"LIVE NATION UK FOR ARTIST, TOUR, FESTIVAL AND PRESALE NEWS",0.0,14143.32,0.0,0,0,1,0,0,0,Club
The View,2027-04-16,,DF CONCERTS,0.0,221202.04,379359.26,0,2,11,33,0,4,Club
The Sherlocks,2027-04-16,,"LIVE NATION UK FOR ARTIST, TOUR, FESTIVAL AND PRESALE NEWS",24402.68,0.0,31208.82,0,0,3,25,0,8,Club
Danny Bowes,2027-04-16,,"LIVE NATION UK FOR ARTIST, TOUR, FESTIVAL AND PRESALE NEWS",0.0,14143.32,0.0,0,0,1,0,0,0,Theater
The Sherlocks,2027-04-17,,LIVE NATION MUSIC UK LTD,24402.68,0.0,31208.82,0,0,3,25,0,8,Club
Danny Bowes,2027-04-17,,"LIVE NATION UK FOR ARTIST, TOUR, FESTIVAL AND PRESALE NEWS",0.0,14143.32,0.0,0,0,1,0,0,0,Arena
Olivia Rodrigo,2027-04-19,,LIVE NATION MUSIC UK LTD,23420107.2,169307085.8,0.0,0,68,10,2,5,1,Arena
Olivia Rodrigo,2027-04-20,,LIVE NATION MUSIC UK LTD,23420107.2,169307085.8,0.0,0,68,10,2,5,1,Arena
Darren Kiely,2027-04-20,,DF CONCERTS,202146.6,130113.34,7513.03,0,1,5,15,0,1,Club
Overpass,2027-04-21,,"LIVE NATION UK FOR ARTIST, TOUR, FESTIVAL AND PRESALE NEWS",22542.76,3838.95,0.0,0,0,1,4,0,0,Club
Thomas Rhett,2027-04-22,,LIVE NATION MUSIC UK LTD,2411467.0,68902.93,20832639.72,28,107,4,13,3,2,Arena
Thomas Rhett,2027-04-22,,LIVE NATION MUSIC (VENUES) LTD (NEW),2411467.0,68902.93,20832639.72,28,107,4,13,3,2,Arena
Overpass,2027-04-22,,LIVE NATION MUSIC UK LTD,22542.76,3838.95,0.0,0,0,1,4,0,0,Club
Danny Bowes,2027-04-22,,"LIVE NATION UK FOR ARTIST, TOUR, FESTIVAL AND PRESALE NEWS",0.0,14143.32,0.0,0,0,1,0,0,0,Theater
Thomas Rhett,2027-04-23,,"LIVE NATION UK FOR ARTIST, TOUR, FESTIVAL AND PRESALE NEWS",2411467.0,68902.93,20832639.72,28,107,4,13,3,2,Arena
The Sherlocks,2027-04-23,,"LIVE NATION UK FOR ARTIST, TOUR, FESTIVAL AND PRESALE NEWS",24402.68,0.0,31208.82,0,0,3,25,0,8,Club
Overpass,2027-04-23,,"LIVE NATION UK FOR ARTIST, TOUR, FESTIVAL AND PRESALE NEWS",22542.76,3838.95,0.0,0,0,1,4,0,0,Club
Danny Bowes,2027-04-23,,"LIVE NATION UK FOR ARTIST, TOUR, FESTIVAL AND PRESALE NEWS",0.0,14143.32,0.0,0,0,1,0,0,0,Theater
Gracie Abrams,2027-04-24,,LIVE NATION MUSIC UK LTD,35049232.76,5296821.61,857658.6,5,27,12,17,0,1,Arena
The Sherlocks,2027-04-24,,"LIVE NATION UK FOR ARTIST, TOUR, FESTIVAL AND PRESALE NEWS",24402.68,0.0,31208.82,0,0,3,25,0,8,Club
Danny Bowes,2027-04-24,,"LIVE NATION UK FOR ARTIST, TOUR, FESTIVAL AND PRESALE NEWS",0.0,14143.32,0.0,0,0,1,0,0,0,Theater
Gracie Abrams,2027-04-25,,LIVE NATION MUSIC UK LTD,35049232.76,5296821.61,857658.6,5,27,12,17,0,1,Arena
ALL,2027-04-27,,"LIVE NATION UK FOR ARTIST, TOUR, FESTIVAL AND PRESALE NEWS",0.0,0.0,0.0,0,0,0,2,0,0,Club
Rod Stewart,2027-04-29,,"LIVE NATION UK FOR ARTIST, TOUR, FESTIVAL AND PRESALE NEWS",42201882.63,27452763.79,34856940.56,50,182,55,3,46,5,Arena
Rod Stewart,2027-04-29,,"LIVE NATION UK FOR ARTIST, TOUR, FESTIVAL AND PRESALE NEWS",42201882.63,27452763.79,34856940.56,50,182,55,3,46,5,Arena
ALL,2027-04-29,,"LIVE NATION UK FOR ARTIST, TOUR, FESTIVAL AND PRESALE NEWS",0.0,0.0,0.0,0,0,0,2,0,0,Club
Gracie Abrams,2027-04-30,,"LIVE NATION UK FOR ARTIST, TOUR, FESTIVAL AND PRESALE NEWS",35049232.76,5296821.61,857658.6,5,27,12,17,0,1,Arena
ALL,2027-04-30,,"LIVE NATION UK FOR ARTIST, TOUR, FESTIVAL AND PRESALE NEWS",0.0,0.0,0.0,0,0,0,2,0,0,Club
Gracie Abrams,2027-05-01,,"LIVE NATION UK FOR ARTIST, TOUR, FESTIVAL AND PRESALE NEWS",35049232.76,5296821.61,857658.6,5,27,12,17,0,1,Arena
Gracie Abrams,2027-05-03,,"LIVE NATION UK FOR ARTIST, TOUR, FESTIVAL AND PRESALE NEWS",35049232.76,5296821.61,857658.6,5,27,12,17,0,1,Arena
Gracie Abrams,2027-05-04,,"LIVE NATION UK FOR ARTIST, TOUR, FESTIVAL AND PRESALE NEWS",35049232.76,5296821.61,857658.6,5,27,12,17,0,1,Arena
Rod Stewart,2027-05-04,,"LIVE NATION UK FOR ARTIST, TOUR, FESTIVAL AND PRESALE NEWS",42201882.63,27452763.79,34856940.56,50,182,55,3,46,5,Arena
ALL,2027-05-05,,"LIVE NATION UK FOR ARTIST, TOUR, FESTIVAL AND PRESALE NEWS",0.0,0.0,0.0,0,0,0,2,0,0,Club
ALL,2027-05-06,,LIVE NATION MUSIC UK LTD,0.0,0.0,0.0,0,0,0,2,0,0,Club
ALL,2027-05-07,,"LIVE NATION UK FOR ARTIST, TOUR, FESTIVAL AND PRESALE NEWS",0.0,0.0,0.0,0,0,0,2,0,0,Theater
ALL,2027-05-08,,"LIVE NATION UK FOR ARTIST, TOUR, FESTIVAL AND PRESALE NEWS",0.0,0.0,0.0,0,0,0,2,0,0,Club
"Dragonforce, Amaranthe",2027-05-08,,"LIVE NATION UK FOR ARTIST, TOUR, FESTIVAL AND PRESALE NEWS",0.0,247413.25,0.0,0,0,2,1,0,0,Club
Skindred,2027-05-08,,LIVE NATION MUSIC UK LTD,66144.98,0.0,72648.37,0,0,4,39,0,3,Arena
Olivia Rodrigo,2027-05-09,,LIVE NATION MUSIC UK LTD,23420107.2,169307085.8,0.0,0,68,10,2,5,1,Arena
Olivia Rodrigo,2027-05-10,,LIVE NATION MUSIC UK LTD,23420107.2,169307085.8,0.0,0,68,10,2,5,1,Arena
Rod Stewart,2027-05-11,,"LIVE NATION UK FOR ARTIST, TOUR, FESTIVAL AND PRESALE NEWS",42201882.63,27452763.79,34856940.56,50,182,55,3,46,5,Arena
Loreen,2027-05-11,,DF CONCERTS,368939.58,0.0,115305.41,0,0,5,4,0,1,Theater
Man/Woman/Chainsaw,2027-05-11,,LIVE NATION MUSIC UK LTD,3462.46,0.0,422.46,0,0,0,2,0,0,Club
Palace,2027-05-12,,LIVE NATION MUSIC (VENUES) LTD (NEW),216325.96,176855.55,138298.91,0,0,7,19,0,1,Theater
Loreen,2027-05-12,,LIVE NATION MUSIC UK LTD,368939.58,0.0,115305.41,0,0,5,4,0,1,Theater
Loreen,2027-05-13,,LIVE NATION MUSIC UK LTD,368939.58,0.0,115305.41,0,0,5,4,0,1,Theater
Loreen,2027-05-13,,LIVE NATION MUSIC UK LTD,368939.58,0.0,115305.41,0,0,5,4,0,1,Theater
The Illegal Eagles,2027-05-15,,LIVE NATION MUSIC (VENUES) LTD (NEW),43971.68,0.0,66531.2,0,0,3,1,0,0,Theater
Weezer,2027-05-23,,LIVE NATION MUSIC UK LTD,1433245.96,22634115.74,16240051.85,29,34,23,18,1,9,Arena
John Vincent III,2027-06-15,,LIVE NATION MUSIC UK LTD,234678.23,303207.44,0.0,0,0,4,26,0,0,Club
John Vincent III,2027-06-16,,LIVE NATION MUSIC UK LTD,234678.23,303207.44,0.0,0,0,4,26,0,0,Club
John Vincent III,2027-06-17,,LIVE NATION MUSIC UK LTD,234678.23,303207.44,0.0,0,0,4,26,0,0,Club
Reason,2027-06-21,,"LIVE NATION UK FOR ARTIST, TOUR, FESTIVAL AND PRESALE NEWS",0.0,3617.6,1440.0,0,0,1,1,0,0,Club
Reason,2027-06-22,,"LIVE NATION UK FOR ARTIST, TOUR, FESTIVAL AND PRESALE NEWS",0.0,3617.6,1440.0,0,0,1,1,0,0,Club
Reason,2027-06-24,,"LIVE NATION UK FOR ARTIST, TOUR, FESTIVAL AND PRESALE NEWS",0.0,3617.6,1440.0,0,0,1,1,0,0,Club
Reason,2027-06-25,,"LIVE NATION UK FOR ARTIST, TOUR, FESTIVAL AND PRESALE NEWS",0.0,3617.6,1440.0,0,0,1,1,0,0,Club
Gregory Porter,2027-06-26,,LIVE NATION MUSIC (VENUES) LTD (NEW),639110.12,1215135.23,2118619.43,3,6,73,11,0,1,Theater
Reason,2027-06-29,,"LIVE NATION UK FOR ARTIST, TOUR, FESTIVAL AND PRESALE NEWS",0.0,3617.6,1440.0,0,0,1,1,0,0,Club
Slipknot,2027-07-03,,"LIVE NATION UK FOR ARTIST, TOUR, FESTIVAL AND PRESALE NEWS",6958061.32,21214363.69,0.0,35,77,1,1,3,1,Stadium
El Mundo,2027-07-06,,LIVE NATION MUSIC UK LTD,0.0,0.0,0.0,0,0,1,0,0,0,Stadium
"Camp, Mall Walk",2027-07-21,,LIVE NATION UK ON BEHALF OF LATITUDE FESTIVAL,0.0,0.0,0.0,0,0,0,1,0,0,Club
Rav,2027-07-21,,LIVE NATION UK ON BEHALF OF LATITUDE FESTIVAL,0.0,0.0,7775.0,0,0,0,4,0,0,Club
Gene,2027-07-21,,LIVE NATION UK ON BEHALF OF LATITUDE FESTIVAL,0.0,0.0,0.0,0,0,1,1,0,0,Club
Gene,2027-07-21,,LIVE NATION UK ON BEHALF OF LATITUDE FESTIVAL,0.0,0.0,0.0,0,0,1,1,0,0,Club
Gene,2027-07-21,,LIVE NATION UK ON BEHALF OF LATITUDE FESTIVAL,0.0,0.0,0.0,0,0,1,1,0,0,Club
Gene,2027-07-21,,LIVE NATION UK ON BEHALF OF LATITUDE FESTIVAL,0.0,0.0,0.0,0,0,1,1,0,0,Club
"Camp, Mall Walk",2027-07-21,,LIVE NATION UK ON BEHALF OF LATITUDE FESTIVAL,0.0,0.0,0.0,0,0,0,1,0,0,Club
"Camp, Mall Walk",2027-07-21,,LIVE NATION UK ON BEHALF OF LATITUDE FESTIVAL,0.0,0.0,0.0,0,0,0,1,0,0,Club
LANY,2027-07-22,,"LIVE NATION UK FOR ARTIST, TOUR, FESTIVAL AND PRESALE NEWS",0.0,2716028.78,384289.81,6,10,42,95,0,6,Club
Simply Red,2027-08-07,,"LIVE NATION UK FOR ARTIST, TOUR, FESTIVAL AND PRESALE NEWS",35027762.67,0.0,9239198.89,0,130,15,0,12,17,Arena
"Camp, Mall Walk",2027-08-25,,"LIVE NATION UK FOR ARTIST, TOUR, FESTIVAL AND PRESALE NEWS",0.0,0.0,0.0,0,0,0,1,0,0,Club
"Camp, Mall Walk",2027-08-26,,"LIVE NATION UK FOR ARTIST, TOUR, FESTIVAL AND PRESALE NEWS",0.0,0.0,0.0,0,0,0,1,0,0,Club
"Camp, Mall Walk",2027-08-27,,"LIVE NATION UK FOR ARTIST, TOUR, FESTIVAL AND PRESALE NEWS",0.0,0.0,0.0,0,0,0,1,0,0,Club
Dire Straits Experience,2027-09-09,,MCD PRODUCTIONS,0.0,1549659.78,0.0,1,18,29,0,0,4,Theater
Beth Hart,2027-09-25,,DF CONCERTS,1568516.61,600861.0700000001,493581.99,1,2,48,45,0,2,Theater
This Is The Kit,2027-10-07,,"LIVE NATION UK FOR ARTIST, TOUR, FESTIVAL AND PRESALE NEWS",0.0,4602.73,0.0,0,0,0,3,0,0,Club
Michael &amp; Michelle,2027-10-08,,LIVE NATION (MUSIC) UK LTD (VENUES),0.0,14070.3,0.0,0,0,1,2,0,0,Theater
Deacon Blue,2027-10-09,,"LIVE NATION UK FOR ARTIST, TOUR, FESTIVAL AND PRESALE NEWS",2675709.67,458609.49,2696378.29,0,19,25,5,4,1,Arena
Deacon Blue,2027-10-10,,"LIVE NATION UK FOR ARTIST, TOUR, FESTIVAL AND PRESALE NEWS",2675709.67,458609.49,2696378.29,0,19,25,5,4,1,Arena
Deacon Blue,2027-10-12,,"LIVE NATION UK FOR ARTIST, TOUR, FESTIVAL AND PRESALE NEWS",2675709.67,458609.49,2696378.29,0,19,25,5,4,1,Arena
Deacon Blue,2027-10-13,,"LIVE NATION UK FOR ARTIST, TOUR, FESTIVAL AND PRESALE NEWS",2675709.67,458609.49,2696378.29,0,19,25,5,4,1,Arena
Deacon Blue,2027-10-14,,"LIVE NATION UK FOR ARTIST, TOUR, FESTIVAL AND PRESALE NEWS",2675709.67,458609.49,2696378.29,0,19,25,5,4,1,Arena
Deacon Blue,2027-10-14,,"LIVE NATION UK FOR ARTIST, TOUR, FESTIVAL AND PRESALE NEWS",2675709.67,458609.49,2696378.29,0,19,25,5,4,1,Arena
Deacon Blue,2027-10-16,,LIVE NATION MUSIC UK LTD,2675709.67,458609.49,2696378.29,0,19,25,5,4,1,Arena
Deacon Blue,2027-10-17,,LIVE NATION MUSIC UK LTD,2675709.67,458609.49,2696378.29,0,19,25,5,4,1,Arena
Bootleg Beatles,2027-10-18,,MCD PRODUCTIONS,363270.94,375437.6,139937.9,1,1,23,11,0,9,Theater
Deacon Blue,2027-10-19,,"LIVE NATION UK FOR ARTIST, TOUR, FESTIVAL AND PRESALE NEWS",2675709.67,458609.49,2696378.29,0,19,25,5,4,1,Arena
Deacon Blue,2027-10-20,,"LIVE NATION UK FOR ARTIST, TOUR, FESTIVAL AND PRESALE NEWS",2675709.67,458609.49,2696378.29,0,19,25,5,4,1,Arena
Deacon Blue,2027-10-24,,"LIVE NATION UK FOR ARTIST, TOUR, FESTIVAL AND PRESALE NEWS",2675709.67,458609.49,2696378.29,0,19,25,5,4,1,Theater
Deacon Blue,2027-10-25,,"LIVE NATION UK FOR ARTIST, TOUR, FESTIVAL AND PRESALE NEWS",2675709.67,458609.49,2696378.29,0,19,25,5,4,1,Theater
Deacon Blue,2027-10-27,,DF CONCERTS,2675709.67,458609.49,2696378.29,0,19,25,5,4,1,Theater
"Bowling For Soup, Frank Turner &amp; The Sleeping Souls",2027-11-04,,"LIVE NATION UK FOR ARTIST, TOUR, FESTIVAL AND PRESALE NEWS",0.0,0.0,0.0,0,0,4,2,0,0,Arena
Henry Moodie,2026-10-10,,LIVE NATION AUSTRALIA,0.0,394592.29,46728.03,0,0,8,12,0,1,Theater
OsamaSon,2026-10-10,,LIVE NATION AUSTRALIA,214429.67,40432.259999999995,0.0,0,0,0,8,0,0,Theater
Zara Larsson,2026-10-13,,LIVE NATION AUSTRALIA,3822077.52,895136.14,0.0,0,5,10,10,1,0,Club
Zara Larsson,2026-10-14,,LIVE NATION AUSTRALIA,3822077.52,895136.14,0.0,0,5,10,10,1,0,Club
Bailey Zimmerman,2026-10-14,,LIVE NATION AUSTRALIA,5149288.0,429948.46,28703.5,18,23,5,3,0,1,Theater
OsamaSon,2026-10-14,,LIVE NATION AUSTRALIA,214429.67,40432.259999999995,0.0,0,0,0,8,0,0,Theater
Portugal. The Man,2026-10-18,,LIVE NATION AUSTRALIA,268855.1,1792804.9,766356.87,17,2,53,100,1,7,Theater
Zara Larsson,2026-10-20,,LIVE NATION AUSTRALIA,3822077.52,895136.14,0.0,0,5,10,10,1,0,Club
La Dispute,2026-10-25,,LIVE NATION AUSTRALIA,69917.85,62510.54000000001,474343.77,0,0,10,86,0,8,Club
5 Seconds Of Summer,2026-10-28,,LIVE NATION AUSTRALIA,0.0,0.0,17154005.1,87,164,37,10,3,13,Arena
Buffalo Traffic Jam,2026-11-04,,LIVE NATION AUSTRALIA,0.0,0.0,0.0,0,0,1,7,0,0,Theater
The Aftermath,2026-11-13,,LIVE NATION AUSTRALIA,0.0,0.0,0.0,0,0,0,1,0,0,Theater
Jack Johnson,2026-11-14,,LIVE NATION AUSTRALIA,0.0,0.0,3419683.68,100,12,18,1,12,15,Other
Melanie C,2026-11-14,,LIVE NATION AUSTRALIA,0.0,0.0,0.0,0,0,0,7,0,0,Club
Jack Johnson,2026-11-17,,LIVE NATION AUSTRALIA,0.0,0.0,3419683.68,100,12,18,1,12,15,Arena
Dermot Kennedy,2026-11-17,,LIVE NATION AUSTRALIA,132950.5,0.0,19937522.59,6,39,52,59,10,4,Club
Jack Johnson,2026-11-18,,LIVE NATION AUSTRALIA,0.0,0.0,3419683.68,100,12,18,1,12,15,Arena
Men I Trust,2026-11-19,,LIVE NATION AUSTRALIA,0.0,217713.46,563334.52,0,0,4,19,0,1,Theater
Dizzee Rascal,2026-11-26,,LIVE NATION AUSTRALIA,734263.18,558902.65,1192351.83,0,5,7,8,0,1,Club
Harry Styles,2026-11-27,,LIVE NATION AUSTRALIA,0.0,0.0,252490036.3,1,117,15,2,33,5,Stadium
DMA's,2026-11-27,,LIVE NATION AUSTRALIA,0.0,0.0,724237.89,0,3,12,27,0,1,Theater
Harry Styles,2026-11-28,,LIVE NATION AUSTRALIA,0.0,0.0,252490036.3,1,117,15,2,33,5,Stadium
Rise Against,2026-11-29,,LIVE NATION AUSTRALIA,4277860.61,678554.91,194297.26,27,65,68,73,4,10,Club
Rise Against,2026-12-01,,LIVE NATION AUSTRALIA,4277860.61,678554.91,194297.26,27,65,68,73,4,10,Club
Harry Styles,2026-12-02,,LIVE NATION AUSTRALIA,0.0,0.0,252490036.3,1,117,15,2,33,5,Stadium
Guns N' Roses,2026-12-02,,LIVE NATION AUSTRALIA,129172927.51,0.0,110479876.13,7,135,11,22,196,18,Stadium
Joost Klein,2026-12-02,,LIVE NATION AUSTRALIA,0.0,0.0,0.0,0,0,2,2,0,0,Theater
James Blake,2026-12-02,,LIVE NATION AUSTRALIA,67251.97,151716.84,945662.87,3,6,32,64,0,0,Club
DMA's,2026-12-03,,LIVE NATION AUSTRALIA,0.0,0.0,724237.89,0,3,12,27,0,1,Club
Harry Styles,2026-12-04,,LIVE NATION AUSTRALIA,0.0,0.0,252490036.3,1,117,15,2,33,5,Stadium
A Perfect Circle,2026-12-04,,LIVE NATION AUSTRALIA,0.0,818100.0,0.0,11,41,13,2,0,1,Arena
Wolf Alice,2026-12-04,,LIVE NATION AUSTRALIA,2831687.67,0.0,0.0,0,6,20,61,0,3,Club
Joost Klein,2026-12-04,,LIVE NATION AUSTRALIA,0.0,0.0,0.0,0,0,2,2,0,0,Club
Guns N' Roses,2026-12-05,,LIVE NATION AUSTRALIA,129172927.51,0.0,110479876.13,7,135,11,22,196,18,Stadium
Dylan Gossett,2026-12-05,,LIVE NATION AUSTRALIA,284626.49,391766.02,0.0,0,0,5,17,0,0,Theater
Dizzee Rascal,2026-12-05,,LIVE NATION AUSTRALIA,734263.18,558902.65,1192351.83,0,5,7,8,0,1,Club
Dylan Gossett,2026-12-06,,LIVE NATION AUSTRALIA,284626.49,391766.02,0.0,0,0,5,17,0,0,Club
Guns N' Roses,2026-12-08,,LIVE NATION AUSTRALIA,129172927.51,0.0,110479876.13,7,135,11,22,196,18,Stadium
Queens of The Stone Age,2026-12-08,,LIVE NATION AUSTRALIA,5372358.350000001,5025958.14,9267901.4,10,75,60,21,1,10,Arena
Suki Waterhouse,2026-12-08,,LIVE NATION AUSTRALIA,0.0,1845642.36,489285.46,1,0,10,37,0,0,Club
Dylan Gossett,2026-12-08,,LIVE NATION AUSTRALIA,284626.49,391766.02,0.0,0,0,5,17,0,0,Theater
A Perfect Circle,2026-12-08,,LIVE NATION AUSTRALIA,0.0,818100.0,0.0,11,41,13,2,0,1,Arena
Suki Waterhouse,2026-12-09,,LIVE NATION AUSTRALIA,0.0,1845642.36,489285.46,1,0,10,37,0,0,Theater
Baby Keem,2026-12-09,,LIVE NATION AUSTRALIA,0.0,0.0,0.0,0,0,3,12,0,0,Theater
Spacey Jane,2026-12-10,,LIVE NATION AUSTRALIA,172369.93,0.0,823808.77,0,2,5,12,1,3,Club
Guns N' Roses,2026-12-11,,LIVE NATION AUSTRALIA,129172927.51,0.0,110479876.13,7,135,11,22,196,18,Stadium
Queens of The Stone Age,2026-12-11,,LIVE NATION AUSTRALIA,5372358.350000001,5025958.14,9267901.4,10,75,60,21,1,10,Arena
Spacey Jane,2026-12-11,,LIVE NATION AUSTRALIA,172369.93,0.0,823808.77,0,2,5,12,1,3,Club
Harry Styles,2026-12-12,,LIVE NATION AUSTRALIA,0.0,0.0,252490036.3,1,117,15,2,33,5,Stadium
Suki Waterhouse,2026-12-12,,LIVE NATION AUSTRALIA,0.0,1845642.36,489285.46,1,0,10,37,0,0,Theater
"August Burns Red, The Amity Affliction",2026-12-12,,LIVE NATION AUSTRALIA,0.0,0.0,0.0,0,0,0,1,0,0,Club
Harry Styles,2026-12-13,,LIVE NATION AUSTRALIA,0.0,0.0,252490036.3,1,117,15,2,33,5,Stadium
Guns N' Roses,2026-12-14,,LIVE NATION AUSTRALIA,129172927.51,0.0,110479876.13,7,135,11,22,196,18,Stadium
Baby Keem,2026-12-14,,LIVE NATION AUSTRALIA,0.0,0.0,0.0,0,0,3,12,0,0,Theater
Agnes Obel,2026-09-29,,LIVE NATION AUSTRALIA,0.0,0.0,0.0,0,1,18,31,0,9,Theater
The Great Divide,2026-10-09,,LIVE NATION AUSTRALIA,0.0,2247.0,0.0,0,0,0,2,0,1,Arena
The Great Divide,2026-10-10,,LIVE NATION AUSTRALIA,0.0,2247.0,0.0,0,0,0,2,0,1,Arena
"""Moo, Brew &amp; 'Que Fest""",2026-10-16,,LIVE NATION AUSTRALIA,0.0,0.0,0.0,0,0,0,0,0,1,Arena
Hilary Duff,2026-10-20,,LIVE NATION AUSTRALIA,0.0,0.0,0.0,22,2,1,0,0,0,Arena
"Avenged Sevenfold, Good Charlotte",2026-10-23,,LIVE NATION AUSTRALIA,0.0,0.0,0.0,13,3,0,0,0,0,Arena
5 Seconds Of Summer,2026-10-24,,LIVE NATION AUSTRALIA,0.0,0.0,17154005.1,87,164,37,10,3,13,Arena
Zara Larsson,2026-10-25,,LIVE NATION AUSTRALIA,3822077.52,895136.14,0.0,0,5,10,10,1,0,Arena
Zara Larsson,2026-10-26,,LIVE NATION AUSTRALIA,3822077.52,895136.14,0.0,0,5,10,10,1,0,Arena
"""Moo, Brew &amp; 'Que Fest""",2026-10-31,,LIVE NATION AUSTRALIA,0.0,0.0,0.0,0,0,0,0,0,1,Theater
Charlie Puth,2026-11-05,,LIVE NATION AUSTRALIA,0.0,2549512.67,3412978.27,29,15,15,12,0,1,Arena
"""Moo, Brew &amp; 'Que Fest""",2026-11-13,,LIVE NATION AUSTRALIA,0.0,0.0,0.0,0,0,0,0,0,1,Theater
Courtney Barnett,2026-11-18,,LIVE NATION AUSTRALIA,0.0,0.0,54000.0,0,0,26,52,0,2,Theater
Joji,2026-11-19,,LIVE NATION AUSTRALIA,0.0,0.0,24251183.15,1,45,6,9,0,1,Arena
Jack Johnson,2026-11-20,,LIVE NATION AUSTRALIA,0.0,0.0,3419683.68,100,12,18,1,12,15,Arena
Dropkick Murphys,2026-11-21,,LIVE NATION AUSTRALIA,6152426.46,3298049.93,4008327.74,8,70,78,138,2,11,Arena
Jack Johnson,2026-11-22,,LIVE NATION AUSTRALIA,0.0,0.0,3419683.68,100,12,18,1,12,15,Amphitheatre
Courtney Barnett,2026-11-22,,LIVE NATION AUSTRALIA,0.0,0.0,54000.0,0,0,26,52,0,2,Arena
Dropkick Murphys,2026-11-24,,LIVE NATION AUSTRALIA,6152426.46,3298049.93,4008327.74,8,70,78,138,2,11,Arena
Dermot Kennedy,2026-11-25,,LIVE NATION AUSTRALIA,132950.5,0.0,19937522.59,6,39,52,59,10,4,Theater
Aldous Harding,2026-11-25,,LIVE NATION AUSTRALIA,0.0,0.0,190643.78,0,0,8,23,0,4,Theater
Dermot Kennedy,2026-11-27,,LIVE NATION AUSTRALIA,132950.5,0.0,19937522.59,6,39,52,59,10,4,Arena
Aldous Harding,2026-11-27,,LIVE NATION AUSTRALIA,0.0,0.0,190643.78,0,0,8,23,0,4,Theater
Dermot Kennedy,2026-11-28,,LIVE NATION AUSTRALIA,132950.5,0.0,19937522.59,6,39,52,59,10,4,Arena
Aldous Harding,2026-11-28,,LIVE NATION AUSTRALIA,0.0,0.0,190643.78,0,0,8,23,0,4,Theater
Joost Klein,2026-11-29,,LIVE NATION AUSTRALIA,0.0,0.0,0.0,0,0,2,2,0,0,Theater
Aldous Harding,2026-11-29,,LIVE NATION AUSTRALIA,0.0,0.0,190643.78,0,0,8,23,0,4,Arena
J. Cole,2026-12-05,,LIVE NATION AUSTRALIA,0.0,2084747.68,0.0,25,121,50,39,2,2,Arena
J. Cole,2026-12-06,,LIVE NATION AUSTRALIA,0.0,2084747.68,0.0,25,121,50,39,2,2,Arena
BabyMonster,2026-12-08,,LIVE NATION AUSTRALIA,6304380.52,0.0,0.0,0,5,0,0,0,0,Arena
Dylan Gossett,2026-12-12,,LIVE NATION AUSTRALIA,284626.49,391766.02,0.0,0,0,5,17,0,0,Club
A Perfect Circle,2026-12-13,,LIVE NATION AUSTRALIA,0.0,818100.0,0.0,11,41,13,2,0,1,Arena
Queens of The Stone Age,2026-12-20,,LIVE NATION AUSTRALIA,5372358.350000001,5025958.14,9267901.4,10,75,60,21,1,10,Arena
Greeicy,2026-09-29,,OCESA,188724.64,869210.9,0.0,0,3,3,1,0,0,Arena
NTO,2026-09-29,,OCESA,4465.0,0.0,7030.0,0,0,0,2,0,0,Club
Maroon 5,2026-09-30,,OCESA,63640031.16,21902872.41,27203545.43,52,229,54,6,41,25,Arena
The Beast,2026-09-30,,OCESA,0.0,0.0,0.0,0,0,1,0,0,0,Theater
NTO,2026-09-30,,OCESA,4465.0,0.0,7030.0,0,0,0,2,0,0,Club
Tove Lo,2026-10-01,,OCESA,0.0,0.0,1717136.32,0,0,12,42,0,1,Arena
Iron Maiden,2026-10-02,,OCESA,101820128.39,66715059.9,43129700.35,63,249,3,2,90,7,Stadium
Lost Acapulco,2026-10-03,,OCESA,17934.9,0.0,0.0,0,0,0,1,0,0,Club
Alejandro Sanz,2026-10-03,,OCESA,9784977.59,952298.71,27921974.8,7,55,55,0,22,4,Arena
Guillotina,2026-10-04,,OCESA,0.0,0.0,0.0,0,0,1,0,0,0,Theater
Alvaro,2026-10-04,,OCESA,0.0,0.0,0.0,0,0,0,1,0,0,Club
Alvaro,2026-10-04,,OCESA,0.0,0.0,0.0,0,0,0,1,0,0,Club
Symphony,2026-10-04,,OCESA,0.0,0.0,0.0,0,0,0,2,0,0,Club
Rosana,2026-10-06,,OCESA,0.0,0.0,0.0,0,1,1,5,0,0,Club
Nic &amp; Desi,2026-10-07,,OCESA,0.0,0.0,4274.05,0,0,1,0,0,0,Theater
Robbie Williams,2026-10-08,,OCESA,38726781.08,1132445.32,31254248.13,4,47,2,0,15,3,Arena
Rock,2026-10-08,,OCESA,0.0,0.0,0.0,0,0,0,1,0,0,Club
Miami Horror,2026-10-08,,OCESA,105889.57,0.0,0.0,0,0,2,18,0,2,Club
Okills,2026-10-08,,OCESA,0.0,0.0,0.0,0,0,0,1,0,0,Club
Pablo Alborán,2026-10-08,,OCESA,0.0,2069531.8,8112290.38,4,33,30,1,11,4,Theater
Alvaro,2026-10-09,,OCESA,0.0,0.0,0.0,0,0,0,1,0,0,Club
Of Monsters And Men,2026-10-09,,OCESA,673008.22,0.0,0.0,11,5,49,50,1,6,Arena
Ra,2026-10-09,,OCESA,910.56,0.0,0.0,0,0,0,2,0,0,Club
Rosana,2026-10-09,,OCESA,0.0,0.0,0.0,0,1,1,5,0,0,Club
Meme,2026-10-09,,OCESA,0.0,0.0,0.0,0,0,1,0,0,0,Theater
Autumn,2026-10-09,,OCESA,0.0,0.0,0.0,0,0,0,1,0,0,Club
Rawayana,2026-10-10,,OCESA,0.0,1859072.56,268722.57,0,16,8,9,1,1,Arena
Alvaro,2026-10-10,,OCESA,0.0,0.0,0.0,0,0,0,1,0,0,Club
Alejandro Sanz,2026-10-10,,OCESA,9784977.59,952298.71,27921974.8,7,55,55,0,22,4,Arena
Monsieur Periné,2026-10-10,,OCESA,0.0,107626.57,0.0,0,0,7,12,0,1,Theater
Estelares,2026-10-10,,OCESA,0.0,21040.8,0.0,0,0,0,1,0,0,Club
AKRIILA,2026-10-10,,OCESA,41904.76,91167.43,0.0,0,0,4,1,0,0,Theater
Peter Bjorn And John,2026-10-11,,OCESA,25040.0,0.0,0.0,0,0,3,32,0,0,Club
Nic &amp; Desi,2026-10-11,,OCESA,0.0,0.0,4274.05,0,0,1,0,0,0,Theater
Alvaro,2026-10-11,,OCESA,0.0,0.0,0.0,0,0,0,1,0,0,Club
Sepultura,2026-10-11,,OCESA,0.0,2651611.02,0.0,1,5,14,29,1,2,Arena
Natalia LaFourcade,2026-10-11,,OCESA,4769215.08,0.0,5465363.4799999995,1,8,41,15,1,2,Theater
Bunbury,2026-10-12,,OCESA,8662840.8,6664348.7700000005,489408.32,4,20,41,9,14,8,Theater
Natalia LaFourcade,2026-10-12,,OCESA,4769215.08,0.0,5465363.4799999995,1,8,41,15,1,2,Theater
"Hombres G, Los Enanitos Verdes",2026-10-13,,OCESA,3449213.65,0.0,0.0,0,5,1,0,0,0,Arena
Jane Remover,2026-10-13,,OCESA,42748.9,0.0,0.0,0,0,0,9,0,0,Club
"Hombres G, Los Enanitos Verdes",2026-10-14,,OCESA,3449213.65,0.0,0.0,0,5,1,0,0,0,Arena
Travis,2026-10-14,,OCESA,229195.73,4894790.51,0.0,0,8,38,17,0,2,Arena
Ra,2026-10-14,,OCESA,910.56,0.0,0.0,0,0,0,2,0,0,Club
Two Door Cinema Club,2026-10-15,,OCESA,0.0,2811716.67,777788.89,4,7,43,87,3,5,Arena
Om,2026-10-15,,OCESA,0.0,0.0,0.0,0,0,1,19,0,0,Club
Adéla,2026-10-15,,OCESA,0.0,0.0,0.0,0,0,0,1,0,0,Club
Bunbury,2026-10-15,,OCESA,8662840.8,6664348.7700000005,489408.32,4,20,41,9,14,8,Theater
Ra,2026-10-15,,OCESA,910.56,0.0,0.0,0,0,0,2,0,0,Club
Kneecap,2026-10-15,,OCESA,4108728.23,512008.07,96574.89,0,4,9,10,1,0,Club
Two Door Cinema Club,2026-10-16,,OCESA,0.0,2811716.67,777788.89,4,7,43,87,3,5,Arena
Caifanes,2026-10-16,,OCESA,11100192.5,8803975.02,6125837.01,6,46,57,15,17,13,Theater
"Hombres G, Los Enanitos Verdes",2026-10-16,,OCESA,3449213.65,0.0,0.0,0,5,1,0,0,0,Arena
Adéla,2026-10-16,,OCESA,0.0,0.0,0.0,0,0,0,1,0,0,Club
Martin Garrix,2026-10-16,,OCESA,3683750.61,4900464.97,0.0,2,11,4,3,0,0,Arena
Gene,2026-10-17,,OCESA,0.0,0.0,0.0,0,0,1,1,0,0,Club
Name,2026-10-17,,OCESA,0.0,0.0,0.0,0,0,0,1,0,0,Club
IVE,2026-10-17,,OCESA,3790215.44,12543199.86,3686900.39,0,20,0,0,0,0,Arena
Enrique,2026-10-16,,OCESA,0.0,1229220.45,0.0,0,1,0,0,0,0,Arena
Caifanes,2026-10-17,,OCESA,11100192.5,8803975.02,6125837.01,6,46,57,15,17,13,Theater
Band-Maid,2026-10-17,,OCESA,0.0,0.0,116315.42,0,1,0,3,0,0,Arena
Airbag,2026-10-17,,OCESA,18962470.27,16449952.62,0.0,1,14,8,4,9,7,Arena
Bunbury,2026-10-17,,OCESA,8662840.8,6664348.7700000005,489408.32,4,20,41,9,14,8,Theater
Martin Garrix,2026-10-17,,OCESA,3683750.61,4900464.97,0.0,2,11,4,3,0,0,Arena
Yolanda Del Rio,2026-10-17,,OCESA,169425.0,0.0,0.0,0,0,5,1,0,0,Theater
Co &amp; Zo - De Podcast,2026-10-18,,OCESA,3526.65,0.0,0.0,0,0,1,0,0,0,Theater
Om,2026-10-18,,OCESA,0.0,0.0,0.0,0,0,1,19,0,0,Arena
"Hombres G, Los Enanitos Verdes",2026-10-18,,OCESA,3449213.65,0.0,0.0,0,5,1,0,0,0,Arena
The Midnight,2026-10-18,,OCESA,211693.69,301290.25,609328.26,1,0,22,50,0,2,Club
Blessd,2026-10-18,,OCESA,2259306.0,2595505.14,409691.66,0,7,4,4,4,2,Arena
Def Leppard,2026-10-19,,OCESA,4391401.04,3144981.0,0.0,74,123,17,5,1,0,Arena
Bunbury,2026-10-19,,OCESA,8662840.8,6664348.7700000005,489408.32,4,20,41,9,14,8,Theater
"Hombres G, Los Enanitos Verdes",2026-10-20,,OCESA,3449213.65,0.0,0.0,0,5,1,0,0,0,Arena
Def Leppard,2026-10-21,,OCESA,4391401.04,3144981.0,0.0,74,123,17,5,1,0,Arena
Slayer,2026-10-21,,OCESA,0.0,0.0,0.0,25,51,28,22,2,4,Arena
Bunbury,2026-10-21,,OCESA,8662840.8,6664348.7700000005,489408.32,4,20,41,9,14,8,Theater
La Casetera,2026-10-21,,OCESA,25773.54,414300.43,340479.91,0,2,3,1,0,0,Theater
"Hombres G, Los Enanitos Verdes",2026-10-22,,OCESA,3449213.65,0.0,0.0,0,5,1,0,0,0,Arena
Jessie Ware,2026-10-22,,OCESA,0.0,0.0,1453398.58,0,1,7,29,0,0,Club
The Vaccines,2026-10-22,,OCESA,53096.53,526431.98,0.0,0,4,15,58,0,3,Club
Coco &amp; Clair Clair,2026-10-22,,OCESA,0.0,41652.06,42606.33,0,0,1,8,0,0,Club
Bad Gyal,2026-10-22,,OCESA,0.0,1369372.12,1613122.36,0,8,1,1,1,1,Arena
Jessie Ware,2026-10-23,,OCESA,0.0,0.0,1453398.58,0,1,7,29,0,0,Club
Belako,2026-10-23,,OCESA,1129.48,0.0,0.0,0,0,0,1,0,0,Club
Bunbury,2026-10-23,,OCESA,8662840.8,6664348.7700000005,489408.32,4,20,41,9,14,8,Theater
Fobia,2026-10-23,,OCESA,0.0,0.0,0.0,0,3,12,9,0,1,Arena
Bad Gyal,2026-10-23,,OCESA,0.0,1369372.12,1613122.36,0,8,1,1,1,1,Arena
Alizzz,2026-10-23,,OCESA,0.0,0.0,41462.51,0,0,0,2,0,0,Club
R&amp;B Vibes Live,2026-10-23,,OCESA,0.0,0.0,0.0,0,0,0,2,0,0,Club
Everything,2026-10-24,,OCESA,0.0,0.0,0.0,0,0,0,1,0,0,Club
Abel Pintos,2026-10-24,,OCESA,0.0,0.0,72934.29,1,3,2,6,3,13,Other
Fobia,2026-10-24,,OCESA,0.0,0.0,0.0,0,3,12,9,0,1,Arena
"Romeo Santos, Prince Royce",2026-10-25,,OCESA,0.0,0.0,0.0,0,30,0,0,0,0,Arena
"""SummerStage"", Two Door Cinema Club, Friends",2026-10-25,,OCESA,0.0,0.0,0.0,1,0,0,0,0,0,Amphitheatre
Bad Gyal,2026-10-25,,OCESA,0.0,1369372.12,1613122.36,0,8,1,1,1,1,Arena
"Romeo Santos, Prince Royce",2026-10-26,,OCESA,0.0,0.0,0.0,0,30,0,0,0,0,Arena
Jimmy Sea,2026-10-28,,OCESA,0.0,107720.83,0.0,0,0,1,0,0,0,Theater
Aitana,2026-10-28,,OCESA,10022719.03,1046744.51,9033891.4,8,27,6,0,22,8,Arena
Omar Courtz,2026-10-28,,OCESA,7593275.32,0.0,0.0,0,21,2,1,2,0,Arena
M,2026-10-29,,OCESA,0.0,0.0,286459.73,0,0,2,0,0,0,Arena
Los Pericos,2026-10-29,,OCESA,49685.56,69345.24,174757.27000000002,0,3,7,7,0,1,Club
Omar Courtz,2026-10-29,,OCESA,7593275.32,0.0,0.0,0,21,2,1,2,0,Arena
Adora,2026-10-29,,OCESA,0.0,0.0,0.0,0,0,0,1,0,0,Club
Nas,2026-10-29,,OCESA,411962.6,1911410.15,1663718.0,1,2,20,7,0,1,Theater
Sofi Tukker,2026-10-30,,OCESA,90900.0,1935568.01,632857.29,4,1,13,35,0,3,Club
Kevin Kaarl,2026-10-30,,OCESA,2866265.19,0.0,1953727.11,0,1,24,19,0,1,Theater
Aitana,2026-10-30,,OCESA,10022719.03,1046744.51,9033891.4,8,27,6,0,22,8,Arena
La Tremenda Korte,2026-10-30,,OCESA,38877.91,0.0,0.0,0,0,2,1,0,0,Theater
,2026-10-30,,OCESA,0.0,0.0,0.0,0,0,0,0,0,0,Arena
Sofi Tukker,2026-10-31,,OCESA,90900.0,1935568.01,632857.29,4,1,13,35,0,3,Arena
Coco &amp; Clair Clair,2026-10-31,,OCESA,0.0,41652.06,42606.33,0,0,1,8,0,0,Club
José María Napoleón,2026-10-31,,OCESA,859454.6799999999,0.0,0.0,1,3,10,1,0,0,Theater
Nand,2026-10-31,,OCESA,0.0,2263.97,0.0,0,0,0,1,0,0,Club
Omar Courtz,2026-10-31,,OCESA,7593275.32,0.0,0.0,0,21,2,1,2,0,Arena
Akira Yamaoka,2026-11-01,,OCESA,0.0,0.0,0.0,0,0,1,8,0,0,Club
"""Festival International de Jazz De Montreal"", Lila Downs",2026-11-01,,OCESA,0.0,0.0,0.0,0,0,0,1,0,0,Club
Leire Martínez,2026-11-03,,OCESA,0.0,0.0,0.0,0,0,0,1,0,0,Club
Liana Flores,2026-11-03,,OCESA,0.0,26934.07,0.0,0,0,0,4,0,0,Club
Omar Courtz,2026-11-03,,OCESA,7593275.32,0.0,0.0,0,21,2,1,2,0,Arena
Puma Blue,2026-11-05,,OCESA,5450.0,0.0,33951.42,0,0,1,13,0,0,Club
Aitana,2026-11-05,,OCESA,10022719.03,1046744.51,9033891.4,8,27,6,0,22,8,Theater
Emjay,2026-11-05,,OCESA,27110.83,0.0,0.0,0,0,0,1,0,0,Club
Peces Raros,2026-11-05,,OCESA,23348.44,0.0,0.0,0,0,0,2,0,0,Club
Dillom,2026-11-05,,OCESA,222521.52,87915.85,26216.33,0,1,3,2,0,1,Theater
El Mundo,2026-11-06,,OCESA,0.0,0.0,0.0,0,0,1,0,0,0,Theater
Serbia,2026-11-06,,OCESA,68622.34,0.0,72890.22,0,0,3,1,0,0,Theater
Aitana,2026-11-06,,OCESA,10022719.03,1046744.51,9033891.4,8,27,6,0,22,8,Theater
Omar Courtz,2026-11-06,,OCESA,7593275.32,0.0,0.0,0,21,2,1,2,0,Arena
iO,2026-11-06,,OCESA,0.0,0.0,0.0,0,0,1,0,0,0,Theater
Dillom,2026-11-06,,OCESA,222521.52,87915.85,26216.33,0,1,3,2,0,1,Theater
El Mundo,2026-11-07,,OCESA,0.0,0.0,0.0,0,0,1,0,0,0,Theater
Aitana,2026-11-07,,OCESA,10022719.03,1046744.51,9033891.4,8,27,6,0,22,8,Theater
Omar Courtz,2026-11-07,,OCESA,7593275.32,0.0,0.0,0,21,2,1,2,0,Arena
Dillom,2026-11-07,,OCESA,222521.52,87915.85,26216.33,0,1,3,2,0,1,Theater
El Mundo,2026-11-08,,OCESA,0.0,0.0,0.0,0,0,1,0,0,0,Theater
Los Panchos,2026-11-08,,OCESA,0.0,15641.01,0.0,0,0,5,1,0,1,Theater
ZZ Top,2026-11-09,,OCESA,15092696.99,8840466.74,1880764.0,121,97,246,32,8,58,Theater
ZZ Top,2026-11-11,,OCESA,15092696.99,8840466.74,1880764.0,121,97,246,32,8,58,Theater
Amar,2026-11-11,,OCESA,13559.81,0.0,0.0,0,0,0,1,0,0,Club
R&amp;B Vibes Live,2026-11-12,,OCESA,0.0,0.0,0.0,0,0,0,2,0,0,Club
ZZ Top,2026-11-13,,OCESA,15092696.99,8840466.74,1880764.0,121,97,246,32,8,58,Theater
El Mundo,2026-11-13,,OCESA,0.0,0.0,0.0,0,0,1,0,0,0,Theater
Amar,2026-11-13,,OCESA,13559.81,0.0,0.0,0,0,0,1,0,0,Arena
El Kanka,2026-11-13,,OCESA,0.0,0.0,279215.25,1,2,1,1,1,0,Arena
Majo Aguilar,2026-11-13,,OCESA,105494.7,81006.95,24830.72,0,0,2,2,0,0,Club
El Mundo,2026-11-14,,OCESA,0.0,0.0,0.0,0,0,1,0,0,0,Theater
Dimash Qudaibergen,2026-11-14,,OCESA,3967014.37,0.0,0.0,0,3,1,0,0,0,Arena
Little Jesus,2026-11-14,,OCESA,469817.96,0.0,457223.32,0,2,5,11,2,1,Club
El Mundo,2026-11-15,,OCESA,0.0,0.0,0.0,0,0,1,0,0,0,Theater
Mon Laferte,2026-11-16,,OCESA,0.0,7944725.15,0.0,5,24,32,10,3,6,Theater
Estela Nuñez,2026-11-16,,OCESA,62651.83,285833.85,21920.59,0,1,2,11,0,0,Theater
Dimash Qudaibergen,2026-11-17,,OCESA,3967014.37,0.0,0.0,0,3,1,0,0,0,Arena
"MARO, NASAYA",2026-11-18,,OCESA,11524.47,0.0,0.0,0,0,1,0,0,0,Theater
Emmanuel &amp; Mijares,2026-11-18,,OCESA,2606004.45,10420069.05,5582201.26,1,2,44,0,1,2,Theater
Gene,2026-11-20,,OCESA,0.0,0.0,0.0,0,0,1,1,0,0,Club
RONA,2026-11-20,,OCESA,5634.04,0.0,0.0,0,0,0,1,0,0,Club
RONA,2026-11-20,,OCESA,5634.04,0.0,0.0,0,0,0,1,0,0,Club
Bog,2026-11-19,,OCESA,0.0,0.0,0.0,0,0,0,2,0,0,Club
David Bisbal,2026-11-19,,OCESA,5555385.52,6134250.71,10430917.14,5,31,58,9,25,15,Theater
Dimash Qudaibergen,2026-11-19,,OCESA,3967014.37,0.0,0.0,0,3,1,0,0,0,Arena
Res,2026-11-19,,OCESA,0.0,4353.0,14926.0,0,0,0,8,0,0,Club
Gene,2026-11-20,,OCESA,0.0,0.0,0.0,0,0,1,1,0,0,Club
Name,2026-11-20,,OCESA,0.0,0.0,0.0,0,0,0,1,0,0,Club
Gene,2026-11-20,,OCESA,0.0,0.0,0.0,0,0,1,1,0,0,Club
RONA,2026-11-20,,OCESA,5634.04,0.0,0.0,0,0,0,1,0,0,Club
RONA,2026-11-20,,OCESA,5634.04,0.0,0.0,0,0,0,1,0,0,Club
Gene,2026-11-21,,OCESA,0.0,0.0,0.0,0,0,1,1,0,0,Club
RONA,2026-11-21,,OCESA,5634.04,0.0,0.0,0,0,0,1,0,0,Club
RONA,2026-11-21,,OCESA,5634.04,0.0,0.0,0,0,0,1,0,0,Club
Angel,2026-11-20,,OCESA,0.0,0.0,2563.0,0,0,0,1,0,0,Club
Lo Mejor del Rock en Español,2026-11-20,,OCESA,0.0,0.0,0.0,0,0,0,1,0,0,Club
Morat,2026-11-20,,OCESA,12348530.96,73686333.73,28732781.83,8,51,45,8,51,17,Arena
Dimash Qudaibergen,2026-11-20,,OCESA,3967014.37,0.0,0.0,0,3,1,0,0,0,Arena
Gene,2026-11-20,,OCESA,0.0,0.0,0.0,0,0,1,1,0,0,Club
Bono,2026-11-20,,OCESA,0.0,0.0,6773556.0,0,0,9,0,0,0,Theater
Name,2026-11-21,,OCESA,0.0,0.0,0.0,0,0,0,1,0,0,Club
Gene,2026-11-21,,OCESA,0.0,0.0,0.0,0,0,1,1,0,0,Club
Gene,2026-11-22,,OCESA,0.0,0.0,0.0,0,0,1,1,0,0,Club
RONA,2026-11-22,,OCESA,5634.04,0.0,0.0,0,0,0,1,0,0,Club
RONA,2026-11-22,,OCESA,5634.04,0.0,0.0,0,0,0,1,0,0,Club
Angel,2026-11-21,,OCESA,0.0,0.0,2563.0,0,0,0,1,0,0,Club
"Sasha, Benny, Erik",2026-11-21,,OCESA,0.0,0.0,0.0,1,6,16,0,1,1,Theater
David Bisbal,2026-11-21,,OCESA,5555385.52,6134250.71,10430917.14,5,31,58,9,25,15,Theater
Morat,2026-11-21,,OCESA,12348530.96,73686333.73,28732781.83,8,51,45,8,51,17,Arena
Art,2026-11-21,,OCESA,0.0,0.0,0.0,0,0,1,0,0,0,Theater
Malcriada,2026-11-21,,OCESA,16144.43,0.0,0.0,0,0,0,1,0,0,Club
LP,2026-11-22,,OCESA,0.0,1924602.25,997128.67,4,11,25,57,2,21,Theater
Soda Stereo,2026-11-23,,OCESA,0.0,0.0,0.0,0,9,3,0,3,0,Arena
"""Cap Roig Festival"", Taburete",2026-11-23,,OCESA,0.0,0.0,0.0,0,0,0,0,2,0,Stadium
Love of Lesbian,2026-11-24,,OCESA,857279.6,532585.48,836237.5800000001,3,5,20,5,0,4,Theater
Trueno,2026-11-24,,OCESA,2520298.59,1377645.58,29090.04,1,7,10,2,0,1,Theater
"SIX60, Nico &amp; Vinz",2026-11-25,,OCESA,0.0,0.0,0.0,0,0,0,1,0,0,Club
Giant Rooks,2026-11-25,,OCESA,0.0,4045025.2,274287.68,0,12,12,33,8,13,Club
Love of Lesbian,2026-11-25,,OCESA,857279.6,532585.48,836237.5800000001,3,5,20,5,0,4,Theater
Hayley Williams,2026-11-26,,OCESA,0.0,0.0,0.0,0,0,7,3,2,0,Theater
Hayley Williams,2026-11-26,,OCESA,0.0,0.0,0.0,0,0,7,3,2,0,Theater
"Justin, Scott And Spiegel",2026-11-26,,OCESA,0.0,0.0,0.0,0,0,0,1,0,0,Club
Nacho Vegas,2026-11-26,,OCESA,0.0,227871.74,0.0,0,1,8,2,0,2,Theater
Flow,2026-11-28,,OCESA,406551.66,631195.89,0.0,0,0,4,13,0,0,Club
Gene,2026-11-28,,OCESA,0.0,0.0,0.0,0,0,1,1,0,0,Club
Flow,2026-11-28,,OCESA,406551.66,631195.89,0.0,0,0,4,13,0,0,Club
"Ris, John Urbano",2026-11-27,,OCESA,0.0,0.0,0.0,0,0,0,1,0,0,Club
Insite,2026-11-27,,OCESA,0.0,257266.01,67902.31,0,1,4,2,0,0,Theater
KATSEYE,2026-11-27,,OCESA,3690618.47,0.0,0.0,0,1,5,1,0,0,Theater
RØZ,2026-11-27,,OCESA,9000.0,0.0,0.0,0,0,0,1,0,0,Arena
Nasa Histoires,2026-11-27,,OCESA,68652.48000000001,0.0,0.0,0,0,1,3,0,0,Club
Flow,2026-11-28,,OCESA,406551.66,631195.89,0.0,0,0,4,13,0,0,Club
Gene,2026-11-28,,OCESA,0.0,0.0,0.0,0,0,1,1,0,0,Club
Flow,2026-11-28,,OCESA,406551.66,631195.89,0.0,0,0,4,13,0,0,Club
Flow,2026-11-29,,OCESA,406551.66,631195.89,0.0,0,0,4,13,0,0,Club
Flow,2026-11-29,,OCESA,406551.66,631195.89,0.0,0,0,4,13,0,0,Club
Gene,2026-11-29,,OCESA,0.0,0.0,0.0,0,0,1,1,0,0,Club
Disco Bahía,2026-11-28,,OCESA,0.0,17032.52,0.0,0,0,1,0,0,0,Theater
KATSEYE,2026-11-28,,OCESA,3690618.47,0.0,0.0,0,1,5,1,0,0,Theater
Rico &amp; Sticks,2026-11-28,,OCESA,0.0,0.0,0.0,0,0,0,1,0,0,Club
Menudo,2026-11-28,,OCESA,0.0,0.0,0.0,0,0,6,0,0,0,Theater
Los Daniels,2026-11-29,,OCESA,44096.2,0.0,0.0,0,0,2,1,0,2,Theater
The Mars Volta,2026-11-29,,OCESA,323098.28,132861.5,1629960.96,0,3,13,11,0,0,Arena
Yuri,2026-12-01,,OCESA,4753331.45,11821715.83,1229237.68,0,25,45,1,2,2,Theater
Kali Uchis,2026-12-02,,OCESA,852530.5,0.0,12660196.02,6,12,16,19,0,1,Club
Eslabon Armado,2026-12-02,,OCESA,1739272.04,1261289.0,3416776.95,1,7,19,1,0,0,Theater
Bruno Mars,2026-12-03,,LIVE NATION MUSIC,23796194.0,280515343.74,87980695.9,12,221,79,9,45,8,Stadium
Emmanuel &amp; Mijares,2026-12-03,,OCESA,2606004.45,10420069.05,5582201.26,1,2,44,0,1,2,Theater
Bruno Mars,2026-12-04,,LIVE NATION MUSIC,23796194.0,280515343.74,87980695.9,12,221,79,9,45,8,Stadium
Caifanes,2026-12-04,,OCESA,11100192.5,8803975.02,6125837.01,6,46,57,15,17,13,Arena
"In, Flew Ants",2026-12-04,,OCESA,0.0,0.0,0.0,0,0,0,2,0,0,Club
David Bisbal,2026-12-04,,OCESA,5555385.52,6134250.71,10430917.14,5,31,58,9,25,15,Theater
"Love, Fraser",2026-12-04,,OCESA,0.0,0.0,0.0,0,0,0,1,0,0,Club
Lit Killah,2026-12-04,,OCESA,153813.67,104692.89,137135.99,1,3,2,0,0,1,Arena
Simi,2026-12-05,,OCESA,0.0,0.0,0.0,0,0,0,1,0,0,Club
Simi,2026-12-05,,OCESA,0.0,0.0,0.0,0,0,0,1,0,0,Club
Gene,2026-12-05,,OCESA,0.0,0.0,0.0,0,0,1,1,0,0,Club
"Love, Fraser",2026-12-05,,OCESA,0.0,0.0,0.0,0,0,0,1,0,0,Club
Yuridia,2026-12-05,,OCESA,3643074.04,11045017.92,1351399.31,0,24,43,2,8,1,Theater
Caifanes,2026-12-05,,OCESA,11100192.5,8803975.02,6125837.01,6,46,57,15,17,13,Arena
"In, Flew Ants",2026-12-05,,OCESA,0.0,0.0,0.0,0,0,0,2,0,0,Club
Motel,2026-12-05,,OCESA,0.0,0.0,39263.59,0,0,1,2,0,1,Club
Banda Machos,2026-12-05,,OCESA,74195.0,262605.0,0.0,0,0,6,0,0,0,Theater
Natalia Lacunza,2026-12-05,,OCESA,0.0,0.0,0.0,0,0,0,1,0,0,Club
America,2026-12-05,,OCESA,3837882.2,4477164.55,1750231.2,5,8,175,41,0,14,Theater
Caifanes,2026-12-06,,OCESA,11100192.5,8803975.02,6125837.01,6,46,57,15,17,13,Arena
"Sue, Matt &amp; Phil Live!",2026-12-06,,OCESA,1067771.08,0.0,0.0,0,3,19,1,0,0,Theater
Bruno Mars,2026-12-07,,LIVE NATION MUSIC,23796194.0,280515343.74,87980695.9,12,221,79,9,45,8,Stadium
Bruno Mars,2026-12-08,,LIVE NATION MUSIC,23796194.0,280515343.74,87980695.9,12,221,79,9,45,8,Stadium
ATARASHII GAKKO!,2026-12-08,,OCESA,244056.0,1000528.92,0.0,0,4,5,0,0,0,Theater
Gorillaz,2026-12-09,,OCESA,0.0,0.0,5075.0,8,73,15,1,3,1,Arena
Aria,2026-12-10,,OCESA,0.0,0.0,0.0,0,0,1,2,0,0,Club
Aterciopelados,2026-12-10,,OCESA,61183.24,184317.98,0.0,0,0,3,14,0,0,Theater
Bruno Mars,2026-12-11,,LIVE NATION MUSIC,23796194.0,280515343.74,87980695.9,12,221,79,9,45,8,Stadium
Caifanes,2026-12-11,,OCESA,11100192.5,8803975.02,6125837.01,6,46,57,15,17,13,Theater
Aria,2026-12-11,,OCESA,0.0,0.0,0.0,0,0,1,2,0,0,Club
Los Bukis,2026-12-12,,OCESA,0.0,15998261.0,1592576.25,2,0,13,0,13,0,Stadium
Motel,2026-12-12,,OCESA,0.0,0.0,39263.59,0,0,1,2,0,1,Theater
NU,2026-12-13,,OCESA,0.0,0.0,0.0,0,0,0,1,0,0,Club
Maná,2026-12-16,,OCESA,0.0,0.0,0.0,0,1,0,0,0,0,Arena
Maná,2026-12-17,,OCESA,0.0,0.0,0.0,0,1,0,0,0,0,Arena
Enjambre,2026-12-17,,OCESA,2339451.52,1393977.74,1501082.42,2,6,30,10,2,8,Theater
División Minúscula,2026-12-18,,OCESA,0.0,720459.43,164558.03000000003,0,2,21,3,0,1,Arena
Los Bukis,2026-12-19,,OCESA,0.0,15998261.0,1592576.25,2,0,13,0,13,0,Stadium
Javiera Mena,2026-12-20,,OCESA,0.0,0.0,0.0,0,0,0,2,0,0,Club
Coco &amp; Clair Clair,2026-12-26,,OCESA,0.0,41652.06,42606.33,0,0,1,8,0,0,Club
The Lemon Twigs,2026-09-30,,Live Nation Austria GmbH,57777.990000000005,93127.87,69923.33,0,0,6,36,0,2,Club
Haken,2026-10-01,,Live Nation Austria GmbH,0.0,138771.46,117496.14,0,0,6,18,0,2,Club
Father of Peace,2026-10-01,,Live Nation Austria GmbH,0.0,0.0,0.0,0,0,0,1,0,0,Club
"Alexandr, Adelaide",2026-10-05,,Live Nation Austria GmbH,0.0,0.0,0.0,0,0,0,1,0,0,Club
Europe,2026-10-06,,Live Nation Austria GmbH,105381.03,0.0,383950.78,0,2,8,2,3,2,Theater
Strawberry Guy,2026-10-07,,Live Nation Austria GmbH,0.0,17830.48,7000.0,0,0,0,4,0,0,Club
Home Free,2026-10-08,,Live Nation Austria GmbH,203520.75,741013.19,739468.19,2,12,165,28,0,7,Theater
"The Wind, The Wave",2026-10-09,,Live Nation Austria GmbH,0.0,0.0,0.0,0,0,0,1,0,0,Club
Europe,2026-10-10,,Live Nation Austria GmbH,105381.03,0.0,383950.78,0,2,8,2,3,2,Theater
Unknown T,2026-10-11,,Live Nation Austria GmbH,0.0,0.0,54552.42,0,0,3,1,0,0,Theater
Unknown T,2026-10-11,,Live Nation Austria GmbH,0.0,0.0,54552.42,0,0,3,1,0,0,Theater
"""Cap Roig Festival"", Anastacia",2026-10-12,,Live Nation Austria GmbH,0.0,0.0,0.0,0,0,0,0,1,0,Theater
Death Cab For Cutie,2026-09-30,,Live Nation,2718946.78,0.0,1048636.74,41,12,92,45,3,12,Theater
Niels Destadsbader,2026-10-03,,Live Nation,0.0,0.0,0.0,0,1,4,0,0,0,Theater
Simple Plan,2026-10-05,,Live Nation,990161.89,11751607.05,757328.91,0,36,51,49,5,15,Theater
Apparat,2026-10-05,,Live Nation,0.0,0.0,0.0,0,0,1,3,0,0,Club
Spiritbox,2026-10-08,,Live Nation,2120691.02,0.0,380020.58,0,4,4,17,0,0,Arena
James Blake,2026-10-08,,Live Nation,67251.97,151716.84,945662.87,3,6,32,64,0,0,Club
James Blake,2026-10-09,,Live Nation,67251.97,151716.84,945662.87,3,6,32,64,0,0,Club
LAF,2026-10-12,,Live Nation,0.0,0.0,15678.04,0,0,0,1,0,0,Club
LAF,2026-10-13,,Live Nation,0.0,0.0,15678.04,0,0,0,1,0,0,Club
Bryan Adams,2026-10-15,,Live Nation,34941817.85,29271692.68,25946523.41,50,461,227,9,38,69,Arena
"Charlotte Brandi, Ment",2026-10-15,,Live Nation,0.0,0.0,0.0,0,0,0,1,0,0,Club
J. Cole,2026-10-17,,Live Nation,0.0,2084747.68,0.0,25,121,50,39,2,2,Arena
Myles Smith,2026-10-18,,Live Nation,2115248.51,203426.73,0.0,0,0,11,24,0,0,Club
"""Cap Roig Festival"", Anastacia",2026-10-18,,Live Nation,0.0,0.0,0.0,0,0,0,0,1,0,Stadium
"Dethklok, Amon Amarth",2026-10-18,,Live Nation,0.0,0.0,0.0,0,0,1,0,0,0,Arena
"The A, B, C &amp; D Of Boogie Woogie",2026-10-22,,Live Nation,0.0,0.0,0.0,0,0,0,1,0,0,Club
Deep Purple,2026-10-23,,Live Nation,0.0,6464659.54,1709824.57,10,77,41,4,5,16,Arena
Deep Purple,2026-10-23,,Live Nation,0.0,6464659.54,1709824.57,10,77,41,4,5,16,Arena
Niels Destadsbader,2026-10-24,,Live Nation,0.0,0.0,0.0,0,1,4,0,0,0,Theater
Ghinzu,2026-10-29,,Live Nation,0.0,0.0,0.0,0,1,0,0,0,0,Arena
Jungle,2026-10-31,,Live Nation,0.0,2146255.19,2124887.82,3,9,22,57,1,4,Club
Placebo,2026-11-01,,Live Nation,0.0,2551043.1,2841620.27,0,46,25,17,2,5,Arena
Arlo Parks,2026-11-03,,Live Nation,0.0,188443.48,348313.02999999997,0,0,6,22,0,0,Club
The Kid LAROI,2026-11-04,,Live Nation,0.0,8502598.75,2968556.88,2,32,8,9,1,3,Arena
The Kid LAROI,2026-11-04,,Live Nation,0.0,8502598.75,2968556.88,2,32,8,9,1,3,Arena
Niall Horan,2026-11-05,,Live Nation,0.0,68141223.9,0.0,58,69,28,3,1,4,Arena
"""Festival International de Jazz De Montreal"", Saint Levant",2026-11-05,,Live Nation,0.0,0.0,0.0,0,0,0,1,0,0,Club
"""Festival International de Jazz De Montreal"", Saint Levant",2026-11-06,,Live Nation,0.0,0.0,0.0,0,0,0,1,0,0,Club
Omah Lay,2026-11-06,,Live Nation,0.0,128545.91,223309.6,0,0,0,9,0,0,Club
Kneecap,2026-11-07,,Live Nation,4108728.23,512008.07,96574.89,0,4,9,10,1,0,Club
Korn,2026-11-09,,Live Nation,2571927.81,12956787.2,0.0,43,37,20,32,5,8,Amphitheatre
Fink,2026-11-09,,Live Nation,34982.91,0.0,0.0,0,0,1,4,0,0,Club
Tove Lo,2026-11-09,,Live Nation,0.0,0.0,1717136.32,0,0,12,42,0,1,Club
Fontaines D.C.,2026-11-12,,Live Nation,1547399.09,6675047.71,284569.66,1,14,11,29,2,4,Club
"Avenged Sevenfold, Good Charlotte",2026-11-13,,Live Nation,0.0,0.0,0.0,13,3,0,0,0,0,Amphitheatre
Overmono,2026-11-15,,Live Nation,449797.32,177144.3,145574.35,0,1,1,8,0,0,Club
Uriah Heep,2026-11-17,,Live Nation,814922.03,72415.0,0.0,1,2,33,20,0,3,Theater
Uriah Heep,2026-11-17,,Live Nation,814922.03,72415.0,0.0,1,2,33,20,0,3,Theater
Bloc Party,2026-11-18,,Live Nation,4617080.56,353727.51,1939103.48,6,15,23,27,2,3,Club
The Prodigy,2026-11-27,,Live Nation,2282799.77,1660677.42,4933551.51,2,57,12,1,3,4,Arena
The Script,2026-11-28,,Live Nation,11143320.6,15866245.59,48245.32,7,145,54,41,12,15,Arena
Papa Roach,2026-11-28,,Live Nation,6448895.12,0.0,735256.75,2,20,16,38,0,4,Arena
Bryson Tiller,2026-11-28,,Live Nation,0.0,14396903.73,1952369.56,10,20,31,34,0,2,Club
Kehlani,2026-12-01,,Live Nation,1293539.15,4938822.87,1110931.32,4,14,20,29,0,0,Club
Kehlani,2026-12-01,,Live Nation,1293539.15,4938822.87,1110931.32,4,14,20,29,0,0,Club
First Aid Kit,2026-12-01,,Live Nation,0.0,63725.13,1512778.04,1,1,39,48,0,3,Club
Beabadoobee,2026-12-04,,Live Nation,801797.5,2506361.44,323192.05,1,2,23,27,0,1,Club
Phoebe Bridgers,2026-12-05,,Live Nation,0.0,0.0,784568.04,8,2,7,20,1,6,Club
Selah Sue,2026-12-20,,Live Nation,0.0,52072.82,0.0,1,3,1,15,0,3,Club
Mike Oldfield,2026-09-28,,Live Nation GmbH,0.0,52694.53,0.0,0,0,1,0,0,0,Theater
A$AP Rocky,2026-09-28,,Live Nation GmbH,0.0,0.0,0.0,0,23,17,43,0,1,Arena
Backstreet Boys,2026-09-29,,Live Nation GmbH,55876666.93,0.0,42749575.69,70,242,48,2,11,10,Arena
Backstreet Boys,2026-09-29,,Live Nation GmbH,55876666.93,0.0,42749575.69,70,242,48,2,11,10,Arena
Backstreet Boys,2026-09-30,,Live Nation GmbH,55876666.93,0.0,42749575.69,70,242,48,2,11,10,Arena
Backstreet Boys,2026-09-30,,Live Nation GmbH,55876666.93,0.0,42749575.69,70,242,48,2,11,10,Arena
Backstreet Boys,2026-10-02,,Live Nation GmbH,55876666.93,0.0,42749575.69,70,242,48,2,11,10,Arena
Backstreet Boys,2026-10-02,,Live Nation GmbH,55876666.93,0.0,42749575.69,70,242,48,2,11,10,Arena
Bryan Adams,2026-10-02,,Live Nation GmbH,34941817.85,29271692.68,25946523.41,50,461,227,9,38,69,Arena
Backstreet Boys,2026-10-03,,Live Nation GmbH,55876666.93,0.0,42749575.69,70,242,48,2,11,10,Arena
Backstreet Boys,2026-10-03,,Live Nation GmbH,55876666.93,0.0,42749575.69,70,242,48,2,11,10,Arena
"""Cap Roig Festival"", Anastacia",2026-10-03,,Live Nation GmbH,0.0,0.0,0.0,0,0,0,0,1,0,Stadium
Backstreet Boys,2026-10-04,,Live Nation GmbH,55876666.93,0.0,42749575.69,70,242,48,2,11,10,Arena
Backstreet Boys,2026-10-04,,Live Nation GmbH,55876666.93,0.0,42749575.69,70,242,48,2,11,10,Arena
Bryan Adams,2026-10-05,,Live Nation GmbH,34941817.85,29271692.68,25946523.41,50,461,227,9,38,69,Theater
Backstreet Boys,2026-10-06,,Live Nation GmbH,55876666.93,0.0,42749575.69,70,242,48,2,11,10,Arena
Backstreet Boys,2026-10-06,,Live Nation GmbH,55876666.93,0.0,42749575.69,70,242,48,2,11,10,Arena
Simple Plan,2026-10-06,,Live Nation GmbH,990161.89,11751607.05,757328.91,0,36,51,49,5,15,Theater
Bryan Adams,2026-10-06,,Live Nation GmbH,34941817.85,29271692.68,25946523.41,50,461,227,9,38,69,Arena
Backstreet Boys,2026-10-07,,Live Nation GmbH,55876666.93,0.0,42749575.69,70,242,48,2,11,10,Arena
Backstreet Boys,2026-10-07,,Live Nation GmbH,55876666.93,0.0,42749575.69,70,242,48,2,11,10,Arena
Niall Horan,2026-10-07,,Live Nation GmbH,0.0,68141223.9,0.0,58,69,28,3,1,4,Arena
J. Cole,2026-10-07,,Live Nation GmbH,0.0,2084747.68,0.0,25,121,50,39,2,2,Arena
Niall Horan,2026-10-08,,Live Nation GmbH,0.0,68141223.9,0.0,58,69,28,3,1,4,Arena
Max Korzh,2026-10-10,,Live Nation GmbH,0.0,0.0,0.0,0,4,0,2,4,1,Arena
Bryan Adams,2026-10-12,,Live Nation GmbH,34941817.85,29271692.68,25946523.41,50,461,227,9,38,69,Arena
Niall Horan,2026-10-13,,Live Nation GmbH,0.0,68141223.9,0.0,58,69,28,3,1,4,Arena
The Strokes,2026-10-13,,Live Nation GmbH,248126.0,0.0,0.0,2,7,4,3,1,1,Arena
Andreas Gabalier,2026-10-14,,Live Nation GmbH,6533472.3,5036718.25,11601676.81,9,28,1,0,12,4,Club
J. Cole,2026-10-15,,Live Nation GmbH,0.0,2084747.68,0.0,25,121,50,39,2,2,Arena
The Strokes,2026-10-15,,Live Nation GmbH,248126.0,0.0,0.0,2,7,4,3,1,1,Arena
Andreas Gabalier,2026-10-15,,Live Nation GmbH,6533472.3,5036718.25,11601676.81,9,28,1,0,12,4,Club
Young Thug,2026-10-17,,Live Nation GmbH,874047.0,0.0,0.0,1,5,10,18,0,0,Club
Andreas Gabalier,2026-10-21,,Live Nation GmbH,6533472.3,5036718.25,11601676.81,9,28,1,0,12,4,Arena
Andreas Gabalier,2026-10-22,,Live Nation GmbH,6533472.3,5036718.25,11601676.81,9,28,1,0,12,4,Arena
Stevie Wonder,2026-10-24,,Live Nation GmbH,5077947.359999999,8495068.84,0.0,1,43,5,1,1,0,Arena
Andreas Gabalier,2026-10-24,,Live Nation GmbH,6533472.3,5036718.25,11601676.81,9,28,1,0,12,4,Arena
"The A, B, C &amp; D Of Boogie Woogie",2026-10-25,,Live Nation GmbH,0.0,0.0,0.0,0,0,0,1,0,0,Club
Andreas Gabalier,2026-10-25,,Live Nation GmbH,6533472.3,5036718.25,11601676.81,9,28,1,0,12,4,Arena
Stevie Wonder,2026-10-26,,Live Nation GmbH,5077947.359999999,8495068.84,0.0,1,43,5,1,1,0,Arena
Andreas Gabalier,2026-10-28,,Live Nation GmbH,6533472.3,5036718.25,11601676.81,9,28,1,0,12,4,Arena
Don Toliver,2026-10-29,,Live Nation GmbH,9032674.43,8111510.19,3222824.84,1,61,12,7,0,2,Theater
Stephen Wilson Jr.,2026-10-30,,Live Nation GmbH,786854.57,66436.31,0.0,2,0,10,13,0,1,Theater
Don Toliver,2026-10-31,,Live Nation GmbH,9032674.43,8111510.19,3222824.84,1,61,12,7,0,2,Arena
Niall Horan,2026-10-31,,Live Nation GmbH,0.0,68141223.9,0.0,58,69,28,3,1,4,Theater
Don Toliver,2026-11-02,,Live Nation GmbH,9032674.43,8111510.19,3222824.84,1,61,12,7,0,2,Arena
Andreas Gabalier,2026-11-02,,Live Nation GmbH,6533472.3,5036718.25,11601676.81,9,28,1,0,12,4,Arena
Don Toliver,2026-11-06,,Live Nation GmbH,9032674.43,8111510.19,3222824.84,1,61,12,7,0,2,Arena
Funk Tribu,2026-11-06,,Live Nation GmbH,29228.86,0.0,0.0,0,0,1,2,0,0,Club
Andreas Gabalier,2026-11-07,,Live Nation GmbH,6533472.3,5036718.25,11601676.81,9,28,1,0,12,4,Arena
J. Cole,2026-11-08,,Live Nation GmbH,0.0,2084747.68,0.0,25,121,50,39,2,2,Arena
Andreas Gabalier,2026-11-08,,Live Nation GmbH,6533472.3,5036718.25,11601676.81,9,28,1,0,12,4,Arena
Tou,2026-11-08,,Live Nation GmbH,0.0,348354.82999999996,0.0,0,0,0,1,0,1,Club
Bloc Party,2026-11-11,,Live Nation GmbH,4617080.56,353727.51,1939103.48,6,15,23,27,2,3,Arena
Don Toliver,2026-11-12,,Live Nation GmbH,9032674.43,8111510.19,3222824.84,1,61,12,7,0,2,Arena
Bloc Party,2026-11-12,,Live Nation GmbH,4617080.56,353727.51,1939103.48,6,15,23,27,2,3,Arena
Bloc Party,2026-11-14,,Live Nation GmbH,4617080.56,353727.51,1939103.48,6,15,23,27,2,3,Club
Bob Dylan,2026-11-15,,Live Nation GmbH,7625020.91,6922447.82,7985373.92,45,128,219,7,17,26,Theater
Pitbull,2026-11-16,,Live Nation GmbH,16938177.86,38572623.0,4171765.41,116,90,54,7,17,12,Amphitheatre
Andreas Gabalier,2026-11-16,,Live Nation GmbH,6533472.3,5036718.25,11601676.81,9,28,1,0,12,4,Arena
Andreas Gabalier,2026-11-17,,Live Nation GmbH,6533472.3,5036718.25,11601676.81,9,28,1,0,12,4,Arena
"Signal, Wordless Music Orchestra",2026-11-18,,Live Nation GmbH,0.0,0.0,0.0,0,0,1,0,0,0,Arena
Andreas Gabalier,2026-11-18,,Live Nation GmbH,6533472.3,5036718.25,11601676.81,9,28,1,0,12,4,Arena
Pitbull,2026-11-19,,Live Nation GmbH,16938177.86,38572623.0,4171765.41,116,90,54,7,17,12,Amphitheatre
Hatsune Miku,2026-11-20,,Live Nation GmbH,0.0,7255816.05,0.0,0,16,23,1,0,0,Theater
Andreas Gabalier,2026-11-20,,Live Nation GmbH,6533472.3,5036718.25,11601676.81,9,28,1,0,12,4,Arena
Andreas Gabalier,2026-11-21,,Live Nation GmbH,6533472.3,5036718.25,11601676.81,9,28,1,0,12,4,Arena
Bob Dylan,2026-11-22,,Live Nation GmbH,7625020.91,6922447.82,7985373.92,45,128,219,7,17,26,Theater
The Script,2026-11-23,,Live Nation GmbH,11143320.6,15866245.59,48245.32,7,145,54,41,12,15,Arena
Andreas Gabalier,2026-11-23,,Live Nation GmbH,6533472.3,5036718.25,11601676.81,9,28,1,0,12,4,Theater
The Script,2026-11-24,,Live Nation GmbH,11143320.6,15866245.59,48245.32,7,145,54,41,12,15,Theater
"Signal, Wordless Music Orchestra",2026-11-24,,Live Nation GmbH,0.0,0.0,0.0,0,0,1,0,0,0,Theater
"Signal, Wordless Music Orchestra",2026-11-25,,Live Nation GmbH,0.0,0.0,0.0,0,0,1,0,0,0,Theater
The Great Divide,2026-11-26,,Live Nation GmbH,0.0,2247.0,0.0,0,0,0,2,0,1,Club
Rea Garvey,2026-11-29,,Live Nation GmbH,391987.43,549995.16,0.0,2,11,13,24,8,23,Theater
Oski,2026-11-30,,Live Nation GmbH,2392.52,0.0,0.0,0,0,0,0,0,1,Other
Oski,2026-12-03,,Live Nation GmbH,2392.52,0.0,0.0,0,0,0,0,0,1,Other
The Great Divide,2026-12-04,,Live Nation GmbH,0.0,2247.0,0.0,0,0,0,2,0,1,Theater
Home Sweet Home,2026-12-04,,Live Nation GmbH,0.0,0.0,0.0,0,0,0,3,0,0,Club
Kehlani,2026-12-05,,Live Nation GmbH,1293539.15,4938822.87,1110931.32,4,14,20,29,0,0,Club
Kehlani,2026-12-05,,Live Nation GmbH,1293539.15,4938822.87,1110931.32,4,14,20,29,0,0,Club
Home Sweet Home,2026-12-06,,Live Nation GmbH,0.0,0.0,0.0,0,0,0,3,0,0,Club
Home Sweet Home,2026-12-07,,Live Nation GmbH,0.0,0.0,0.0,0,0,0,3,0,0,Club
Home Sweet Home,2026-12-09,,Live Nation GmbH,0.0,0.0,0.0,0,0,0,3,0,0,Arena
Home Sweet Home,2026-12-11,,Live Nation GmbH,0.0,0.0,0.0,0,0,0,3,0,0,Club
Rea Garvey,2026-12-12,,Live Nation GmbH,391987.43,549995.16,0.0,2,11,13,24,8,23,Theater
Home Sweet Home,2026-12-12,,Live Nation GmbH,0.0,0.0,0.0,0,0,0,3,0,0,Club
Rea Garvey,2026-12-17,,Live Nation GmbH,391987.43,549995.16,0.0,2,11,13,24,8,23,Club
Rea Garvey,2026-12-18,,Live Nation GmbH,391987.43,549995.16,0.0,2,11,13,24,8,23,Club
Rea Garvey,2026-12-19,,Live Nation GmbH,391987.43,549995.16,0.0,2,11,13,24,8,23,Club
Strawberry Guy,2026-09-29,,Live Nation / Vega,0.0,17830.48,7000.0,0,0,0,4,0,0,Club
aurorawave,2026-10-01,,Live Nation,5046.0,0.0,0.0,0,0,0,2,0,0,Club
Shadow Of Intent,2026-10-06,,Live Nation,0.0,0.0,17238.09,0,0,2,10,0,0,Club
Future Palace,2026-10-06,,Live Nation,2162.42,12079.78,8569.61,0,0,0,3,0,0,Club
The Deep Dark Woods,2026-10-07,,Live Nation / Vega,0.0,0.0,0.0,0,0,0,10,0,0,Club
Sand,2026-10-07,,Live Nation,0.0,0.0,3156.0,0,0,0,1,0,0,Club
Teitur,2026-10-07,,Live Nation Agency,0.0,0.0,0.0,0,0,0,10,0,0,Club
Niall Horan,2026-10-10,,Live Nation,0.0,68141223.9,0.0,58,69,28,3,1,4,Arena
Nena,2026-10-10,,Live Nation,482400.2,1050198.78,251068.61,0,5,14,4,0,3,Theater
Cat Power,2026-10-11,,VEGA & Live Nation,272591.9,735820.81,0.0,2,0,31,51,0,2,Club
Declan Welsh &amp; The Decadent West,2026-10-11,,Live Nation,2988.67,0.0,35404.17,0,0,0,16,0,5,Club
Fink,2026-10-11,,Live Nation,34982.91,0.0,0.0,0,0,1,4,0,0,Club
Anne &amp; Pete Sibley,2026-10-11,,Live Nation,0.0,0.0,0.0,0,0,1,0,0,0,Theater
Matt Hansen,2026-10-14,,Live Nation,167808.59,12300.0,0.0,0,0,0,11,0,3,Club
"""Past, Present, Future: A Dance Gala""",2026-10-14,,Live Nation,0.0,0.0,0.0,0,0,1,0,0,0,Theater
Gun,2026-10-17,,Live Nation,99386.43,100794.15,101429.7,0,0,0,11,0,2,Club
Stevie Wonder,2026-10-18,,Live Nation,5077947.359999999,8495068.84,0.0,1,43,5,1,1,0,Arena
European,2026-10-18,,Live Nation,0.0,0.0,0.0,0,0,1,0,0,0,Theater
Orb,2026-10-18,,Live Nation,32651.74,0.0,0.0,0,0,0,3,0,0,Club
FKJ,2026-10-20,,Live Nation / Vega,0.0,0.0,1086684.41,2,1,26,44,0,0,Club
Europe,2026-10-22,,Live Nation,105381.03,0.0,383950.78,0,2,8,2,3,2,Theater
Deep Purple,2026-10-25,,Live Nation,0.0,6464659.54,1709824.57,10,77,41,4,5,16,Arena
EST Gee,2026-10-26,,Live Nation / Vega,33047.5,0.0,23035.0,0,0,0,3,0,0,Club
Salo,2026-10-30,,Live Nation,0.0,24682.49,29639.69,0,0,0,2,0,2,Club
Stephen Wilson Jr.,2026-11-03,,Live Nation / Vega,786854.57,66436.31,0.0,2,0,10,13,0,1,Club
PRESIDENT,2026-11-03,,Live Nation,0.0,0.0,0.0,0,0,1,2,0,0,Club
Mammoth,2026-11-06,,Live Nation,38655.0,232565.45,199756.01,0,0,4,23,0,1,Club
Emma,2026-11-07,,Live Nation,0.0,2019168.39,552793.66,0,4,7,7,6,15,Other
R&amp;B Vibes Live,2026-11-07,,Live Nation,0.0,0.0,0.0,0,0,0,2,0,0,Club
Shinedown,2026-11-08,,Live Nation,16415927.96,0.0,22220750.76,55,171,59,38,3,13,Arena
Mogwai,2026-11-08,,Live Nation,587439.7,103899.12,43971.6,0,1,22,66,0,0,Club
Napalm Death,2026-11-08,,Live Nation,113649.94,0.0,24326.0,0,0,10,28,0,0,Club
J. Cole,2026-11-09,,Live Nation,0.0,2084747.68,0.0,25,121,50,39,2,2,Arena
Bloc Party,2026-11-10,,Live Nation,4617080.56,353727.51,1939103.48,6,15,23,27,2,3,Club
The Wallflowers,2026-11-10,,Live Nation,541678.38,644538.0,432091.1,2,0,36,41,0,1,Club
Wolves In The Throne Room,2026-11-11,,Live Nation,0.0,8212.66,32520.92,0,0,1,11,0,2,Club
Icona Pop,2026-11-13,,Live Nation,0.0,0.0,0.0,0,1,1,9,0,0,Club
Beth Hart,2026-11-16,,Live Nation,1568516.61,600861.0700000001,493581.99,1,2,48,45,0,2,Theater
ElGrandeToto,2026-11-16,,Live Nation,108850.93,0.0,113186.65,0,0,0,2,0,0,Club
"""Festival International de Jazz De Montreal"", Saint Levant",2026-11-18,,Live Nation / Vega,0.0,0.0,0.0,0,0,0,1,0,0,Club
The Browning,2026-11-19,,Live Nation / Vega,20125.0,0.0,0.0,0,0,0,14,0,0,Club
Bryson Tiller,2026-11-20,,Live Nation,0.0,14396903.73,1952369.56,10,20,31,34,0,2,Club
Murda,2026-11-21,,Live Nation,0.0,11865.0,0.0,0,0,0,1,0,0,Club
Master Boot Record,2026-11-22,,Live Nation,0.0,21818.18,6684.48,0,0,0,5,0,0,Club
Blackgold,2026-11-23,,Live Nation,0.0,0.0,0.0,0,0,0,1,0,0,Club
Only The Poets,2026-11-23,,Live Nation / Vega,52871.72,26493.69,22207.0,0,0,0,8,0,0,Club
Hardkiss,2026-11-27,,Live Nation,0.0,0.0,39824.08,0,0,1,0,0,0,Theater
The Great Divide,2026-11-28,,Live Nation,0.0,2247.0,0.0,0,0,0,2,0,1,Club
Arlo Parks,2026-11-29,,Live Nation / Vega,0.0,188443.48,348313.02999999997,0,0,6,22,0,0,Club
The Last Internationale,2026-11-29,,Live Nation,0.0,0.0,19278.73,0,0,0,12,0,1,Club
Artemas,2026-12-01,,Live Nation / Vega,30822.0,725837.64,0.0,0,0,10,22,0,1,Club
European,2026-12-01,,Live Nation,0.0,0.0,0.0,0,0,1,0,0,0,Theater
Bulldozer,2026-12-02,,Live Nation,0.0,0.0,5000.0,0,0,0,2,0,0,Club
Polyphia,2026-12-04,,Live Nation,0.0,121407.0,744654.76,0,0,3,49,0,1,Club
Europe,2026-12-07,,Live Nation,105381.03,0.0,383950.78,0,2,8,2,3,2,Theater
The Scratch,2026-12-09,,Live Nation,25618.32,5648.55,185084.67,0,0,3,13,0,3,Club
The Ocean,2026-12-18,,Live Nation / Vega,0.0,116686.23,0.0,0,0,1,10,0,1,Club
Any Given Day,2026-12-31,,Live Nation,0.0,18616.83,0.0,0,0,1,3,0,0,Club
Placebo,2026-10-01,,Live Nation España Silver Tours SL,0.0,2551043.1,2841620.27,0,46,25,17,2,5,Arena
Placebo,2026-10-01,,Live Nation España Silver Tours SL,0.0,2551043.1,2841620.27,0,46,25,17,2,5,Arena
Blood Red Shoes,2026-10-01,,Live Nation España S.A.U.,0.0,22008.09,34371.54,0,0,2,51,0,5,Club
Shakira,2026-10-02,,LIVE NATION ESPAÑA MUSIC LAND SL,276489413.56,6004725.2,0.0,2,66,2,0,39,1,Arena
Blood Red Shoes,2026-10-02,,Live Nation España S.A.U.,0.0,22008.09,34371.54,0,0,2,51,0,5,Club
Shakira,2026-10-03,,LIVE NATION ESPAÑA MUSIC LAND SL,276489413.56,6004725.2,0.0,2,66,2,0,39,1,Arena
"Hombres G, Los Enanitos Verdes",2026-10-03,,Live Nation España Golden Age SL,3449213.65,0.0,0.0,0,5,1,0,0,0,Arena
"Hombres G, Los Enanitos Verdes",2026-10-03,,Live Nation España Golden Age SL,3449213.65,0.0,0.0,0,5,1,0,0,0,Arena
Placebo,2026-10-03,,Live Nation España Silver Tours SL,0.0,2551043.1,2841620.27,0,46,25,17,2,5,Club
Placebo,2026-10-03,,Live Nation España Silver Tours SL,0.0,2551043.1,2841620.27,0,46,25,17,2,5,Club
Blood Red Shoes,2026-10-03,,Live Nation España S.A.U.,0.0,22008.09,34371.54,0,0,2,51,0,5,Club
Shakira,2026-10-04,,LIVE NATION ESPAÑA MUSIC LAND SL,276489413.56,6004725.2,0.0,2,66,2,0,39,1,Arena
Shakira,2026-10-09,,LIVE NATION ESPAÑA MUSIC LAND SL,276489413.56,6004725.2,0.0,2,66,2,0,39,1,Arena
Shakira,2026-10-10,,LIVE NATION ESPAÑA MUSIC LAND SL,276489413.56,6004725.2,0.0,2,66,2,0,39,1,Arena
Shakira,2026-10-11,,LIVE NATION ESPAÑA MUSIC LAND SL,276489413.56,6004725.2,0.0,2,66,2,0,39,1,Arena
The Strokes,2026-10-20,,LIVE NATION ESPAÑA LOVE FANS SL,248126.0,0.0,0.0,2,7,4,3,1,1,Arena
Band Of Horses,2026-10-21,,Live Nation España S.A.U.,186584.38,387852.65,434352.0,8,3,61,67,0,4,Club
Fontaines D.C.,2026-10-22,,Live Nation España Red Path SL,1547399.09,6675047.71,284569.66,1,14,11,29,2,4,Arena
Band Of Horses,2026-10-22,,Live Nation España S.A.U.,186584.38,387852.65,434352.0,8,3,61,67,0,4,Club
Fontaines D.C.,2026-10-24,,Live Nation España Red Path SL,1547399.09,6675047.71,284569.66,1,14,11,29,2,4,Club
Declan Welsh &amp; The Decadent West,2026-10-24,,Live Nation España Red Path SL,2988.67,0.0,35404.17,0,0,0,16,0,5,Club
"""Cap Roig Festival"", Anastacia",2026-10-24,,Live Nation España S.A.U.,0.0,0.0,0.0,0,0,0,0,1,0,Arena
"""Cap Roig Festival"", Anastacia",2026-10-24,,Live Nation España S.A.U.,0.0,0.0,0.0,0,0,0,0,1,0,Arena
Niall Horan,2026-10-25,,"Live Nation España Blue Lane, SL",0.0,68141223.9,0.0,58,69,28,3,1,4,Arena
Declan Welsh &amp; The Decadent West,2026-10-25,,Live Nation España Red Path SL,2988.67,0.0,35404.17,0,0,0,16,0,5,Club
ElGrandeToto,2026-11-02,,Live Nation España Red Path SL,108850.93,0.0,113186.65,0,0,0,2,0,0,Club
ElGrandeToto,2026-11-03,,Live Nation España Red Path SL,108850.93,0.0,113186.65,0,0,0,2,0,0,Club
Pitbull,2026-11-04,,Live Nation España Silver Tours SL,16938177.86,38572623.0,4171765.41,116,90,54,7,17,12,Amphitheatre
Pitbull,2026-11-05,,Live Nation España Silver Tours SL,16938177.86,38572623.0,4171765.41,116,90,54,7,17,12,Arena
Joe Bonamassa,2026-11-07,,Live Nation España S.A.U.,6868337.29,7908499.3,6889717.78,22,61,247,15,0,3,Club
Joe Bonamassa,2026-11-08,,Live Nation España S.A.U.,6868337.29,7908499.3,6889717.78,22,61,247,15,0,3,Theater
Arlo Parks,2026-11-10,,Live Nation España S.A.U.,0.0,188443.48,348313.02999999997,0,0,6,22,0,0,Club
Arlo Parks,2026-11-13,,Live Nation España S.A.U.,0.0,188443.48,348313.02999999997,0,0,6,22,0,0,Club
"Hombres G, Los Enanitos Verdes",2026-11-14,,Live Nation España Golden Age SL,3449213.65,0.0,0.0,0,5,1,0,0,0,Arena
"Hombres G, Los Enanitos Verdes",2026-11-14,,Live Nation España Golden Age SL,3449213.65,0.0,0.0,0,5,1,0,0,0,Arena
Europe,2026-11-15,,Live Nation España S.A.U.,105381.03,0.0,383950.78,0,2,8,2,3,2,Club
Europe,2026-11-16,,Live Nation España S.A.U.,105381.03,0.0,383950.78,0,2,8,2,3,2,Theater
Artemas,2026-11-18,,Live Nation España S.A.U.,30822.0,725837.64,0.0,0,0,10,22,0,1,Club
,2026-11-19,,Live Nation España S.A.U.,0.0,0.0,0.0,0,0,0,0,0,0,Club
"Hombres G, Los Enanitos Verdes",2026-11-21,,Live Nation España Golden Age SL,3449213.65,0.0,0.0,0,5,1,0,0,0,Arena
"Hombres G, Los Enanitos Verdes",2026-11-21,,Live Nation España Golden Age SL,3449213.65,0.0,0.0,0,5,1,0,0,0,Arena
Polyphia,2026-11-22,,Live Nation España S.A.U.,0.0,121407.0,744654.76,0,0,3,49,0,1,Club
Polyphia,2026-11-23,,Live Nation España S.A.U.,0.0,121407.0,744654.76,0,0,3,49,0,1,Club
Bulldozer,2026-11-23,,Live Nation España S.A.U.,0.0,0.0,5000.0,0,0,0,2,0,0,Club
Kingfishr,2026-11-24,,Live Nation España Red Path SL,3061721.36,557598.27,14731.39,0,5,7,19,6,4,Club
Hatsune Miku,2026-11-24,,Live Nation España Red Path SL,0.0,7255816.05,0.0,0,16,23,1,0,0,Theater
Kingfishr,2026-11-25,,Live Nation España Red Path SL,3061721.36,557598.27,14731.39,0,5,7,19,6,4,Club
Hatsune Miku,2026-11-25,,Live Nation España Red Path SL,0.0,7255816.05,0.0,0,16,23,1,0,0,Theater
Hatsune Miku,2026-11-25,,Live Nation España Red Path SL,0.0,7255816.05,0.0,0,16,23,1,0,0,Theater
Freya Skye,2026-11-27,,Live Nation España S.A.U.,0.0,0.0,0.0,0,0,6,2,0,0,Theater
"Hombres G, Los Enanitos Verdes",2026-11-28,,Live Nation España Golden Age SL,3449213.65,0.0,0.0,0,5,1,0,0,0,Arena
"Hombres G, Los Enanitos Verdes",2026-11-28,,Live Nation España Golden Age SL,3449213.65,0.0,0.0,0,5,1,0,0,0,Arena
"Anarbor, Valencia",2026-11-28,,Live Nation España S.A.U.,0.0,0.0,0.0,0,0,0,1,0,0,Arena
DIO,2026-11-29,,Live Nation España S.A.U.,32850.79,0.0,0.0,0,0,1,6,0,0,Club
"Hombres G, Los Enanitos Verdes",2026-12-05,,Live Nation España Golden Age SL,3449213.65,0.0,0.0,0,5,1,0,0,0,Arena
"Hombres G, Los Enanitos Verdes",2026-12-05,,Live Nation España Golden Age SL,3449213.65,0.0,0.0,0,5,1,0,0,0,Arena
The Sheepdogs,2026-12-05,,Live Nation España S.A.U.,0.0,20496.19,2689.0,1,0,7,56,0,4,Club
The Sheepdogs,2026-12-06,,Live Nation España S.A.U.,0.0,20496.19,2689.0,1,0,7,56,0,4,Club
Rikas,2026-12-09,,Live Nation España S.A.U.,0.0,4248.02,0.0,0,0,1,4,0,1,Club
Rikas,2026-12-10,,Live Nation España S.A.U.,0.0,4248.02,0.0,0,0,1,4,0,1,Club
"Hombres G, Los Enanitos Verdes",2026-12-11,,Live Nation España Golden Age SL,3449213.65,0.0,0.0,0,5,1,0,0,0,Arena
"Hombres G, Los Enanitos Verdes",2026-12-11,,Live Nation España Golden Age SL,3449213.65,0.0,0.0,0,5,1,0,0,0,Arena
"Hombres G, Los Enanitos Verdes",2026-12-12,,Live Nation España Golden Age SL,3449213.65,0.0,0.0,0,5,1,0,0,0,Arena
"Hombres G, Los Enanitos Verdes",2026-12-12,,Live Nation España Golden Age SL,3449213.65,0.0,0.0,0,5,1,0,0,0,Arena
Dead Poet Society,2027-01-23,,Live Nation España S.A.U.,0.0,95493.81,8199.75,0,0,0,18,0,1,Club
Dead Poet Society,2027-01-24,,Live Nation España S.A.U.,0.0,95493.81,8199.75,0,0,0,18,0,1,Club
Barcelona,2027-01-31,,"Live Nation España No Limits, SL",0.0,0.0,0.0,0,0,0,11,0,0,Club
Europe,2027-02-09,,Live Nation España Red Path SL,105381.03,0.0,383950.78,0,2,8,2,3,2,Theater
Europe,2027-02-10,,Live Nation España Red Path SL,105381.03,0.0,383950.78,0,2,8,2,3,2,Theater
Symphony,2027-02-16,,Live Nation España Red Path SL,0.0,0.0,0.0,0,0,0,2,0,0,Club
Symphony,2027-02-17,,Live Nation España Red Path SL,0.0,0.0,0.0,0,0,0,2,0,0,Club
almost monday,2027-02-18,,Live Nation España S.A.U.,58670.4,0.0,2884.0,0,0,0,9,0,1,Club
Symphony,2027-02-18,,Live Nation España Red Path SL,0.0,0.0,0.0,0,0,0,2,0,0,Club
almost monday,2027-02-19,,Live Nation España S.A.U.,58670.4,0.0,2884.0,0,0,0,9,0,1,Club
Julia Jacklin,2027-03-01,,Live Nation España Red Path SL,0.0,141592.86,327508.12,0,0,13,47,0,7,Club
Julia Jacklin,2027-03-02,,Live Nation España Red Path SL,0.0,141592.86,327508.12,0,0,13,47,0,7,Club
The Warning,2027-03-09,,"Live Nation España Blue Lane, SL",1836729.79,256474.85,812677.2999999999,0,1,15,17,0,2,Club
The Warning,2027-03-10,,"Live Nation España Blue Lane, SL",1836729.79,256474.85,812677.2999999999,0,1,15,17,0,2,Club
"Moyka, Lukas Oscar",2027-03-10,,Live Nation España Red Path SL,566.95,0.0,0.0,0,0,0,1,0,0,Club
KALEO,2027-03-14,,Live Nation España S.A.U.,1477120.78,2266433.29,543274.15,10,5,31,42,2,3,Club
KALEO,2027-03-15,,Live Nation España S.A.U.,1477120.78,2266433.29,543274.15,10,5,31,42,2,3,Club
Blond,2027-03-22,,Live Nation España S.A.U.,148689.98,5401.19,41037.98,0,1,0,4,0,0,Club
Blanco White,2027-03-22,,Live Nation España S.A.U.,180423.09,0.0,102823.34,0,0,7,15,0,5,Club
Blanco White,2027-03-23,,Live Nation España S.A.U.,180423.09,0.0,102823.34,0,0,7,15,0,5,Club
Sienna Spiro,2027-03-29,,Live Nation España S.A.U.,24263.94,0.0,0.0,0,0,3,3,0,0,Club
Sienna Spiro,2027-03-30,,Live Nation España S.A.U.,24263.94,0.0,0.0,0,0,3,3,0,0,Club
Jake Bugg,2027-04-06,,Live Nation España S.A.U.,0.0,401151.73,0.0,1,7,36,57,1,2,Club
Jake Bugg,2027-04-07,,Live Nation España S.A.U.,0.0,401151.73,0.0,1,7,36,57,1,2,Club
"""Lucca Summer Festival"", Thirty Seconds To Mars",2027-04-08,,"Live Nation España Blue Lane, SL",384637.32,0.0,0.0,0,0,0,0,0,2,Arena
"""Lucca Summer Festival"", Thirty Seconds To Mars",2027-04-08,,"Live Nation España Blue Lane, SL",384637.32,0.0,0.0,0,0,0,0,0,2,Arena
"""Lucca Summer Festival"", Thirty Seconds To Mars",2027-04-09,,"Live Nation España Blue Lane, SL",384637.32,0.0,0.0,0,0,0,0,0,2,Arena
"""Lucca Summer Festival"", Thirty Seconds To Mars",2027-04-09,,"Live Nation España Blue Lane, SL",384637.32,0.0,0.0,0,0,0,0,0,2,Arena
Angèle,2027-04-28,,Live Nation España S.A.U.,0.0,0.0,1167009.33,0,7,0,1,0,0,Club
Olivia Rodrigo,2027-05-01,,Live Nation España True Vibes SL,23420107.2,169307085.8,0.0,0,68,10,2,5,1,Arena
Olivia Rodrigo,2027-05-02,,Live Nation España True Vibes SL,23420107.2,169307085.8,0.0,0,68,10,2,5,1,Arena
Olivia Rodrigo,2027-05-05,,Live Nation España True Vibes SL,23420107.2,169307085.8,0.0,0,68,10,2,5,1,Arena
Olivia Rodrigo,2027-05-06,,Live Nation España True Vibes SL,23420107.2,169307085.8,0.0,0,68,10,2,5,1,Arena
Hilary Duff,2027-05-07,,"Live Nation España No Limits, SL",0.0,0.0,0.0,22,2,1,0,0,0,Arena
Gracie Abrams,2027-05-27,,"Live Nation España Blue Lane, SL",35049232.76,5296821.61,857658.6,5,27,12,17,0,1,Arena
Gracie Abrams,2027-05-28,,"Live Nation España Blue Lane, SL",35049232.76,5296821.61,857658.6,5,27,12,17,0,1,Arena
El Mundo,2027-06-03,,Live Nation España Black Star S.L,0.0,0.0,0.0,0,0,1,0,0,0,Theater
El Mundo,2027-06-04,,Live Nation España Black Star S.L,0.0,0.0,0.0,0,0,1,0,0,0,Theater
El Mundo,2027-06-11,,Live Nation España Black Star S.L,0.0,0.0,0.0,0,0,1,0,0,0,Theater
El Mundo,2027-06-12,,Live Nation España Black Star S.L,0.0,0.0,0.0,0,0,1,0,0,0,Theater
El Mundo,2027-06-13,,Live Nation España Black Star S.L,0.0,0.0,0.0,0,0,1,0,0,0,Theater
El Mundo,2027-06-24,,Live Nation España Black Star S.L,0.0,0.0,0.0,0,0,1,0,0,0,Theater
El Mundo,2027-06-25,,Live Nation España Black Star S.L,0.0,0.0,0.0,0,0,1,0,0,0,Theater
El Mundo,2027-06-26,,Live Nation España Black Star S.L,0.0,0.0,0.0,0,0,1,0,0,0,Theater
El Mundo,2027-06-27,,Live Nation España Black Star S.L,0.0,0.0,0.0,0,0,1,0,0,0,Theater
"""Cap Roig Festival"", Anastacia",2026-09-29,,Live Nation Venues Netherlands BV Afas Live,0.0,0.0,0.0,0,0,0,0,1,0,Stadium
CA7RIEL &amp; Paco Amoroso,2026-10-01,,Live Nation Venues Netherlands BV Afas Live,1084000.23,58049.66,0.0,2,3,8,6,0,1,Theater
"SIX60, Synthony",2026-10-02,,Live Nation Venues Netherlands BV Afas Live,0.0,0.0,0.0,0,0,0,0,1,0,Stadium
"SIX60, Synthony",2026-10-02,,Live Nation Venues Netherlands BV Afas Live,0.0,0.0,0.0,0,0,0,0,1,0,Stadium
Spiritbox,2026-10-03,,Live Nation Venues Netherlands BV Afas Live,2120691.02,0.0,380020.58,0,4,4,17,0,0,Club
GIMS,2026-10-05,,Live Nation Venues Netherlands BV Afas Live,20904980.63,3261620.63,776977.28,0,17,1,3,0,0,Arena
"Mic Crenshaw, Special Guests",2026-10-06,,Live Nation Venues Netherlands BV Afas Live,0.0,0.0,0.0,0,0,0,1,0,0,Club
Simple Plan,2026-10-09,,Live Nation Venues Netherlands BV Afas Live,990161.89,11751607.05,757328.91,0,36,51,49,5,15,Theater
Jill Scott,2026-10-10,,Live Nation Venues Netherlands BV Afas Live,0.0,0.0,5166723.7,8,4,67,7,0,2,Theater
Khalid,2026-10-12,,Live Nation Venues Netherlands BV Afas Live,0.0,419660.15,0.0,11,59,15,14,0,1,Arena
Tyla,2026-10-13,,Live Nation Venues Netherlands BV Afas Live,1173026.31,35902.0,0.0,0,1,0,1,0,0,Arena
Young Thug,2026-10-14,,Live Nation Venues Netherlands BV Afas Live,874047.0,0.0,0.0,1,5,10,18,0,0,Club
Young Thug,2026-10-14,,Live Nation Venues Netherlands BV Afas Live,874047.0,0.0,0.0,1,5,10,18,0,0,Club
Racoon,2026-10-16,,Live Nation Venues Netherlands BV Afas Live,0.0,35783.99,58955.01,0,0,2,1,0,2,Theater
Racoon,2026-10-17,,Live Nation Venues Netherlands BV Afas Live,0.0,35783.99,58955.01,0,0,2,1,0,2,Theater
Jean-Michel Jarre,2026-10-21,,Live Nation Venues Netherlands BV Afas Live,0.0,0.0,0.0,1,32,9,0,0,0,Arena
D-Block Europe,2026-10-30,,Live Nation Venues Netherlands BV Afas Live,4791928.09,1208414.02,33771.25,0,9,2,2,0,0,Arena
TREASURE,2026-10-31,,Live Nation Venues Netherlands BV Afas Live,5577713.25,2968814.89,0.0,0,10,3,0,0,0,Arena
Tokio Hotel,2026-11-04,,Live Nation Venues Netherlands BV Afas Live,1035521.88,79209.35,350341.62,0,18,14,13,1,1,Arena
The Kid LAROI,2026-11-05,,Live Nation Venues Netherlands BV Afas Live,0.0,8502598.75,2968556.88,2,32,8,9,1,3,Arena
Guus Meeuwis,2026-11-06,,Live Nation Venues Netherlands BV Afas Live,0.0,0.0,0.0,0,0,1,0,0,0,Theater
Tove Lo,2026-11-12,,Live Nation Venues Netherlands BV Afas Live,0.0,0.0,1717136.32,0,0,12,42,0,1,Club
Remi,2026-11-14,,Live Nation Venues Netherlands BV Afas Live,0.0,0.0,0.0,0,0,0,9,0,0,Club
Hatsune Miku,2026-11-15,,Live Nation Venues Netherlands BV Afas Live,0.0,7255816.05,0.0,0,16,23,1,0,0,Theater
Hatsune Miku,2026-11-15,,Live Nation Venues Netherlands BV Afas Live,0.0,7255816.05,0.0,0,16,23,1,0,0,Theater
"Avenged Sevenfold, Good Charlotte",2026-11-16,,Live Nation Venues Netherlands BV Afas Live,0.0,0.0,0.0,13,3,0,0,0,0,Amphitheatre
Bloc Party,2026-11-17,,Live Nation Venues Netherlands BV Afas Live,4617080.56,353727.51,1939103.48,6,15,23,27,2,3,Club
Kneecap,2026-11-18,,Live Nation Venues Netherlands BV Afas Live,4108728.23,512008.07,96574.89,0,4,9,10,1,0,Club
Jessie Ware,2026-11-21,,Live Nation Venues Netherlands BV Afas Live,0.0,0.0,1453398.58,0,1,7,29,0,0,Club
Tayc,2026-11-22,,Live Nation Venues Netherlands BV Afas Live,0.0,4163764.07,0.0,0,3,0,1,0,0,Arena
The Pretty Reckless,2026-11-23,,Live Nation Venues Netherlands BV Afas Live,39295.0,0.0,0.0,0,0,23,93,0,4,Club
Taemin,2026-11-24,,Live Nation Venues Netherlands BV Afas Live,6207105.13,0.0,0.0,0,4,5,1,0,0,Theater
Remi,2026-11-25,,Live Nation Venues Netherlands BV Afas Live,0.0,0.0,0.0,0,0,0,9,0,0,Club
Remi,2026-11-27,,Live Nation Venues Netherlands BV Afas Live,0.0,0.0,0.0,0,0,0,9,0,0,Club
Grot,2026-11-28,,Live Nation Venues Netherlands BV Afas Live,0.0,0.0,0.0,0,0,0,1,0,0,Club
Remi,2026-11-30,,Live Nation Venues Netherlands BV Afas Live,0.0,0.0,0.0,0,0,0,9,0,0,Club
Beth Hart,2026-12-01,,Live Nation Venues Netherlands BV Afas Live,1568516.61,600861.0700000001,493581.99,1,2,48,45,0,2,Theater
Beabadoobee,2026-12-02,,Live Nation Venues Netherlands BV Afas Live,801797.5,2506361.44,323192.05,1,2,23,27,0,1,Club
Beabadoobee,2026-12-03,,Live Nation Venues Netherlands BV Afas Live,801797.5,2506361.44,323192.05,1,2,23,27,0,1,Club
Beth Hart,2026-12-04,,Live Nation Venues Netherlands BV Afas Live,1568516.61,600861.0700000001,493581.99,1,2,48,45,0,2,Theater
Polyphia,2026-12-08,,Live Nation Venues Netherlands BV Afas Live,0.0,121407.0,744654.76,0,0,3,49,0,1,Club
Nach,2026-12-12,,Live Nation Venues Netherlands BV Afas Live,0.0,0.0,366455.81999999995,0,3,9,2,1,1,Theater
"Jagged Edge, Dru Hill",2026-12-15,,Live Nation Venues Netherlands BV Afas Live,0.0,0.0,0.0,0,1,0,0,0,0,Arena
Kinderen voor Kinderen,2026-12-28,,Live Nation Venues Netherlands BV Afas Live,0.0,0.0,0.0,0,0,1,0,0,0,Theater
Kinderen voor Kinderen,2026-12-28,,Live Nation Venues Netherlands BV Afas Live,0.0,0.0,0.0,0,0,1,0,0,0,Theater
Kinderen voor Kinderen,2026-12-29,,Live Nation Venues Netherlands BV Afas Live,0.0,0.0,0.0,0,0,1,0,0,0,Theater
Kinderen voor Kinderen,2026-12-29,,Live Nation Venues Netherlands BV Afas Live,0.0,0.0,0.0,0,0,1,0,0,0,Theater
Kinderen voor Kinderen,2026-12-30,,Live Nation Venues Netherlands BV Afas Live,0.0,0.0,0.0,0,0,1,0,0,0,Theater
Kinderen voor Kinderen,2026-12-30,,Live Nation Venues Netherlands BV Afas Live,0.0,0.0,0.0,0,0,1,0,0,0,Theater
Duran Duran,2026-10-02,,Live Nation Norway AS,11482761.03,6120770.89,37103168.55,26,79,30,6,8,4,Arena
Myles Smith,2026-10-10,,Live Nation Norway AS,2115248.51,203426.73,0.0,0,0,11,24,0,0,Club
Father of Peace,2026-09-28,,Live Nation sp. z o.o.,0.0,0.0,0.0,0,0,0,1,0,0,Club
Yot Club,2026-09-29,,Live Nation sp. z o.o.,17500.0,42979.72,0.0,0,0,1,10,0,0,Club
RAC,2026-10-02,,Live Nation sp. z o.o.,0.0,0.0,0.0,0,0,5,32,0,0,Club
Jack Savoretti,2026-10-02,,Live Nation sp. z o.o.,603229.64,706366.89,751075.38,3,2,28,6,1,6,Theater
"Charlotte Brandi, Ment",2026-10-02,,Live Nation sp. z o.o.,0.0,0.0,0.0,0,0,0,1,0,0,Arena
"""Ben &amp; Jerry's Concerts On The Green"", Lake Street Dive",2026-10-03,,Live Nation sp. z o.o.,0.0,0.0,0.0,0,0,0,0,0,2,Other
Mono,2026-10-03,,Live Nation sp. z o.o.,30773.76,85754.24,0.0,0,0,2,45,0,1,Club
Holy Fuck,2026-10-04,,Live Nation sp. z o.o.,0.0,0.0,0.0,0,0,2,21,0,0,Club
Jack Savoretti,2026-10-04,,Live Nation sp. z o.o.,603229.64,706366.89,751075.38,3,2,28,6,1,6,Theater
"A, Monkey Kong",2026-10-06,,Live Nation Sp. z o.o.,0.0,0.0,0.0,0,0,0,1,0,0,Club
"Charlotte Brandi, Ment",2026-10-07,,Live Nation sp. z o.o.,0.0,0.0,0.0,0,0,0,1,0,0,Club
Joshua,2026-10-08,,Live Nation Sp. z o.o.,0.0,0.0,0.0,0,0,0,1,0,0,Club
Allie X,2026-10-08,,Live Nation sp. z o.o.,107624.0,79993.31,0.0,0,0,2,12,0,2,Club
"Charlotte Brandi, Ment",2026-10-08,,Live Nation sp. z o.o.,0.0,0.0,0.0,0,0,0,1,0,0,Club
Lady,2026-10-10,,Live Nation sp. z o.o.,0.0,0.0,0.0,0,0,0,1,0,0,Club
"Charlotte Brandi, Ment",2026-10-10,,Live Nation sp. z o.o.,0.0,0.0,0.0,0,0,0,1,0,0,Club
"Mic Crenshaw, Special Guests",2026-10-10,,Live Nation sp. z o.o.,0.0,0.0,0.0,0,0,0,1,0,0,Club
Tou,2026-10-10,,Live Nation Sp. z o.o.,0.0,348354.82999999996,0.0,0,0,0,1,0,1,Club
"Daniel, Me Estás Matando",2026-10-11,,Live Nation Sp. z o.o.,475718.03,16960.0,442118.48,0,0,5,1,0,0,Theater
Europe,2026-10-11,,Live Nation Sp. z o.o.,105381.03,0.0,383950.78,0,2,8,2,3,2,Theater
I Prevail,2026-10-12,,Live Nation Sp. z o.o.,0.0,522386.18999999994,760340.9,3,3,17,54,0,2,Club
Girli,2026-10-12,,Live Nation Sp. z o.o.,0.0,85481.64,20327.08,0,0,3,15,0,1,Club
Girli,2026-10-13,,Live Nation Sp. z o.o.,0.0,85481.64,20327.08,0,0,3,15,0,1,Club
"""Cap Roig Festival"", Anastacia",2026-10-13,,Live Nation sp. z o.o.,0.0,0.0,0.0,0,0,0,0,1,0,Stadium
Declan Welsh &amp; The Decadent West,2026-10-14,,Live Nation sp. z o.o.,2988.67,0.0,35404.17,0,0,0,16,0,5,Club
Lady,2026-10-15,,Live Nation sp. z o.o.,0.0,0.0,0.0,0,0,0,1,0,0,Club
Tou,2026-10-16,,Live Nation Sp. z o.o.,0.0,348354.82999999996,0.0,0,0,0,1,0,1,Club
Simple Plan,2026-10-17,,Live Nation Sp. z o.o.,990161.89,11751607.05,757328.91,0,36,51,49,5,15,Theater
Berre,2026-10-17,,Live Nation Sp. z o.o.,0.0,54020.57,4016.07,0,0,0,2,0,0,Club
Drink The Sea,2026-10-17,,Live Nation Sp. z o.o.,0.0,0.0,0.0,0,0,2,5,0,0,Club
"Charlotte Brandi, Ment",2026-10-17,,Live Nation sp. z o.o.,0.0,0.0,0.0,0,0,0,1,0,0,Arena
Tou,2026-10-17,,Live Nation Sp. z o.o.,0.0,348354.82999999996,0.0,0,0,0,1,0,1,Club
Europe,2026-10-20,,Live Nation Sp. z o.o.,105381.03,0.0,383950.78,0,2,8,2,3,2,Theater
Lady,2026-10-21,,Live Nation sp. z o.o.,0.0,0.0,0.0,0,0,0,1,0,0,Club
Edward &amp; Graham,2026-10-21,,Live Nation sp. z o.o.,0.0,0.0,0.0,0,0,0,1,0,0,Club
Young Thug,2026-10-21,,Live Nation sp. z o.o.,874047.0,0.0,0.0,1,5,10,18,0,0,Arena
Matt Hansen,2026-10-22,,Live Nation Sp. z o.o.,167808.59,12300.0,0.0,0,0,0,11,0,3,Club
Scream,2026-10-23,,Live Nation Sp. z o.o.,0.0,0.0,0.0,0,0,0,1,0,0,Club
Slayyyter,2026-10-24,,Live Nation Sp. z o.o.,0.0,185129.1,100397.58,0,0,4,14,0,1,Club
Tou,2026-10-24,,Live Nation Sp. z o.o.,0.0,348354.82999999996,0.0,0,0,0,1,0,1,Club
"Daniel, Me Estás Matando",2026-10-25,,Live Nation Sp. z o.o.,475718.03,16960.0,442118.48,0,0,5,1,0,0,Theater
Puscifer,2026-10-28,,Live Nation Sp. z o.o.,0.0,0.0,418228.45,5,4,88,17,0,0,Theater
Pluko,2026-10-28,,Live Nation sp. z o.o.,0.0,0.0,0.0,0,0,0,1,0,0,Club
"Daniel, Me Estás Matando",2026-10-30,,Live Nation Sp. z o.o.,475718.03,16960.0,442118.48,0,0,5,1,0,0,Theater
"Charlotte Brandi, Ment",2026-10-30,,Live Nation sp. z o.o.,0.0,0.0,0.0,0,0,0,1,0,0,Arena
Kate Ryan,2026-10-30,,Live Nation Sp. z o.o.,0.0,0.0,0.0,0,0,6,0,0,0,Theater
Lady,2026-10-31,,Live Nation sp. z o.o.,0.0,0.0,0.0,0,0,0,1,0,0,Club
"Oneida, IE, Matt Mehlan",2026-10-31,,Live Nation Sp. z o.o.,0.0,0.0,0.0,0,0,0,1,0,0,Club
"I, Colossus",2026-11-02,,Live Nation sp. z o.o.,0.0,0.0,0.0,0,0,0,1,0,0,Club
D-Block Europe,2026-11-02,,Live Nation sp. z o.o.,4791928.09,1208414.02,33771.25,0,9,2,2,0,0,Arena
Don Toliver,2026-11-03,,Live Nation sp. z o.o.,9032674.43,8111510.19,3222824.84,1,61,12,7,0,2,Arena
Niall Horan,2026-11-03,,Live Nation sp. z o.o.,0.0,68141223.9,0.0,58,69,28,3,1,4,Arena
CL,2026-11-04,,Live Nation sp. z o.o.,0.0,0.0,0.0,0,0,3,1,0,1,Theater
Zimmer90,2026-11-05,,Live Nation Sp. z o.o.,169207.99,15899.83,24960.89,0,0,0,14,0,1,Club
IOWA,2026-11-05,,Live Nation Sp. z o.o.,0.0,0.0,0.0,0,0,0,2,0,0,Club
"Daniel, Me Estás Matando",2026-11-05,,Live Nation Sp. z o.o.,475718.03,16960.0,442118.48,0,0,5,1,0,0,Theater
Pol,2026-11-06,,Live Nation sp. z o.o.,6311.03,20388.51,0.0,0,0,1,8,0,0,Club
Co &amp; Zo - De Podcast,2026-11-06,,Live Nation Sp. z o.o.,3526.65,0.0,0.0,0,0,1,0,0,0,Theater
Pol,2026-11-07,,Live Nation sp. z o.o.,6311.03,20388.51,0.0,0,0,1,8,0,0,Club
Lina,2026-11-08,,Live Nation sp. z o.o,0.0,71095.42,94190.29,0,0,3,6,1,0,Club
"Daniel, Me Estás Matando",2026-11-08,,Live Nation Sp. z o.o.,475718.03,16960.0,442118.48,0,0,5,1,0,0,Theater
Tou,2026-11-08,,Live Nation sp. z o.o.,0.0,348354.82999999996,0.0,0,0,0,1,0,1,Club
Pol,2026-11-09,,Live Nation sp. z o.o.,6311.03,20388.51,0.0,0,0,1,8,0,0,Club
Machine Girl,2026-11-09,,Live Nation Sp. z o.o.,245123.68,616185.04,0.0,0,0,6,36,0,0,Club
Nach,2026-11-10,,Live Nation sp. z o.o.,0.0,0.0,366455.81999999995,0,3,9,2,1,1,Theater
The Howlers,2026-11-12,,Live Nation Sp. z o.o.,7847.0,1131.95,0.0,0,0,0,5,0,0,Club
Mammoth,2026-11-13,,Live Nation Sp. z o.o.,38655.0,232565.45,199756.01,0,0,4,23,0,1,Club
Pol,2026-11-13,,Live Nation sp. z o.o.,6311.03,20388.51,0.0,0,0,1,8,0,0,Club
Lina,2026-11-13,,Live Nation sp. z o.o,0.0,71095.42,94190.29,0,0,3,6,1,0,Club
The Howlers,2026-11-13,,Live Nation Sp. z o.o.,7847.0,1131.95,0.0,0,0,0,5,0,0,Club
Wil,2026-11-14,,Live Nation Sp. z o.o.,0.0,0.0,0.0,0,0,0,3,0,0,Club
Tou,2026-11-14,,Live Nation sp. z o.o.,0.0,348354.82999999996,0.0,0,0,0,1,0,1,Club
DARKSIDE,2026-11-14,,Live Nation sp. z o.o.,125910.14,225959.19,75745.48,0,2,1,6,0,0,Club
Tou,2026-11-15,,Live Nation Sp. z o.o.,0.0,348354.82999999996,0.0,0,0,0,1,0,1,Club
Davina Michelle,2026-11-15,,Live Nation Sp. z o.o.,98900.88,22194.370000000003,0.0,0,0,3,8,0,0,Club
"Oneida, IE, Matt Mehlan",2026-11-15,,Live Nation Sp. z o.o.,0.0,0.0,0.0,0,0,0,1,0,0,Club
Tou,2026-11-15,,Live Nation sp. z o.o.,0.0,348354.82999999996,0.0,0,0,0,1,0,1,Club
DARKSIDE,2026-11-15,,Live Nation sp. z o.o.,125910.14,225959.19,75745.48,0,2,1,6,0,0,Club
Korn,2026-11-17,,Live Nation sp. z o.o.,2571927.81,12956787.2,0.0,43,37,20,32,5,8,Arena
Marathon,2026-11-17,,Live Nation Sp. z o.o.,5419.08,1944.49,0.0,0,0,0,3,0,1,Club
Placebo,2026-11-18,,Live Nation sp. z o.o.,0.0,2551043.1,2841620.27,0,46,25,17,2,5,Arena
Arlo Parks,2026-11-18,,Live Nation Sp. z o.o.,0.0,188443.48,348313.02999999997,0,0,6,22,0,0,Club
Nach,2026-11-18,,Live Nation sp. z o.o.,0.0,0.0,366455.81999999995,0,3,9,2,1,1,Theater
Jack &amp; Jack,2026-11-18,,Live Nation sp. z o.o.,26915.8,216160.36,0.0,1,0,7,45,0,1,Club
Marathon,2026-11-18,,Live Nation Sp. z o.o.,5419.08,1944.49,0.0,0,0,0,3,0,1,Club
Nach,2026-11-19,,Live Nation sp. z o.o.,0.0,0.0,366455.81999999995,0,3,9,2,1,1,Theater
Lina,2026-11-19,,Live Nation sp. z o.o,0.0,71095.42,94190.29,0,0,3,6,1,0,Club
Moon Walker,2026-11-19,,Live Nation Sp. z o.o.,3085.0,3345.0,48175.3,0,0,1,26,0,0,Club
Eli,2026-11-20,,Live Nation sp. z o.o.,0.0,0.0,0.0,0,0,0,1,0,0,Club
Tou,2026-11-20,,Live Nation Sp. z o.o.,0.0,348354.82999999996,0.0,0,0,0,1,0,1,Club
"Oneida, IE, Matt Mehlan",2026-11-21,,Live Nation Sp. z o.o.,0.0,0.0,0.0,0,0,0,1,0,0,Club
The Last Internationale,2026-11-22,,Live Nation Sp. z o.o.,0.0,0.0,19278.73,0,0,0,12,0,1,Club
Murda,2026-11-22,,Live Nation Sp. z o.o.,0.0,11865.0,0.0,0,0,0,1,0,0,Club
Tou,2026-11-22,,Live Nation sp. z o.o.,0.0,348354.82999999996,0.0,0,0,0,1,0,1,Club
"Oneida, IE, Matt Mehlan",2026-11-22,,Live Nation Sp. z o.o.,0.0,0.0,0.0,0,0,0,1,0,0,Club
Artemas,2026-11-23,,Live Nation Sp. z o.o.,30822.0,725837.64,0.0,0,0,10,22,0,1,Club
Macy Gray,2026-11-23,,Live Nation Sp. z o.o.,285508.42,27492.0,286517.02,0,1,33,47,1,2,Club
First Aid Kit,2026-11-24,,Live Nation Sp. z o.o.,0.0,63725.13,1512778.04,1,1,39,48,0,3,Club
glaive,2026-11-25,,Live Nation Sp. z o.o.,87140.09,0.0,70042.53,0,0,4,26,0,1,Club
Remi,2026-11-25,,Live Nation sp. z o.o.,0.0,0.0,0.0,0,0,0,9,0,0,Club
Jack &amp; Jack,2026-11-25,,Live Nation sp. z o.o.,26915.8,216160.36,0.0,1,0,7,45,0,1,Club
Tiffany Day,2026-11-26,,Live Nation Sp. z o.o.,18513.0,0.0,6951.0,0,0,0,6,0,0,Club
"Domi, Jazz Is Phsh",2026-11-26,,Live Nation sp. z o.o.,0.0,0.0,0.0,0,0,0,1,0,0,Club
Macy Gray,2026-11-26,,Live Nation Sp. z o.o.,285508.42,27492.0,286517.02,0,1,33,47,1,2,Club
"Hummer, SIN",2026-11-26,,Live Nation sp. z o.o.,0.0,0.0,0.0,0,0,0,1,0,0,Club
Jack &amp; Jack,2026-11-26,,Live Nation sp. z o.o.,26915.8,216160.36,0.0,1,0,7,45,0,1,Club
Pitbull,2026-11-27,,Live Nation sp. z o.o.,16938177.86,38572623.0,4171765.41,116,90,54,7,17,12,Arena
Macy Gray,2026-11-27,,Live Nation Sp. z o.o.,285508.42,27492.0,286517.02,0,1,33,47,1,2,Club
Nieve Ella,2026-11-27,,Live Nation Sp. z o.o.,27186.620000000003,10185.38,0.0,0,0,0,4,0,1,Club
Rikas,2026-11-27,,Live Nation Sp. z o.o.,0.0,4248.02,0.0,0,0,1,4,0,1,Club
"Hummer, SIN",2026-11-27,,Live Nation sp. z o.o.,0.0,0.0,0.0,0,0,0,1,0,0,Club
Nach,2026-11-28,,Live Nation sp. z o.o.,0.0,0.0,366455.81999999995,0,3,9,2,1,1,Theater
IOWA,2026-11-28,,Live Nation Sp. z o.o.,0.0,0.0,0.0,0,0,0,2,0,0,Club
Tou,2026-11-28,,Live Nation Sp. z o.o.,0.0,348354.82999999996,0.0,0,0,0,1,0,1,Club
IOWA,2026-11-29,,Live Nation Sp. z o.o.,0.0,0.0,0.0,0,0,0,2,0,0,Club
Nach,2026-11-29,,Live Nation sp. z o.o.,0.0,0.0,366455.81999999995,0,3,9,2,1,1,Theater
Polyphia,2026-11-29,,Live Nation sp. z o.o.,0.0,121407.0,744654.76,0,0,3,49,0,1,Club
Macy Gray,2026-11-29,,Live Nation Sp. z o.o.,285508.42,27492.0,286517.02,0,1,33,47,1,2,Club
Tou,2026-11-29,,Live Nation sp. z o.o.,0.0,348354.82999999996,0.0,0,0,0,1,0,1,Club
Depeche Mode,2026-12-01,,Live Nation Sp. z o.o.,0.0,66359193.17,117146895.56,25,186,3,0,63,2,Arena
Rosalie,2026-12-02,,Live Nation sp. z o.o.,0.0,0.0,0.0,0,0,0,1,0,0,Club
Depeche Mode,2026-12-02,,Live Nation Sp. z o.o.,0.0,66359193.17,117146895.56,25,186,3,0,63,2,Arena
iLe,2026-12-02,,Live Nation sp. z o.o.,24306.42,0.0,0.0,0,0,2,5,0,0,Club
Pitbull,2026-12-03,,Live Nation sp. z o.o.,16938177.86,38572623.0,4171765.41,116,90,54,7,17,12,Arena
Depeche Mode,2026-12-03,,Live Nation Sp. z o.o.,0.0,66359193.17,117146895.56,25,186,3,0,63,2,Arena
Fejká,2026-12-03,,Live Nation sp. z o.o.,11291.14,0.0,0.0,0,0,0,2,0,0,Club
Tou,2026-12-04,,Live Nation Sp. z o.o.,0.0,348354.82999999996,0.0,0,0,0,1,0,1,Club
Pol,2026-12-05,,Live Nation sp. z o.o.,6311.03,20388.51,0.0,0,0,1,8,0,0,Club
Defying Gravity,2026-12-05,,Live Nation Sp. z o.o.,900.0,0.0,0.0,0,0,0,3,0,1,Club
"Oneida, IE, Matt Mehlan",2026-12-06,,Live Nation Sp. z o.o.,0.0,0.0,0.0,0,0,0,1,0,0,Club
Tou,2026-12-06,,Live Nation sp. z o.o.,0.0,348354.82999999996,0.0,0,0,0,1,0,1,Club
Defying Gravity,2026-12-06,,Live Nation Sp. z o.o.,900.0,0.0,0.0,0,0,0,3,0,1,Club
Sultan,2026-12-06,,Live Nation sp. z o.o.,0.0,0.0,0.0,0,0,0,3,0,0,Club
Eli,2026-12-08,,Live Nation sp. z o.o.,0.0,0.0,0.0,0,0,0,1,0,0,Club
Eli,2026-12-09,,Live Nation sp. z o.o.,0.0,0.0,0.0,0,0,0,1,0,0,Club
Remi,2026-12-10,,Live Nation sp. z o.o.,0.0,0.0,0.0,0,0,0,9,0,0,Club
Pol,2026-12-11,,Live Nation sp. z o.o.,6311.03,20388.51,0.0,0,0,1,8,0,0,Club
"I, Colossus",2026-12-11,,Live Nation sp. z o.o.,0.0,0.0,0.0,0,0,0,1,0,0,Club
"Oneida, IE, Matt Mehlan",2026-12-11,,Live Nation Sp. z o.o.,0.0,0.0,0.0,0,0,0,1,0,0,Club
Dayseeker,2026-12-12,,Live Nation Sp. z o.o.,137359.47,823493.32,21480.0,0,0,13,30,0,2,Club
"Hummer, SIN",2026-12-13,,Live Nation sp. z o.o.,0.0,0.0,0.0,0,0,0,1,0,0,Club
Rosalie,2026-12-16,,Live Nation sp. z o.o.,0.0,0.0,0.0,0,0,0,1,0,0,Club
Remi,2026-12-16,,Live Nation sp. z o.o.,0.0,0.0,0.0,0,0,0,9,0,0,Club
Rosalie,2026-12-17,,Live Nation sp. z o.o.,0.0,0.0,0.0,0,0,0,1,0,0,Club
Remi,2026-12-17,,Live Nation sp. z o.o.,0.0,0.0,0.0,0,0,0,9,0,0,Club
"Hummer, SIN",2026-12-17,,Live Nation sp. z o.o.,0.0,0.0,0.0,0,0,0,1,0,0,Club
European,2026-12-18,,Live Nation Sp. z o.o.,0.0,0.0,0.0,0,0,1,0,0,0,Theater
Rosalie,2026-12-18,,Live Nation sp. z o.o.,0.0,0.0,0.0,0,0,0,1,0,0,Club
Avatar,2026-12-19,,Live Nation Sp. z o.o.,549363.65,456317.3,414674.53,0,1,12,49,0,4,Club
Pol,2026-12-20,,Live Nation sp. z o.o.,6311.03,20388.51,0.0,0,0,1,8,0,0,Club
Jared James Nichols,2026-09-29,,Live Nation Sweden AB,3932.87,0.0,32254.05,0,0,0,8,0,3,Club
Bass Drum Of Death,2026-10-07,,Live Nation Sweden AB,1371.0,0.0,20732.48,0,0,1,18,0,1,Club
Witchz,2026-09-29,,Live Nation Schweiz AG,0.0,20695.0,0.0,0,0,0,7,0,0,Club
Unknown T,2026-09-30,,Live Nation Schweiz AG,0.0,0.0,54552.42,0,0,3,1,0,0,Theater
Unknown T,2026-09-30,,Live Nation Schweiz AG,0.0,0.0,54552.42,0,0,3,1,0,0,Theater
Father of Peace,2026-10-03,,Live Nation Schweiz AG,0.0,0.0,0.0,0,0,0,1,0,0,Club
OsamaSon,2026-10-03,,Live Nation Schweiz AG,214429.67,40432.259999999995,0.0,0,0,0,8,0,0,Club
Bleood,2026-10-04,,Live Nation Schweiz AG,0.0,0.0,0.0,0,0,0,1,0,0,Club
Fat Freddy's Drop,2026-10-04,,Live Nation Schweiz AG,0.0,1146590.62,316025.35,4,4,23,33,3,6,Club
Home Free,2026-10-07,,Live Nation Schweiz AG,203520.75,741013.19,739468.19,2,12,165,28,0,7,Theater
Badmómzjay,2026-10-07,,Live Nation Schweiz AG,0.0,195491.21,220885.35,0,2,1,1,0,2,Arena
I Prevail,2026-10-08,,Live Nation Schweiz AG,0.0,522386.18999999994,760340.9,3,3,17,54,0,2,Theater
Civo,2026-10-08,,Live Nation Schweiz AG,25663.12,0.0,0.0,0,0,0,1,0,0,Club
J. Cole,2026-10-09,,Live Nation Schweiz AG,0.0,2084747.68,0.0,25,121,50,39,2,2,Theater
UFO361,2026-10-09,,Live Nation Schweiz AG,2016570.49,0.0,0.0,0,2,2,6,0,0,Theater
Kybba,2026-10-10,,Live Nation Schweiz AG,0.0,0.0,0.0,0,0,0,1,0,0,Club
Monster Florence,2026-10-11,,Live Nation Schweiz AG,0.0,3195.85,0.0,0,0,0,3,0,0,Club
Mayhem,2026-10-12,,Live Nation Schweiz AG,160195.63,0.0,0.0,0,1,3,19,0,1,Club
Father of Peace,2026-09-29,,LIVE NATION CZECH REPUBLIC s.r.o.,0.0,0.0,0.0,0,0,0,1,0,0,Club
Ogre,2026-09-29,,LIVE NATION CZECH REPUBLIC s.r.o.,3262.0,2140.0,2574.0,0,0,4,0,0,0,Theater
OsamaSon,2026-09-29,,LIVE NATION CZECH REPUBLIC s.r.o.,214429.67,40432.259999999995,0.0,0,0,0,8,0,0,Club
Haken,2026-09-30,,LIVE NATION CZECH REPUBLIC s.r.o.,0.0,138771.46,117496.14,0,0,6,18,0,2,Club
A$AP Rocky,2026-10-04,,LIVE NATION CZECH REPUBLIC s.r.o.,0.0,0.0,0.0,0,23,17,43,0,1,Arena
Deep Purple,2026-10-07,,LIVE NATION CZECH REPUBLIC s.r.o.,0.0,6464659.54,1709824.57,10,77,41,4,5,16,Arena
Joshua,2026-10-07,,LIVE NATION CZECH REPUBLIC s.r.o.,0.0,0.0,0.0,0,0,0,1,0,0,Club
Bleood,2026-10-08,,LIVE NATION CZECH REPUBLIC s.r.o.,0.0,0.0,0.0,0,0,0,1,0,0,Club
Fusaro,2026-10-10,,LIVE NATION CZECH REPUBLIC s.r.o.,0.0,0.0,0.0,0,0,0,2,0,0,Club
panicbaby,2026-10-13,,LIVE NATION CZECH REPUBLIC s.r.o.,0.0,0.0,0.0,0,0,0,1,0,0,Club
Chrissy Chlapecka,2026-10-13,,LIVE NATION CZECH REPUBLIC s.r.o.,0.0,0.0,0.0,0,0,0,2,0,0,Club
Telenova,2026-10-15,,LIVE NATION CZECH REPUBLIC s.r.o.,0.0,1591.94,0.0,0,0,0,2,0,0,Club
"""Cap Roig Festival"", Anastacia",2026-10-15,,LIVE NATION CZECH REPUBLIC s.r.o.,0.0,0.0,0.0,0,0,0,0,1,0,Stadium
EST Gee,2026-10-18,,LIVE NATION CZECH REPUBLIC s.r.o.,33047.5,0.0,23035.0,0,0,0,3,0,0,Club
Berre,2026-10-19,,LIVE NATION CZECH REPUBLIC s.r.o.,0.0,54020.57,4016.07,0,0,0,2,0,0,Club
Edward &amp; Graham,2026-10-22,,LIVE NATION CZECH REPUBLIC s.r.o.,0.0,0.0,0.0,0,0,0,1,0,0,Club
Cobrah,2026-10-23,,LIVE NATION CZECH REPUBLIC s.r.o.,0.0,62851.1,0.0,0,0,0,5,0,0,Club
Scream,2026-10-24,,LIVE NATION CZECH REPUBLIC s.r.o.,0.0,0.0,0.0,0,0,0,1,0,0,Club
Pluko,2026-10-25,,LIVE NATION CZECH REPUBLIC s.r.o.,0.0,0.0,0.0,0,0,0,1,0,0,Club
Triggerfinger,2026-10-27,,LIVE NATION CZECH REPUBLIC s.r.o.,0.0,0.0,131870.47999999998,0,1,2,10,0,0,Club
Don Toliver,2026-10-30,,LIVE NATION CZECH REPUBLIC s.r.o.,9032674.43,8111510.19,3222824.84,1,61,12,7,0,2,Arena
Soft Loft,2026-10-31,,LIVE NATION CZECH REPUBLIC s.r.o.,3282.2,1114.92,0.0,0,0,0,2,0,1,Club
Razorlight,2026-11-03,,LIVE NATION CZECH REPUBLIC s.r.o.,636211.96,20388.7,1240940.96,0,1,19,15,0,2,Theater
Altin Gün,2026-11-05,,LIVE NATION CZECH REPUBLIC s.r.o.,40201.26,59295.5,156342.24,1,0,1,21,0,1,Club
CL,2026-11-08,,LIVE NATION CZECH REPUBLIC s.r.o.,0.0,0.0,0.0,0,0,3,1,0,1,Theater
"Common, Dear",2026-11-10,,LIVE NATION CZECH REPUBLIC s.r.o.,0.0,0.0,0.0,0,0,0,1,0,0,Club
Europe,2026-11-14,,LIVE NATION CZECH REPUBLIC s.r.o.,105381.03,0.0,383950.78,0,2,8,2,3,2,Theater
Mammoth,2026-11-15,,LIVE NATION CZECH REPUBLIC s.r.o.,38655.0,232565.45,199756.01,0,0,4,23,0,1,Club
Placebo,2026-11-15,,LIVE NATION CZECH REPUBLIC s.r.o.,0.0,2551043.1,2841620.27,0,46,25,17,2,5,Arena
Korn,2026-11-16,,LIVE NATION CZECH REPUBLIC s.r.o.,2571927.81,12956787.2,0.0,43,37,20,32,5,8,Arena
The Kid LAROI,2026-11-17,,LIVE NATION CZECH REPUBLIC s.r.o.,0.0,8502598.75,2968556.88,2,32,8,9,1,3,Arena
Europe,2026-11-18,,LIVE NATION CZECH REPUBLIC s.r.o.,105381.03,0.0,383950.78,0,2,8,2,3,2,Theater
Rin,2026-11-19,,LIVE NATION CZECH REPUBLIC s.r.o.,0.0,0.0,944381.57,0,2,1,1,0,0,Arena
The Last Internationale,2026-11-21,,LIVE NATION CZECH REPUBLIC s.r.o.,0.0,0.0,19278.73,0,0,0,12,0,1,Club
Arlo Parks,2026-11-21,,LIVE NATION CZECH REPUBLIC s.r.o.,0.0,188443.48,348313.02999999997,0,0,6,22,0,0,Club
Stahlzeit,2026-11-21,,LIVE NATION CZECH REPUBLIC s.r.o.,486595.93999999994,198157.09,106424.04,0,6,1,9,3,0,Club
Pitbull,2026-11-22,,LIVE NATION CZECH REPUBLIC s.r.o.,16938177.86,38572623.0,4171765.41,116,90,54,7,17,12,Arena
The Prodigy,2026-11-23,,LIVE NATION CZECH REPUBLIC s.r.o.,2282799.77,1660677.42,4933551.51,2,57,12,1,3,4,Arena
Tiffany Day,2026-11-27,,LIVE NATION CZECH REPUBLIC s.r.o.,18513.0,0.0,6951.0,0,0,0,6,0,0,Club
Polyphia,2026-11-28,,LIVE NATION CZECH REPUBLIC s.r.o.,0.0,121407.0,744654.76,0,0,3,49,0,1,Club
Depeche Mode,2026-11-30,,LIVE NATION CZECH REPUBLIC s.r.o.,0.0,66359193.17,117146895.56,25,186,3,0,63,2,Arena
Ant &amp; Dec,2026-12-01,,LIVE NATION CZECH REPUBLIC s.r.o.,0.0,0.0,0.0,0,11,0,0,0,0,Arena
Baby Lasagna,2026-12-03,,LIVE NATION CZECH REPUBLIC s.r.o.,35688.08,37861.85,0.0,0,0,2,0,0,1,Theater
Tonic,2026-12-04,,LIVE NATION CZECH REPUBLIC s.r.o.,0.0,0.0,0.0,0,1,0,2,0,0,Club
Kodaline,2026-12-05,,LIVE NATION CZECH REPUBLIC s.r.o.,0.0,80672.06,817989.84,0,5,21,74,7,6,Club
Chelsea Wolfe,2026-12-05,,LIVE NATION CZECH REPUBLIC s.r.o.,97294.63,261345.05,0.0,0,0,2,49,0,0,Club
Bryan Adams,2026-12-13,,LIVE NATION CZECH REPUBLIC s.r.o.,34941817.85,29271692.68,25946523.41,50,461,227,9,38,69,Arena
YT,2026-12-17,,LIVE NATION CZECH REPUBLIC s.r.o.,31993.79,0.0,0.0,0,0,0,3,0,0,Club
Ra,2026-12-18,,LIVE NATION CZECH REPUBLIC s.r.o.,910.56,0.0,0.0,0,0,0,2,0,0,Club
